Date,Group,Energy (kcal),Alcohol (g),Caffeine (mg),Oxalate (mg),Phytate (mg),Water (g),B1 (Thiamine) (mg),B2 (Riboflavin) (mg),B3 (Niacin) (mg),B5 (Pantothenic Acid) (mg),B6 (Pyridoxine) (mg),B12 (Cobalamin) (µg),Folate (µg),Vitamin A (µg),Vitamin C (mg),Vitamin D (IU),Vitamin E (mg),Vitamin K (µg),Calcium (mg),Copper (mg),Iron (mg),Magnesium (mg),Manganese (mg),Phosphorus (mg),Potassium (mg),Selenium (µg),Sodium (mg),Zinc (mg),Net Carbs (g),Carbs (g),Fiber (g),Insoluble Fiber (g),Soluble Fiber (g),Starch (g),Sugars (g),Added Sugars (g),Fat (g),Cholesterol (mg),Monounsaturated (g),Polyunsaturated (g),Saturated (g),Trans-Fats (g),Omega-3 (g),ALA (g),DHA (g),EPA (g),Omega-6 (g),AA (g),LA (g),Cystine (g),Histidine (g),Isoleucine (g),Leucine (g),Lysine (g),Methionine (g),Phenylalanine (g),Protein (g),Threonine (g),Tryptophan (g),Tyrosine (g),Valine (g),Completed
2022-06-11,"Total",,,,,,,,,,,,,,,,,,,,,,,,,,,,,,,,,,,,,,,,,,,,,,,,,,,,,,,,,,,,,,false
2022-06-12,"Total",,,,,,,,,,,,,,,,,,,,,,,,,,,,,,,,,,,,,,,,,,,,,,,,,,,,,,,,,,,,,,false
2022-06-13,"Total",,,,,,,,,,,,,,,,,,,,,,,,,,,,,,,,,,,,,,,,,,,,,,,,,,,,,,,,,,,,,,false
2022-06-14,"Total",,,,,,,,,,,,,,,,,,,,,,,,,,,,,,,,,,,,,,,,,,,,,,,,,,,,,,,,,,,,,,false
2022-06-15,"Total",,,,,,,,,,,,,,,,,,,,,,,,,,,,,,,,,,,,,,,,,,,,,,,,,,,,,,,,,,,,,,false
2022-06-16,"Total",,,,,,,,,,,,,,,,,,,,,,,,,,,,,,,,,,,,,,,,,,,,,,,,,,,,,,,,,,,,,,false
2022-06-17,"Total",,,,,,,,,,,,,,,,,,,,,,,,,,,,,,,,,,,,,,,,,,,,,,,,,,,,,,,,,,,,,,false
2022-06-18,"Total",,,,,,,,,,,,,,,,,,,,,,,,,,,,,,,,,,,,,,,,,,,,,,,,,,,,,,,,,,,,,,false
2022-06-19,"Total",,,,,,,,,,,,,,,,,,,,,,,,,,,,,,,,,,,,,,,,,,,,,,,,,,,,,,,,,,,,,,false
2022-06-20,"Total",,,,,,,,,,,,,,,,,,,,,,,,,,,,,,,,,,,,,,,,,,,,,,,,,,,,,,,,,,,,,,false
2022-06-21,"Total",,,,,,,,,,,,,,,,,,,,,,,,,,,,,,,,,,,,,,,,,,,,,,,,,,,,,,,,,,,,,,false
2022-06-22,"Total",,,,,,,,,,,,,,,,,,,,,,,,,,,,,,,,,,,,,,,,,,,,,,,,,,,,,,,,,,,,,,false
2022-06-23,"Total",,,,,,,,,,,,,,,,,,,,,,,,,,,,,,,,,,,,,,,,,,,,,,,,,,,,,,,,,,,,,,false
2022-06-24,"Total",,,,,,,,,,,,,,,,,,,,,,,,,,,,,,,,,,,,,,,,,,,,,,,,,,,,,,,,,,,,,,false
2022-06-25,"Total",,,,,,,,,,,,,,,,,,,,,,,,,,,,,,,,,,,,,,,,,,,,,,,,,,,,,,,,,,,,,,false
2022-06-26,"Total",,,,,,,,,,,,,,,,,,,,,,,,,,,,,,,,,,,,,,,,,,,,,,,,,,,,,,,,,,,,,,false
2022-06-27,"Total",,,,,,,,,,,,,,,,,,,,,,,,,,,,,,,,,,,,,,,,,,,,,,,,,,,,,,,,,,,,,,false
2022-06-28,"Total",,,,,,,,,,,,,,,,,,,,,,,,,,,,,,,,,,,,,,,,,,,,,,,,,,,,,,,,,,,,,,false
2022-06-29,"Total",,,,,,,,,,,,,,,,,,,,,,,,,,,,,,,,,,,,,,,,,,,,,,,,,,,,,,,,,,,,,,false
2022-06-30,"Total",,,,,,,,,,,,,,,,,,,,,,,,,,,,,,,,,,,,,,,,,,,,,,,,,,,,,,,,,,,,,,false
2022-07-01,"Total",,,,,,,,,,,,,,,,,,,,,,,,,,,,,,,,,,,,,,,,,,,,,,,,,,,,,,,,,,,,,,false
2022-07-02,"Total",,,,,,,,,,,,,,,,,,,,,,,,,,,,,,,,,,,,,,,,,,,,,,,,,,,,,,,,,,,,,,false
2022-07-03,"Total",,,,,,,,,,,,,,,,,,,,,,,,,,,,,,,,,,,,,,,,,,,,,,,,,,,,,,,,,,,,,,false
2022-07-04,"Total",,,,,,,,,,,,,,,,,,,,,,,,,,,,,,,,,,,,,,,,,,,,,,,,,,,,,,,,,,,,,,false
2022-07-05,"Total",,,,,,,,,,,,,,,,,,,,,,,,,,,,,,,,,,,,,,,,,,,,,,,,,,,,,,,,,,,,,,false
2022-07-06,"Total",,,,,,,,,,,,,,,,,,,,,,,,,,,,,,,,,,,,,,,,,,,,,,,,,,,,,,,,,,,,,,false
2022-07-07,"Total",,,,,,,,,,,,,,,,,,,,,,,,,,,,,,,,,,,,,,,,,,,,,,,,,,,,,,,,,,,,,,false
2022-07-08,"Total",,,,,,,,,,,,,,,,,,,,,,,,,,,,,,,,,,,,,,,,,,,,,,,,,,,,,,,,,,,,,,false
2022-07-09,"Total",,,,,,,,,,,,,,,,,,,,,,,,,,,,,,,,,,,,,,,,,,,,,,,,,,,,,,,,,,,,,,false
2022-07-10,"Total",,,,,,,,,,,,,,,,,,,,,,,,,,,,,,,,,,,,,,,,,,,,,,,,,,,,,,,,,,,,,,false
2022-07-11,"Total",,,,,,,,,,,,,,,,,,,,,,,,,,,,,,,,,,,,,,,,,,,,,,,,,,,,,,,,,,,,,,false
2022-07-12,"Total",,,,,,,,,,,,,,,,,,,,,,,,,,,,,,,,,,,,,,,,,,,,,,,,,,,,,,,,,,,,,,false
2022-07-13,"Total",,,,,,,,,,,,,,,,,,,,,,,,,,,,,,,,,,,,,,,,,,,,,,,,,,,,,,,,,,,,,,false
2022-07-14,"Total",,,,,,,,,,,,,,,,,,,,,,,,,,,,,,,,,,,,,,,,,,,,,,,,,,,,,,,,,,,,,,false
2022-07-15,"Total",,,,,,,,,,,,,,,,,,,,,,,,,,,,,,,,,,,,,,,,,,,,,,,,,,,,,,,,,,,,,,false
2022-07-16,"Total",,,,,,,,,,,,,,,,,,,,,,,,,,,,,,,,,,,,,,,,,,,,,,,,,,,,,,,,,,,,,,false
2022-07-17,"Total",,,,,,,,,,,,,,,,,,,,,,,,,,,,,,,,,,,,,,,,,,,,,,,,,,,,,,,,,,,,,,false
2022-07-18,"Total",,,,,,,,,,,,,,,,,,,,,,,,,,,,,,,,,,,,,,,,,,,,,,,,,,,,,,,,,,,,,,false
2022-07-19,"Total",,,,,,,,,,,,,,,,,,,,,,,,,,,,,,,,,,,,,,,,,,,,,,,,,,,,,,,,,,,,,,false
2022-07-20,"Total",,,,,,,,,,,,,,,,,,,,,,,,,,,,,,,,,,,,,,,,,,,,,,,,,,,,,,,,,,,,,,false
2022-07-21,"Total",,,,,,,,,,,,,,,,,,,,,,,,,,,,,,,,,,,,,,,,,,,,,,,,,,,,,,,,,,,,,,false
2022-07-22,"Total",,,,,,,,,,,,,,,,,,,,,,,,,,,,,,,,,,,,,,,,,,,,,,,,,,,,,,,,,,,,,,false
2022-07-23,"Total",,,,,,,,,,,,,,,,,,,,,,,,,,,,,,,,,,,,,,,,,,,,,,,,,,,,,,,,,,,,,,false
2022-07-24,"Total",,,,,,,,,,,,,,,,,,,,,,,,,,,,,,,,,,,,,,,,,,,,,,,,,,,,,,,,,,,,,,false
2022-07-25,"Total",,,,,,,,,,,,,,,,,,,,,,,,,,,,,,,,,,,,,,,,,,,,,,,,,,,,,,,,,,,,,,false
2022-07-26,"Total",,,,,,,,,,,,,,,,,,,,,,,,,,,,,,,,,,,,,,,,,,,,,,,,,,,,,,,,,,,,,,false
2022-07-27,"Total",,,,,,,,,,,,,,,,,,,,,,,,,,,,,,,,,,,,,,,,,,,,,,,,,,,,,,,,,,,,,,false
2022-07-28,"Total",,,,,,,,,,,,,,,,,,,,,,,,,,,,,,,,,,,,,,,,,,,,,,,,,,,,,,,,,,,,,,false
2022-07-29,"Total",,,,,,,,,,,,,,,,,,,,,,,,,,,,,,,,,,,,,,,,,,,,,,,,,,,,,,,,,,,,,,false
2022-07-30,"Total",,,,,,,,,,,,,,,,,,,,,,,,,,,,,,,,,,,,,,,,,,,,,,,,,,,,,,,,,,,,,,false
2022-07-31,"Total",,,,,,,,,,,,,,,,,,,,,,,,,,,,,,,,,,,,,,,,,,,,,,,,,,,,,,,,,,,,,,false
2022-08-01,"Total",,,,,,,,,,,,,,,,,,,,,,,,,,,,,,,,,,,,,,,,,,,,,,,,,,,,,,,,,,,,,,false
2022-08-02,"Total",,,,,,,,,,,,,,,,,,,,,,,,,,,,,,,,,,,,,,,,,,,,,,,,,,,,,,,,,,,,,,false
2022-08-03,"Total",,,,,,,,,,,,,,,,,,,,,,,,,,,,,,,,,,,,,,,,,,,,,,,,,,,,,,,,,,,,,,false
2022-08-04,"Total",,,,,,,,,,,,,,,,,,,,,,,,,,,,,,,,,,,,,,,,,,,,,,,,,,,,,,,,,,,,,,false
2022-08-05,"Total",,,,,,,,,,,,,,,,,,,,,,,,,,,,,,,,,,,,,,,,,,,,,,,,,,,,,,,,,,,,,,false
2022-08-06,"Total",,,,,,,,,,,,,,,,,,,,,,,,,,,,,,,,,,,,,,,,,,,,,,,,,,,,,,,,,,,,,,false
2022-08-07,"Total",,,,,,,,,,,,,,,,,,,,,,,,,,,,,,,,,,,,,,,,,,,,,,,,,,,,,,,,,,,,,,false
2022-08-08,"Total",,,,,,,,,,,,,,,,,,,,,,,,,,,,,,,,,,,,,,,,,,,,,,,,,,,,,,,,,,,,,,false
2022-08-09,"Total",,,,,,,,,,,,,,,,,,,,,,,,,,,,,,,,,,,,,,,,,,,,,,,,,,,,,,,,,,,,,,false
2022-08-10,"Total",,,,,,,,,,,,,,,,,,,,,,,,,,,,,,,,,,,,,,,,,,,,,,,,,,,,,,,,,,,,,,false
2022-08-11,"Total",,,,,,,,,,,,,,,,,,,,,,,,,,,,,,,,,,,,,,,,,,,,,,,,,,,,,,,,,,,,,,false
2022-08-12,"Total",,,,,,,,,,,,,,,,,,,,,,,,,,,,,,,,,,,,,,,,,,,,,,,,,,,,,,,,,,,,,,false
2022-08-13,"Total",,,,,,,,,,,,,,,,,,,,,,,,,,,,,,,,,,,,,,,,,,,,,,,,,,,,,,,,,,,,,,false
2022-08-14,"Total",,,,,,,,,,,,,,,,,,,,,,,,,,,,,,,,,,,,,,,,,,,,,,,,,,,,,,,,,,,,,,false
2022-08-15,"Total",,,,,,,,,,,,,,,,,,,,,,,,,,,,,,,,,,,,,,,,,,,,,,,,,,,,,,,,,,,,,,false
2022-08-16,"Total",,,,,,,,,,,,,,,,,,,,,,,,,,,,,,,,,,,,,,,,,,,,,,,,,,,,,,,,,,,,,,false
2022-08-17,"Total",,,,,,,,,,,,,,,,,,,,,,,,,,,,,,,,,,,,,,,,,,,,,,,,,,,,,,,,,,,,,,false
2022-08-18,"Total",,,,,,,,,,,,,,,,,,,,,,,,,,,,,,,,,,,,,,,,,,,,,,,,,,,,,,,,,,,,,,false
2022-08-19,"Total",,,,,,,,,,,,,,,,,,,,,,,,,,,,,,,,,,,,,,,,,,,,,,,,,,,,,,,,,,,,,,false
2022-08-20,"Total",,,,,,,,,,,,,,,,,,,,,,,,,,,,,,,,,,,,,,,,,,,,,,,,,,,,,,,,,,,,,,false
2022-08-21,"Total",,,,,,,,,,,,,,,,,,,,,,,,,,,,,,,,,,,,,,,,,,,,,,,,,,,,,,,,,,,,,,false
2022-08-22,"Total",,,,,,,,,,,,,,,,,,,,,,,,,,,,,,,,,,,,,,,,,,,,,,,,,,,,,,,,,,,,,,false
2022-08-23,"Total",,,,,,,,,,,,,,,,,,,,,,,,,,,,,,,,,,,,,,,,,,,,,,,,,,,,,,,,,,,,,,false
2022-08-24,"Total",,,,,,,,,,,,,,,,,,,,,,,,,,,,,,,,,,,,,,,,,,,,,,,,,,,,,,,,,,,,,,false
2022-08-25,"Total",,,,,,,,,,,,,,,,,,,,,,,,,,,,,,,,,,,,,,,,,,,,,,,,,,,,,,,,,,,,,,false
2022-08-26,"Total",,,,,,,,,,,,,,,,,,,,,,,,,,,,,,,,,,,,,,,,,,,,,,,,,,,,,,,,,,,,,,false
2022-08-27,"Total",,,,,,,,,,,,,,,,,,,,,,,,,,,,,,,,,,,,,,,,,,,,,,,,,,,,,,,,,,,,,,false
2022-08-28,"Total",,,,,,,,,,,,,,,,,,,,,,,,,,,,,,,,,,,,,,,,,,,,,,,,,,,,,,,,,,,,,,false
2022-08-29,"Total",,,,,,,,,,,,,,,,,,,,,,,,,,,,,,,,,,,,,,,,,,,,,,,,,,,,,,,,,,,,,,false
2022-08-30,"Total",,,,,,,,,,,,,,,,,,,,,,,,,,,,,,,,,,,,,,,,,,,,,,,,,,,,,,,,,,,,,,false
2022-08-31,"Total",,,,,,,,,,,,,,,,,,,,,,,,,,,,,,,,,,,,,,,,,,,,,,,,,,,,,,,,,,,,,,false
2022-09-01,"Total",,,,,,,,,,,,,,,,,,,,,,,,,,,,,,,,,,,,,,,,,,,,,,,,,,,,,,,,,,,,,,false
2022-09-02,"Total",,,,,,,,,,,,,,,,,,,,,,,,,,,,,,,,,,,,,,,,,,,,,,,,,,,,,,,,,,,,,,false
2022-09-03,"Total",,,,,,,,,,,,,,,,,,,,,,,,,,,,,,,,,,,,,,,,,,,,,,,,,,,,,,,,,,,,,,false
2022-09-04,"Total",,,,,,,,,,,,,,,,,,,,,,,,,,,,,,,,,,,,,,,,,,,,,,,,,,,,,,,,,,,,,,false
2022-09-05,"Total",,,,,,,,,,,,,,,,,,,,,,,,,,,,,,,,,,,,,,,,,,,,,,,,,,,,,,,,,,,,,,false
2022-09-06,"Total",,,,,,,,,,,,,,,,,,,,,,,,,,,,,,,,,,,,,,,,,,,,,,,,,,,,,,,,,,,,,,false
2022-09-07,"Total",,,,,,,,,,,,,,,,,,,,,,,,,,,,,,,,,,,,,,,,,,,,,,,,,,,,,,,,,,,,,,false
2022-09-08,"Total",,,,,,,,,,,,,,,,,,,,,,,,,,,,,,,,,,,,,,,,,,,,,,,,,,,,,,,,,,,,,,false
2022-09-09,"Total",,,,,,,,,,,,,,,,,,,,,,,,,,,,,,,,,,,,,,,,,,,,,,,,,,,,,,,,,,,,,,false
2022-09-10,"Total",,,,,,,,,,,,,,,,,,,,,,,,,,,,,,,,,,,,,,,,,,,,,,,,,,,,,,,,,,,,,,false
2022-09-11,"Total",,,,,,,,,,,,,,,,,,,,,,,,,,,,,,,,,,,,,,,,,,,,,,,,,,,,,,,,,,,,,,false
2022-09-12,"Total",,,,,,,,,,,,,,,,,,,,,,,,,,,,,,,,,,,,,,,,,,,,,,,,,,,,,,,,,,,,,,false
2022-09-13,"Total",,,,,,,,,,,,,,,,,,,,,,,,,,,,,,,,,,,,,,,,,,,,,,,,,,,,,,,,,,,,,,false
2022-09-14,"Total",,,,,,,,,,,,,,,,,,,,,,,,,,,,,,,,,,,,,,,,,,,,,,,,,,,,,,,,,,,,,,false
2022-09-15,"Total",,,,,,,,,,,,,,,,,,,,,,,,,,,,,,,,,,,,,,,,,,,,,,,,,,,,,,,,,,,,,,false
2022-09-16,"Total",,,,,,,,,,,,,,,,,,,,,,,,,,,,,,,,,,,,,,,,,,,,,,,,,,,,,,,,,,,,,,false
2022-09-17,"Total",,,,,,,,,,,,,,,,,,,,,,,,,,,,,,,,,,,,,,,,,,,,,,,,,,,,,,,,,,,,,,false
2022-09-18,"Total",,,,,,,,,,,,,,,,,,,,,,,,,,,,,,,,,,,,,,,,,,,,,,,,,,,,,,,,,,,,,,false
2022-09-19,"Total",,,,,,,,,,,,,,,,,,,,,,,,,,,,,,,,,,,,,,,,,,,,,,,,,,,,,,,,,,,,,,false
2022-09-20,"Total",,,,,,,,,,,,,,,,,,,,,,,,,,,,,,,,,,,,,,,,,,,,,,,,,,,,,,,,,,,,,,false
2022-09-21,"Total",,,,,,,,,,,,,,,,,,,,,,,,,,,,,,,,,,,,,,,,,,,,,,,,,,,,,,,,,,,,,,false
2022-09-22,"Total",,,,,,,,,,,,,,,,,,,,,,,,,,,,,,,,,,,,,,,,,,,,,,,,,,,,,,,,,,,,,,false
2022-09-23,"Total",,,,,,,,,,,,,,,,,,,,,,,,,,,,,,,,,,,,,,,,,,,,,,,,,,,,,,,,,,,,,,false
2022-09-24,"Total",,,,,,,,,,,,,,,,,,,,,,,,,,,,,,,,,,,,,,,,,,,,,,,,,,,,,,,,,,,,,,false
2022-09-25,"Total",,,,,,,,,,,,,,,,,,,,,,,,,,,,,,,,,,,,,,,,,,,,,,,,,,,,,,,,,,,,,,false
2022-09-26,"Total",,,,,,,,,,,,,,,,,,,,,,,,,,,,,,,,,,,,,,,,,,,,,,,,,,,,,,,,,,,,,,false
2022-09-27,"Total",,,,,,,,,,,,,,,,,,,,,,,,,,,,,,,,,,,,,,,,,,,,,,,,,,,,,,,,,,,,,,false
2022-09-28,"Total",,,,,,,,,,,,,,,,,,,,,,,,,,,,,,,,,,,,,,,,,,,,,,,,,,,,,,,,,,,,,,false
2022-09-29,"Total",,,,,,,,,,,,,,,,,,,,,,,,,,,,,,,,,,,,,,,,,,,,,,,,,,,,,,,,,,,,,,false
2022-09-30,"Total",,,,,,,,,,,,,,,,,,,,,,,,,,,,,,,,,,,,,,,,,,,,,,,,,,,,,,,,,,,,,,false
2022-10-01,"Total",,,,,,,,,,,,,,,,,,,,,,,,,,,,,,,,,,,,,,,,,,,,,,,,,,,,,,,,,,,,,,false
2022-10-02,"Total",,,,,,,,,,,,,,,,,,,,,,,,,,,,,,,,,,,,,,,,,,,,,,,,,,,,,,,,,,,,,,false
2022-10-03,"Total",,,,,,,,,,,,,,,,,,,,,,,,,,,,,,,,,,,,,,,,,,,,,,,,,,,,,,,,,,,,,,false
2022-10-04,"Total",,,,,,,,,,,,,,,,,,,,,,,,,,,,,,,,,,,,,,,,,,,,,,,,,,,,,,,,,,,,,,false
2022-10-05,"Total",,,,,,,,,,,,,,,,,,,,,,,,,,,,,,,,,,,,,,,,,,,,,,,,,,,,,,,,,,,,,,false
2022-10-06,"Total",,,,,,,,,,,,,,,,,,,,,,,,,,,,,,,,,,,,,,,,,,,,,,,,,,,,,,,,,,,,,,false
2022-10-07,"Total",,,,,,,,,,,,,,,,,,,,,,,,,,,,,,,,,,,,,,,,,,,,,,,,,,,,,,,,,,,,,,false
2022-10-08,"Total",,,,,,,,,,,,,,,,,,,,,,,,,,,,,,,,,,,,,,,,,,,,,,,,,,,,,,,,,,,,,,false
2022-10-09,"Total",,,,,,,,,,,,,,,,,,,,,,,,,,,,,,,,,,,,,,,,,,,,,,,,,,,,,,,,,,,,,,false
2022-10-10,"Total",,,,,,,,,,,,,,,,,,,,,,,,,,,,,,,,,,,,,,,,,,,,,,,,,,,,,,,,,,,,,,false
2022-10-11,"Total",,,,,,,,,,,,,,,,,,,,,,,,,,,,,,,,,,,,,,,,,,,,,,,,,,,,,,,,,,,,,,false
2022-10-12,"Total",,,,,,,,,,,,,,,,,,,,,,,,,,,,,,,,,,,,,,,,,,,,,,,,,,,,,,,,,,,,,,false
2022-10-13,"Total",,,,,,,,,,,,,,,,,,,,,,,,,,,,,,,,,,,,,,,,,,,,,,,,,,,,,,,,,,,,,,false
2022-10-14,"Total",,,,,,,,,,,,,,,,,,,,,,,,,,,,,,,,,,,,,,,,,,,,,,,,,,,,,,,,,,,,,,false
2022-10-15,"Total",,,,,,,,,,,,,,,,,,,,,,,,,,,,,,,,,,,,,,,,,,,,,,,,,,,,,,,,,,,,,,false
2022-10-16,"Total",,,,,,,,,,,,,,,,,,,,,,,,,,,,,,,,,,,,,,,,,,,,,,,,,,,,,,,,,,,,,,false
2022-10-17,"Total",,,,,,,,,,,,,,,,,,,,,,,,,,,,,,,,,,,,,,,,,,,,,,,,,,,,,,,,,,,,,,false
2022-10-18,"Total",,,,,,,,,,,,,,,,,,,,,,,,,,,,,,,,,,,,,,,,,,,,,,,,,,,,,,,,,,,,,,false
2022-10-19,"Total",,,,,,,,,,,,,,,,,,,,,,,,,,,,,,,,,,,,,,,,,,,,,,,,,,,,,,,,,,,,,,false
2022-10-20,"Total",,,,,,,,,,,,,,,,,,,,,,,,,,,,,,,,,,,,,,,,,,,,,,,,,,,,,,,,,,,,,,false
2022-10-21,"Total",,,,,,,,,,,,,,,,,,,,,,,,,,,,,,,,,,,,,,,,,,,,,,,,,,,,,,,,,,,,,,false
2022-10-22,"Total",,,,,,,,,,,,,,,,,,,,,,,,,,,,,,,,,,,,,,,,,,,,,,,,,,,,,,,,,,,,,,false
2022-10-23,"Total",,,,,,,,,,,,,,,,,,,,,,,,,,,,,,,,,,,,,,,,,,,,,,,,,,,,,,,,,,,,,,false
2022-10-24,"Total",,,,,,,,,,,,,,,,,,,,,,,,,,,,,,,,,,,,,,,,,,,,,,,,,,,,,,,,,,,,,,false
2022-10-25,"Total",,,,,,,,,,,,,,,,,,,,,,,,,,,,,,,,,,,,,,,,,,,,,,,,,,,,,,,,,,,,,,false
2022-10-26,"Total",,,,,,,,,,,,,,,,,,,,,,,,,,,,,,,,,,,,,,,,,,,,,,,,,,,,,,,,,,,,,,false
2022-10-27,"Total",,,,,,,,,,,,,,,,,,,,,,,,,,,,,,,,,,,,,,,,,,,,,,,,,,,,,,,,,,,,,,false
2022-10-28,"Total",,,,,,,,,,,,,,,,,,,,,,,,,,,,,,,,,,,,,,,,,,,,,,,,,,,,,,,,,,,,,,false
2022-10-29,"Total",,,,,,,,,,,,,,,,,,,,,,,,,,,,,,,,,,,,,,,,,,,,,,,,,,,,,,,,,,,,,,false
2022-10-30,"Total",,,,,,,,,,,,,,,,,,,,,,,,,,,,,,,,,,,,,,,,,,,,,,,,,,,,,,,,,,,,,,false
2022-10-31,"Total",,,,,,,,,,,,,,,,,,,,,,,,,,,,,,,,,,,,,,,,,,,,,,,,,,,,,,,,,,,,,,false
2022-11-01,"Total",,,,,,,,,,,,,,,,,,,,,,,,,,,,,,,,,,,,,,,,,,,,,,,,,,,,,,,,,,,,,,false
2022-11-02,"Total",,,,,,,,,,,,,,,,,,,,,,,,,,,,,,,,,,,,,,,,,,,,,,,,,,,,,,,,,,,,,,false
2022-11-03,"Total",,,,,,,,,,,,,,,,,,,,,,,,,,,,,,,,,,,,,,,,,,,,,,,,,,,,,,,,,,,,,,false
2022-11-04,"Total",,,,,,,,,,,,,,,,,,,,,,,,,,,,,,,,,,,,,,,,,,,,,,,,,,,,,,,,,,,,,,false
2022-11-05,"Total",,,,,,,,,,,,,,,,,,,,,,,,,,,,,,,,,,,,,,,,,,,,,,,,,,,,,,,,,,,,,,false
2022-11-06,"Total",,,,,,,,,,,,,,,,,,,,,,,,,,,,,,,,,,,,,,,,,,,,,,,,,,,,,,,,,,,,,,false
2022-11-07,"Total",,,,,,,,,,,,,,,,,,,,,,,,,,,,,,,,,,,,,,,,,,,,,,,,,,,,,,,,,,,,,,false
2022-11-08,"Total",,,,,,,,,,,,,,,,,,,,,,,,,,,,,,,,,,,,,,,,,,,,,,,,,,,,,,,,,,,,,,false
2022-11-09,"Total",,,,,,,,,,,,,,,,,,,,,,,,,,,,,,,,,,,,,,,,,,,,,,,,,,,,,,,,,,,,,,false
2022-11-10,"Total",,,,,,,,,,,,,,,,,,,,,,,,,,,,,,,,,,,,,,,,,,,,,,,,,,,,,,,,,,,,,,false
2022-11-11,"Total",,,,,,,,,,,,,,,,,,,,,,,,,,,,,,,,,,,,,,,,,,,,,,,,,,,,,,,,,,,,,,false
2022-11-12,"Total",,,,,,,,,,,,,,,,,,,,,,,,,,,,,,,,,,,,,,,,,,,,,,,,,,,,,,,,,,,,,,false
2022-11-13,"Total",,,,,,,,,,,,,,,,,,,,,,,,,,,,,,,,,,,,,,,,,,,,,,,,,,,,,,,,,,,,,,false
2022-11-14,"Total",,,,,,,,,,,,,,,,,,,,,,,,,,,,,,,,,,,,,,,,,,,,,,,,,,,,,,,,,,,,,,false
2022-11-15,"Total",,,,,,,,,,,,,,,,,,,,,,,,,,,,,,,,,,,,,,,,,,,,,,,,,,,,,,,,,,,,,,false
2022-11-16,"Total",,,,,,,,,,,,,,,,,,,,,,,,,,,,,,,,,,,,,,,,,,,,,,,,,,,,,,,,,,,,,,false
2022-11-17,"Total",,,,,,,,,,,,,,,,,,,,,,,,,,,,,,,,,,,,,,,,,,,,,,,,,,,,,,,,,,,,,,false
2022-11-18,"Total",,,,,,,,,,,,,,,,,,,,,,,,,,,,,,,,,,,,,,,,,,,,,,,,,,,,,,,,,,,,,,false
2022-11-19,"Total",,,,,,,,,,,,,,,,,,,,,,,,,,,,,,,,,,,,,,,,,,,,,,,,,,,,,,,,,,,,,,false
2022-11-20,"Total",,,,,,,,,,,,,,,,,,,,,,,,,,,,,,,,,,,,,,,,,,,,,,,,,,,,,,,,,,,,,,false
2022-11-21,"Total",,,,,,,,,,,,,,,,,,,,,,,,,,,,,,,,,,,,,,,,,,,,,,,,,,,,,,,,,,,,,,false
2022-11-22,"Total",,,,,,,,,,,,,,,,,,,,,,,,,,,,,,,,,,,,,,,,,,,,,,,,,,,,,,,,,,,,,,false
2022-11-23,"Total",,,,,,,,,,,,,,,,,,,,,,,,,,,,,,,,,,,,,,,,,,,,,,,,,,,,,,,,,,,,,,false
2022-11-24,"Total",,,,,,,,,,,,,,,,,,,,,,,,,,,,,,,,,,,,,,,,,,,,,,,,,,,,,,,,,,,,,,false
2022-11-25,"Total",,,,,,,,,,,,,,,,,,,,,,,,,,,,,,,,,,,,,,,,,,,,,,,,,,,,,,,,,,,,,,false
2022-11-26,"Total",,,,,,,,,,,,,,,,,,,,,,,,,,,,,,,,,,,,,,,,,,,,,,,,,,,,,,,,,,,,,,false
2022-11-27,"Total",,,,,,,,,,,,,,,,,,,,,,,,,,,,,,,,,,,,,,,,,,,,,,,,,,,,,,,,,,,,,,false
2022-11-28,"Total",,,,,,,,,,,,,,,,,,,,,,,,,,,,,,,,,,,,,,,,,,,,,,,,,,,,,,,,,,,,,,false
2022-11-29,"Total",,,,,,,,,,,,,,,,,,,,,,,,,,,,,,,,,,,,,,,,,,,,,,,,,,,,,,,,,,,,,,false
2022-11-30,"Total",,,,,,,,,,,,,,,,,,,,,,,,,,,,,,,,,,,,,,,,,,,,,,,,,,,,,,,,,,,,,,false
2022-12-01,"Total",,,,,,,,,,,,,,,,,,,,,,,,,,,,,,,,,,,,,,,,,,,,,,,,,,,,,,,,,,,,,,false
2022-12-02,"Total",,,,,,,,,,,,,,,,,,,,,,,,,,,,,,,,,,,,,,,,,,,,,,,,,,,,,,,,,,,,,,false
2022-12-03,"Total",,,,,,,,,,,,,,,,,,,,,,,,,,,,,,,,,,,,,,,,,,,,,,,,,,,,,,,,,,,,,,false
2022-12-04,"Total",,,,,,,,,,,,,,,,,,,,,,,,,,,,,,,,,,,,,,,,,,,,,,,,,,,,,,,,,,,,,,false
2022-12-05,"Total",,,,,,,,,,,,,,,,,,,,,,,,,,,,,,,,,,,,,,,,,,,,,,,,,,,,,,,,,,,,,,false
2022-12-06,"Total",,,,,,,,,,,,,,,,,,,,,,,,,,,,,,,,,,,,,,,,,,,,,,,,,,,,,,,,,,,,,,false
2022-12-07,"Total",,,,,,,,,,,,,,,,,,,,,,,,,,,,,,,,,,,,,,,,,,,,,,,,,,,,,,,,,,,,,,false
2022-12-08,"Total",,,,,,,,,,,,,,,,,,,,,,,,,,,,,,,,,,,,,,,,,,,,,,,,,,,,,,,,,,,,,,false
2022-12-09,"Total",,,,,,,,,,,,,,,,,,,,,,,,,,,,,,,,,,,,,,,,,,,,,,,,,,,,,,,,,,,,,,false
2022-12-10,"Total",,,,,,,,,,,,,,,,,,,,,,,,,,,,,,,,,,,,,,,,,,,,,,,,,,,,,,,,,,,,,,false
2022-12-11,"Total",,,,,,,,,,,,,,,,,,,,,,,,,,,,,,,,,,,,,,,,,,,,,,,,,,,,,,,,,,,,,,false
2022-12-12,"Total",,,,,,,,,,,,,,,,,,,,,,,,,,,,,,,,,,,,,,,,,,,,,,,,,,,,,,,,,,,,,,false
2022-12-13,"Total",,,,,,,,,,,,,,,,,,,,,,,,,,,,,,,,,,,,,,,,,,,,,,,,,,,,,,,,,,,,,,false
2022-12-14,"Total",,,,,,,,,,,,,,,,,,,,,,,,,,,,,,,,,,,,,,,,,,,,,,,,,,,,,,,,,,,,,,false
2022-12-15,"Total",,,,,,,,,,,,,,,,,,,,,,,,,,,,,,,,,,,,,,,,,,,,,,,,,,,,,,,,,,,,,,false
2022-12-16,"Total",,,,,,,,,,,,,,,,,,,,,,,,,,,,,,,,,,,,,,,,,,,,,,,,,,,,,,,,,,,,,,false
2022-12-17,"Total",,,,,,,,,,,,,,,,,,,,,,,,,,,,,,,,,,,,,,,,,,,,,,,,,,,,,,,,,,,,,,false
2022-12-18,"Total",,,,,,,,,,,,,,,,,,,,,,,,,,,,,,,,,,,,,,,,,,,,,,,,,,,,,,,,,,,,,,false
2022-12-19,"Total",,,,,,,,,,,,,,,,,,,,,,,,,,,,,,,,,,,,,,,,,,,,,,,,,,,,,,,,,,,,,,false
2022-12-20,"Total",,,,,,,,,,,,,,,,,,,,,,,,,,,,,,,,,,,,,,,,,,,,,,,,,,,,,,,,,,,,,,false
2022-12-21,"Total",,,,,,,,,,,,,,,,,,,,,,,,,,,,,,,,,,,,,,,,,,,,,,,,,,,,,,,,,,,,,,false
2022-12-22,"Total",,,,,,,,,,,,,,,,,,,,,,,,,,,,,,,,,,,,,,,,,,,,,,,,,,,,,,,,,,,,,,false
2022-12-23,"Total",,,,,,,,,,,,,,,,,,,,,,,,,,,,,,,,,,,,,,,,,,,,,,,,,,,,,,,,,,,,,,false
2022-12-24,"Total",,,,,,,,,,,,,,,,,,,,,,,,,,,,,,,,,,,,,,,,,,,,,,,,,,,,,,,,,,,,,,false
2022-12-25,"Total",,,,,,,,,,,,,,,,,,,,,,,,,,,,,,,,,,,,,,,,,,,,,,,,,,,,,,,,,,,,,,false
2022-12-26,"Total",,,,,,,,,,,,,,,,,,,,,,,,,,,,,,,,,,,,,,,,,,,,,,,,,,,,,,,,,,,,,,false
2022-12-27,"Total",,,,,,,,,,,,,,,,,,,,,,,,,,,,,,,,,,,,,,,,,,,,,,,,,,,,,,,,,,,,,,false
2022-12-28,"Total",,,,,,,,,,,,,,,,,,,,,,,,,,,,,,,,,,,,,,,,,,,,,,,,,,,,,,,,,,,,,,false
2022-12-29,"Total",,,,,,,,,,,,,,,,,,,,,,,,,,,,,,,,,,,,,,,,,,,,,,,,,,,,,,,,,,,,,,false
2022-12-30,"Total",,,,,,,,,,,,,,,,,,,,,,,,,,,,,,,,,,,,,,,,,,,,,,,,,,,,,,,,,,,,,,false
2022-12-31,"Total",,,,,,,,,,,,,,,,,,,,,,,,,,,,,,,,,,,,,,,,,,,,,,,,,,,,,,,,,,,,,,false
2023-01-01,"Total",,,,,,,,,,,,,,,,,,,,,,,,,,,,,,,,,,,,,,,,,,,,,,,,,,,,,,,,,,,,,,false
2023-01-02,"Total",,,,,,,,,,,,,,,,,,,,,,,,,,,,,,,,,,,,,,,,,,,,,,,,,,,,,,,,,,,,,,false
2023-01-03,"Total",,,,,,,,,,,,,,,,,,,,,,,,,,,,,,,,,,,,,,,,,,,,,,,,,,,,,,,,,,,,,,false
2023-01-04,"Total",,,,,,,,,,,,,,,,,,,,,,,,,,,,,,,,,,,,,,,,,,,,,,,,,,,,,,,,,,,,,,false
2023-01-05,"Total",,,,,,,,,,,,,,,,,,,,,,,,,,,,,,,,,,,,,,,,,,,,,,,,,,,,,,,,,,,,,,false
2023-01-06,"Total",,,,,,,,,,,,,,,,,,,,,,,,,,,,,,,,,,,,,,,,,,,,,,,,,,,,,,,,,,,,,,false
2023-01-07,"Total",,,,,,,,,,,,,,,,,,,,,,,,,,,,,,,,,,,,,,,,,,,,,,,,,,,,,,,,,,,,,,false
2023-01-08,"Total",,,,,,,,,,,,,,,,,,,,,,,,,,,,,,,,,,,,,,,,,,,,,,,,,,,,,,,,,,,,,,false
2023-01-09,"Total",,,,,,,,,,,,,,,,,,,,,,,,,,,,,,,,,,,,,,,,,,,,,,,,,,,,,,,,,,,,,,false
2023-01-10,"Total",,,,,,,,,,,,,,,,,,,,,,,,,,,,,,,,,,,,,,,,,,,,,,,,,,,,,,,,,,,,,,false
2023-01-11,"Total",,,,,,,,,,,,,,,,,,,,,,,,,,,,,,,,,,,,,,,,,,,,,,,,,,,,,,,,,,,,,,false
2023-01-12,"Total",,,,,,,,,,,,,,,,,,,,,,,,,,,,,,,,,,,,,,,,,,,,,,,,,,,,,,,,,,,,,,false
2023-01-13,"Total",,,,,,,,,,,,,,,,,,,,,,,,,,,,,,,,,,,,,,,,,,,,,,,,,,,,,,,,,,,,,,false
2023-01-14,"Total",,,,,,,,,,,,,,,,,,,,,,,,,,,,,,,,,,,,,,,,,,,,,,,,,,,,,,,,,,,,,,false
2023-01-15,"Total",,,,,,,,,,,,,,,,,,,,,,,,,,,,,,,,,,,,,,,,,,,,,,,,,,,,,,,,,,,,,,false
2023-01-16,"Total",,,,,,,,,,,,,,,,,,,,,,,,,,,,,,,,,,,,,,,,,,,,,,,,,,,,,,,,,,,,,,false
2023-01-17,"Total",,,,,,,,,,,,,,,,,,,,,,,,,,,,,,,,,,,,,,,,,,,,,,,,,,,,,,,,,,,,,,false
2023-01-18,"Total",,,,,,,,,,,,,,,,,,,,,,,,,,,,,,,,,,,,,,,,,,,,,,,,,,,,,,,,,,,,,,false
2023-01-19,"Total",,,,,,,,,,,,,,,,,,,,,,,,,,,,,,,,,,,,,,,,,,,,,,,,,,,,,,,,,,,,,,false
2023-01-20,"Total",,,,,,,,,,,,,,,,,,,,,,,,,,,,,,,,,,,,,,,,,,,,,,,,,,,,,,,,,,,,,,false
2023-01-22,"Total",,,,,,,,,,,,,,,,,,,,,,,,,,,,,,,,,,,,,,,,,,,,,,,,,,,,,,,,,,,,,,false
2023-01-24,"Total",,,,,,,,,,,,,,,,,,,,,,,,,,,,,,,,,,,,,,,,,,,,,,,,,,,,,,,,,,,,,,false
2023-01-25,"Total",,,,,,,,,,,,,,,,,,,,,,,,,,,,,,,,,,,,,,,,,,,,,,,,,,,,,,,,,,,,,,false
2023-01-26,"Total",,,,,,,,,,,,,,,,,,,,,,,,,,,,,,,,,,,,,,,,,,,,,,,,,,,,,,,,,,,,,,false
2023-01-27,"Total",,,,,,,,,,,,,,,,,,,,,,,,,,,,,,,,,,,,,,,,,,,,,,,,,,,,,,,,,,,,,,false
2023-01-28,"Total",,,,,,,,,,,,,,,,,,,,,,,,,,,,,,,,,,,,,,,,,,,,,,,,,,,,,,,,,,,,,,false
2023-01-29,"Total",,,,,,,,,,,,,,,,,,,,,,,,,,,,,,,,,,,,,,,,,,,,,,,,,,,,,,,,,,,,,,false
2023-01-30,"Total",,,,,,,,,,,,,,,,,,,,,,,,,,,,,,,,,,,,,,,,,,,,,,,,,,,,,,,,,,,,,,false
2023-01-31,"Total",,,,,,,,,,,,,,,,,,,,,,,,,,,,,,,,,,,,,,,,,,,,,,,,,,,,,,,,,,,,,,false
2023-02-01,"Total",,,,,,,,,,,,,,,,,,,,,,,,,,,,,,,,,,,,,,,,,,,,,,,,,,,,,,,,,,,,,,false
2023-02-02,"Total",,,,,,,,,,,,,,,,,,,,,,,,,,,,,,,,,,,,,,,,,,,,,,,,,,,,,,,,,,,,,,false
2023-02-03,"Total",,,,,,,,,,,,,,,,,,,,,,,,,,,,,,,,,,,,,,,,,,,,,,,,,,,,,,,,,,,,,,false
2023-02-04,"Total",,,,,,,,,,,,,,,,,,,,,,,,,,,,,,,,,,,,,,,,,,,,,,,,,,,,,,,,,,,,,,false
2023-02-05,"Total",,,,,,,,,,,,,,,,,,,,,,,,,,,,,,,,,,,,,,,,,,,,,,,,,,,,,,,,,,,,,,false
2023-02-06,"Total",,,,,,,,,,,,,,,,,,,,,,,,,,,,,,,,,,,,,,,,,,,,,,,,,,,,,,,,,,,,,,false
2023-02-07,"Total",,,,,,,,,,,,,,,,,,,,,,,,,,,,,,,,,,,,,,,,,,,,,,,,,,,,,,,,,,,,,,false
2023-02-08,"Total",,,,,,,,,,,,,,,,,,,,,,,,,,,,,,,,,,,,,,,,,,,,,,,,,,,,,,,,,,,,,,false
2023-02-09,"Total",,,,,,,,,,,,,,,,,,,,,,,,,,,,,,,,,,,,,,,,,,,,,,,,,,,,,,,,,,,,,,false
2023-02-10,"Total",,,,,,,,,,,,,,,,,,,,,,,,,,,,,,,,,,,,,,,,,,,,,,,,,,,,,,,,,,,,,,false
2023-02-11,"Total",,,,,,,,,,,,,,,,,,,,,,,,,,,,,,,,,,,,,,,,,,,,,,,,,,,,,,,,,,,,,,false
2023-02-12,"Total",,,,,,,,,,,,,,,,,,,,,,,,,,,,,,,,,,,,,,,,,,,,,,,,,,,,,,,,,,,,,,false
2023-02-13,"Total",,,,,,,,,,,,,,,,,,,,,,,,,,,,,,,,,,,,,,,,,,,,,,,,,,,,,,,,,,,,,,false
2023-02-14,"Total",,,,,,,,,,,,,,,,,,,,,,,,,,,,,,,,,,,,,,,,,,,,,,,,,,,,,,,,,,,,,,false
2023-02-15,"Total",,,,,,,,,,,,,,,,,,,,,,,,,,,,,,,,,,,,,,,,,,,,,,,,,,,,,,,,,,,,,,false
2023-02-16,"Total",,,,,,,,,,,,,,,,,,,,,,,,,,,,,,,,,,,,,,,,,,,,,,,,,,,,,,,,,,,,,,false
2023-02-17,"Total",,,,,,,,,,,,,,,,,,,,,,,,,,,,,,,,,,,,,,,,,,,,,,,,,,,,,,,,,,,,,,false
2023-02-18,"Total",,,,,,,,,,,,,,,,,,,,,,,,,,,,,,,,,,,,,,,,,,,,,,,,,,,,,,,,,,,,,,false
2023-02-19,"Total",,,,,,,,,,,,,,,,,,,,,,,,,,,,,,,,,,,,,,,,,,,,,,,,,,,,,,,,,,,,,,false
2023-02-20,"Total",,,,,,,,,,,,,,,,,,,,,,,,,,,,,,,,,,,,,,,,,,,,,,,,,,,,,,,,,,,,,,false
2023-02-21,"Total",,,,,,,,,,,,,,,,,,,,,,,,,,,,,,,,,,,,,,,,,,,,,,,,,,,,,,,,,,,,,,false
2023-02-22,"Total",,,,,,,,,,,,,,,,,,,,,,,,,,,,,,,,,,,,,,,,,,,,,,,,,,,,,,,,,,,,,,false
2023-02-23,"Total",,,,,,,,,,,,,,,,,,,,,,,,,,,,,,,,,,,,,,,,,,,,,,,,,,,,,,,,,,,,,,false
2023-02-24,"Total",,,,,,,,,,,,,,,,,,,,,,,,,,,,,,,,,,,,,,,,,,,,,,,,,,,,,,,,,,,,,,false
2023-02-25,"Total",,,,,,,,,,,,,,,,,,,,,,,,,,,,,,,,,,,,,,,,,,,,,,,,,,,,,,,,,,,,,,false
2023-02-26,"Total",,,,,,,,,,,,,,,,,,,,,,,,,,,,,,,,,,,,,,,,,,,,,,,,,,,,,,,,,,,,,,false
2023-02-27,"Total",,,,,,,,,,,,,,,,,,,,,,,,,,,,,,,,,,,,,,,,,,,,,,,,,,,,,,,,,,,,,,false
2023-02-28,"Total",,,,,,,,,,,,,,,,,,,,,,,,,,,,,,,,,,,,,,,,,,,,,,,,,,,,,,,,,,,,,,false
2023-03-01,"Total",,,,,,,,,,,,,,,,,,,,,,,,,,,,,,,,,,,,,,,,,,,,,,,,,,,,,,,,,,,,,,false
2023-03-02,"Total",,,,,,,,,,,,,,,,,,,,,,,,,,,,,,,,,,,,,,,,,,,,,,,,,,,,,,,,,,,,,,false
2023-03-03,"Total",,,,,,,,,,,,,,,,,,,,,,,,,,,,,,,,,,,,,,,,,,,,,,,,,,,,,,,,,,,,,,false
2023-03-04,"Total",,,,,,,,,,,,,,,,,,,,,,,,,,,,,,,,,,,,,,,,,,,,,,,,,,,,,,,,,,,,,,false
2023-03-05,"Total",,,,,,,,,,,,,,,,,,,,,,,,,,,,,,,,,,,,,,,,,,,,,,,,,,,,,,,,,,,,,,false
2023-03-06,"Total",,,,,,,,,,,,,,,,,,,,,,,,,,,,,,,,,,,,,,,,,,,,,,,,,,,,,,,,,,,,,,false
2023-03-07,"Total",,,,,,,,,,,,,,,,,,,,,,,,,,,,,,,,,,,,,,,,,,,,,,,,,,,,,,,,,,,,,,false
2023-03-08,"Total",,,,,,,,,,,,,,,,,,,,,,,,,,,,,,,,,,,,,,,,,,,,,,,,,,,,,,,,,,,,,,false
2023-03-09,"Total",,,,,,,,,,,,,,,,,,,,,,,,,,,,,,,,,,,,,,,,,,,,,,,,,,,,,,,,,,,,,,false
2023-03-10,"Total",,,,,,,,,,,,,,,,,,,,,,,,,,,,,,,,,,,,,,,,,,,,,,,,,,,,,,,,,,,,,,false
2023-03-11,"Total",,,,,,,,,,,,,,,,,,,,,,,,,,,,,,,,,,,,,,,,,,,,,,,,,,,,,,,,,,,,,,false
2023-03-12,"Total",,,,,,,,,,,,,,,,,,,,,,,,,,,,,,,,,,,,,,,,,,,,,,,,,,,,,,,,,,,,,,false
2023-03-13,"Total",,,,,,,,,,,,,,,,,,,,,,,,,,,,,,,,,,,,,,,,,,,,,,,,,,,,,,,,,,,,,,false
2023-03-14,"Total",,,,,,,,,,,,,,,,,,,,,,,,,,,,,,,,,,,,,,,,,,,,,,,,,,,,,,,,,,,,,,false
2023-03-15,"Total",,,,,,,,,,,,,,,,,,,,,,,,,,,,,,,,,,,,,,,,,,,,,,,,,,,,,,,,,,,,,,false
2023-03-16,"Total",,,,,,,,,,,,,,,,,,,,,,,,,,,,,,,,,,,,,,,,,,,,,,,,,,,,,,,,,,,,,,false
2023-03-17,"Total",,,,,,,,,,,,,,,,,,,,,,,,,,,,,,,,,,,,,,,,,,,,,,,,,,,,,,,,,,,,,,false
2023-03-18,"Total",,,,,,,,,,,,,,,,,,,,,,,,,,,,,,,,,,,,,,,,,,,,,,,,,,,,,,,,,,,,,,false
2023-03-19,"Total",,,,,,,,,,,,,,,,,,,,,,,,,,,,,,,,,,,,,,,,,,,,,,,,,,,,,,,,,,,,,,false
2023-03-20,"Total",,,,,,,,,,,,,,,,,,,,,,,,,,,,,,,,,,,,,,,,,,,,,,,,,,,,,,,,,,,,,,false
2023-03-21,"Total",,,,,,,,,,,,,,,,,,,,,,,,,,,,,,,,,,,,,,,,,,,,,,,,,,,,,,,,,,,,,,false
2023-03-22,"Total",,,,,,,,,,,,,,,,,,,,,,,,,,,,,,,,,,,,,,,,,,,,,,,,,,,,,,,,,,,,,,false
2023-03-23,"Total",,,,,,,,,,,,,,,,,,,,,,,,,,,,,,,,,,,,,,,,,,,,,,,,,,,,,,,,,,,,,,false
2023-03-24,"Total",,,,,,,,,,,,,,,,,,,,,,,,,,,,,,,,,,,,,,,,,,,,,,,,,,,,,,,,,,,,,,false
2023-03-25,"Total",,,,,,,,,,,,,,,,,,,,,,,,,,,,,,,,,,,,,,,,,,,,,,,,,,,,,,,,,,,,,,false
2023-03-26,"Total",,,,,,,,,,,,,,,,,,,,,,,,,,,,,,,,,,,,,,,,,,,,,,,,,,,,,,,,,,,,,,false
2023-03-27,"Total",,,,,,,,,,,,,,,,,,,,,,,,,,,,,,,,,,,,,,,,,,,,,,,,,,,,,,,,,,,,,,false
2023-03-28,"Total",,,,,,,,,,,,,,,,,,,,,,,,,,,,,,,,,,,,,,,,,,,,,,,,,,,,,,,,,,,,,,false
2023-03-29,"Total",,,,,,,,,,,,,,,,,,,,,,,,,,,,,,,,,,,,,,,,,,,,,,,,,,,,,,,,,,,,,,false
2023-03-30,"Total",,,,,,,,,,,,,,,,,,,,,,,,,,,,,,,,,,,,,,,,,,,,,,,,,,,,,,,,,,,,,,false
2023-03-31,"Total",,,,,,,,,,,,,,,,,,,,,,,,,,,,,,,,,,,,,,,,,,,,,,,,,,,,,,,,,,,,,,false
2023-04-01,"Total",,,,,,,,,,,,,,,,,,,,,,,,,,,,,,,,,,,,,,,,,,,,,,,,,,,,,,,,,,,,,,false
2023-04-02,"Total",,,,,,,,,,,,,,,,,,,,,,,,,,,,,,,,,,,,,,,,,,,,,,,,,,,,,,,,,,,,,,false
2023-04-03,"Total",,,,,,,,,,,,,,,,,,,,,,,,,,,,,,,,,,,,,,,,,,,,,,,,,,,,,,,,,,,,,,false
2023-04-04,"Total",,,,,,,,,,,,,,,,,,,,,,,,,,,,,,,,,,,,,,,,,,,,,,,,,,,,,,,,,,,,,,false
2023-04-05,"Total",,,,,,,,,,,,,,,,,,,,,,,,,,,,,,,,,,,,,,,,,,,,,,,,,,,,,,,,,,,,,,false
2023-04-06,"Total",,,,,,,,,,,,,,,,,,,,,,,,,,,,,,,,,,,,,,,,,,,,,,,,,,,,,,,,,,,,,,false
2023-04-07,"Total",,,,,,,,,,,,,,,,,,,,,,,,,,,,,,,,,,,,,,,,,,,,,,,,,,,,,,,,,,,,,,false
2023-04-08,"Total",,,,,,,,,,,,,,,,,,,,,,,,,,,,,,,,,,,,,,,,,,,,,,,,,,,,,,,,,,,,,,false
2023-04-09,"Total",,,,,,,,,,,,,,,,,,,,,,,,,,,,,,,,,,,,,,,,,,,,,,,,,,,,,,,,,,,,,,false
2023-04-10,"Total",,,,,,,,,,,,,,,,,,,,,,,,,,,,,,,,,,,,,,,,,,,,,,,,,,,,,,,,,,,,,,false
2023-04-11,"Total",,,,,,,,,,,,,,,,,,,,,,,,,,,,,,,,,,,,,,,,,,,,,,,,,,,,,,,,,,,,,,false
2023-04-12,"Total",,,,,,,,,,,,,,,,,,,,,,,,,,,,,,,,,,,,,,,,,,,,,,,,,,,,,,,,,,,,,,false
2023-04-13,"Total",,,,,,,,,,,,,,,,,,,,,,,,,,,,,,,,,,,,,,,,,,,,,,,,,,,,,,,,,,,,,,false
2023-04-14,"Total",,,,,,,,,,,,,,,,,,,,,,,,,,,,,,,,,,,,,,,,,,,,,,,,,,,,,,,,,,,,,,false
2023-04-15,"Total",,,,,,,,,,,,,,,,,,,,,,,,,,,,,,,,,,,,,,,,,,,,,,,,,,,,,,,,,,,,,,false
2023-04-16,"Total",,,,,,,,,,,,,,,,,,,,,,,,,,,,,,,,,,,,,,,,,,,,,,,,,,,,,,,,,,,,,,false
2023-04-17,"Total",,,,,,,,,,,,,,,,,,,,,,,,,,,,,,,,,,,,,,,,,,,,,,,,,,,,,,,,,,,,,,false
2023-04-18,"Total",,,,,,,,,,,,,,,,,,,,,,,,,,,,,,,,,,,,,,,,,,,,,,,,,,,,,,,,,,,,,,false
2023-04-19,"Total",,,,,,,,,,,,,,,,,,,,,,,,,,,,,,,,,,,,,,,,,,,,,,,,,,,,,,,,,,,,,,false
2023-04-20,"Total",,,,,,,,,,,,,,,,,,,,,,,,,,,,,,,,,,,,,,,,,,,,,,,,,,,,,,,,,,,,,,false
2023-04-21,"Total",,,,,,,,,,,,,,,,,,,,,,,,,,,,,,,,,,,,,,,,,,,,,,,,,,,,,,,,,,,,,,false
2023-04-22,"Total",,,,,,,,,,,,,,,,,,,,,,,,,,,,,,,,,,,,,,,,,,,,,,,,,,,,,,,,,,,,,,false
2023-04-23,"Total",,,,,,,,,,,,,,,,,,,,,,,,,,,,,,,,,,,,,,,,,,,,,,,,,,,,,,,,,,,,,,false
2023-04-24,"Total",,,,,,,,,,,,,,,,,,,,,,,,,,,,,,,,,,,,,,,,,,,,,,,,,,,,,,,,,,,,,,false
2023-04-25,"Total",,,,,,,,,,,,,,,,,,,,,,,,,,,,,,,,,,,,,,,,,,,,,,,,,,,,,,,,,,,,,,false
2023-04-26,"Total",,,,,,,,,,,,,,,,,,,,,,,,,,,,,,,,,,,,,,,,,,,,,,,,,,,,,,,,,,,,,,false
2023-04-27,"Total",,,,,,,,,,,,,,,,,,,,,,,,,,,,,,,,,,,,,,,,,,,,,,,,,,,,,,,,,,,,,,false
2023-04-28,"Total",,,,,,,,,,,,,,,,,,,,,,,,,,,,,,,,,,,,,,,,,,,,,,,,,,,,,,,,,,,,,,false
2023-04-29,"Total",,,,,,,,,,,,,,,,,,,,,,,,,,,,,,,,,,,,,,,,,,,,,,,,,,,,,,,,,,,,,,false
2023-04-30,"Total",,,,,,,,,,,,,,,,,,,,,,,,,,,,,,,,,,,,,,,,,,,,,,,,,,,,,,,,,,,,,,false
2023-05-01,"Total",,,,,,,,,,,,,,,,,,,,,,,,,,,,,,,,,,,,,,,,,,,,,,,,,,,,,,,,,,,,,,false
2023-05-02,"Total",,,,,,,,,,,,,,,,,,,,,,,,,,,,,,,,,,,,,,,,,,,,,,,,,,,,,,,,,,,,,,false
2023-05-03,"Total",,,,,,,,,,,,,,,,,,,,,,,,,,,,,,,,,,,,,,,,,,,,,,,,,,,,,,,,,,,,,,false
2023-05-04,"Total",,,,,,,,,,,,,,,,,,,,,,,,,,,,,,,,,,,,,,,,,,,,,,,,,,,,,,,,,,,,,,false
2023-05-05,"Total",,,,,,,,,,,,,,,,,,,,,,,,,,,,,,,,,,,,,,,,,,,,,,,,,,,,,,,,,,,,,,false
2023-05-06,"Total",,,,,,,,,,,,,,,,,,,,,,,,,,,,,,,,,,,,,,,,,,,,,,,,,,,,,,,,,,,,,,false
2023-05-07,"Total",,,,,,,,,,,,,,,,,,,,,,,,,,,,,,,,,,,,,,,,,,,,,,,,,,,,,,,,,,,,,,false
2023-05-08,"Total",,,,,,,,,,,,,,,,,,,,,,,,,,,,,,,,,,,,,,,,,,,,,,,,,,,,,,,,,,,,,,false
2023-05-09,"Total",,,,,,,,,,,,,,,,,,,,,,,,,,,,,,,,,,,,,,,,,,,,,,,,,,,,,,,,,,,,,,false
2023-05-10,"Total",,,,,,,,,,,,,,,,,,,,,,,,,,,,,,,,,,,,,,,,,,,,,,,,,,,,,,,,,,,,,,false
2023-05-11,"Total",,,,,,,,,,,,,,,,,,,,,,,,,,,,,,,,,,,,,,,,,,,,,,,,,,,,,,,,,,,,,,false
2023-05-12,"Total",,,,,,,,,,,,,,,,,,,,,,,,,,,,,,,,,,,,,,,,,,,,,,,,,,,,,,,,,,,,,,false
2023-05-13,"Total",,,,,,,,,,,,,,,,,,,,,,,,,,,,,,,,,,,,,,,,,,,,,,,,,,,,,,,,,,,,,,false
2023-05-14,"Total",,,,,,,,,,,,,,,,,,,,,,,,,,,,,,,,,,,,,,,,,,,,,,,,,,,,,,,,,,,,,,false
2023-05-15,"Total",,,,,,,,,,,,,,,,,,,,,,,,,,,,,,,,,,,,,,,,,,,,,,,,,,,,,,,,,,,,,,false
2023-05-16,"Total",,,,,,,,,,,,,,,,,,,,,,,,,,,,,,,,,,,,,,,,,,,,,,,,,,,,,,,,,,,,,,false
2023-05-17,"Total",,,,,,,,,,,,,,,,,,,,,,,,,,,,,,,,,,,,,,,,,,,,,,,,,,,,,,,,,,,,,,false
2023-05-18,"Total",,,,,,,,,,,,,,,,,,,,,,,,,,,,,,,,,,,,,,,,,,,,,,,,,,,,,,,,,,,,,,false
2023-05-19,"Total",,,,,,,,,,,,,,,,,,,,,,,,,,,,,,,,,,,,,,,,,,,,,,,,,,,,,,,,,,,,,,false
2023-05-20,"Total",,,,,,,,,,,,,,,,,,,,,,,,,,,,,,,,,,,,,,,,,,,,,,,,,,,,,,,,,,,,,,false
2023-05-21,"Total",,,,,,,,,,,,,,,,,,,,,,,,,,,,,,,,,,,,,,,,,,,,,,,,,,,,,,,,,,,,,,false
2023-05-22,"Total",,,,,,,,,,,,,,,,,,,,,,,,,,,,,,,,,,,,,,,,,,,,,,,,,,,,,,,,,,,,,,false
2023-05-23,"Total",,,,,,,,,,,,,,,,,,,,,,,,,,,,,,,,,,,,,,,,,,,,,,,,,,,,,,,,,,,,,,false
2023-05-24,"Total",,,,,,,,,,,,,,,,,,,,,,,,,,,,,,,,,,,,,,,,,,,,,,,,,,,,,,,,,,,,,,false
2023-05-25,"Total",,,,,,,,,,,,,,,,,,,,,,,,,,,,,,,,,,,,,,,,,,,,,,,,,,,,,,,,,,,,,,false
2023-05-26,"Total",,,,,,,,,,,,,,,,,,,,,,,,,,,,,,,,,,,,,,,,,,,,,,,,,,,,,,,,,,,,,,false
2023-05-27,"Total",,,,,,,,,,,,,,,,,,,,,,,,,,,,,,,,,,,,,,,,,,,,,,,,,,,,,,,,,,,,,,false
2023-05-28,"Total",,,,,,,,,,,,,,,,,,,,,,,,,,,,,,,,,,,,,,,,,,,,,,,,,,,,,,,,,,,,,,false
2023-05-29,"Total",,,,,,,,,,,,,,,,,,,,,,,,,,,,,,,,,,,,,,,,,,,,,,,,,,,,,,,,,,,,,,false
2023-05-30,"Total",,,,,,,,,,,,,,,,,,,,,,,,,,,,,,,,,,,,,,,,,,,,,,,,,,,,,,,,,,,,,,false
2023-05-31,"Total",,,,,,,,,,,,,,,,,,,,,,,,,,,,,,,,,,,,,,,,,,,,,,,,,,,,,,,,,,,,,,false
2023-06-01,"Total",,,,,,,,,,,,,,,,,,,,,,,,,,,,,,,,,,,,,,,,,,,,,,,,,,,,,,,,,,,,,,false
2023-06-02,"Total",,,,,,,,,,,,,,,,,,,,,,,,,,,,,,,,,,,,,,,,,,,,,,,,,,,,,,,,,,,,,,false
2023-06-03,"Total",,,,,,,,,,,,,,,,,,,,,,,,,,,,,,,,,,,,,,,,,,,,,,,,,,,,,,,,,,,,,,false
2023-06-04,"Total",,,,,,,,,,,,,,,,,,,,,,,,,,,,,,,,,,,,,,,,,,,,,,,,,,,,,,,,,,,,,,false
2023-06-05,"Total",,,,,,,,,,,,,,,,,,,,,,,,,,,,,,,,,,,,,,,,,,,,,,,,,,,,,,,,,,,,,,false
2023-06-06,"Total",,,,,,,,,,,,,,,,,,,,,,,,,,,,,,,,,,,,,,,,,,,,,,,,,,,,,,,,,,,,,,false
2023-06-07,"Total",,,,,,,,,,,,,,,,,,,,,,,,,,,,,,,,,,,,,,,,,,,,,,,,,,,,,,,,,,,,,,false
2023-06-08,"Total",,,,,,,,,,,,,,,,,,,,,,,,,,,,,,,,,,,,,,,,,,,,,,,,,,,,,,,,,,,,,,false
2023-06-09,"Total",,,,,,,,,,,,,,,,,,,,,,,,,,,,,,,,,,,,,,,,,,,,,,,,,,,,,,,,,,,,,,false
2023-06-10,"Total",,,,,,,,,,,,,,,,,,,,,,,,,,,,,,,,,,,,,,,,,,,,,,,,,,,,,,,,,,,,,,false
2023-06-11,"Total",,,,,,,,,,,,,,,,,,,,,,,,,,,,,,,,,,,,,,,,,,,,,,,,,,,,,,,,,,,,,,false
2023-06-12,"Total",,,,,,,,,,,,,,,,,,,,,,,,,,,,,,,,,,,,,,,,,,,,,,,,,,,,,,,,,,,,,,false
2023-06-13,"Total",,,,,,,,,,,,,,,,,,,,,,,,,,,,,,,,,,,,,,,,,,,,,,,,,,,,,,,,,,,,,,false
2023-06-14,"Total",,,,,,,,,,,,,,,,,,,,,,,,,,,,,,,,,,,,,,,,,,,,,,,,,,,,,,,,,,,,,,false
2023-06-15,"Total",,,,,,,,,,,,,,,,,,,,,,,,,,,,,,,,,,,,,,,,,,,,,,,,,,,,,,,,,,,,,,false
2023-06-16,"Total",,,,,,,,,,,,,,,,,,,,,,,,,,,,,,,,,,,,,,,,,,,,,,,,,,,,,,,,,,,,,,false
2023-06-17,"Total",,,,,,,,,,,,,,,,,,,,,,,,,,,,,,,,,,,,,,,,,,,,,,,,,,,,,,,,,,,,,,false
2023-06-18,"Total",,,,,,,,,,,,,,,,,,,,,,,,,,,,,,,,,,,,,,,,,,,,,,,,,,,,,,,,,,,,,,false
2023-06-19,"Total",,,,,,,,,,,,,,,,,,,,,,,,,,,,,,,,,,,,,,,,,,,,,,,,,,,,,,,,,,,,,,false
2023-06-20,"Total",,,,,,,,,,,,,,,,,,,,,,,,,,,,,,,,,,,,,,,,,,,,,,,,,,,,,,,,,,,,,,false
2023-06-21,"Total",,,,,,,,,,,,,,,,,,,,,,,,,,,,,,,,,,,,,,,,,,,,,,,,,,,,,,,,,,,,,,false
2023-06-22,"Total",,,,,,,,,,,,,,,,,,,,,,,,,,,,,,,,,,,,,,,,,,,,,,,,,,,,,,,,,,,,,,false
2023-06-23,"Total",,,,,,,,,,,,,,,,,,,,,,,,,,,,,,,,,,,,,,,,,,,,,,,,,,,,,,,,,,,,,,false
2023-06-24,"Total",,,,,,,,,,,,,,,,,,,,,,,,,,,,,,,,,,,,,,,,,,,,,,,,,,,,,,,,,,,,,,false
2023-06-25,"Total",,,,,,,,,,,,,,,,,,,,,,,,,,,,,,,,,,,,,,,,,,,,,,,,,,,,,,,,,,,,,,false
2023-06-26,"Total",,,,,,,,,,,,,,,,,,,,,,,,,,,,,,,,,,,,,,,,,,,,,,,,,,,,,,,,,,,,,,false
2023-06-27,"Total",,,,,,,,,,,,,,,,,,,,,,,,,,,,,,,,,,,,,,,,,,,,,,,,,,,,,,,,,,,,,,false
2023-06-28,"Total",,,,,,,,,,,,,,,,,,,,,,,,,,,,,,,,,,,,,,,,,,,,,,,,,,,,,,,,,,,,,,false
2023-06-29,"Total",,,,,,,,,,,,,,,,,,,,,,,,,,,,,,,,,,,,,,,,,,,,,,,,,,,,,,,,,,,,,,false
2023-06-30,"Total",,,,,,,,,,,,,,,,,,,,,,,,,,,,,,,,,,,,,,,,,,,,,,,,,,,,,,,,,,,,,,false
2023-07-01,"Total",,,,,,,,,,,,,,,,,,,,,,,,,,,,,,,,,,,,,,,,,,,,,,,,,,,,,,,,,,,,,,false
2023-07-02,"Total",,,,,,,,,,,,,,,,,,,,,,,,,,,,,,,,,,,,,,,,,,,,,,,,,,,,,,,,,,,,,,false
2023-07-03,"Total",,,,,,,,,,,,,,,,,,,,,,,,,,,,,,,,,,,,,,,,,,,,,,,,,,,,,,,,,,,,,,false
2023-07-04,"Total",,,,,,,,,,,,,,,,,,,,,,,,,,,,,,,,,,,,,,,,,,,,,,,,,,,,,,,,,,,,,,false
2023-07-05,"Total",,,,,,,,,,,,,,,,,,,,,,,,,,,,,,,,,,,,,,,,,,,,,,,,,,,,,,,,,,,,,,false
2023-07-06,"Total",,,,,,,,,,,,,,,,,,,,,,,,,,,,,,,,,,,,,,,,,,,,,,,,,,,,,,,,,,,,,,false
2023-07-07,"Total",,,,,,,,,,,,,,,,,,,,,,,,,,,,,,,,,,,,,,,,,,,,,,,,,,,,,,,,,,,,,,false
2023-07-08,"Total",,,,,,,,,,,,,,,,,,,,,,,,,,,,,,,,,,,,,,,,,,,,,,,,,,,,,,,,,,,,,,false
2023-07-09,"Total",,,,,,,,,,,,,,,,,,,,,,,,,,,,,,,,,,,,,,,,,,,,,,,,,,,,,,,,,,,,,,false
2023-07-10,"Total",,,,,,,,,,,,,,,,,,,,,,,,,,,,,,,,,,,,,,,,,,,,,,,,,,,,,,,,,,,,,,false
2023-07-11,"Total",,,,,,,,,,,,,,,,,,,,,,,,,,,,,,,,,,,,,,,,,,,,,,,,,,,,,,,,,,,,,,false
2023-07-12,"Total",,,,,,,,,,,,,,,,,,,,,,,,,,,,,,,,,,,,,,,,,,,,,,,,,,,,,,,,,,,,,,false
2023-07-13,"Total",,,,,,,,,,,,,,,,,,,,,,,,,,,,,,,,,,,,,,,,,,,,,,,,,,,,,,,,,,,,,,false
2023-07-14,"Total",,,,,,,,,,,,,,,,,,,,,,,,,,,,,,,,,,,,,,,,,,,,,,,,,,,,,,,,,,,,,,false
2023-07-15,"Total",,,,,,,,,,,,,,,,,,,,,,,,,,,,,,,,,,,,,,,,,,,,,,,,,,,,,,,,,,,,,,false
2023-07-16,"Total",,,,,,,,,,,,,,,,,,,,,,,,,,,,,,,,,,,,,,,,,,,,,,,,,,,,,,,,,,,,,,false
2023-07-17,"Total",,,,,,,,,,,,,,,,,,,,,,,,,,,,,,,,,,,,,,,,,,,,,,,,,,,,,,,,,,,,,,false
2023-07-18,"Total",,,,,,,,,,,,,,,,,,,,,,,,,,,,,,,,,,,,,,,,,,,,,,,,,,,,,,,,,,,,,,false
2023-07-19,"Total",,,,,,,,,,,,,,,,,,,,,,,,,,,,,,,,,,,,,,,,,,,,,,,,,,,,,,,,,,,,,,false
2023-07-20,"Total",,,,,,,,,,,,,,,,,,,,,,,,,,,,,,,,,,,,,,,,,,,,,,,,,,,,,,,,,,,,,,false
2023-07-21,"Total",,,,,,,,,,,,,,,,,,,,,,,,,,,,,,,,,,,,,,,,,,,,,,,,,,,,,,,,,,,,,,false
2023-07-22,"Total",,,,,,,,,,,,,,,,,,,,,,,,,,,,,,,,,,,,,,,,,,,,,,,,,,,,,,,,,,,,,,false
2023-07-23,"Total",,,,,,,,,,,,,,,,,,,,,,,,,,,,,,,,,,,,,,,,,,,,,,,,,,,,,,,,,,,,,,false
2023-07-24,"Total",,,,,,,,,,,,,,,,,,,,,,,,,,,,,,,,,,,,,,,,,,,,,,,,,,,,,,,,,,,,,,false
2023-07-25,"Total",,,,,,,,,,,,,,,,,,,,,,,,,,,,,,,,,,,,,,,,,,,,,,,,,,,,,,,,,,,,,,false
2023-07-26,"Total",,,,,,,,,,,,,,,,,,,,,,,,,,,,,,,,,,,,,,,,,,,,,,,,,,,,,,,,,,,,,,false
2023-07-27,"Total",,,,,,,,,,,,,,,,,,,,,,,,,,,,,,,,,,,,,,,,,,,,,,,,,,,,,,,,,,,,,,false
2023-07-28,"Total",,,,,,,,,,,,,,,,,,,,,,,,,,,,,,,,,,,,,,,,,,,,,,,,,,,,,,,,,,,,,,false
2023-07-29,"Total",,,,,,,,,,,,,,,,,,,,,,,,,,,,,,,,,,,,,,,,,,,,,,,,,,,,,,,,,,,,,,false
2023-07-30,"Total",,,,,,,,,,,,,,,,,,,,,,,,,,,,,,,,,,,,,,,,,,,,,,,,,,,,,,,,,,,,,,false
2023-07-31,"Total",,,,,,,,,,,,,,,,,,,,,,,,,,,,,,,,,,,,,,,,,,,,,,,,,,,,,,,,,,,,,,false
2023-08-01,"Total",,,,,,,,,,,,,,,,,,,,,,,,,,,,,,,,,,,,,,,,,,,,,,,,,,,,,,,,,,,,,,false
2023-08-02,"Total",,,,,,,,,,,,,,,,,,,,,,,,,,,,,,,,,,,,,,,,,,,,,,,,,,,,,,,,,,,,,,false
2023-08-03,"Total",,,,,,,,,,,,,,,,,,,,,,,,,,,,,,,,,,,,,,,,,,,,,,,,,,,,,,,,,,,,,,false
2023-08-04,"Total",,,,,,,,,,,,,,,,,,,,,,,,,,,,,,,,,,,,,,,,,,,,,,,,,,,,,,,,,,,,,,false
2023-08-05,"Total",,,,,,,,,,,,,,,,,,,,,,,,,,,,,,,,,,,,,,,,,,,,,,,,,,,,,,,,,,,,,,false
2023-08-06,"Total",,,,,,,,,,,,,,,,,,,,,,,,,,,,,,,,,,,,,,,,,,,,,,,,,,,,,,,,,,,,,,false
2023-08-07,"Total",,,,,,,,,,,,,,,,,,,,,,,,,,,,,,,,,,,,,,,,,,,,,,,,,,,,,,,,,,,,,,false
2023-08-08,"Total",,,,,,,,,,,,,,,,,,,,,,,,,,,,,,,,,,,,,,,,,,,,,,,,,,,,,,,,,,,,,,false
2023-08-09,"Total",,,,,,,,,,,,,,,,,,,,,,,,,,,,,,,,,,,,,,,,,,,,,,,,,,,,,,,,,,,,,,false
2023-08-10,"Total",,,,,,,,,,,,,,,,,,,,,,,,,,,,,,,,,,,,,,,,,,,,,,,,,,,,,,,,,,,,,,false
2023-08-11,"Total",,,,,,,,,,,,,,,,,,,,,,,,,,,,,,,,,,,,,,,,,,,,,,,,,,,,,,,,,,,,,,false
2023-08-12,"Total",,,,,,,,,,,,,,,,,,,,,,,,,,,,,,,,,,,,,,,,,,,,,,,,,,,,,,,,,,,,,,false
2023-08-13,"Total",,,,,,,,,,,,,,,,,,,,,,,,,,,,,,,,,,,,,,,,,,,,,,,,,,,,,,,,,,,,,,false
2023-08-14,"Total",,,,,,,,,,,,,,,,,,,,,,,,,,,,,,,,,,,,,,,,,,,,,,,,,,,,,,,,,,,,,,false
2023-08-15,"Total",,,,,,,,,,,,,,,,,,,,,,,,,,,,,,,,,,,,,,,,,,,,,,,,,,,,,,,,,,,,,,false
2023-08-16,"Total",,,,,,,,,,,,,,,,,,,,,,,,,,,,,,,,,,,,,,,,,,,,,,,,,,,,,,,,,,,,,,false
2023-08-17,"Total",,,,,,,,,,,,,,,,,,,,,,,,,,,,,,,,,,,,,,,,,,,,,,,,,,,,,,,,,,,,,,false
2023-08-18,"Total",,,,,,,,,,,,,,,,,,,,,,,,,,,,,,,,,,,,,,,,,,,,,,,,,,,,,,,,,,,,,,false
2023-08-19,"Total",,,,,,,,,,,,,,,,,,,,,,,,,,,,,,,,,,,,,,,,,,,,,,,,,,,,,,,,,,,,,,false
2023-08-20,"Total",,,,,,,,,,,,,,,,,,,,,,,,,,,,,,,,,,,,,,,,,,,,,,,,,,,,,,,,,,,,,,false
2023-08-21,"Total",,,,,,,,,,,,,,,,,,,,,,,,,,,,,,,,,,,,,,,,,,,,,,,,,,,,,,,,,,,,,,false
2023-08-22,"Total",,,,,,,,,,,,,,,,,,,,,,,,,,,,,,,,,,,,,,,,,,,,,,,,,,,,,,,,,,,,,,false
2023-08-23,"Total",,,,,,,,,,,,,,,,,,,,,,,,,,,,,,,,,,,,,,,,,,,,,,,,,,,,,,,,,,,,,,false
2023-08-24,"Total",,,,,,,,,,,,,,,,,,,,,,,,,,,,,,,,,,,,,,,,,,,,,,,,,,,,,,,,,,,,,,false
2023-08-25,"Total",,,,,,,,,,,,,,,,,,,,,,,,,,,,,,,,,,,,,,,,,,,,,,,,,,,,,,,,,,,,,,false
2023-08-26,"Total",,,,,,,,,,,,,,,,,,,,,,,,,,,,,,,,,,,,,,,,,,,,,,,,,,,,,,,,,,,,,,false
2023-08-27,"Total",,,,,,,,,,,,,,,,,,,,,,,,,,,,,,,,,,,,,,,,,,,,,,,,,,,,,,,,,,,,,,false
2023-08-28,"Total",,,,,,,,,,,,,,,,,,,,,,,,,,,,,,,,,,,,,,,,,,,,,,,,,,,,,,,,,,,,,,false
2023-08-29,"Total",,,,,,,,,,,,,,,,,,,,,,,,,,,,,,,,,,,,,,,,,,,,,,,,,,,,,,,,,,,,,,false
2023-08-30,"Total",,,,,,,,,,,,,,,,,,,,,,,,,,,,,,,,,,,,,,,,,,,,,,,,,,,,,,,,,,,,,,false
2023-08-31,"Total",,,,,,,,,,,,,,,,,,,,,,,,,,,,,,,,,,,,,,,,,,,,,,,,,,,,,,,,,,,,,,false
2023-09-01,"Total",,,,,,,,,,,,,,,,,,,,,,,,,,,,,,,,,,,,,,,,,,,,,,,,,,,,,,,,,,,,,,false
2023-09-02,"Total",,,,,,,,,,,,,,,,,,,,,,,,,,,,,,,,,,,,,,,,,,,,,,,,,,,,,,,,,,,,,,false
2023-09-03,"Total",,,,,,,,,,,,,,,,,,,,,,,,,,,,,,,,,,,,,,,,,,,,,,,,,,,,,,,,,,,,,,false
2023-09-04,"Total",,,,,,,,,,,,,,,,,,,,,,,,,,,,,,,,,,,,,,,,,,,,,,,,,,,,,,,,,,,,,,false
2023-09-05,"Total",,,,,,,,,,,,,,,,,,,,,,,,,,,,,,,,,,,,,,,,,,,,,,,,,,,,,,,,,,,,,,false
2023-09-06,"Total",,,,,,,,,,,,,,,,,,,,,,,,,,,,,,,,,,,,,,,,,,,,,,,,,,,,,,,,,,,,,,false
2023-09-07,"Total",,,,,,,,,,,,,,,,,,,,,,,,,,,,,,,,,,,,,,,,,,,,,,,,,,,,,,,,,,,,,,false
2023-09-08,"Total",,,,,,,,,,,,,,,,,,,,,,,,,,,,,,,,,,,,,,,,,,,,,,,,,,,,,,,,,,,,,,false
2023-09-09,"Total",,,,,,,,,,,,,,,,,,,,,,,,,,,,,,,,,,,,,,,,,,,,,,,,,,,,,,,,,,,,,,false
2023-09-10,"Total",,,,,,,,,,,,,,,,,,,,,,,,,,,,,,,,,,,,,,,,,,,,,,,,,,,,,,,,,,,,,,false
2023-09-11,"Total",,,,,,,,,,,,,,,,,,,,,,,,,,,,,,,,,,,,,,,,,,,,,,,,,,,,,,,,,,,,,,false
2023-09-12,"Total",,,,,,,,,,,,,,,,,,,,,,,,,,,,,,,,,,,,,,,,,,,,,,,,,,,,,,,,,,,,,,false
2023-09-13,"Total",,,,,,,,,,,,,,,,,,,,,,,,,,,,,,,,,,,,,,,,,,,,,,,,,,,,,,,,,,,,,,false
2023-09-14,"Total",,,,,,,,,,,,,,,,,,,,,,,,,,,,,,,,,,,,,,,,,,,,,,,,,,,,,,,,,,,,,,false
2023-09-15,"Total",,,,,,,,,,,,,,,,,,,,,,,,,,,,,,,,,,,,,,,,,,,,,,,,,,,,,,,,,,,,,,false
2023-09-16,"Total",,,,,,,,,,,,,,,,,,,,,,,,,,,,,,,,,,,,,,,,,,,,,,,,,,,,,,,,,,,,,,false
2023-09-17,"Total",,,,,,,,,,,,,,,,,,,,,,,,,,,,,,,,,,,,,,,,,,,,,,,,,,,,,,,,,,,,,,false
2023-09-18,"Total",,,,,,,,,,,,,,,,,,,,,,,,,,,,,,,,,,,,,,,,,,,,,,,,,,,,,,,,,,,,,,false
2023-09-19,"Total",,,,,,,,,,,,,,,,,,,,,,,,,,,,,,,,,,,,,,,,,,,,,,,,,,,,,,,,,,,,,,false
2023-09-20,"Total",,,,,,,,,,,,,,,,,,,,,,,,,,,,,,,,,,,,,,,,,,,,,,,,,,,,,,,,,,,,,,false
2023-09-21,"Total",,,,,,,,,,,,,,,,,,,,,,,,,,,,,,,,,,,,,,,,,,,,,,,,,,,,,,,,,,,,,,false
2023-09-22,"Total",,,,,,,,,,,,,,,,,,,,,,,,,,,,,,,,,,,,,,,,,,,,,,,,,,,,,,,,,,,,,,false
2023-09-23,"Total",,,,,,,,,,,,,,,,,,,,,,,,,,,,,,,,,,,,,,,,,,,,,,,,,,,,,,,,,,,,,,false
2023-09-24,"Total",,,,,,,,,,,,,,,,,,,,,,,,,,,,,,,,,,,,,,,,,,,,,,,,,,,,,,,,,,,,,,false
2023-09-25,"Total",,,,,,,,,,,,,,,,,,,,,,,,,,,,,,,,,,,,,,,,,,,,,,,,,,,,,,,,,,,,,,false
2023-09-26,"Total",,,,,,,,,,,,,,,,,,,,,,,,,,,,,,,,,,,,,,,,,,,,,,,,,,,,,,,,,,,,,,false
2023-09-27,"Total",,,,,,,,,,,,,,,,,,,,,,,,,,,,,,,,,,,,,,,,,,,,,,,,,,,,,,,,,,,,,,false
2023-09-28,"Total",,,,,,,,,,,,,,,,,,,,,,,,,,,,,,,,,,,,,,,,,,,,,,,,,,,,,,,,,,,,,,false
2023-09-29,"Total",,,,,,,,,,,,,,,,,,,,,,,,,,,,,,,,,,,,,,,,,,,,,,,,,,,,,,,,,,,,,,false
2023-09-30,"Total",,,,,,,,,,,,,,,,,,,,,,,,,,,,,,,,,,,,,,,,,,,,,,,,,,,,,,,,,,,,,,false
2023-10-01,"Total",,,,,,,,,,,,,,,,,,,,,,,,,,,,,,,,,,,,,,,,,,,,,,,,,,,,,,,,,,,,,,false
2023-10-02,"Total",,,,,,,,,,,,,,,,,,,,,,,,,,,,,,,,,,,,,,,,,,,,,,,,,,,,,,,,,,,,,,false
2023-10-03,"Total",,,,,,,,,,,,,,,,,,,,,,,,,,,,,,,,,,,,,,,,,,,,,,,,,,,,,,,,,,,,,,false
2023-10-04,"Total",,,,,,,,,,,,,,,,,,,,,,,,,,,,,,,,,,,,,,,,,,,,,,,,,,,,,,,,,,,,,,false
2023-10-05,"Total",,,,,,,,,,,,,,,,,,,,,,,,,,,,,,,,,,,,,,,,,,,,,,,,,,,,,,,,,,,,,,false
2023-10-06,"Total",,,,,,,,,,,,,,,,,,,,,,,,,,,,,,,,,,,,,,,,,,,,,,,,,,,,,,,,,,,,,,false
2023-10-07,"Total",,,,,,,,,,,,,,,,,,,,,,,,,,,,,,,,,,,,,,,,,,,,,,,,,,,,,,,,,,,,,,false
2023-10-08,"Total",,,,,,,,,,,,,,,,,,,,,,,,,,,,,,,,,,,,,,,,,,,,,,,,,,,,,,,,,,,,,,false
2023-10-09,"Total",,,,,,,,,,,,,,,,,,,,,,,,,,,,,,,,,,,,,,,,,,,,,,,,,,,,,,,,,,,,,,false
2023-10-10,"Total",,,,,,,,,,,,,,,,,,,,,,,,,,,,,,,,,,,,,,,,,,,,,,,,,,,,,,,,,,,,,,false
2023-10-11,"Total",,,,,,,,,,,,,,,,,,,,,,,,,,,,,,,,,,,,,,,,,,,,,,,,,,,,,,,,,,,,,,false
2023-10-12,"Total",,,,,,,,,,,,,,,,,,,,,,,,,,,,,,,,,,,,,,,,,,,,,,,,,,,,,,,,,,,,,,false
2023-10-13,"Total",,,,,,,,,,,,,,,,,,,,,,,,,,,,,,,,,,,,,,,,,,,,,,,,,,,,,,,,,,,,,,false
2023-10-14,"Total",,,,,,,,,,,,,,,,,,,,,,,,,,,,,,,,,,,,,,,,,,,,,,,,,,,,,,,,,,,,,,false
2023-10-15,"Total",,,,,,,,,,,,,,,,,,,,,,,,,,,,,,,,,,,,,,,,,,,,,,,,,,,,,,,,,,,,,,false
2023-10-16,"Total",,,,,,,,,,,,,,,,,,,,,,,,,,,,,,,,,,,,,,,,,,,,,,,,,,,,,,,,,,,,,,false
2023-10-17,"Total",,,,,,,,,,,,,,,,,,,,,,,,,,,,,,,,,,,,,,,,,,,,,,,,,,,,,,,,,,,,,,false
2023-10-18,"Total",,,,,,,,,,,,,,,,,,,,,,,,,,,,,,,,,,,,,,,,,,,,,,,,,,,,,,,,,,,,,,false
2023-10-19,"Total",,,,,,,,,,,,,,,,,,,,,,,,,,,,,,,,,,,,,,,,,,,,,,,,,,,,,,,,,,,,,,false
2023-10-20,"Total",,,,,,,,,,,,,,,,,,,,,,,,,,,,,,,,,,,,,,,,,,,,,,,,,,,,,,,,,,,,,,false
2023-10-21,"Total",,,,,,,,,,,,,,,,,,,,,,,,,,,,,,,,,,,,,,,,,,,,,,,,,,,,,,,,,,,,,,false
2023-10-22,"Total",,,,,,,,,,,,,,,,,,,,,,,,,,,,,,,,,,,,,,,,,,,,,,,,,,,,,,,,,,,,,,false
2023-10-23,"Total",,,,,,,,,,,,,,,,,,,,,,,,,,,,,,,,,,,,,,,,,,,,,,,,,,,,,,,,,,,,,,false
2023-10-24,"Total",,,,,,,,,,,,,,,,,,,,,,,,,,,,,,,,,,,,,,,,,,,,,,,,,,,,,,,,,,,,,,false
2023-10-25,"Total",,,,,,,,,,,,,,,,,,,,,,,,,,,,,,,,,,,,,,,,,,,,,,,,,,,,,,,,,,,,,,false
2023-10-26,"Total",,,,,,,,,,,,,,,,,,,,,,,,,,,,,,,,,,,,,,,,,,,,,,,,,,,,,,,,,,,,,,false
2023-10-27,"Total",,,,,,,,,,,,,,,,,,,,,,,,,,,,,,,,,,,,,,,,,,,,,,,,,,,,,,,,,,,,,,false
2023-10-28,"Total",,,,,,,,,,,,,,,,,,,,,,,,,,,,,,,,,,,,,,,,,,,,,,,,,,,,,,,,,,,,,,false
2023-10-29,"Total",,,,,,,,,,,,,,,,,,,,,,,,,,,,,,,,,,,,,,,,,,,,,,,,,,,,,,,,,,,,,,false
2023-10-30,"Total",,,,,,,,,,,,,,,,,,,,,,,,,,,,,,,,,,,,,,,,,,,,,,,,,,,,,,,,,,,,,,false
2023-10-31,"Total",,,,,,,,,,,,,,,,,,,,,,,,,,,,,,,,,,,,,,,,,,,,,,,,,,,,,,,,,,,,,,false
2023-11-01,"Total",,,,,,,,,,,,,,,,,,,,,,,,,,,,,,,,,,,,,,,,,,,,,,,,,,,,,,,,,,,,,,false
2023-11-02,"Total",,,,,,,,,,,,,,,,,,,,,,,,,,,,,,,,,,,,,,,,,,,,,,,,,,,,,,,,,,,,,,false
2023-11-03,"Total",,,,,,,,,,,,,,,,,,,,,,,,,,,,,,,,,,,,,,,,,,,,,,,,,,,,,,,,,,,,,,false
2023-11-04,"Total",,,,,,,,,,,,,,,,,,,,,,,,,,,,,,,,,,,,,,,,,,,,,,,,,,,,,,,,,,,,,,false
2023-11-05,"Total",,,,,,,,,,,,,,,,,,,,,,,,,,,,,,,,,,,,,,,,,,,,,,,,,,,,,,,,,,,,,,false
2023-11-06,"Total",,,,,,,,,,,,,,,,,,,,,,,,,,,,,,,,,,,,,,,,,,,,,,,,,,,,,,,,,,,,,,false
2023-11-07,"Total",,,,,,,,,,,,,,,,,,,,,,,,,,,,,,,,,,,,,,,,,,,,,,,,,,,,,,,,,,,,,,false
2023-11-08,"Total",,,,,,,,,,,,,,,,,,,,,,,,,,,,,,,,,,,,,,,,,,,,,,,,,,,,,,,,,,,,,,false
2023-11-09,"Total",,,,,,,,,,,,,,,,,,,,,,,,,,,,,,,,,,,,,,,,,,,,,,,,,,,,,,,,,,,,,,false
2023-11-10,"Total",,,,,,,,,,,,,,,,,,,,,,,,,,,,,,,,,,,,,,,,,,,,,,,,,,,,,,,,,,,,,,false
2023-11-11,"Total",,,,,,,,,,,,,,,,,,,,,,,,,,,,,,,,,,,,,,,,,,,,,,,,,,,,,,,,,,,,,,false
2023-11-12,"Total",,,,,,,,,,,,,,,,,,,,,,,,,,,,,,,,,,,,,,,,,,,,,,,,,,,,,,,,,,,,,,false
2023-11-13,"Total",,,,,,,,,,,,,,,,,,,,,,,,,,,,,,,,,,,,,,,,,,,,,,,,,,,,,,,,,,,,,,false
2023-11-14,"Total",,,,,,,,,,,,,,,,,,,,,,,,,,,,,,,,,,,,,,,,,,,,,,,,,,,,,,,,,,,,,,false
2023-11-15,"Total",,,,,,,,,,,,,,,,,,,,,,,,,,,,,,,,,,,,,,,,,,,,,,,,,,,,,,,,,,,,,,false
2023-11-16,"Total",,,,,,,,,,,,,,,,,,,,,,,,,,,,,,,,,,,,,,,,,,,,,,,,,,,,,,,,,,,,,,false
2023-11-17,"Total",,,,,,,,,,,,,,,,,,,,,,,,,,,,,,,,,,,,,,,,,,,,,,,,,,,,,,,,,,,,,,false
2023-11-18,"Total",,,,,,,,,,,,,,,,,,,,,,,,,,,,,,,,,,,,,,,,,,,,,,,,,,,,,,,,,,,,,,false
2023-11-19,"Total",,,,,,,,,,,,,,,,,,,,,,,,,,,,,,,,,,,,,,,,,,,,,,,,,,,,,,,,,,,,,,false
2023-11-20,"Total",,,,,,,,,,,,,,,,,,,,,,,,,,,,,,,,,,,,,,,,,,,,,,,,,,,,,,,,,,,,,,false
2023-11-21,"Total",,,,,,,,,,,,,,,,,,,,,,,,,,,,,,,,,,,,,,,,,,,,,,,,,,,,,,,,,,,,,,false
2023-11-22,"Total",,,,,,,,,,,,,,,,,,,,,,,,,,,,,,,,,,,,,,,,,,,,,,,,,,,,,,,,,,,,,,false
2023-11-23,"Total",,,,,,,,,,,,,,,,,,,,,,,,,,,,,,,,,,,,,,,,,,,,,,,,,,,,,,,,,,,,,,false
2023-11-24,"Total",,,,,,,,,,,,,,,,,,,,,,,,,,,,,,,,,,,,,,,,,,,,,,,,,,,,,,,,,,,,,,false
2023-11-25,"Total",,,,,,,,,,,,,,,,,,,,,,,,,,,,,,,,,,,,,,,,,,,,,,,,,,,,,,,,,,,,,,false
2023-11-26,"Total",,,,,,,,,,,,,,,,,,,,,,,,,,,,,,,,,,,,,,,,,,,,,,,,,,,,,,,,,,,,,,false
2023-11-27,"Total",,,,,,,,,,,,,,,,,,,,,,,,,,,,,,,,,,,,,,,,,,,,,,,,,,,,,,,,,,,,,,false
2023-11-28,"Total",,,,,,,,,,,,,,,,,,,,,,,,,,,,,,,,,,,,,,,,,,,,,,,,,,,,,,,,,,,,,,false
2023-11-29,"Total",,,,,,,,,,,,,,,,,,,,,,,,,,,,,,,,,,,,,,,,,,,,,,,,,,,,,,,,,,,,,,false
2023-11-30,"Total",,,,,,,,,,,,,,,,,,,,,,,,,,,,,,,,,,,,,,,,,,,,,,,,,,,,,,,,,,,,,,false
2023-12-01,"Total",,,,,,,,,,,,,,,,,,,,,,,,,,,,,,,,,,,,,,,,,,,,,,,,,,,,,,,,,,,,,,false
2023-12-02,"Total",,,,,,,,,,,,,,,,,,,,,,,,,,,,,,,,,,,,,,,,,,,,,,,,,,,,,,,,,,,,,,false
2023-12-03,"Total",,,,,,,,,,,,,,,,,,,,,,,,,,,,,,,,,,,,,,,,,,,,,,,,,,,,,,,,,,,,,,false
2023-12-04,"Total",,,,,,,,,,,,,,,,,,,,,,,,,,,,,,,,,,,,,,,,,,,,,,,,,,,,,,,,,,,,,,false
2023-12-05,"Total",,,,,,,,,,,,,,,,,,,,,,,,,,,,,,,,,,,,,,,,,,,,,,,,,,,,,,,,,,,,,,false
2023-12-06,"Total",,,,,,,,,,,,,,,,,,,,,,,,,,,,,,,,,,,,,,,,,,,,,,,,,,,,,,,,,,,,,,false
2023-12-07,"Total",,,,,,,,,,,,,,,,,,,,,,,,,,,,,,,,,,,,,,,,,,,,,,,,,,,,,,,,,,,,,,false
2023-12-08,"Total",,,,,,,,,,,,,,,,,,,,,,,,,,,,,,,,,,,,,,,,,,,,,,,,,,,,,,,,,,,,,,false
2023-12-09,"Total",,,,,,,,,,,,,,,,,,,,,,,,,,,,,,,,,,,,,,,,,,,,,,,,,,,,,,,,,,,,,,false
2023-12-10,"Total",,,,,,,,,,,,,,,,,,,,,,,,,,,,,,,,,,,,,,,,,,,,,,,,,,,,,,,,,,,,,,false
2023-12-11,"Total",,,,,,,,,,,,,,,,,,,,,,,,,,,,,,,,,,,,,,,,,,,,,,,,,,,,,,,,,,,,,,false
2023-12-12,"Total",,,,,,,,,,,,,,,,,,,,,,,,,,,,,,,,,,,,,,,,,,,,,,,,,,,,,,,,,,,,,,false
2023-12-13,"Total",,,,,,,,,,,,,,,,,,,,,,,,,,,,,,,,,,,,,,,,,,,,,,,,,,,,,,,,,,,,,,false
2023-12-14,"Total",,,,,,,,,,,,,,,,,,,,,,,,,,,,,,,,,,,,,,,,,,,,,,,,,,,,,,,,,,,,,,false
2023-12-15,"Total",,,,,,,,,,,,,,,,,,,,,,,,,,,,,,,,,,,,,,,,,,,,,,,,,,,,,,,,,,,,,,false
2023-12-16,"Total",,,,,,,,,,,,,,,,,,,,,,,,,,,,,,,,,,,,,,,,,,,,,,,,,,,,,,,,,,,,,,false
2023-12-17,"Total",,,,,,,,,,,,,,,,,,,,,,,,,,,,,,,,,,,,,,,,,,,,,,,,,,,,,,,,,,,,,,false
2023-12-18,"Total",,,,,,,,,,,,,,,,,,,,,,,,,,,,,,,,,,,,,,,,,,,,,,,,,,,,,,,,,,,,,,false
2023-12-19,"Total",,,,,,,,,,,,,,,,,,,,,,,,,,,,,,,,,,,,,,,,,,,,,,,,,,,,,,,,,,,,,,false
2023-12-20,"Total",,,,,,,,,,,,,,,,,,,,,,,,,,,,,,,,,,,,,,,,,,,,,,,,,,,,,,,,,,,,,,false
2023-12-21,"Total",,,,,,,,,,,,,,,,,,,,,,,,,,,,,,,,,,,,,,,,,,,,,,,,,,,,,,,,,,,,,,false
2023-12-22,"Total",,,,,,,,,,,,,,,,,,,,,,,,,,,,,,,,,,,,,,,,,,,,,,,,,,,,,,,,,,,,,,false
2023-12-23,"Total",,,,,,,,,,,,,,,,,,,,,,,,,,,,,,,,,,,,,,,,,,,,,,,,,,,,,,,,,,,,,,false
2023-12-24,"Total",,,,,,,,,,,,,,,,,,,,,,,,,,,,,,,,,,,,,,,,,,,,,,,,,,,,,,,,,,,,,,false
2023-12-25,"Total",,,,,,,,,,,,,,,,,,,,,,,,,,,,,,,,,,,,,,,,,,,,,,,,,,,,,,,,,,,,,,false
2023-12-26,"Total",,,,,,,,,,,,,,,,,,,,,,,,,,,,,,,,,,,,,,,,,,,,,,,,,,,,,,,,,,,,,,false
2023-12-27,"Total",,,,,,,,,,,,,,,,,,,,,,,,,,,,,,,,,,,,,,,,,,,,,,,,,,,,,,,,,,,,,,false
2023-12-28,"Total",,,,,,,,,,,,,,,,,,,,,,,,,,,,,,,,,,,,,,,,,,,,,,,,,,,,,,,,,,,,,,false
2023-12-29,"Total",,,,,,,,,,,,,,,,,,,,,,,,,,,,,,,,,,,,,,,,,,,,,,,,,,,,,,,,,,,,,,false
2023-12-30,"Total",,,,,,,,,,,,,,,,,,,,,,,,,,,,,,,,,,,,,,,,,,,,,,,,,,,,,,,,,,,,,,false
2023-12-31,"Total",,,,,,,,,,,,,,,,,,,,,,,,,,,,,,,,,,,,,,,,,,,,,,,,,,,,,,,,,,,,,,false
2024-01-01,"Total",,,,,,,,,,,,,,,,,,,,,,,,,,,,,,,,,,,,,,,,,,,,,,,,,,,,,,,,,,,,,,false
2024-01-02,"Total",,,,,,,,,,,,,,,,,,,,,,,,,,,,,,,,,,,,,,,,,,,,,,,,,,,,,,,,,,,,,,false
2024-01-03,"Total",,,,,,,,,,,,,,,,,,,,,,,,,,,,,,,,,,,,,,,,,,,,,,,,,,,,,,,,,,,,,,false
2024-01-04,"Total",,,,,,,,,,,,,,,,,,,,,,,,,,,,,,,,,,,,,,,,,,,,,,,,,,,,,,,,,,,,,,false
2024-01-05,"Total",,,,,,,,,,,,,,,,,,,,,,,,,,,,,,,,,,,,,,,,,,,,,,,,,,,,,,,,,,,,,,false
2024-01-06,"Total",,,,,,,,,,,,,,,,,,,,,,,,,,,,,,,,,,,,,,,,,,,,,,,,,,,,,,,,,,,,,,false
2024-01-07,"Total",,,,,,,,,,,,,,,,,,,,,,,,,,,,,,,,,,,,,,,,,,,,,,,,,,,,,,,,,,,,,,false
2024-01-08,"Total",,,,,,,,,,,,,,,,,,,,,,,,,,,,,,,,,,,,,,,,,,,,,,,,,,,,,,,,,,,,,,false
2024-01-09,"Total",,,,,,,,,,,,,,,,,,,,,,,,,,,,,,,,,,,,,,,,,,,,,,,,,,,,,,,,,,,,,,false
2024-01-10,"Total",,,,,,,,,,,,,,,,,,,,,,,,,,,,,,,,,,,,,,,,,,,,,,,,,,,,,,,,,,,,,,false
2024-01-11,"Total",,,,,,,,,,,,,,,,,,,,,,,,,,,,,,,,,,,,,,,,,,,,,,,,,,,,,,,,,,,,,,false
2024-01-12,"Total",,,,,,,,,,,,,,,,,,,,,,,,,,,,,,,,,,,,,,,,,,,,,,,,,,,,,,,,,,,,,,false
2024-01-13,"Total",,,,,,,,,,,,,,,,,,,,,,,,,,,,,,,,,,,,,,,,,,,,,,,,,,,,,,,,,,,,,,false
2024-01-14,"Total",,,,,,,,,,,,,,,,,,,,,,,,,,,,,,,,,,,,,,,,,,,,,,,,,,,,,,,,,,,,,,false
2024-01-15,"Total",,,,,,,,,,,,,,,,,,,,,,,,,,,,,,,,,,,,,,,,,,,,,,,,,,,,,,,,,,,,,,false
2024-01-16,"Total",,,,,,,,,,,,,,,,,,,,,,,,,,,,,,,,,,,,,,,,,,,,,,,,,,,,,,,,,,,,,,false
2024-01-17,"Total",,,,,,,,,,,,,,,,,,,,,,,,,,,,,,,,,,,,,,,,,,,,,,,,,,,,,,,,,,,,,,false
2024-01-18,"Total",,,,,,,,,,,,,,,,,,,,,,,,,,,,,,,,,,,,,,,,,,,,,,,,,,,,,,,,,,,,,,false
2024-01-19,"Total",,,,,,,,,,,,,,,,,,,,,,,,,,,,,,,,,,,,,,,,,,,,,,,,,,,,,,,,,,,,,,false
2024-01-20,"Total",,,,,,,,,,,,,,,,,,,,,,,,,,,,,,,,,,,,,,,,,,,,,,,,,,,,,,,,,,,,,,false
2024-01-21,"Total",,,,,,,,,,,,,,,,,,,,,,,,,,,,,,,,,,,,,,,,,,,,,,,,,,,,,,,,,,,,,,false
2024-01-22,"Total",,,,,,,,,,,,,,,,,,,,,,,,,,,,,,,,,,,,,,,,,,,,,,,,,,,,,,,,,,,,,,false
2024-01-23,"Total",,,,,,,,,,,,,,,,,,,,,,,,,,,,,,,,,,,,,,,,,,,,,,,,,,,,,,,,,,,,,,false
2024-01-24,"Total",,,,,,,,,,,,,,,,,,,,,,,,,,,,,,,,,,,,,,,,,,,,,,,,,,,,,,,,,,,,,,false
2024-01-25,"Total",,,,,,,,,,,,,,,,,,,,,,,,,,,,,,,,,,,,,,,,,,,,,,,,,,,,,,,,,,,,,,false
2024-01-26,"Total",,,,,,,,,,,,,,,,,,,,,,,,,,,,,,,,,,,,,,,,,,,,,,,,,,,,,,,,,,,,,,false
2024-01-27,"Total",,,,,,,,,,,,,,,,,,,,,,,,,,,,,,,,,,,,,,,,,,,,,,,,,,,,,,,,,,,,,,false
2024-01-28,"Total",,,,,,,,,,,,,,,,,,,,,,,,,,,,,,,,,,,,,,,,,,,,,,,,,,,,,,,,,,,,,,false
2024-01-29,"Total",,,,,,,,,,,,,,,,,,,,,,,,,,,,,,,,,,,,,,,,,,,,,,,,,,,,,,,,,,,,,,false
2024-01-30,"Total",,,,,,,,,,,,,,,,,,,,,,,,,,,,,,,,,,,,,,,,,,,,,,,,,,,,,,,,,,,,,,false
2024-01-31,"Total",,,,,,,,,,,,,,,,,,,,,,,,,,,,,,,,,,,,,,,,,,,,,,,,,,,,,,,,,,,,,,false
2024-02-01,"Total",,,,,,,,,,,,,,,,,,,,,,,,,,,,,,,,,,,,,,,,,,,,,,,,,,,,,,,,,,,,,,false
2024-02-02,"Total",,,,,,,,,,,,,,,,,,,,,,,,,,,,,,,,,,,,,,,,,,,,,,,,,,,,,,,,,,,,,,false
2024-02-03,"Total",,,,,,,,,,,,,,,,,,,,,,,,,,,,,,,,,,,,,,,,,,,,,,,,,,,,,,,,,,,,,,false
2024-02-04,"Total",,,,,,,,,,,,,,,,,,,,,,,,,,,,,,,,,,,,,,,,,,,,,,,,,,,,,,,,,,,,,,false
2024-02-05,"Total",,,,,,,,,,,,,,,,,,,,,,,,,,,,,,,,,,,,,,,,,,,,,,,,,,,,,,,,,,,,,,false
2024-02-06,"Total",,,,,,,,,,,,,,,,,,,,,,,,,,,,,,,,,,,,,,,,,,,,,,,,,,,,,,,,,,,,,,false
2024-02-07,"Total",,,,,,,,,,,,,,,,,,,,,,,,,,,,,,,,,,,,,,,,,,,,,,,,,,,,,,,,,,,,,,false
2024-02-08,"Total",,,,,,,,,,,,,,,,,,,,,,,,,,,,,,,,,,,,,,,,,,,,,,,,,,,,,,,,,,,,,,false
2024-02-09,"Total",,,,,,,,,,,,,,,,,,,,,,,,,,,,,,,,,,,,,,,,,,,,,,,,,,,,,,,,,,,,,,false
2024-02-10,"Total",,,,,,,,,,,,,,,,,,,,,,,,,,,,,,,,,,,,,,,,,,,,,,,,,,,,,,,,,,,,,,false
2024-02-11,"Total",,,,,,,,,,,,,,,,,,,,,,,,,,,,,,,,,,,,,,,,,,,,,,,,,,,,,,,,,,,,,,false
2024-02-12,"Total",,,,,,,,,,,,,,,,,,,,,,,,,,,,,,,,,,,,,,,,,,,,,,,,,,,,,,,,,,,,,,false
2024-02-13,"Total",,,,,,,,,,,,,,,,,,,,,,,,,,,,,,,,,,,,,,,,,,,,,,,,,,,,,,,,,,,,,,false
2024-02-14,"Total",,,,,,,,,,,,,,,,,,,,,,,,,,,,,,,,,,,,,,,,,,,,,,,,,,,,,,,,,,,,,,false
2024-02-15,"Total",,,,,,,,,,,,,,,,,,,,,,,,,,,,,,,,,,,,,,,,,,,,,,,,,,,,,,,,,,,,,,false
2024-02-16,"Total",,,,,,,,,,,,,,,,,,,,,,,,,,,,,,,,,,,,,,,,,,,,,,,,,,,,,,,,,,,,,,false
2024-02-17,"Total",,,,,,,,,,,,,,,,,,,,,,,,,,,,,,,,,,,,,,,,,,,,,,,,,,,,,,,,,,,,,,false
2024-02-18,"Total",,,,,,,,,,,,,,,,,,,,,,,,,,,,,,,,,,,,,,,,,,,,,,,,,,,,,,,,,,,,,,false
2024-02-19,"Total",,,,,,,,,,,,,,,,,,,,,,,,,,,,,,,,,,,,,,,,,,,,,,,,,,,,,,,,,,,,,,false
2024-02-20,"Total",,,,,,,,,,,,,,,,,,,,,,,,,,,,,,,,,,,,,,,,,,,,,,,,,,,,,,,,,,,,,,false
2024-02-21,"Total",,,,,,,,,,,,,,,,,,,,,,,,,,,,,,,,,,,,,,,,,,,,,,,,,,,,,,,,,,,,,,false
2024-02-22,"Total",,,,,,,,,,,,,,,,,,,,,,,,,,,,,,,,,,,,,,,,,,,,,,,,,,,,,,,,,,,,,,false
2024-02-23,"Total",,,,,,,,,,,,,,,,,,,,,,,,,,,,,,,,,,,,,,,,,,,,,,,,,,,,,,,,,,,,,,false
2024-02-24,"Total",,,,,,,,,,,,,,,,,,,,,,,,,,,,,,,,,,,,,,,,,,,,,,,,,,,,,,,,,,,,,,false
2024-02-25,"Total",,,,,,,,,,,,,,,,,,,,,,,,,,,,,,,,,,,,,,,,,,,,,,,,,,,,,,,,,,,,,,false
2024-02-26,"Total",,,,,,,,,,,,,,,,,,,,,,,,,,,,,,,,,,,,,,,,,,,,,,,,,,,,,,,,,,,,,,false
2024-02-27,"Total",,,,,,,,,,,,,,,,,,,,,,,,,,,,,,,,,,,,,,,,,,,,,,,,,,,,,,,,,,,,,,false
2024-02-28,"Total",,,,,,,,,,,,,,,,,,,,,,,,,,,,,,,,,,,,,,,,,,,,,,,,,,,,,,,,,,,,,,false
2024-02-29,"Total",,,,,,,,,,,,,,,,,,,,,,,,,,,,,,,,,,,,,,,,,,,,,,,,,,,,,,,,,,,,,,false
2024-03-01,"Total",,,,,,,,,,,,,,,,,,,,,,,,,,,,,,,,,,,,,,,,,,,,,,,,,,,,,,,,,,,,,,false
2024-03-02,"Total",,,,,,,,,,,,,,,,,,,,,,,,,,,,,,,,,,,,,,,,,,,,,,,,,,,,,,,,,,,,,,false
2024-03-03,"Total",,,,,,,,,,,,,,,,,,,,,,,,,,,,,,,,,,,,,,,,,,,,,,,,,,,,,,,,,,,,,,false
2024-03-04,"Total",,,,,,,,,,,,,,,,,,,,,,,,,,,,,,,,,,,,,,,,,,,,,,,,,,,,,,,,,,,,,,false
2024-03-05,"Total",,,,,,,,,,,,,,,,,,,,,,,,,,,,,,,,,,,,,,,,,,,,,,,,,,,,,,,,,,,,,,false
2024-03-06,"Total",,,,,,,,,,,,,,,,,,,,,,,,,,,,,,,,,,,,,,,,,,,,,,,,,,,,,,,,,,,,,,false
2024-03-07,"Total",,,,,,,,,,,,,,,,,,,,,,,,,,,,,,,,,,,,,,,,,,,,,,,,,,,,,,,,,,,,,,false
2024-03-08,"Total",,,,,,,,,,,,,,,,,,,,,,,,,,,,,,,,,,,,,,,,,,,,,,,,,,,,,,,,,,,,,,false
2024-03-09,"Total",,,,,,,,,,,,,,,,,,,,,,,,,,,,,,,,,,,,,,,,,,,,,,,,,,,,,,,,,,,,,,false
2024-03-10,"Total",,,,,,,,,,,,,,,,,,,,,,,,,,,,,,,,,,,,,,,,,,,,,,,,,,,,,,,,,,,,,,false
2024-03-11,"Total",,,,,,,,,,,,,,,,,,,,,,,,,,,,,,,,,,,,,,,,,,,,,,,,,,,,,,,,,,,,,,false
2024-03-12,"Total",,,,,,,,,,,,,,,,,,,,,,,,,,,,,,,,,,,,,,,,,,,,,,,,,,,,,,,,,,,,,,false
2024-03-13,"Total",,,,,,,,,,,,,,,,,,,,,,,,,,,,,,,,,,,,,,,,,,,,,,,,,,,,,,,,,,,,,,false
2024-03-14,"Total",,,,,,,,,,,,,,,,,,,,,,,,,,,,,,,,,,,,,,,,,,,,,,,,,,,,,,,,,,,,,,false
2024-03-15,"Total",,,,,,,,,,,,,,,,,,,,,,,,,,,,,,,,,,,,,,,,,,,,,,,,,,,,,,,,,,,,,,false
2024-03-16,"Total",,,,,,,,,,,,,,,,,,,,,,,,,,,,,,,,,,,,,,,,,,,,,,,,,,,,,,,,,,,,,,false
2024-03-17,"Total",,,,,,,,,,,,,,,,,,,,,,,,,,,,,,,,,,,,,,,,,,,,,,,,,,,,,,,,,,,,,,false
2024-03-18,"Total",,,,,,,,,,,,,,,,,,,,,,,,,,,,,,,,,,,,,,,,,,,,,,,,,,,,,,,,,,,,,,false
2024-03-19,"Total",,,,,,,,,,,,,,,,,,,,,,,,,,,,,,,,,,,,,,,,,,,,,,,,,,,,,,,,,,,,,,false
2024-03-20,"Total",,,,,,,,,,,,,,,,,,,,,,,,,,,,,,,,,,,,,,,,,,,,,,,,,,,,,,,,,,,,,,false
2024-03-21,"Total",,,,,,,,,,,,,,,,,,,,,,,,,,,,,,,,,,,,,,,,,,,,,,,,,,,,,,,,,,,,,,false
2024-03-22,"Total",,,,,,,,,,,,,,,,,,,,,,,,,,,,,,,,,,,,,,,,,,,,,,,,,,,,,,,,,,,,,,false
2024-03-23,"Total",,,,,,,,,,,,,,,,,,,,,,,,,,,,,,,,,,,,,,,,,,,,,,,,,,,,,,,,,,,,,,false
2024-03-24,"Total",,,,,,,,,,,,,,,,,,,,,,,,,,,,,,,,,,,,,,,,,,,,,,,,,,,,,,,,,,,,,,false
2024-03-25,"Total",,,,,,,,,,,,,,,,,,,,,,,,,,,,,,,,,,,,,,,,,,,,,,,,,,,,,,,,,,,,,,false
2024-03-26,"Total",,,,,,,,,,,,,,,,,,,,,,,,,,,,,,,,,,,,,,,,,,,,,,,,,,,,,,,,,,,,,,false
2024-03-27,"Total",,,,,,,,,,,,,,,,,,,,,,,,,,,,,,,,,,,,,,,,,,,,,,,,,,,,,,,,,,,,,,false
2024-03-28,"Total",,,,,,,,,,,,,,,,,,,,,,,,,,,,,,,,,,,,,,,,,,,,,,,,,,,,,,,,,,,,,,false
2024-03-29,"Total",,,,,,,,,,,,,,,,,,,,,,,,,,,,,,,,,,,,,,,,,,,,,,,,,,,,,,,,,,,,,,false
2024-03-30,"Total",,,,,,,,,,,,,,,,,,,,,,,,,,,,,,,,,,,,,,,,,,,,,,,,,,,,,,,,,,,,,,false
2024-03-31,"Total",,,,,,,,,,,,,,,,,,,,,,,,,,,,,,,,,,,,,,,,,,,,,,,,,,,,,,,,,,,,,,false
2024-04-01,"Total",,,,,,,,,,,,,,,,,,,,,,,,,,,,,,,,,,,,,,,,,,,,,,,,,,,,,,,,,,,,,,false
2024-04-02,"Total",,,,,,,,,,,,,,,,,,,,,,,,,,,,,,,,,,,,,,,,,,,,,,,,,,,,,,,,,,,,,,false
2024-04-03,"Total",,,,,,,,,,,,,,,,,,,,,,,,,,,,,,,,,,,,,,,,,,,,,,,,,,,,,,,,,,,,,,false
2024-04-04,"Total",,,,,,,,,,,,,,,,,,,,,,,,,,,,,,,,,,,,,,,,,,,,,,,,,,,,,,,,,,,,,,false
2024-04-05,"Total",,,,,,,,,,,,,,,,,,,,,,,,,,,,,,,,,,,,,,,,,,,,,,,,,,,,,,,,,,,,,,false
2024-04-06,"Total",,,,,,,,,,,,,,,,,,,,,,,,,,,,,,,,,,,,,,,,,,,,,,,,,,,,,,,,,,,,,,false
2024-04-07,"Total",,,,,,,,,,,,,,,,,,,,,,,,,,,,,,,,,,,,,,,,,,,,,,,,,,,,,,,,,,,,,,false
2024-04-08,"Total",,,,,,,,,,,,,,,,,,,,,,,,,,,,,,,,,,,,,,,,,,,,,,,,,,,,,,,,,,,,,,false
2024-04-09,"Total",,,,,,,,,,,,,,,,,,,,,,,,,,,,,,,,,,,,,,,,,,,,,,,,,,,,,,,,,,,,,,false
2024-04-10,"Total",,,,,,,,,,,,,,,,,,,,,,,,,,,,,,,,,,,,,,,,,,,,,,,,,,,,,,,,,,,,,,false
2024-04-11,"Total",,,,,,,,,,,,,,,,,,,,,,,,,,,,,,,,,,,,,,,,,,,,,,,,,,,,,,,,,,,,,,false
2024-04-12,"Total",,,,,,,,,,,,,,,,,,,,,,,,,,,,,,,,,,,,,,,,,,,,,,,,,,,,,,,,,,,,,,false
2024-04-13,"Total",,,,,,,,,,,,,,,,,,,,,,,,,,,,,,,,,,,,,,,,,,,,,,,,,,,,,,,,,,,,,,false
2024-04-14,"Total",,,,,,,,,,,,,,,,,,,,,,,,,,,,,,,,,,,,,,,,,,,,,,,,,,,,,,,,,,,,,,false
2024-04-15,"Total",,,,,,,,,,,,,,,,,,,,,,,,,,,,,,,,,,,,,,,,,,,,,,,,,,,,,,,,,,,,,,false
2024-04-16,"Total",,,,,,,,,,,,,,,,,,,,,,,,,,,,,,,,,,,,,,,,,,,,,,,,,,,,,,,,,,,,,,false
2024-04-17,"Total",,,,,,,,,,,,,,,,,,,,,,,,,,,,,,,,,,,,,,,,,,,,,,,,,,,,,,,,,,,,,,false
2024-04-18,"Total",,,,,,,,,,,,,,,,,,,,,,,,,,,,,,,,,,,,,,,,,,,,,,,,,,,,,,,,,,,,,,false
2024-04-19,"Total",,,,,,,,,,,,,,,,,,,,,,,,,,,,,,,,,,,,,,,,,,,,,,,,,,,,,,,,,,,,,,false
2024-04-20,"Total",,,,,,,,,,,,,,,,,,,,,,,,,,,,,,,,,,,,,,,,,,,,,,,,,,,,,,,,,,,,,,false
2024-04-21,"Total",,,,,,,,,,,,,,,,,,,,,,,,,,,,,,,,,,,,,,,,,,,,,,,,,,,,,,,,,,,,,,false
2024-04-22,"Total",,,,,,,,,,,,,,,,,,,,,,,,,,,,,,,,,,,,,,,,,,,,,,,,,,,,,,,,,,,,,,false
2024-04-23,"Total",,,,,,,,,,,,,,,,,,,,,,,,,,,,,,,,,,,,,,,,,,,,,,,,,,,,,,,,,,,,,,false
2024-04-24,"Total",,,,,,,,,,,,,,,,,,,,,,,,,,,,,,,,,,,,,,,,,,,,,,,,,,,,,,,,,,,,,,false
2024-04-25,"Total",,,,,,,,,,,,,,,,,,,,,,,,,,,,,,,,,,,,,,,,,,,,,,,,,,,,,,,,,,,,,,false
2024-04-26,"Total",,,,,,,,,,,,,,,,,,,,,,,,,,,,,,,,,,,,,,,,,,,,,,,,,,,,,,,,,,,,,,false
2024-04-27,"Total",,,,,,,,,,,,,,,,,,,,,,,,,,,,,,,,,,,,,,,,,,,,,,,,,,,,,,,,,,,,,,false
2024-04-28,"Total",,,,,,,,,,,,,,,,,,,,,,,,,,,,,,,,,,,,,,,,,,,,,,,,,,,,,,,,,,,,,,false
2024-04-29,"Total",,,,,,,,,,,,,,,,,,,,,,,,,,,,,,,,,,,,,,,,,,,,,,,,,,,,,,,,,,,,,,false
2024-04-30,"Total",,,,,,,,,,,,,,,,,,,,,,,,,,,,,,,,,,,,,,,,,,,,,,,,,,,,,,,,,,,,,,false
2024-05-01,"Total",,,,,,,,,,,,,,,,,,,,,,,,,,,,,,,,,,,,,,,,,,,,,,,,,,,,,,,,,,,,,,false
2024-05-02,"Total",,,,,,,,,,,,,,,,,,,,,,,,,,,,,,,,,,,,,,,,,,,,,,,,,,,,,,,,,,,,,,false
2024-05-03,"Total",,,,,,,,,,,,,,,,,,,,,,,,,,,,,,,,,,,,,,,,,,,,,,,,,,,,,,,,,,,,,,false
2024-05-04,"Total",,,,,,,,,,,,,,,,,,,,,,,,,,,,,,,,,,,,,,,,,,,,,,,,,,,,,,,,,,,,,,false
2024-05-05,"Total",,,,,,,,,,,,,,,,,,,,,,,,,,,,,,,,,,,,,,,,,,,,,,,,,,,,,,,,,,,,,,false
2024-05-06,"Total",,,,,,,,,,,,,,,,,,,,,,,,,,,,,,,,,,,,,,,,,,,,,,,,,,,,,,,,,,,,,,false
2024-05-07,"Total",,,,,,,,,,,,,,,,,,,,,,,,,,,,,,,,,,,,,,,,,,,,,,,,,,,,,,,,,,,,,,false
2024-05-08,"Total",,,,,,,,,,,,,,,,,,,,,,,,,,,,,,,,,,,,,,,,,,,,,,,,,,,,,,,,,,,,,,false
2024-05-09,"Total",,,,,,,,,,,,,,,,,,,,,,,,,,,,,,,,,,,,,,,,,,,,,,,,,,,,,,,,,,,,,,false
2024-05-10,"Total",,,,,,,,,,,,,,,,,,,,,,,,,,,,,,,,,,,,,,,,,,,,,,,,,,,,,,,,,,,,,,false
2024-05-11,"Total",,,,,,,,,,,,,,,,,,,,,,,,,,,,,,,,,,,,,,,,,,,,,,,,,,,,,,,,,,,,,,false
2024-05-12,"Total",,,,,,,,,,,,,,,,,,,,,,,,,,,,,,,,,,,,,,,,,,,,,,,,,,,,,,,,,,,,,,false
2024-05-13,"Total",,,,,,,,,,,,,,,,,,,,,,,,,,,,,,,,,,,,,,,,,,,,,,,,,,,,,,,,,,,,,,false
2024-05-14,"Total",,,,,,,,,,,,,,,,,,,,,,,,,,,,,,,,,,,,,,,,,,,,,,,,,,,,,,,,,,,,,,false
2024-05-15,"Total",,,,,,,,,,,,,,,,,,,,,,,,,,,,,,,,,,,,,,,,,,,,,,,,,,,,,,,,,,,,,,false
2024-05-16,"Total",,,,,,,,,,,,,,,,,,,,,,,,,,,,,,,,,,,,,,,,,,,,,,,,,,,,,,,,,,,,,,false
2024-05-17,"Total",,,,,,,,,,,,,,,,,,,,,,,,,,,,,,,,,,,,,,,,,,,,,,,,,,,,,,,,,,,,,,false
2024-05-18,"Total",,,,,,,,,,,,,,,,,,,,,,,,,,,,,,,,,,,,,,,,,,,,,,,,,,,,,,,,,,,,,,false
2024-05-19,"Total",,,,,,,,,,,,,,,,,,,,,,,,,,,,,,,,,,,,,,,,,,,,,,,,,,,,,,,,,,,,,,false
2024-05-20,"Total",,,,,,,,,,,,,,,,,,,,,,,,,,,,,,,,,,,,,,,,,,,,,,,,,,,,,,,,,,,,,,false
2024-05-21,"Total",,,,,,,,,,,,,,,,,,,,,,,,,,,,,,,,,,,,,,,,,,,,,,,,,,,,,,,,,,,,,,false
2024-05-22,"Total",,,,,,,,,,,,,,,,,,,,,,,,,,,,,,,,,,,,,,,,,,,,,,,,,,,,,,,,,,,,,,false
2024-05-23,"Total",,,,,,,,,,,,,,,,,,,,,,,,,,,,,,,,,,,,,,,,,,,,,,,,,,,,,,,,,,,,,,false
2024-05-24,"Total",,,,,,,,,,,,,,,,,,,,,,,,,,,,,,,,,,,,,,,,,,,,,,,,,,,,,,,,,,,,,,false
2024-05-25,"Total",,,,,,,,,,,,,,,,,,,,,,,,,,,,,,,,,,,,,,,,,,,,,,,,,,,,,,,,,,,,,,false
2024-05-26,"Total",,,,,,,,,,,,,,,,,,,,,,,,,,,,,,,,,,,,,,,,,,,,,,,,,,,,,,,,,,,,,,false
2024-05-27,"Total",,,,,,,,,,,,,,,,,,,,,,,,,,,,,,,,,,,,,,,,,,,,,,,,,,,,,,,,,,,,,,false
2024-05-28,"Total",,,,,,,,,,,,,,,,,,,,,,,,,,,,,,,,,,,,,,,,,,,,,,,,,,,,,,,,,,,,,,false
2024-05-29,"Total",,,,,,,,,,,,,,,,,,,,,,,,,,,,,,,,,,,,,,,,,,,,,,,,,,,,,,,,,,,,,,false
2024-05-30,"Total",,,,,,,,,,,,,,,,,,,,,,,,,,,,,,,,,,,,,,,,,,,,,,,,,,,,,,,,,,,,,,false
2024-05-31,"Total",,,,,,,,,,,,,,,,,,,,,,,,,,,,,,,,,,,,,,,,,,,,,,,,,,,,,,,,,,,,,,false
2024-06-01,"Total",,,,,,,,,,,,,,,,,,,,,,,,,,,,,,,,,,,,,,,,,,,,,,,,,,,,,,,,,,,,,,false
2024-06-02,"Total",,,,,,,,,,,,,,,,,,,,,,,,,,,,,,,,,,,,,,,,,,,,,,,,,,,,,,,,,,,,,,false
2024-06-03,"Total",,,,,,,,,,,,,,,,,,,,,,,,,,,,,,,,,,,,,,,,,,,,,,,,,,,,,,,,,,,,,,false
2024-06-04,"'-",261.90,0.00,0.00,2.46,65.00,213.06,0.05,0.45,0.41,0.56,0.14,1.05,13.50,4.21,4.60,0.00,0.23,2.20,172.50,0.05,0.23,21.50,0.05,215.00,318.50,14.85,295.00,0.84,30.06,49.27,18.40,1.67,0.73,0.05,18.50,0.00,1.73,7.50,0.07,0.07,0.39,0.01,0.01,0.01,0.00,0.00,0.06,0.00,0.06,0.13,0.44,0.80,1.56,1.26,0.44,0.78,21.11,0.62,0.20,0.77,1.01,false
2024-06-04,"Breakfast",552.80,0.00,0.00,116.14,405.38,88.91,0.55,0.21,2.79,0.50,0.24,0.00,182.62,0.00,0.20,0.00,0.44,13.64,26.60,1.03,4.19,125.60,1.23,294.00,316.80,45.24,425.40,2.74,67.52,87.72,20.16,3.30,0.86,45.81,6.35,0.00,17.85,0.00,8.62,3.24,3.21,0.00,0.06,0.06,0.00,0.00,3.17,0.00,3.17,0.31,0.36,0.62,1.17,0.54,0.23,0.77,20.50,0.55,0.22,0.34,0.78,false
2024-06-04,"Lunch",786.67,0.00,0.00,146.54,176.45,568.17,0.33,0.52,5.68,2.27,1.23,0.43,145.39,139.88,236.77,30.72,5.57,73.16,416.07,0.71,12.99,153.05,1.92,369.58,2209.12,7.40,2819.80,3.15,74.88,100.47,25.37,6.16,3.43,23.12,26.72,0.00,12.07,9.60,1.53,0.82,3.05,0.09,0.15,0.15,0.00,0.00,0.28,0.00,0.28,0.12,0.24,0.41,0.67,0.62,0.16,0.43,72.98,0.38,0.13,0.34,0.51,false
2024-06-04,"Dinner",1246.51,0.00,251.01,108.98,1136.27,774.39,1.18,1.33,21.96,3.58,1.33,2.72,262.46,326.06,25.16,156.10,5.85,63.44,843.57,1.16,9.44,442.83,4.49,1078.04,2004.01,106.22,655.45,7.35,164.59,183.95,18.87,14.77,3.86,82.71,72.17,21.96,36.44,44.03,11.88,10.72,9.45,0.31,2.31,2.30,0.00,0.00,8.21,0.02,8.19,0.90,1.44,2.61,4.91,3.51,1.14,2.64,58.96,2.34,0.89,1.90,2.92,false
2024-06-04,"Total",2847.87,0.00,251.01,374.12,1783.10,1644.53,2.12,2.51,30.84,6.91,2.93,4.21,603.97,470.15,266.73,186.82,12.09,152.44,1458.73,2.95,26.84,742.98,7.69,1956.61,4848.42,173.71,4195.65,14.07,337.05,421.41,82.79,25.90,8.88,151.69,123.74,21.96,68.08,61.13,22.10,14.84,16.09,0.41,2.53,2.51,0.00,0.00,11.73,0.02,11.70,1.45,2.48,4.43,8.30,5.93,1.97,4.62,173.55,3.89,1.44,3.35,5.22,false
2024-06-05,"'-",1877.74,0.00,18.40,101.03,482.00,414.24,0.65,1.26,2.24,3.45,0.64,3.25,90.49,666.32,1.64,136.11,3.74,10.89,1652.54,0.59,3.59,177.77,2.17,957.80,1552.01,41.19,1222.31,5.67,192.38,202.42,9.93,4.13,2.27,8.82,155.99,92.15,91.05,379.54,13.44,9.61,49.81,1.36,1.44,1.40,0.02,0.01,7.80,0.08,7.71,0.83,1.36,2.89,5.40,4.63,1.27,2.37,80.98,2.80,1.01,2.05,3.20,false
2024-06-05,"Breakfast",942.47,0.00,33.33,176.32,900.02,283.71,0.51,0.43,4.34,2.18,0.67,1.09,67.12,164.59,17.28,88.23,0.78,41.23,371.21,1.15,6.74,273.38,3.45,715.64,1340.51,27.48,686.95,4.53,118.65,168.49,49.80,12.39,5.41,40.14,50.54,5.03,19.37,16.22,4.52,4.37,7.22,0.16,1.91,1.91,0.00,0.00,2.45,0.01,2.45,0.45,0.65,1.04,1.93,1.44,0.45,1.25,50.45,0.92,0.33,0.90,1.34,false
2024-06-05,"Lunch",848.04,0.00,0.00,2.12,230.11,229.97,0.22,1.00,3.22,4.48,0.65,1.67,211.25,236.04,14.36,130.50,4.69,34.72,96.22,0.30,2.78,62.33,0.28,346.13,1016.42,46.85,759.06,2.68,58.21,80.32,22.02,7.05,4.08,0.18,7.77,0.00,47.08,559.50,22.11,5.08,9.07,0.00,0.28,0.22,0.06,0.01,4.73,0.22,4.46,0.48,0.53,1.16,1.84,1.57,0.65,1.16,35.09,1.02,0.27,0.85,1.32,false
2024-06-05,"Dinner",1140.26,0.00,0.00,17.20,149.98,224.83,0.31,0.17,2.50,1.36,0.68,0.11,103.12,68.48,36.69,0.00,4.47,58.75,205.94,0.44,1.24,128.32,1.00,219.24,1131.09,3.78,2344.57,1.59,147.40,152.88,5.44,3.85,1.60,9.13,49.99,0.00,28.46,1.17,6.09,3.15,9.97,0.01,0.22,0.22,0.00,0.00,2.85,0.00,2.85,0.37,0.52,1.02,1.95,1.70,0.39,0.76,70.51,1.02,0.41,0.53,1.06,false
2024-06-05,"Snacks",451.25,0.00,251.01,5.13,83.65,654.30,0.26,1.16,6.97,1.97,0.36,3.09,19.08,214.78,5.11,153.60,0.36,3.09,633.39,0.11,0.38,160.43,0.11,598.51,1025.77,21.80,213.44,2.46,56.97,62.09,4.29,1.67,0.73,0.05,33.14,0.00,9.44,39.64,1.75,0.43,4.96,0.29,0.04,0.04,0.00,0.00,0.27,0.01,0.26,0.20,0.80,1.43,2.79,2.35,0.77,1.38,31.45,1.20,0.36,1.37,1.79,false
2024-06-05,"Total",5259.76,0.00,302.73,301.80,1845.75,1807.07,1.95,4.01,19.27,13.44,3.00,9.21,491.06,1350.20,75.09,508.44,14.04,148.67,2959.30,2.60,14.74,802.23,7.02,2837.32,6065.79,141.09,5226.32,16.93,573.62,666.19,91.48,29.09,14.08,58.32,297.43,97.18,195.40,996.06,47.90,22.65,81.03,1.81,3.90,3.78,0.07,0.02,18.09,0.32,17.72,2.33,3.86,7.55,13.90,11.68,3.53,6.91,268.49,6.96,2.38,5.69,8.71,false
2024-06-06,"'-",433.23,0.00,0.00,61.03,350.93,232.73,0.17,0.21,3.29,1.05,0.44,0.46,43.27,39.99,18.62,1.96,3.59,2.10,213.61,0.41,1.02,126.60,1.03,257.89,856.13,3.98,50.53,2.45,38.57,45.09,6.44,5.24,1.15,7.76,26.33,1.26,20.93,11.99,7.63,7.50,4.50,0.11,0.84,0.84,0.00,0.00,6.59,0.00,6.59,0.31,0.55,0.99,1.95,1.55,0.40,0.93,22.29,0.93,0.36,0.71,1.13,false
2024-06-06,"Breakfast",1074.62,0.00,234.13,155.72,809.97,710.75,0.73,1.50,9.04,4.64,0.83,3.83,110.68,482.16,17.53,298.11,1.87,41.87,726.83,1.13,6.42,355.52,3.26,1108.45,1991.63,58.32,1040.10,6.42,114.31,144.73,30.36,9.39,4.97,39.53,56.51,5.03,35.39,414.92,9.71,3.71,14.70,0.37,0.22,0.17,0.04,0.01,3.35,0.16,3.18,0.76,1.18,2.16,3.85,3.12,1.05,2.29,60.85,1.92,0.57,1.84,2.63,false
2024-06-06,"Lunch",901.67,0.00,0.00,148.09,243.65,850.30,0.43,0.65,7.94,2.94,1.63,0.43,290.07,321.74,359.12,30.72,8.60,87.27,453.63,1.08,13.56,186.85,2.14,417.02,2778.80,9.50,1527.56,3.47,127.26,158.82,30.76,9.45,5.55,23.89,80.83,8.21,11.37,9.60,2.00,1.06,2.28,0.09,0.32,0.32,0.00,0.00,0.35,0.00,0.34,0.12,0.30,0.51,0.84,0.85,0.19,0.52,51.47,0.49,0.17,0.40,0.65,false
2024-06-06,"Dinner",779.30,0.00,0.00,86.11,815.92,544.62,0.48,0.26,8.18,1.88,0.63,0.00,98.78,758.47,69.74,0.00,5.03,108.94,132.20,0.96,6.58,197.13,3.95,494.04,1318.42,11.08,1957.04,4.71,99.80,119.79,19.97,10.72,1.52,63.17,21.20,0.00,19.23,0.00,6.30,3.98,5.94,0.00,0.19,0.19,0.00,0.00,2.05,0.00,2.00,0.41,0.48,0.73,1.37,0.61,0.33,0.99,41.44,0.65,0.19,0.50,0.90,false
2024-06-06,"Snacks",520.79,0.00,0.00,46.51,126.40,21.50,0.31,0.34,5.97,0.99,0.18,0.23,98.53,13.33,1.31,0.00,1.38,1.49,282.34,0.19,2.19,78.08,0.61,286.40,449.55,18.18,455.61,1.98,48.24,52.18,3.84,1.83,0.88,16.41,14.50,10.35,14.03,2.33,7.33,3.22,2.61,0.01,0.15,0.14,0.00,0.00,3.08,0.00,3.07,0.77,0.94,2.12,4.09,3.41,0.80,1.70,47.03,2.10,0.83,1.27,2.18,false
2024-06-06,"Total",3709.60,0.00,234.13,497.46,2346.87,2359.89,2.11,2.97,34.43,11.51,3.72,4.95,641.32,1615.68,466.32,330.79,20.46,241.67,1808.60,3.76,29.77,944.18,10.98,2563.78,7394.52,101.06,5030.84,19.03,428.17,520.61,91.37,36.64,14.07,150.76,199.37,24.86,100.96,438.85,32.97,19.46,30.03,0.58,1.72,1.66,0.04,0.01,15.42,0.17,15.18,2.36,3.45,6.51,12.11,9.53,2.77,6.43,223.08,6.09,2.13,4.71,7.50,false
2024-06-07,"'-",822.01,0.00,18.40,104.68,575.07,478.63,0.52,0.76,4.67,1.86,0.45,1.25,185.25,119.92,5.96,76.76,2.93,6.81,437.67,0.62,3.40,165.18,2.19,612.68,1183.04,19.09,1228.97,4.49,109.74,144.88,34.94,10.09,1.35,29.64,61.96,0.00,14.49,16.35,3.18,4.04,4.76,0.14,0.37,0.36,0.00,0.00,2.48,0.00,2.47,0.74,1.04,2.06,4.38,3.81,0.89,1.78,52.50,2.04,0.77,1.43,2.28,false
2024-06-07,"Breakfast",723.70,0.00,33.33,153.58,795.05,357.75,0.56,0.93,3.79,3.51,0.65,2.20,106.22,313.70,17.12,175.23,1.76,41.16,358.11,1.08,6.29,244.38,3.21,801.64,1425.81,52.76,273.35,5.12,84.09,98.50,14.36,9.39,4.97,39.53,38.76,5.03,24.70,389.22,8.37,3.42,9.51,0.15,0.20,0.15,0.04,0.01,3.18,0.15,3.02,0.70,0.89,1.65,2.87,2.25,0.78,1.81,35.58,1.45,0.44,1.36,2.01,false
2024-06-07,"Lunch",385.24,,,,,,,,,,,,,,,52.80,,,214.50,,2.38,,,,775.50,,2944.00,,42.86,44.51,1.65,,,,17.66,4.95,12.08,66.00,,,4.98,0.00,,,,,,,,,,,,,,,23.78,,,,,false
2024-06-07,"Dinner",937.13,0.00,0.00,1718.20,13.00,184.50,8.24,8.49,42.92,9.32,8.76,7.20,698.00,518.58,52.95,0.00,3.99,782.17,180.56,0.16,3.42,163.00,0.80,87.50,874.56,21.15,2460.92,3.56,99.38,108.80,9.39,2.50,0.68,0.15,11.66,0.00,26.96,0.00,4.32,1.16,9.58,0.01,0.45,0.45,0.00,0.00,0.57,0.00,0.57,0.05,0.10,0.23,0.34,0.27,0.08,0.20,65.46,0.19,0.06,0.17,0.25,false
2024-06-07,"Snacks",480.26,0.00,200.81,34.35,105.21,367.14,0.35,0.68,9.44,1.47,0.27,1.63,72.38,168.46,1.29,122.88,1.06,0.79,421.91,0.18,1.55,149.33,0.48,400.99,715.95,15.59,585.11,2.02,53.06,71.08,17.93,1.31,0.63,11.72,25.48,7.40,16.35,25.71,6.44,2.34,5.50,0.23,0.10,0.10,0.00,0.00,2.16,0.01,2.14,0.15,0.46,0.76,1.47,1.11,0.36,0.85,21.80,0.68,0.20,0.73,0.91,false
2024-06-07,"Total",3348.34,0.00,252.53,2010.82,1488.33,1388.03,9.66,10.87,60.82,16.16,10.13,12.29,1061.85,1120.67,77.32,427.67,9.74,830.93,1612.75,2.03,17.04,721.89,6.68,1902.81,4974.87,108.59,7492.35,15.19,389.12,467.76,78.26,23.29,7.63,81.03,155.52,17.38,94.59,497.28,22.30,10.96,34.33,0.53,1.11,1.06,0.04,0.01,8.39,0.17,8.20,1.64,2.48,4.69,9.06,7.43,2.11,4.64,199.11,4.36,1.46,3.68,5.45,false
2024-06-08,"'-",379.58,0.00,0.00,26.97,32.46,284.21,0.40,0.18,1.22,0.56,0.31,0.00,111.60,1053.38,124.24,0.00,8.07,117.39,87.83,0.15,2.11,34.10,0.56,107.47,488.77,1.96,618.93,0.78,74.91,85.89,10.70,7.95,1.52,1.22,21.93,0.00,1.05,0.00,0.06,0.51,0.18,0.00,0.17,0.17,0.00,0.00,0.00,0.00,0.00,0.10,0.12,0.24,0.31,0.32,0.07,0.20,8.27,0.29,0.06,0.14,0.28,false
2024-06-08,"Breakfast",951.18,0.00,46.66,215.01,1113.08,471.00,0.75,1.10,5.28,4.36,0.87,2.64,131.10,379.45,23.97,210.52,2.05,57.50,481.36,1.50,8.34,338.13,4.48,1053.49,1945.74,61.54,333.09,6.75,117.28,137.45,20.10,13.15,6.95,55.34,53.82,7.05,30.34,395.70,10.09,4.22,12.00,0.21,0.25,0.20,0.04,0.01,3.93,0.16,3.76,0.86,1.13,2.03,3.59,2.79,0.94,2.27,44.78,1.79,0.55,1.69,2.51,false
2024-06-08,"Lunch",30.40,0.00,0.00,0.03,0.00,1.71,0.00,0.00,0.01,0.01,0.00,0.00,0.20,0.00,0.05,0.00,0.00,0.00,0.60,0.00,0.04,0.20,0.01,0.40,5.20,0.08,0.40,0.02,8.18,8.24,0.02,0.00,0.00,0.00,8.21,8.21,0.00,0.00,0.00,0.00,0.00,0.00,0.00,0.00,0.00,0.00,0.00,0.00,0.00,0.00,0.00,0.00,0.00,0.00,0.00,0.00,0.03,0.00,0.00,0.00,0.00,false
2024-06-08,"Dinner",373.78,0.00,0.00,39.68,813.53,191.41,0.33,0.16,5.99,1.17,0.26,0.00,41.65,0.46,0.00,0.00,0.87,3.95,39.14,0.60,4.13,137.72,3.23,396.80,383.68,10.41,678.32,3.95,67.28,77.52,10.24,8.81,1.43,59.10,7.48,0.00,2.78,0.00,0.51,1.44,0.47,0.00,0.08,0.08,0.00,0.00,1.37,0.00,1.37,0.36,0.39,0.60,1.16,0.45,0.28,0.80,15.87,0.48,0.14,0.41,0.74,false
2024-06-08,"Snacks",3736.46,0.19,376.51,227.12,842.25,1499.34,2.66,2.81,53.51,8.24,3.50,10.64,528.38,549.94,52.91,338.72,13.16,40.64,1444.77,1.72,19.97,669.37,7.23,2087.15,4469.74,177.42,5082.61,23.21,373.83,407.23,30.85,21.55,8.74,145.66,195.70,78.45,160.56,517.20,64.55,19.96,54.51,4.39,1.54,1.50,0.01,0.01,17.65,0.15,17.37,1.68,3.99,5.75,10.52,8.85,2.76,6.06,177.90,5.13,1.26,4.60,6.73,false
2024-06-08,"Total",5471.39,0.19,423.17,508.81,2801.31,2447.68,4.13,4.25,66.01,14.34,4.95,13.28,812.94,1983.23,201.16,549.24,24.14,219.48,2053.70,3.97,34.59,1179.52,15.50,3645.31,7293.12,251.42,6713.35,34.72,641.48,716.33,71.91,51.47,18.64,261.32,287.14,93.71,194.74,912.90,75.20,26.13,67.15,4.60,2.04,1.95,0.05,0.01,22.94,0.31,22.50,3.00,5.63,8.63,15.59,12.40,4.06,9.33,246.85,7.69,2.02,6.84,10.25,false
2024-06-09,"'-",1164.91,0.00,0.00,68.24,238.88,748.21,0.91,1.16,9.35,2.93,0.85,2.12,161.95,636.25,88.58,52.43,7.80,148.90,729.31,0.80,6.90,203.94,4.18,835.38,1730.20,65.11,2260.27,5.41,122.06,141.50,19.19,9.30,2.91,37.54,49.66,15.30,41.67,75.00,14.35,7.70,15.08,0.59,0.83,0.83,0.00,0.00,4.72,0.01,4.71,0.49,1.14,2.03,3.60,2.86,0.86,2.07,60.23,1.68,0.56,1.85,2.40,false
2024-06-09,"Breakfast",796.18,0.00,46.66,215.01,1113.08,396.38,0.69,0.59,5.21,2.96,0.74,1.53,87.10,230.12,23.97,123.52,1.02,57.20,431.36,1.49,7.15,328.13,4.45,881.49,1819.74,30.74,209.09,5.70,116.17,136.33,20.10,13.15,6.95,55.34,52.70,7.05,19.73,22.70,6.01,2.81,8.74,0.21,0.18,0.17,0.00,0.00,2.62,0.01,2.61,0.57,0.83,1.35,2.51,1.88,0.55,1.60,32.20,1.19,0.40,1.18,1.74,false
2024-06-09,"Lunch",873.67,0.00,0.00,48.69,160.69,329.78,1.63,0.83,11.84,0.93,0.38,0.00,595.13,928.22,76.28,0.00,3.10,121.58,134.93,0.23,7.74,58.76,1.05,186.41,906.78,8.87,1560.70,1.31,122.07,149.37,27.00,8.67,2.48,33.72,16.16,0.00,11.78,0.00,5.10,1.54,1.55,0.01,0.25,0.25,0.00,0.00,0.95,0.00,0.95,0.22,0.26,0.47,0.75,0.51,0.18,0.50,52.28,0.48,0.14,0.33,0.54,false
2024-06-09,"Snacks",2414.12,9.92,376.51,128.19,507.18,1575.58,1.86,2.17,36.68,6.54,2.33,6.06,342.32,413.84,108.09,303.96,9.89,26.37,1258.50,1.24,10.94,568.20,6.15,1614.32,3661.75,116.91,2299.74,13.95,288.23,316.78,26.81,18.18,6.87,95.28,132.07,33.17,81.90,259.87,31.73,10.66,30.10,2.12,0.89,0.86,0.01,0.00,9.35,0.10,9.20,1.00,2.37,3.51,6.48,5.34,1.71,3.68,96.57,3.11,0.83,2.88,4.14,false
2024-06-09,"Total",5248.88,9.92,423.17,460.15,2019.82,3049.95,5.09,4.74,63.08,13.36,4.31,9.71,1186.50,2208.43,296.91,479.91,21.80,354.06,2554.10,3.76,32.73,1159.03,15.83,3517.60,8118.47,221.63,6329.80,26.37,648.53,743.98,93.11,49.29,19.20,221.87,250.60,55.52,155.09,357.57,57.18,22.71,55.45,2.93,2.14,2.11,0.01,0.01,17.64,0.12,17.47,2.28,4.60,7.35,13.34,10.59,3.30,7.85,241.27,6.46,1.93,6.24,8.82,false
2024-06-10,"'-",1520.38,0.00,0.00,77.57,674.62,532.86,0.82,1.31,5.18,2.42,0.68,2.56,192.00,351.50,50.20,76.33,3.50,12.82,630.64,0.74,5.28,175.33,1.64,726.00,1492.61,39.25,548.31,4.59,175.74,188.47,11.37,7.79,3.53,39.94,120.57,55.33,61.40,166.45,13.00,13.56,26.89,1.10,2.12,2.10,0.01,0.00,10.91,0.03,10.88,0.68,1.33,2.45,4.63,3.63,1.14,2.36,61.97,2.13,0.76,1.98,2.87,false
2024-06-10,"Breakfast",469.16,0.00,23.00,100.62,530.10,116.11,0.30,0.34,0.88,1.21,0.17,0.75,20.35,43.92,0.03,48.00,0.30,2.08,258.84,0.60,3.62,136.11,2.00,444.67,594.69,17.88,148.07,2.90,67.94,79.64,11.70,5.67,3.23,28.16,34.59,0.00,8.70,15.78,2.37,1.45,3.81,0.14,0.08,0.08,0.00,0.00,1.36,0.01,1.35,0.49,0.53,1.14,2.16,1.82,0.46,1.02,24.75,1.06,0.42,0.78,1.31,false
2024-06-10,"Lunch",568.75,0.00,0.00,213.53,766.62,818.17,0.55,0.35,3.73,2.08,0.68,0.00,608.32,227.37,12.56,0.00,2.23,227.39,143.23,0.85,11.69,151.97,1.91,571.84,1473.47,11.92,1999.31,4.17,84.65,104.20,19.27,17.75,1.52,79.69,3.25,0.00,6.13,0.00,1.27,3.37,0.91,0.03,0.46,0.46,0.00,0.00,2.85,0.00,2.85,0.37,0.79,1.23,2.05,1.97,0.25,1.39,28.57,1.03,0.26,0.76,1.41,false
2024-06-10,"Dinner",795.83,0.00,0.00,0.70,1.00,45.86,0.02,0.04,0.15,0.22,0.04,0.00,48.50,59.33,7.50,0.00,1.05,57.82,80.06,0.04,0.76,23.50,0.16,26.00,184.56,0.15,2269.62,0.24,94.24,95.05,0.80,0.69,0.11,0.00,11.03,0.00,22.96,0.00,4.29,0.78,9.13,0.01,0.13,0.13,0.00,0.00,0.57,0.00,0.57,0.00,0.00,0.00,0.00,0.00,0.00,0.00,49.19,0.00,0.00,0.00,0.00,false
2024-06-10,"Snacks",201.60,0.00,0.00,1.51,67.20,280.43,0.09,0.13,2.25,0.66,0.40,0.00,144.48,181.86,122.30,0.00,3.02,14.11,36.96,0.37,0.54,33.60,0.21,47.04,564.48,2.02,3.36,0.30,44.42,50.33,5.38,3.29,2.12,0.77,45.90,0.00,1.28,0.00,0.47,0.24,0.31,0.00,0.17,0.17,0.00,0.00,0.06,0.00,0.06,0.00,0.06,0.10,0.17,0.22,0.03,0.09,2.76,0.10,0.04,0.05,0.14,false
2024-06-10,"Total",3555.72,0.00,23.00,393.94,2039.54,1793.42,1.79,2.17,12.19,6.59,1.96,3.31,1013.65,863.99,192.58,124.33,10.10,314.23,1149.72,2.60,21.90,520.51,5.92,1815.54,4309.80,71.21,4968.67,12.20,466.99,517.70,48.52,35.19,10.51,148.55,215.34,55.33,100.46,182.23,21.40,19.39,41.05,1.28,2.96,2.95,0.01,0.00,15.75,0.04,15.71,1.54,2.72,4.91,9.01,7.63,1.88,4.87,167.23,4.32,1.49,3.58,5.73,false
2024-06-11,"'-",185.44,0.00,0.00,54.65,455.10,450.90,0.31,0.41,1.15,0.40,0.27,1.90,97.60,283.03,0.00,132.93,0.76,18.54,492.87,0.53,2.64,107.36,1.02,336.71,771.02,9.27,165.92,1.51,3.89,6.30,2.20,1.22,0.98,0.00,2.73,0.00,10.39,0.00,2.03,5.63,1.53,0.01,0.81,0.81,0.00,0.00,4.82,0.00,4.82,0.25,0.48,0.71,1.22,1.08,0.22,0.85,17.32,0.62,0.22,0.61,0.69,false
2024-06-11,"Breakfast",469.16,0.00,23.00,100.62,530.10,116.11,0.30,0.34,0.88,1.21,0.17,0.75,20.35,43.92,0.03,48.00,0.30,2.08,258.84,0.60,3.62,136.11,2.00,444.67,594.69,17.88,148.07,2.90,67.94,79.64,11.70,5.67,3.23,28.16,34.59,0.00,8.70,15.78,2.37,1.45,3.81,0.14,0.08,0.08,0.00,0.00,1.36,0.01,1.35,0.49,0.53,1.14,2.16,1.82,0.46,1.02,24.75,1.06,0.42,0.78,1.31,false
2024-06-11,"Lunch",506.96,0.00,0.00,253.30,350.91,439.19,0.37,0.46,4.87,2.35,0.90,0.00,95.18,1804.14,50.71,0.00,7.31,175.04,639.23,1.07,8.87,180.01,2.89,401.96,1737.90,21.62,1329.63,2.94,41.45,55.44,13.55,7.94,3.55,14.56,18.18,0.00,24.65,0.00,13.52,5.31,3.90,0.02,0.58,0.58,0.00,0.00,4.32,0.00,4.32,0.15,0.59,1.13,1.86,1.22,0.32,1.22,25.10,1.14,0.36,0.90,1.24,false
2024-06-11,"Dinner",669.67,0.00,0.00,146.54,176.45,568.17,0.33,0.52,5.68,2.27,1.23,0.43,145.39,139.88,236.77,30.72,5.57,73.16,416.07,0.71,12.99,153.05,1.92,369.58,2209.12,7.40,1523.80,3.15,74.66,100.25,25.37,6.16,3.43,23.12,26.72,0.00,10.09,9.60,1.53,0.82,1.97,0.09,0.15,0.15,0.00,0.00,0.28,0.00,0.28,0.12,0.24,0.41,0.67,0.62,0.16,0.43,48.68,0.38,0.13,0.34,0.51,false
2024-06-11,"Snacks",500.02,0.00,0.00,43.46,171.80,611.15,0.31,0.63,1.92,1.59,0.57,1.19,91.62,30.22,124.03,0.00,1.16,5.62,284.70,0.31,0.71,83.14,0.47,311.42,1237.92,17.95,64.70,1.37,95.00,110.07,12.38,7.35,4.99,4.44,87.94,20.53,1.62,8.50,0.17,0.28,0.41,0.01,0.07,0.07,0.00,0.00,0.21,0.00,0.21,0.17,0.61,0.98,1.88,1.57,0.54,0.99,20.84,0.76,0.25,0.91,1.28,false
2024-06-11,"Total",2331.24,0.00,23.00,598.58,1684.35,2185.52,1.62,2.35,14.50,7.81,3.14,4.28,450.13,2301.20,411.53,211.65,15.10,274.44,2091.70,3.21,28.82,659.66,8.30,1864.33,6550.64,74.13,3232.11,11.87,282.93,351.70,65.19,28.34,16.19,70.28,170.17,20.53,55.45,33.88,19.63,13.49,11.62,0.26,1.69,1.68,0.00,0.00,10.99,0.01,10.98,1.18,2.44,4.36,7.79,6.31,1.72,4.51,136.69,3.98,1.39,3.53,5.03,false
2024-06-12,"'-",782.86,0.00,125.50,84.55,761.03,1329.05,0.99,1.60,9.55,3.01,1.09,4.19,261.68,668.20,77.70,209.73,4.10,62.95,1062.79,1.07,7.13,307.41,1.89,1011.19,2783.99,35.79,1211.31,5.68,74.07,88.87,14.24,10.03,4.24,6.59,61.63,8.21,21.42,25.35,4.42,9.12,4.91,0.16,1.37,1.36,0.00,0.00,7.38,0.00,7.38,0.74,1.62,2.91,5.36,4.66,1.27,2.86,64.77,2.62,0.87,2.34,3.30,false
2024-06-12,"Breakfast",568.70,0.00,33.33,153.58,795.05,283.13,0.49,0.42,3.72,2.12,0.53,1.09,62.22,164.37,17.12,88.23,0.73,40.86,308.11,1.06,5.10,234.38,3.18,629.64,1299.81,21.96,149.35,4.07,82.98,97.38,14.36,9.39,4.97,39.53,37.64,5.03,14.09,16.22,4.29,2.00,6.24,0.15,0.13,0.12,0.00,0.00,1.87,0.01,1.86,0.41,0.59,0.96,1.80,1.35,0.39,1.14,23.00,0.85,0.29,0.84,1.24,false
2024-06-12,"Lunch",669.67,0.00,0.00,146.54,176.45,568.17,0.33,0.52,5.68,2.27,1.23,0.43,145.39,139.88,236.77,30.72,5.57,73.16,416.07,0.71,12.99,153.05,1.92,369.58,2209.12,7.40,1523.80,3.15,74.66,100.25,25.37,6.16,3.43,23.12,26.72,0.00,10.09,9.60,1.53,0.82,1.97,0.09,0.15,0.15,0.00,0.00,0.28,0.00,0.28,0.12,0.24,0.41,0.67,0.62,0.16,0.43,48.68,0.38,0.13,0.34,0.51,false
2024-06-12,"Dinner",795.83,0.00,0.00,0.70,1.00,45.86,0.02,0.04,0.15,0.22,0.04,0.00,48.50,59.33,7.50,0.00,1.05,57.82,80.06,0.04,0.76,23.50,0.16,26.00,184.56,0.15,2269.62,0.24,94.24,95.05,0.80,0.69,0.11,0.00,11.03,0.00,22.96,0.00,4.29,0.78,9.13,0.01,0.13,0.13,0.00,0.00,0.57,0.00,0.57,0.00,0.00,0.00,0.00,0.00,0.00,0.00,49.19,0.00,0.00,0.00,0.00,false
2024-06-12,"Snacks",845.39,0.00,0.00,66.70,349.09,478.86,0.78,0.42,11.46,2.15,1.01,0.00,212.88,150.25,118.11,0.00,8.29,25.91,292.37,0.86,4.57,205.76,4.05,449.36,1440.99,40.82,690.68,3.54,141.42,162.23,19.11,13.82,5.28,48.67,86.32,7.41,15.11,0.00,5.54,4.75,3.16,0.03,0.39,0.39,0.00,0.00,4.30,0.01,4.29,0.25,0.42,0.54,1.06,0.59,0.21,0.74,25.66,0.46,0.22,0.45,0.70,false
2024-06-12,"Total",3662.44,0.00,158.83,452.08,2082.62,2705.06,2.61,3.00,30.57,9.77,3.90,5.71,730.67,1182.04,457.19,328.68,19.74,260.70,2159.40,3.74,30.55,924.09,11.20,2485.76,7918.47,106.12,5844.75,16.67,467.37,543.78,73.88,40.09,18.04,117.91,223.35,20.66,83.68,51.16,20.07,17.47,25.42,0.43,2.16,2.16,0.00,0.00,14.41,0.02,14.38,1.52,2.86,4.82,8.88,7.22,2.03,5.17,211.30,4.31,1.51,3.98,5.75,false
2024-06-13,"'-",510.52,0.00,125.50,16.48,147.19,380.05,0.18,0.93,3.84,1.52,0.28,2.29,21.46,112.06,2.36,76.80,1.05,1.76,660.64,0.17,0.66,120.90,0.28,505.67,765.46,22.33,243.93,2.74,46.00,49.74,3.67,1.57,0.25,1.43,33.76,8.21,15.76,25.35,2.28,2.97,6.27,0.15,0.42,0.42,0.00,0.00,2.48,0.00,2.48,0.42,0.96,1.89,3.66,3.09,0.92,1.66,43.63,1.66,0.58,1.54,2.23,false
2024-06-13,"Breakfast",668.71,0.00,158.83,154.92,804.38,503.75,0.60,0.78,7.01,2.82,0.64,2.11,65.01,269.66,17.38,165.03,0.80,41.30,538.56,1.09,5.18,303.84,3.21,821.39,1653.45,25.43,228.57,4.88,92.80,107.21,14.36,9.39,4.97,39.53,46.42,5.03,18.12,32.28,5.13,2.19,8.58,0.29,0.14,0.14,0.00,0.00,1.98,0.01,1.96,0.44,0.77,1.28,2.41,1.89,0.56,1.44,29.17,1.14,0.37,1.14,1.63,false
2024-06-13,"Lunch",824.54,0.00,0.00,2.43,195.60,339.98,0.23,1.33,3.09,4.38,0.66,2.61,191.46,202.33,12.21,110.93,4.01,29.51,270.48,0.28,2.48,71.68,0.26,525.41,1103.66,56.65,706.40,3.18,55.67,74.46,18.71,5.99,3.47,0.15,12.16,0.00,40.65,484.08,18.86,4.34,7.89,0.01,0.24,0.19,0.05,0.01,4.03,0.19,3.81,0.55,0.94,1.89,3.32,2.75,1.05,1.86,47.34,1.57,0.46,1.59,2.26,false
2024-06-13,"Dinner",668.90,0.00,0.00,88.15,519.92,595.29,0.81,0.73,7.18,2.62,0.88,0.00,304.25,293.86,192.39,0.00,6.18,278.72,713.03,1.31,12.24,246.11,2.93,641.32,2656.90,30.74,1457.24,4.50,76.32,97.60,20.78,14.95,4.51,5.84,25.90,0.00,18.18,0.00,6.71,5.16,3.21,0.00,0.64,0.64,0.00,0.00,3.91,0.00,3.91,0.22,0.83,1.51,2.47,1.86,0.46,1.59,43.23,1.49,0.42,1.15,1.67,false
2024-06-13,"Snacks",622.43,0.00,125.50,59.04,380.44,380.95,0.57,0.62,9.81,1.67,0.48,1.02,66.58,109.48,8.03,76.80,5.19,12.20,423.95,0.46,3.37,199.17,2.77,498.92,908.87,31.28,558.90,3.69,79.40,92.29,11.68,9.09,2.56,31.82,41.18,5.25,19.13,16.07,6.06,6.13,4.93,0.16,0.57,0.56,0.00,0.00,5.46,0.01,5.45,0.23,0.45,0.72,1.40,0.92,0.33,0.85,24.21,0.61,0.23,0.66,0.90,false
2024-06-13,"Total",3295.10,0.00,409.84,321.03,2047.51,2200.02,2.38,4.39,30.93,13.01,2.95,8.02,648.75,987.38,232.37,429.56,17.23,363.49,2606.66,3.32,23.93,941.71,9.45,2992.71,7088.34,166.43,3195.04,19.00,350.18,421.30,69.21,40.99,15.76,78.78,159.42,18.50,111.84,557.77,39.05,20.80,30.88,0.60,2.02,1.95,0.05,0.01,17.87,0.22,17.62,1.86,3.97,7.30,13.25,10.51,3.31,7.41,187.58,6.46,2.05,6.09,8.69,false
2024-06-14,"'-",569.42,0.00,0.00,28.87,170.47,212.33,0.15,0.27,2.87,1.94,0.58,0.12,136.89,42.46,96.23,230.67,5.59,33.32,124.43,0.28,2.27,49.04,0.33,129.64,1410.29,2.47,974.81,1.23,26.28,44.72,18.25,6.58,3.40,0.12,8.87,0.00,40.48,7.50,25.14,3.93,6.78,0.09,0.28,0.28,0.00,0.00,3.58,0.00,3.57,0.05,0.16,0.24,0.41,0.39,0.11,0.26,14.57,0.20,0.07,0.21,0.32,false
2024-06-14,"Breakfast",796.18,0.00,46.66,215.01,1113.08,396.38,0.69,0.59,5.21,2.96,0.74,1.53,87.10,230.12,23.97,123.52,1.02,57.20,431.36,1.49,7.15,328.13,4.45,881.49,1819.74,30.74,209.09,5.70,116.17,136.33,20.10,13.15,6.95,55.34,52.70,7.05,19.73,22.70,6.01,2.81,8.74,0.21,0.18,0.17,0.00,0.00,2.62,0.01,2.61,0.57,0.83,1.35,2.51,1.88,0.55,1.60,32.20,1.19,0.40,1.18,1.74,false
2024-06-14,"Lunch",704.06,0.00,0.00,93.06,665.70,353.87,0.48,0.26,5.42,1.43,0.49,0.00,190.64,32.85,15.50,0.00,4.58,15.27,125.87,0.73,6.27,156.14,2.51,416.68,1132.00,9.72,1564.95,3.59,66.25,95.33,28.91,16.57,2.82,47.70,16.40,0.00,21.40,0.00,10.34,2.89,5.24,0.02,0.34,0.34,0.00,0.00,2.19,0.00,2.19,0.29,0.46,0.77,1.41,0.86,0.28,0.99,43.87,0.63,0.20,0.46,0.97,false
2024-06-14,"Dinner",795.83,0.00,0.00,0.70,1.00,45.86,0.02,0.04,0.15,0.22,0.04,0.00,48.50,59.33,7.50,0.00,1.05,57.82,80.06,0.04,0.76,23.50,0.16,26.00,184.56,0.15,2269.62,0.24,94.24,95.05,0.80,0.69,0.11,0.00,11.03,0.00,22.96,0.00,4.29,0.78,9.13,0.01,0.13,0.13,0.00,0.00,0.57,0.00,0.57,0.00,0.00,0.00,0.00,0.00,0.00,0.00,49.19,0.00,0.00,0.00,0.00,false
2024-06-14,"Snacks",1539.72,0.00,0.00,112.72,653.35,892.04,1.45,2.33,13.74,4.20,1.65,2.45,278.15,171.37,94.85,87.00,14.65,39.61,693.55,0.90,8.30,276.49,4.10,1019.48,1841.80,92.57,1120.58,6.84,185.09,210.74,23.29,17.84,5.42,46.98,121.06,36.92,43.10,383.06,16.29,11.90,10.10,2.04,1.80,1.75,0.04,0.01,10.08,0.16,9.91,1.21,1.84,3.62,6.72,5.20,1.68,3.49,87.74,3.22,1.15,2.74,4.14,false
2024-06-14,"Total",4405.20,0.00,46.66,450.37,2603.60,1900.48,2.79,3.50,27.39,10.75,3.50,4.10,741.28,536.13,238.04,441.19,26.90,203.22,1455.26,3.44,24.74,833.30,11.54,2473.29,6388.39,135.66,6139.04,17.59,488.04,582.17,91.35,54.83,18.71,150.14,210.05,43.97,147.67,413.26,62.08,22.30,39.98,2.37,2.73,2.68,0.04,0.01,19.04,0.17,18.84,2.13,3.29,5.97,11.06,8.33,2.61,6.34,227.58,5.24,1.82,4.60,7.17,false
2024-06-15,"'-",1429.13,0.00,0.00,238.87,1447.48,290.48,4.99,4.71,56.90,17.84,6.21,8.20,1372.39,928.86,308.09,411.71,47.95,14.61,287.80,1.10,62.36,311.06,6.91,1057.57,2558.58,112.36,1823.90,38.62,193.15,221.35,28.20,21.49,5.71,137.23,30.24,23.89,40.29,124.78,13.62,6.59,16.31,0.77,0.51,0.50,0.00,0.00,5.55,0.05,5.49,0.99,1.49,2.34,4.24,3.49,1.10,2.27,56.92,2.20,0.81,1.70,2.73,false
2024-06-15,"Breakfast",300.04,0.00,376.51,4.02,27.97,661.87,0.32,1.07,9.85,2.11,0.34,3.06,8.37,315.86,0.77,230.40,0.21,1.33,691.34,0.09,0.23,208.40,0.09,575.27,1060.90,10.42,237.66,2.43,29.48,29.50,0.00,0.00,0.00,0.00,26.34,0.00,12.07,48.20,2.51,0.55,7.02,0.42,0.05,0.04,0.00,0.00,0.32,0.01,0.30,0.11,0.54,0.96,1.84,1.63,0.50,0.90,18.51,0.87,0.24,0.90,1.16,false
2024-06-15,"Lunch",942.47,0.00,0.00,150.89,621.59,437.58,0.89,0.67,8.87,3.26,1.60,0.40,164.96,613.44,54.89,36.53,5.08,9.70,172.48,0.91,9.84,185.12,3.75,582.52,2771.70,33.66,550.34,6.22,121.97,147.36,25.17,11.65,3.42,71.90,11.91,0.29,24.98,179.29,1.78,2.00,9.02,0.00,0.20,0.19,0.01,0.00,1.55,0.05,1.49,0.40,0.46,0.83,1.34,1.12,0.39,0.89,40.85,0.84,0.26,0.67,1.03,false
2024-06-15,"Dinner",712.42,0.00,0.00,69.09,847.76,561.58,0.52,0.87,7.63,3.18,0.72,1.11,199.48,1077.17,76.16,87.00,5.40,127.65,182.33,0.77,7.21,193.61,3.97,702.72,1067.87,43.26,1768.88,5.92,76.84,96.81,19.66,16.83,3.00,60.92,15.19,0.00,24.54,373.00,11.95,4.46,5.30,0.02,0.40,0.36,0.04,0.01,3.69,0.15,3.54,0.77,0.84,1.58,2.64,1.73,0.76,1.72,35.21,1.42,0.37,1.10,1.84,false
2024-06-15,"Snacks",1105.29,0.00,23.00,120.36,832.66,839.31,0.51,1.53,4.19,3.22,0.90,3.20,199.75,233.98,131.38,48.00,4.62,20.35,707.20,1.19,5.04,240.54,2.54,1016.00,1913.31,55.31,281.07,5.85,164.71,189.13,22.54,13.03,6.69,30.44,128.96,20.53,16.32,33.28,4.31,4.45,5.04,0.16,0.66,0.66,0.00,0.00,3.78,0.01,3.77,0.81,1.68,3.18,6.11,5.07,1.55,3.02,65.99,2.68,0.96,2.69,3.93,false
2024-06-15,"Total",4489.35,0.00,399.51,583.24,3777.46,2790.82,7.23,8.85,87.43,29.61,9.77,15.97,1944.95,3169.30,571.29,813.64,63.27,173.65,2041.15,4.06,84.68,1138.72,17.27,3934.08,9372.36,255.02,4661.85,59.05,586.15,684.16,95.58,63.01,18.82,300.49,212.64,44.70,118.20,758.55,34.18,18.05,42.70,1.36,1.82,1.75,0.05,0.01,14.89,0.27,14.60,3.07,5.00,8.88,16.17,13.04,4.29,8.80,217.48,8.00,2.63,7.06,10.69,false
2024-06-16,"'-",246.73,0.00,0.00,14.71,137.86,161.43,0.05,0.52,0.54,0.66,0.15,1.19,17.82,2.33,2.15,0.00,0.96,0.86,202.60,0.15,0.58,43.53,0.26,263.00,339.84,17.59,63.34,1.63,29.91,31.89,1.86,1.57,0.25,1.43,27.00,20.53,5.42,8.50,1.38,2.67,0.68,0.01,0.39,0.39,0.00,0.00,2.28,0.00,2.28,0.17,0.55,0.98,1.91,1.52,0.53,0.97,19.56,0.76,0.25,0.94,1.26,false
2024-06-16,"Breakfast",796.18,0.00,46.66,215.01,1113.08,396.38,0.69,0.59,5.21,2.96,0.74,1.53,87.10,230.12,23.97,123.52,1.02,57.20,431.36,1.49,7.15,328.13,4.45,881.49,1819.74,30.74,209.09,5.70,116.17,136.33,20.10,13.15,6.95,55.34,52.70,7.05,19.73,22.70,6.01,2.81,8.74,0.21,0.18,0.17,0.00,0.00,2.62,0.01,2.61,0.57,0.83,1.35,2.51,1.88,0.55,1.60,32.20,1.19,0.40,1.18,1.74,false
2024-06-16,"Dinner",1145.91,0.00,0.00,34.37,272.55,452.18,0.36,0.33,4.45,3.15,0.75,0.00,237.36,105.52,147.22,0.00,3.67,39.91,106.47,0.41,1.51,85.16,0.34,135.26,1603.47,2.93,3385.54,1.41,112.58,145.89,32.58,10.12,6.91,0.18,41.47,0.00,40.99,0.00,16.04,3.12,7.16,0.00,0.26,0.26,0.00,0.00,2.84,0.00,2.82,0.07,0.12,0.21,0.30,0.33,0.11,0.24,65.54,0.17,0.07,0.13,0.28,false
2024-06-16,"Snacks",3347.18,0.00,39.20,163.42,1124.69,1628.64,2.17,1.38,26.97,6.01,2.74,0.36,465.25,645.27,134.82,23.73,14.34,41.84,630.22,1.97,16.89,527.19,10.11,1161.63,4589.16,92.20,4104.03,9.21,577.24,639.95,58.05,33.74,13.01,113.70,301.38,123.75,54.33,167.16,4.28,6.76,16.30,0.03,0.73,0.72,0.01,0.00,5.78,0.05,5.72,0.90,1.38,1.97,3.61,2.47,0.77,2.20,108.21,1.86,0.68,1.36,2.31,false
2024-06-16,"Total",5536.00,0.00,85.86,427.51,2648.18,2638.63,3.26,2.83,37.18,12.78,4.38,3.08,807.54,983.24,308.16,147.25,19.99,139.79,1370.66,4.01,26.13,984.01,15.17,2441.38,8352.21,143.47,7762.01,17.96,835.90,954.05,112.60,58.57,27.13,170.65,422.55,151.33,120.48,198.37,27.71,15.37,32.88,0.24,1.56,1.54,0.01,0.00,13.52,0.06,13.43,1.71,2.88,4.50,8.33,6.21,1.96,5.02,225.51,3.99,1.40,3.61,5.59,false
2024-06-17,"'-",276.83,0.00,0.00,81.20,667.15,195.21,1.59,1.78,18.64,6.31,2.17,3.75,520.39,393.81,108.01,200.47,18.34,8.98,280.37,0.39,22.77,127.79,2.72,409.29,655.48,29.87,386.44,14.10,31.66,40.03,8.28,6.87,1.40,19.75,9.00,6.94,5.55,0.62,1.02,2.87,0.89,0.00,0.38,0.38,0.00,0.00,2.49,0.00,2.49,0.40,0.50,0.93,1.73,1.43,0.35,0.88,21.33,0.89,0.36,0.64,0.98,false
2024-06-17,"Breakfast",348.36,0.00,0.00,32.97,151.48,306.18,0.17,0.06,3.07,1.00,0.60,0.00,46.66,6.32,35.93,0.00,1.58,3.57,25.94,0.32,0.36,91.19,0.84,103.53,988.34,0.43,3.28,0.70,67.94,77.33,8.14,5.71,2.39,9.09,54.02,0.82,6.32,0.00,2.80,1.56,1.39,0.01,0.08,0.08,0.00,0.00,1.46,0.00,1.45,0.04,0.19,0.12,0.29,0.17,0.04,0.21,4.46,0.11,0.04,0.10,0.18,false
2024-06-17,"Lunch",721.75,0.00,0.00,213.53,766.62,818.17,0.55,0.35,3.73,2.08,0.68,0.00,608.32,227.37,12.56,4.90,2.23,227.39,173.42,0.85,12.02,151.97,1.91,571.84,1515.49,11.92,2167.40,4.17,90.97,110.80,19.56,17.75,1.52,79.69,3.85,0.29,18.43,43.66,1.27,3.37,4.81,0.03,0.46,0.46,0.00,0.00,2.85,0.00,2.85,0.37,0.79,1.23,2.05,1.97,0.25,1.39,32.76,1.03,0.26,0.76,1.41,false
2024-06-17,"Dinner",840.26,0.00,0.00,265.10,258.89,355.22,0.45,0.57,7.84,5.24,1.37,0.00,175.35,2895.66,74.36,0.00,5.54,44.03,186.98,0.78,5.65,132.27,1.75,257.47,2856.38,1.31,922.14,2.16,92.63,124.91,31.92,14.93,7.03,21.34,27.47,0.00,32.69,0.00,17.33,3.49,3.91,0.00,0.21,0.21,0.00,0.00,2.99,0.00,2.96,0.13,0.20,0.36,0.60,0.48,0.18,0.51,24.50,0.45,0.16,0.22,0.52,false
2024-06-17,"Snacks",1554.51,0.00,0.00,271.19,1004.86,1792.97,1.07,2.83,8.70,5.54,1.78,6.73,342.47,1934.33,234.58,146.22,5.83,48.89,1556.68,1.47,7.42,379.11,3.13,1575.09,4194.76,82.07,1800.65,8.58,156.98,181.11,22.85,15.78,6.59,14.91,108.79,15.00,36.02,33.43,6.62,14.93,6.68,0.05,2.29,2.29,0.00,0.00,12.49,0.00,12.49,1.24,2.99,5.40,10.17,8.43,2.63,5.35,134.69,4.53,1.58,4.71,6.50,false
2024-06-17,"Total",3741.71,0.00,0.00,863.99,2849.00,3467.74,3.84,5.59,41.98,20.16,6.59,10.48,1693.19,5457.50,465.43,351.59,33.51,332.86,2223.38,3.82,48.21,882.33,10.34,2917.22,10210.46,125.59,5279.92,29.72,440.18,534.17,90.75,61.05,18.94,144.78,203.14,23.04,99.01,77.71,29.04,26.22,17.68,0.09,3.42,3.42,0.00,0.00,22.27,0.00,22.24,2.18,4.68,8.03,14.85,12.47,3.45,8.34,217.74,7.01,2.40,6.43,9.58,false
2024-06-18,"'-",301.10,0.00,125.50,43.36,422.91,258.58,0.15,0.46,3.74,0.93,0.23,1.02,19.05,107.19,6.34,76.80,2.91,3.01,267.66,0.36,1.15,142.45,0.71,284.15,615.07,5.16,82.65,2.84,19.63,25.13,5.44,4.70,0.74,4.30,11.50,0.00,18.41,16.07,4.76,8.14,3.84,0.14,1.19,1.19,0.00,0.00,6.89,0.00,6.89,0.11,0.34,0.58,1.07,0.84,0.26,0.59,12.09,0.49,0.16,0.51,0.75,false
2024-06-18,"Breakfast",892.43,0.00,56.33,252.63,1223.15,375.57,0.71,0.69,4.42,3.03,0.67,1.69,77.53,199.51,17.14,126.63,0.95,42.47,515.44,1.59,8.06,346.95,4.70,980.70,1788.54,35.28,253.77,6.39,125.83,148.98,23.10,14.24,7.46,59.61,57.14,5.03,21.03,28.84,6.18,3.06,9.39,0.26,0.19,0.18,0.00,0.00,2.85,0.01,2.84,0.78,1.01,1.86,3.50,2.79,0.75,1.95,42.51,1.70,0.62,1.46,2.28,false
2024-06-18,"Lunch",1487.04,0.00,0.00,62.94,315.66,571.38,1.40,1.59,27.17,4.56,1.57,1.61,251.95,293.95,42.47,54.03,9.22,84.23,861.40,0.87,10.86,324.59,6.79,1201.54,1993.70,152.98,3436.39,8.82,132.56,153.45,20.35,15.91,4.48,86.19,32.00,12.32,37.90,321.67,7.60,7.18,13.63,0.37,0.73,0.64,0.05,0.01,6.20,0.17,6.02,1.40,2.10,3.94,6.20,5.14,2.20,3.81,131.91,3.30,1.18,2.88,4.33,false
2024-06-18,"Dinner",1132.20,0.11,0.00,111.55,249.25,656.50,0.66,0.81,7.48,3.43,1.56,1.59,121.21,189.12,55.56,87.38,1.34,9.11,272.88,0.76,12.70,151.44,1.45,555.69,2632.12,27.33,506.61,4.58,95.37,107.03,11.56,8.40,3.16,73.10,14.41,1.88,49.76,248.99,3.52,2.54,24.46,0.18,0.24,0.21,0.02,0.00,2.11,0.10,2.00,0.36,0.49,0.95,1.56,1.29,0.48,1.01,65.42,0.84,0.28,0.80,1.15,false
2024-06-18,"Snacks",446.96,0.00,0.00,17.51,158.81,530.39,0.23,0.14,3.50,1.41,0.87,0.00,153.12,151.81,133.77,0.00,3.04,14.83,50.37,0.58,0.61,100.46,0.83,106.05,1381.44,1.61,4.19,0.68,101.69,115.26,11.91,7.85,4.09,9.33,89.64,0.00,1.96,0.00,0.46,0.44,0.55,0.00,0.21,0.21,0.00,0.00,0.22,0.00,0.22,0.02,0.18,0.13,0.26,0.28,0.03,0.16,4.34,0.14,0.05,0.06,0.21,false
2024-06-18,"Total",4259.74,0.11,181.83,488.00,2369.78,2392.42,3.16,3.68,46.32,13.36,4.90,5.92,622.87,941.57,255.28,344.84,17.46,153.64,1967.75,4.15,33.39,1065.88,14.48,3128.13,8410.88,222.37,4283.61,23.31,475.08,549.85,72.37,51.10,19.93,232.53,204.69,19.23,129.06,615.57,22.53,21.36,51.88,0.95,2.57,2.44,0.07,0.02,18.27,0.28,17.97,2.67,4.11,7.46,12.60,10.33,3.72,7.53,256.28,6.47,2.28,5.71,8.72,false
2024-06-19,"'-",2076.04,0.21,3.14,245.04,885.60,958.42,1.31,1.71,26.60,5.80,1.94,6.51,413.61,608.08,150.51,93.64,9.14,126.06,732.00,1.52,17.25,323.30,3.90,1382.69,2760.45,150.16,1627.56,21.17,195.48,218.89,22.41,15.50,6.80,89.84,82.91,36.91,95.85,491.79,31.75,20.64,33.57,1.66,2.45,2.38,0.04,0.01,17.45,0.14,16.69,1.40,3.29,5.15,8.74,7.96,2.71,4.85,101.39,4.40,1.10,3.78,5.81,false
2024-06-19,"Breakfast",1137.17,0.00,125.50,54.32,244.81,652.66,1.07,1.99,14.46,5.77,1.10,4.04,193.55,402.88,50.95,236.10,6.74,15.88,971.56,0.63,8.08,291.25,4.81,1224.89,1615.93,118.33,2002.26,7.97,99.46,114.25,14.44,11.01,2.70,50.70,40.18,7.17,40.81,714.67,10.47,7.50,13.52,0.24,1.70,1.60,0.07,0.01,5.63,0.30,5.31,1.00,1.42,2.83,4.74,3.88,1.52,2.82,78.06,2.37,0.67,2.24,3.37,false
2024-06-19,"Total",3213.21,0.21,128.64,299.36,1130.41,1611.07,2.38,3.70,41.07,11.57,3.04,10.54,607.16,1010.96,201.46,329.74,15.87,141.94,1703.56,2.15,25.33,614.56,8.71,2607.59,4376.38,268.49,3629.82,29.14,294.94,333.14,36.84,26.51,9.50,140.54,123.09,44.09,136.66,1206.46,42.23,28.14,47.09,1.90,4.15,3.98,0.12,0.02,23.08,0.44,22.01,2.41,4.71,7.98,13.48,11.83,4.23,7.66,179.44,6.77,1.77,6.03,9.18,false
2024-06-20,"'-",1164.63,0.00,0.00,58.11,766.80,852.18,1.97,0.35,27.47,10.97,2.63,4.86,591.20,613.23,241.67,0.00,4.02,8.06,382.35,0.66,3.76,149.03,1.41,350.65,1039.15,7.71,2005.71,3.67,126.05,164.05,36.15,12.45,2.73,5.49,52.24,0.00,30.83,63.86,5.04,10.08,6.46,0.00,1.49,1.49,0.00,0.00,8.60,0.00,8.60,0.38,0.62,1.26,2.36,1.94,0.50,1.09,62.37,1.17,0.44,0.85,1.48,false
2024-06-20,"Breakfast",1088.52,0.00,0.00,40.97,502.02,293.82,1.07,1.35,8.49,4.37,0.71,2.40,162.17,333.63,0.23,190.46,6.55,37.13,527.63,0.63,8.40,223.86,5.46,956.50,1001.40,109.00,1810.58,6.64,106.50,123.22,16.45,10.91,4.81,77.18,21.38,12.98,37.50,605.87,9.05,6.26,10.83,0.10,0.41,0.34,0.06,0.01,5.79,0.25,5.52,0.96,0.97,1.94,3.30,2.39,0.99,2.08,63.52,1.64,0.55,1.51,2.29,false
2024-06-20,"Lunch",1043.38,0.00,0.00,80.03,1040.15,432.55,1.35,0.76,12.87,2.11,0.67,0.90,193.50,511.29,39.74,47.84,4.57,74.10,176.96,0.79,8.46,169.73,3.59,673.02,1051.77,56.68,1574.15,7.90,120.10,136.09,15.83,13.08,2.83,101.90,15.73,6.19,37.65,91.08,14.13,8.28,11.34,0.38,0.63,0.63,0.00,0.00,7.30,0.06,7.24,0.75,1.39,1.90,3.48,2.69,0.98,2.02,45.55,1.73,0.51,1.41,2.27,false
2024-06-20,"Snacks",86.48,0.00,0.00,31.28,5.52,159.62,0.16,0.07,0.52,0.46,0.11,0.00,55.20,20.62,97.89,0.00,0.46,0.00,73.60,0.08,0.18,18.40,0.05,25.76,333.04,0.92,0.00,0.13,16.73,21.62,4.32,1.82,2.52,0.00,17.20,0.00,0.22,0.00,0.04,0.05,0.03,0.00,0.01,0.01,0.00,0.00,0.03,0.00,0.03,0.02,0.03,0.05,0.04,0.09,0.04,0.06,1.73,0.03,0.02,0.03,0.07,false
2024-06-20,"Total",3383.01,0.00,0.00,210.38,2314.48,1738.18,4.55,2.54,49.35,17.90,4.12,8.16,1002.06,1478.78,379.52,238.29,15.60,119.29,1160.54,2.16,20.80,561.02,10.51,2005.92,3425.37,174.31,5390.44,18.33,369.39,444.98,72.75,38.26,12.90,184.57,106.55,19.17,106.21,760.81,28.26,24.67,28.67,0.48,2.54,2.46,0.06,0.01,21.72,0.31,21.39,2.11,3.01,5.14,9.18,7.10,2.52,5.25,173.16,4.57,1.51,3.81,6.10,false
2024-06-21,"'-",701.79,0.00,0.00,27.60,316.47,471.71,0.62,0.48,4.93,0.93,0.29,0.70,143.95,216.39,51.67,13.50,2.01,17.46,288.84,0.23,4.12,52.07,0.73,316.79,685.62,21.32,1099.64,2.25,97.71,110.69,10.58,6.62,3.46,31.46,48.11,0.57,22.07,38.54,4.40,3.68,7.95,0.28,0.38,0.37,0.00,0.00,3.13,0.02,3.11,0.19,0.41,0.74,1.30,0.77,0.35,0.77,20.98,0.63,0.28,0.65,0.88,false
2024-06-21,"Breakfast",604.07,0.00,62.83,304.55,966.47,400.73,0.59,0.47,4.01,2.30,0.58,0.93,112.88,160.34,112.44,75.00,1.09,35.10,354.70,1.55,6.60,292.47,3.32,671.05,1666.48,21.73,130.10,4.61,90.39,113.08,22.08,14.19,7.91,35.47,49.46,4.28,14.26,13.78,4.38,1.82,6.54,0.12,0.12,0.12,0.00,0.00,1.69,0.00,1.68,0.40,0.59,0.98,1.75,1.38,0.40,1.17,24.22,0.87,0.30,0.86,1.31,false
2024-06-21,"Lunch",756.84,0.00,0.00,17.45,215.76,362.86,0.47,1.12,5.82,3.46,0.61,0.67,270.53,230.65,27.73,43.50,5.02,163.17,407.76,0.47,6.99,163.33,2.21,383.83,1863.64,57.83,1292.66,3.17,65.30,86.92,21.44,9.61,3.85,21.66,13.57,3.07,28.57,186.50,12.56,4.15,4.45,0.01,0.46,0.44,0.02,0.00,3.46,0.08,3.37,0.64,0.62,1.36,2.26,1.74,0.91,1.55,46.23,1.21,0.41,1.02,1.67,false
2024-06-21,"Dinner",723.67,0.00,0.00,199.10,178.37,613.64,0.40,0.59,6.57,2.80,1.40,0.43,148.99,716.41,248.53,30.72,6.00,74.54,438.87,0.80,13.40,169.25,2.22,401.98,2494.12,7.52,1545.40,3.34,85.05,112.67,27.35,7.61,3.96,27.35,30.61,0.00,10.18,9.60,1.53,0.87,2.00,0.09,0.15,0.15,0.00,0.00,0.28,0.00,0.28,0.14,0.26,0.45,0.74,0.67,0.19,0.50,49.89,0.45,0.15,0.37,0.57,false
2024-06-21,"Snacks",1246.19,0.00,0.00,198.35,1565.10,728.87,3.35,4.27,37.11,12.43,4.08,8.93,1020.26,867.65,183.08,374.21,34.21,24.58,1033.88,1.13,42.32,356.13,6.31,1387.98,2034.44,100.75,1066.63,27.75,119.65,140.69,20.75,16.65,4.08,72.49,37.96,16.42,40.90,84.55,10.63,12.05,13.97,0.68,1.51,1.51,0.00,0.00,10.18,0.01,10.16,1.23,2.16,3.90,7.39,5.82,1.77,3.87,87.42,3.37,1.26,3.19,4.50,false
2024-06-21,"Total",4032.57,0.00,62.83,747.06,3242.16,2577.80,5.42,6.92,58.44,21.92,6.96,11.65,1696.62,2191.44,623.44,536.93,48.32,314.84,2524.05,4.20,73.44,1033.25,14.79,3161.63,8744.30,209.15,5134.43,41.11,458.09,564.05,102.19,54.69,23.26,188.44,179.72,24.35,115.98,332.96,33.50,22.56,34.92,1.19,2.62,2.59,0.02,0.01,18.74,0.11,18.60,2.59,4.04,7.42,13.43,10.37,3.61,7.85,228.73,6.53,2.40,6.08,8.93,false
2024-06-22,"'-",866.69,0.00,0.00,45.39,308.61,320.32,1.02,0.40,7.42,1.15,0.58,1.30,196.01,68.22,1.76,19.80,2.66,13.34,54.25,0.29,5.55,45.52,1.22,180.27,339.28,26.26,1477.58,2.00,134.17,140.22,4.94,3.26,1.38,72.31,54.19,38.79,28.13,27.00,13.66,4.69,7.41,0.39,0.51,0.51,0.00,0.00,3.75,0.00,3.75,0.31,0.38,0.69,1.16,0.78,0.33,0.76,15.43,0.52,0.18,0.54,0.80,false
2024-06-22,"Breakfast",909.92,0.00,53.32,245.73,1272.09,453.01,0.78,0.67,5.96,3.39,0.85,1.75,99.55,262.99,27.39,141.17,1.16,65.37,492.98,1.70,8.17,375.01,5.09,1007.42,2079.70,35.14,238.96,6.51,132.76,155.80,22.98,15.03,7.95,63.24,60.23,8.05,22.55,25.95,6.87,3.21,9.98,0.23,0.20,0.20,0.00,0.00,2.99,0.01,2.98,0.65,0.95,1.54,2.87,2.15,0.62,1.83,36.80,1.36,0.46,1.35,1.99,false
2024-06-22,"Lunch",189.00,0.00,0.00,15.38,69.44,29.26,0.30,0.13,3.33,0.48,0.16,0.00,31.50,0.13,0.00,0.00,2.00,5.85,120.75,0.17,1.85,56.25,1.63,159.00,190.50,19.28,341.25,1.33,27.43,32.03,4.50,3.50,1.01,21.55,3.26,3.07,2.63,0.00,0.46,1.19,0.54,0.01,0.10,0.10,0.00,0.00,1.09,0.00,1.08,0.10,0.10,0.17,0.30,0.12,0.07,0.21,9.34,0.13,0.07,0.13,0.20,false
2024-06-22,"Dinner",669.67,0.00,0.00,146.54,176.45,568.17,0.33,0.52,5.68,2.27,1.23,0.43,145.39,139.88,236.77,30.72,5.57,73.16,416.07,0.71,12.99,153.05,1.92,369.58,2209.12,7.40,1523.80,3.15,74.66,100.25,25.37,6.16,3.43,23.12,26.72,0.00,10.09,9.60,1.53,0.82,1.97,0.09,0.15,0.15,0.00,0.00,0.28,0.00,0.28,0.12,0.24,0.41,0.67,0.62,0.16,0.43,48.68,0.38,0.13,0.34,0.51,false
2024-06-22,"Snacks",779.78,0.00,0.00,1.21,0.00,106.72,0.13,0.41,7.51,1.34,0.68,4.28,8.04,34.36,0.04,37.26,0.53,3.01,133.63,0.15,3.35,42.11,0.03,374.28,661.69,38.35,1762.78,9.59,2.20,2.22,0.00,0.00,0.00,0.00,1.50,0.00,58.53,170.98,26.27,1.56,22.77,2.98,0.12,0.12,0.00,0.00,0.99,0.03,0.86,0.77,1.73,2.74,4.91,4.97,1.20,2.19,56.81,2.63,0.64,1.69,2.99,false
2024-06-22,"Bike",2037.94,0.00,32.34,111.07,517.13,576.95,1.93,1.21,19.33,2.76,0.75,1.67,365.94,512.54,6.12,32.40,8.43,35.18,895.07,0.73,14.19,209.66,4.41,1049.43,1201.07,88.63,3227.12,8.01,281.77,296.97,14.91,9.94,4.67,117.10,98.13,58.24,68.69,92.88,15.87,12.73,24.92,0.71,0.95,0.93,0.00,0.00,11.29,0.05,11.24,0.68,1.23,2.14,3.83,2.08,1.01,2.39,65.09,1.79,0.83,1.91,2.53,false
2024-06-22,"Total",5452.99,0.00,85.66,565.32,2343.71,2054.43,4.49,3.35,49.22,11.39,4.25,9.43,846.42,1018.12,272.09,261.35,20.35,195.91,2112.75,3.75,46.10,881.61,14.29,3139.97,6681.36,215.05,8571.49,30.58,652.98,727.49,72.70,37.89,18.44,297.33,244.02,108.17,190.62,326.41,64.66,24.20,67.60,4.41,2.04,2.01,0.00,0.00,20.40,0.10,20.18,2.64,4.63,7.67,13.74,10.72,3.40,7.80,232.15,6.81,2.31,5.96,9.03,false
2024-06-23,"'-",824.73,0.00,0.00,53.58,327.42,688.43,0.70,0.50,6.58,1.84,0.67,0.54,205.88,177.67,168.68,38.40,5.37,21.47,340.17,0.57,3.40,123.00,2.11,359.47,1174.31,27.29,659.92,2.37,145.60,164.02,16.44,10.10,5.73,36.35,103.58,22.73,12.21,12.00,2.33,2.88,3.81,0.13,0.37,0.37,0.00,0.00,2.50,0.01,2.49,0.19,0.33,0.53,0.97,0.71,0.25,0.60,22.98,0.44,0.18,0.41,0.67,false
2024-06-23,"Breakfast",398.09,0.00,23.33,107.51,556.54,198.19,0.34,0.30,2.61,1.48,0.37,0.76,43.55,115.06,11.98,61.76,0.51,28.60,215.68,0.74,3.57,164.07,2.23,440.75,909.87,15.37,104.55,2.85,58.08,68.16,10.05,6.58,3.48,27.67,26.35,3.52,9.87,11.35,3.00,1.40,4.37,0.10,0.09,0.09,0.00,0.00,1.31,0.00,1.30,0.28,0.41,0.67,1.26,0.94,0.27,0.80,16.10,0.59,0.20,0.59,0.87,false
2024-06-23,"Lunch",929.12,0.00,0.00,163.15,303.37,590.35,0.53,0.65,7.17,2.63,1.35,0.57,182.70,256.94,248.10,32.00,7.34,83.11,495.02,0.89,14.83,186.97,2.78,496.47,2571.52,16.10,2039.10,4.30,106.01,137.50,31.23,8.02,3.73,28.29,31.95,0.00,18.01,15.04,4.82,1.69,4.52,0.16,0.23,0.22,0.00,0.00,1.05,0.00,1.04,0.19,0.36,0.62,1.02,0.85,0.26,0.64,60.82,0.58,0.21,0.52,0.76,false
2024-06-23,"Dinner",659.95,0.00,0.00,50.42,121.35,467.91,0.65,0.78,7.63,2.14,0.63,1.00,125.70,293.97,63.60,0.00,6.48,118.54,491.79,0.58,4.83,155.80,3.38,626.80,1231.79,57.27,1164.99,3.91,59.75,73.05,13.12,6.28,1.85,37.50,17.70,5.33,22.13,24.00,7.72,4.89,6.50,0.03,0.31,0.31,0.00,0.00,2.82,0.01,2.81,0.33,0.85,1.49,2.75,2.08,0.65,1.55,45.07,1.26,0.43,1.43,1.83,false
2024-06-23,"Snacks",319.40,0.00,0.00,1.70,0.00,2.03,0.07,0.22,0.13,0.61,0.07,0.27,4.13,63.61,19.14,0.00,0.07,1.66,344.67,0.01,1.37,29.56,0.00,185.46,287.23,4.97,203.69,1.17,25.59,30.36,4.76,0.00,0.00,0.00,20.83,0.00,1.39,2.80,0.23,0.43,0.44,0.00,0.05,0.05,0.00,0.00,0.36,0.00,0.36,0.77,0.84,2.13,4.09,3.70,0.81,1.42,44.60,2.16,0.88,1.10,2.12,false
2024-06-23,"Total",3131.29,0.00,23.33,376.36,1308.68,1946.91,2.30,2.45,24.11,8.70,3.08,3.15,561.97,907.24,511.50,132.16,19.78,253.38,1887.33,2.79,28.00,659.38,10.50,2108.94,6174.72,121.00,4172.25,14.59,395.04,473.09,75.60,30.98,14.79,129.81,200.42,31.58,63.60,65.20,18.11,11.29,19.64,0.41,1.04,1.03,0.00,0.00,8.03,0.02,8.01,1.76,2.79,5.43,10.09,8.27,2.24,5.01,189.57,5.04,1.91,4.05,6.26,false
2024-06-24,"'-",400.11,0.00,0.00,29.66,301.51,256.41,0.21,0.25,2.17,0.49,0.34,0.54,74.52,50.99,10.86,2.34,1.69,9.12,41.98,0.23,1.78,51.58,0.54,118.52,464.71,4.40,292.19,1.25,69.65,79.46,8.33,6.39,1.68,18.67,50.01,23.20,9.90,10.06,2.35,4.67,1.70,0.00,0.58,0.58,0.00,0.00,3.71,0.00,3.71,0.10,0.17,0.24,0.59,0.40,0.12,0.31,6.59,0.21,0.07,0.22,0.33,false
2024-06-24,"Breakfast",739.31,0.00,43.32,199.66,1033.57,368.07,0.64,0.55,4.84,2.75,0.69,1.42,80.88,213.68,22.25,114.70,0.95,53.11,400.55,1.38,6.64,304.69,4.13,818.53,1689.76,28.55,194.16,5.29,107.87,126.59,18.67,12.21,6.46,51.39,48.94,6.54,18.32,21.08,5.58,2.61,8.11,0.19,0.16,0.16,0.00,0.00,2.43,0.01,2.42,0.53,0.77,1.25,2.33,1.75,0.51,1.49,29.90,1.10,0.37,1.10,1.62,false
2024-06-24,"Lunch",720.34,0.00,0.00,67.16,572.99,297.16,0.84,0.62,5.28,1.84,0.66,0.50,244.70,955.21,47.31,39.55,6.81,71.67,162.86,0.40,5.01,115.90,3.56,393.15,1013.59,40.73,776.30,4.13,86.09,109.27,22.91,6.25,1.39,24.67,15.26,0.00,16.47,169.55,2.24,3.14,6.41,0.00,0.29,0.27,0.02,0.00,1.94,0.07,1.86,0.40,0.41,0.73,1.22,0.94,0.37,0.79,42.00,0.79,0.21,0.55,0.86,false
2024-06-24,"Dinner",795.83,0.00,0.00,0.70,1.00,45.86,0.02,0.04,0.15,0.22,0.04,0.00,48.50,59.33,7.50,0.00,1.05,57.82,80.06,0.04,0.76,23.50,0.16,26.00,184.56,0.15,2269.62,0.24,94.24,95.05,0.80,0.69,0.11,0.00,11.03,0.00,22.96,0.00,4.29,0.78,9.13,0.01,0.13,0.13,0.00,0.00,0.57,0.00,0.57,0.00,0.00,0.00,0.00,0.00,0.00,0.00,49.19,0.00,0.00,0.00,0.00,false
2024-06-24,"Snacks",183.00,0.00,0.00,1.11,0.00,255.00,0.07,0.84,0.63,1.00,0.19,2.10,21.00,3.00,0.00,0.00,0.03,0.00,333.00,0.05,0.21,33.00,0.03,408.00,423.00,29.70,108.00,1.59,10.91,10.92,0.00,0.00,0.00,0.00,9.81,0.00,1.11,15.00,0.13,0.03,0.32,0.02,0.00,0.00,0.00,0.00,0.03,0.00,0.03,0.25,0.88,1.58,3.09,2.50,0.88,1.54,30.90,1.23,0.40,1.53,2.00,false
2024-06-24,"Bike",1293.55,0.00,0.00,116.52,554.94,401.27,1.13,0.77,14.17,2.32,0.80,1.49,166.45,473.47,0.00,104.86,8.85,27.13,743.35,0.89,8.76,279.19,5.83,834.99,1255.63,65.21,1238.96,5.82,170.83,187.21,15.89,12.32,3.51,65.32,61.86,11.31,42.15,22.00,10.12,9.89,11.04,0.16,0.73,0.73,0.00,0.00,9.06,0.02,9.03,0.52,0.80,1.19,2.27,1.39,0.48,1.55,47.84,1.00,0.43,1.08,1.37,false
2024-06-24,"Total",4132.13,0.00,43.32,414.81,2464.00,1623.76,2.90,3.07,27.25,8.62,2.72,6.05,636.05,1755.69,87.93,261.45,19.38,218.85,1761.79,2.99,23.16,807.86,14.25,2599.19,5031.24,168.74,4879.23,18.32,539.60,608.51,66.60,37.86,13.15,160.05,196.90,41.05,110.92,237.68,24.70,21.11,36.71,0.38,1.90,1.88,0.02,0.00,17.74,0.10,17.63,1.80,3.03,5.00,9.50,6.98,2.36,5.67,206.41,4.32,1.48,4.48,6.18,false
2024-06-25,"'-",316.33,0.00,0.00,23.55,514.58,344.75,0.23,0.17,3.43,0.66,0.33,0.00,61.99,77.14,42.98,0.00,1.45,9.80,41.61,0.36,2.13,90.76,1.31,161.72,741.25,29.15,40.42,1.91,52.70,63.27,9.41,7.46,1.96,20.63,30.75,0.00,6.57,0.00,1.46,3.27,0.79,0.00,0.49,0.49,0.00,0.00,2.77,0.00,2.77,0.13,0.17,0.29,0.51,0.25,0.11,0.36,7.85,0.22,0.09,0.21,0.37,false
2024-06-25,"Breakfast",1137.40,0.00,66.65,307.16,1590.11,566.26,0.98,0.84,7.45,4.23,1.06,2.18,124.43,328.74,34.24,176.46,1.45,81.71,616.23,2.13,10.21,468.76,6.36,1259.27,2599.63,43.92,298.70,8.14,165.95,194.76,28.72,18.79,9.93,79.06,75.29,10.07,28.19,32.43,8.58,4.01,12.48,0.29,0.25,0.25,0.00,0.00,3.74,0.01,3.73,0.81,1.19,1.92,3.59,2.69,0.78,2.29,46.00,1.70,0.57,1.69,2.49,false
2024-06-25,"Lunch",505.42,0.00,0.00,38.35,320.91,181.13,0.49,0.35,3.36,1.02,0.45,0.13,170.43,586.37,95.49,10.14,4.03,63.21,177.50,0.23,6.36,73.23,1.96,205.31,1137.71,18.93,209.12,2.20,74.59,91.98,17.21,3.79,1.13,15.91,13.95,0.00,6.28,43.48,0.69,1.40,2.30,0.00,0.19,0.19,0.00,0.00,0.87,0.02,0.85,0.19,0.19,0.32,0.56,0.39,0.16,0.37,22.04,0.36,0.10,0.24,0.39,false
2024-06-25,"Dinner",873.03,0.00,0.00,298.70,684.59,469.35,1.08,0.75,8.68,3.48,1.30,0.17,355.69,2378.97,111.35,10.33,8.25,17.55,232.87,0.98,7.68,205.83,3.84,572.25,2245.55,28.51,1333.44,4.66,118.91,152.55,33.09,22.34,4.47,67.26,27.09,0.00,16.27,44.14,6.58,3.67,3.79,0.01,0.43,0.43,0.00,0.00,2.37,0.02,2.35,0.44,0.69,1.19,2.25,1.63,0.48,1.51,38.69,1.16,0.37,0.82,1.53,false
2024-06-25,"Snacks",183.00,0.00,0.00,1.11,0.00,255.00,0.07,0.84,0.63,1.00,0.19,2.10,21.00,3.00,0.00,0.00,0.03,0.00,333.00,0.05,0.21,33.00,0.03,408.00,423.00,29.70,108.00,1.59,10.91,10.92,0.00,0.00,0.00,0.00,9.81,0.00,1.11,15.00,0.13,0.03,0.32,0.02,0.00,0.00,0.00,0.00,0.03,0.00,0.03,0.25,0.88,1.58,3.09,2.50,0.88,1.54,30.90,1.23,0.40,1.53,2.00,false
2024-06-25,"Bike",931.16,0.00,256.54,38.07,213.21,625.54,0.89,1.46,13.01,2.80,0.57,3.22,113.62,310.79,0.52,166.23,3.19,10.17,814.15,0.41,4.33,248.98,2.49,858.25,1264.14,52.93,723.03,4.61,125.10,132.55,7.28,5.51,1.79,45.73,70.20,37.61,26.05,83.96,6.45,2.64,13.83,0.72,0.23,0.22,0.00,0.00,2.07,0.02,2.05,0.41,1.03,1.81,3.47,2.66,0.94,1.85,44.15,1.50,0.50,1.68,2.23,false
2024-06-25,"Total",3946.34,0.00,323.19,706.94,3323.40,2442.03,3.74,4.41,36.56,13.19,3.91,7.80,847.16,3685.01,284.59,363.16,18.40,182.45,2215.36,4.16,30.92,1120.55,16.00,3464.80,8411.27,203.14,2712.71,23.11,548.17,646.02,95.71,57.88,19.27,228.59,227.08,47.67,84.47,219.01,23.89,15.03,33.52,1.04,1.61,1.59,0.01,0.00,11.85,0.07,11.78,2.23,4.15,7.12,13.46,10.13,3.35,7.91,189.63,6.17,2.04,6.17,9.00,false
2024-06-26,"'-",1616.13,0.00,0.00,74.78,333.87,971.66,0.93,0.88,13.11,3.30,1.05,1.07,218.97,995.15,50.31,83.06,3.14,22.06,350.60,0.50,9.92,134.72,1.65,541.17,1358.67,52.16,2836.42,3.86,182.69,217.30,17.49,7.22,3.09,69.62,81.74,0.00,56.29,292.22,10.65,6.42,21.18,0.91,0.65,0.57,0.05,0.01,5.35,0.14,5.20,0.57,1.12,1.92,3.10,2.66,0.98,1.74,64.88,1.61,0.51,1.38,2.01,false
2024-06-26,"Breakfast",961.75,0.00,33.33,182.78,1070.78,567.71,0.59,1.34,4.69,3.28,0.81,3.19,94.56,168.64,21.30,88.23,2.65,42.57,667.42,1.34,6.13,316.53,3.68,1100.23,1910.10,52.99,260.64,7.07,120.88,139.09,18.04,12.53,5.46,42.39,69.80,25.56,24.80,31.22,7.04,7.35,7.57,0.16,0.91,0.91,0.00,0.00,6.42,0.01,6.42,0.70,1.58,2.72,5.19,4.05,1.33,2.88,57.92,2.21,0.74,2.52,3.49,false
2024-06-26,"Lunch",873.03,0.00,0.00,298.70,684.59,469.35,1.08,0.75,8.68,3.48,1.30,0.17,355.69,2378.97,111.35,10.33,8.25,17.55,232.87,0.98,7.68,205.83,3.84,572.25,2245.55,28.51,1333.44,4.66,118.91,152.55,33.09,22.34,4.47,67.26,27.09,0.00,16.27,44.14,6.58,3.67,3.79,0.01,0.43,0.43,0.00,0.00,2.37,0.02,2.35,0.44,0.69,1.19,2.25,1.63,0.48,1.51,38.69,1.16,0.37,0.82,1.53,false
2024-06-26,"Bike",702.44,0.00,131.04,39.01,318.69,524.35,0.86,1.23,6.34,1.55,0.81,1.26,98.18,214.10,57.09,89.43,7.47,23.25,421.72,0.38,3.32,159.11,1.32,437.68,875.97,14.47,283.22,2.76,73.28,81.47,8.02,6.57,1.44,18.55,48.87,6.51,27.46,61.56,6.78,4.92,13.00,2.07,1.16,1.16,0.00,0.00,3.48,0.01,3.46,0.49,0.72,1.53,2.89,2.42,0.65,1.27,36.69,1.46,0.55,1.01,1.67,false
2024-06-26,"Total",4153.36,0.00,164.36,595.28,2407.92,2533.07,3.46,4.19,32.82,11.60,3.96,5.69,767.40,3756.86,240.05,271.05,21.51,105.43,1672.62,3.20,27.05,816.20,10.49,2651.33,6390.29,148.13,4713.72,18.35,495.76,590.41,76.63,48.66,14.47,197.82,227.50,32.07,124.81,429.13,31.05,22.37,45.53,3.16,3.16,3.07,0.05,0.02,17.61,0.17,17.43,2.20,4.10,7.36,13.44,10.75,3.45,7.40,198.18,6.45,2.17,5.74,8.69,false
2024-06-27,"'-",200.07,0.00,0.00,4.23,145.89,460.28,0.17,0.12,1.67,0.81,0.37,0.00,118.72,172.41,93.12,0.00,0.70,66.62,113.04,0.16,1.50,65.07,0.45,82.85,1061.52,2.37,67.26,0.60,41.45,49.90,7.16,5.42,1.74,0.08,40.43,0.00,1.06,0.00,0.06,0.47,0.20,0.00,0.22,0.22,0.00,0.00,0.17,0.00,0.17,0.02,0.03,0.05,0.08,0.08,0.02,0.06,3.49,0.05,0.02,0.04,0.08,false
2024-06-27,"Breakfast",1553.21,0.00,251.01,53.33,252.69,1180.80,1.21,2.51,14.71,7.39,1.45,5.61,224.78,490.06,124.97,287.50,6.35,14.54,1415.79,0.85,5.90,402.66,5.13,1488.03,2907.76,99.66,2224.88,9.59,195.91,211.10,14.78,11.01,3.03,46.34,133.07,32.54,44.52,612.05,11.15,7.02,16.57,0.41,0.76,0.69,0.06,0.01,6.02,0.24,5.76,0.91,1.58,3.07,5.42,4.44,1.62,3.12,85.10,2.57,0.65,2.60,3.95,false
2024-06-27,"Lunch",831.78,0.00,0.00,17.23,28.70,81.32,0.06,0.24,0.98,0.60,0.26,0.95,18.81,129.26,8.40,8.50,0.33,1.11,409.89,0.14,2.21,36.31,0.22,364.61,501.39,15.86,1640.48,2.62,88.41,90.09,1.68,1.26,0.42,9.13,9.76,0.00,30.12,81.66,2.91,0.51,14.20,0.41,0.06,0.05,0.00,0.00,0.32,0.00,0.32,0.09,0.34,0.73,1.18,0.65,0.33,0.66,47.75,0.64,0.33,0.68,0.87,false
2024-06-27,"Dinner",418.82,0.00,0.00,12.87,97.22,538.10,5.63,6.86,30.93,8.01,6.56,5.54,488.42,466.22,362.39,43.50,4.49,12.84,79.33,0.20,2.58,65.54,0.51,215.46,1082.75,65.82,539.06,3.07,29.32,36.19,6.51,2.16,2.34,0.00,17.15,0.00,11.70,186.50,2.06,0.90,5.34,0.00,0.10,0.08,0.02,0.00,0.66,0.07,0.58,0.77,0.72,1.63,2.69,2.22,1.18,1.93,43.79,1.55,0.50,1.23,2.04,false
2024-06-27,"Snacks",225.08,0.00,0.00,42.56,56.44,181.08,0.38,0.17,2.96,0.82,0.23,0.00,78.30,20.71,97.89,0.00,1.92,4.29,162.15,0.21,1.54,59.65,1.24,142.36,472.74,15.06,250.25,1.10,36.84,45.11,7.62,4.38,3.26,15.80,19.59,2.26,2.15,0.00,0.38,0.92,0.42,0.01,0.09,0.09,0.00,0.00,0.83,0.00,0.83,0.09,0.11,0.17,0.27,0.18,0.09,0.21,8.58,0.12,0.07,0.13,0.22,false
2024-06-27,"Total",3228.96,0.00,251.01,130.21,580.94,2441.57,7.44,9.90,51.25,17.62,8.87,12.10,929.03,1278.66,686.77,339.51,13.79,99.40,2180.20,1.55,13.73,629.24,7.55,2293.31,6026.16,198.77,4721.94,16.98,391.94,432.40,37.76,24.24,10.80,71.35,220.00,34.79,89.55,880.21,16.57,9.82,36.74,0.82,1.22,1.12,0.08,0.01,8.00,0.32,7.66,1.88,2.77,5.65,9.63,7.58,3.24,5.98,188.71,4.93,1.57,4.67,7.15,false
2024-06-28,"Breakfast",568.70,0.00,33.33,153.58,795.05,283.13,0.49,0.42,3.72,2.12,0.53,1.09,62.22,164.37,17.12,88.23,0.73,40.86,308.11,1.06,5.10,234.38,3.18,629.64,1299.81,21.96,149.35,4.07,82.98,97.38,14.36,9.39,4.97,39.53,37.64,5.03,14.09,16.22,4.29,2.00,6.24,0.15,0.13,0.12,0.00,0.00,1.87,0.01,1.86,0.41,0.59,0.96,1.80,1.35,0.39,1.14,23.00,0.85,0.29,0.84,1.24,false
2024-06-28,"Lunch",944.63,0.00,0.00,117.34,1209.53,672.96,0.71,0.98,10.81,4.01,0.93,1.11,220.05,1458.68,86.62,87.00,6.03,130.21,212.99,1.09,9.47,264.11,5.58,897.53,1404.22,47.94,2237.20,7.79,119.73,145.93,25.86,21.59,3.94,89.59,21.27,0.00,25.83,373.00,12.18,5.13,5.53,0.02,0.43,0.39,0.04,0.01,4.30,0.15,4.14,0.94,1.02,1.87,3.19,1.95,0.90,2.12,43.95,1.67,0.45,1.30,2.21,false
2024-06-28,"Dinner",722.30,0.00,0.00,301.70,84.80,492.60,0.41,0.55,5.83,3.36,1.02,0.43,93.05,2519.49,71.14,30.72,6.73,74.69,499.55,0.76,13.12,154.10,2.47,334.95,2134.80,7.38,1852.90,2.26,84.22,115.99,31.42,8.50,3.65,17.92,32.95,0.00,11.44,9.60,1.53,0.97,1.97,0.09,0.14,0.14,0.00,0.00,0.28,0.00,0.28,0.13,0.24,0.42,0.72,0.60,0.20,0.55,43.76,0.50,0.17,0.32,0.57,false
2024-06-28,"Snacks",428.45,0.00,125.50,21.45,73.28,338.25,0.43,0.47,6.97,1.53,0.50,1.02,47.01,106.52,14.87,76.80,1.95,5.63,342.20,0.31,1.77,151.66,1.76,356.32,913.81,20.34,375.77,2.19,75.08,81.21,5.95,4.39,1.53,22.99,46.69,19.09,6.64,16.07,1.28,1.30,2.94,0.15,0.14,0.14,0.00,0.00,1.10,0.01,1.09,0.13,0.33,0.49,0.93,0.69,0.23,0.53,15.20,0.43,0.15,0.42,0.60,false
2024-06-28,"Bike",529.66,0.00,125.50,18.34,154.00,633.46,0.46,1.41,6.97,2.28,0.51,3.30,56.74,112.16,6.24,76.80,2.10,8.37,703.65,0.27,2.07,160.47,1.52,785.86,1116.08,52.35,493.27,3.74,59.20,67.38,7.02,5.20,1.83,18.74,35.74,2.66,7.72,32.32,1.39,1.32,3.20,0.16,0.12,0.12,0.00,0.00,1.13,0.01,1.13,0.40,1.23,2.18,4.24,3.38,1.18,2.16,48.08,1.74,0.57,2.07,2.75,false
2024-06-28,"Total",3193.74,0.00,284.33,612.41,2316.66,2420.40,2.49,3.83,34.31,13.29,3.51,6.95,479.06,4361.23,195.98,359.55,17.54,259.76,2066.49,3.48,31.52,964.71,14.51,3004.29,6868.73,149.97,5108.48,20.05,421.21,507.89,84.61,49.06,15.91,188.77,174.29,26.79,65.73,447.20,20.67,10.73,19.87,0.56,0.96,0.91,0.04,0.01,8.69,0.17,8.50,2.00,3.42,5.93,10.89,7.97,2.90,6.49,173.99,5.19,1.62,4.95,7.36,false
2024-06-29,"'-",133.97,0.00,0.00,0.05,0.00,2.57,0.00,0.01,0.02,0.01,0.00,0.00,0.30,0.00,0.08,0.00,0.00,0.00,0.90,0.01,0.06,0.30,0.01,0.60,7.80,0.12,56.60,0.03,19.17,19.26,0.03,0.00,0.00,0.00,18.72,12.32,0.20,0.00,0.00,0.00,0.20,0.00,0.00,0.00,0.00,0.00,0.00,0.00,0.00,0.00,0.00,0.00,0.00,0.00,0.00,0.00,15.05,0.00,0.00,0.00,0.00,false
2024-06-29,"Breakfast",739.31,0.00,43.32,199.66,1033.57,368.07,0.64,0.55,4.84,2.75,0.69,1.42,80.88,213.68,22.25,114.70,0.95,53.11,400.55,1.38,6.64,304.69,4.13,818.53,1689.76,28.55,194.16,5.29,107.87,126.59,18.67,12.21,6.46,51.39,48.94,6.54,18.32,21.08,5.58,2.61,8.11,0.19,0.16,0.16,0.00,0.00,2.43,0.01,2.42,0.53,0.77,1.25,2.33,1.75,0.51,1.49,29.90,1.10,0.37,1.10,1.62,false
2024-06-29,"Lunch",776.00,0.00,0.00,19.34,784.12,274.15,0.51,0.82,8.48,2.39,0.43,1.22,150.50,222.02,9.00,88.70,1.86,66.84,177.00,0.59,6.12,165.50,3.26,534.10,618.10,119.54,1763.80,4.72,62.91,72.87,9.93,8.41,1.52,58.67,4.16,0.09,27.68,382.90,6.06,3.54,10.65,0.01,0.28,0.23,0.04,0.01,3.09,0.17,2.92,0.62,0.76,1.38,2.30,1.51,0.71,1.50,63.85,1.12,0.37,1.01,1.54,false
2024-06-29,"Dinner",806.69,0.00,0.00,78.30,347.74,216.13,0.40,0.25,2.97,1.11,0.37,0.06,194.78,24.51,9.34,0.31,4.61,7.19,124.55,0.53,4.12,106.87,1.15,292.68,991.44,11.77,1837.32,2.12,117.61,131.73,13.89,11.89,2.02,39.10,16.75,0.00,18.52,1.08,6.75,2.72,4.34,0.02,0.29,0.29,0.00,0.00,1.87,0.00,1.87,0.22,0.43,0.74,1.46,1.06,0.26,0.92,30.05,0.62,0.20,0.55,0.90,false
2024-06-29,"Snacks",532.70,0.00,0.00,21.60,283.71,456.84,0.13,0.84,1.77,1.29,0.43,1.75,86.57,79.56,57.59,0.00,2.69,9.57,317.39,0.37,1.12,78.45,0.46,412.81,841.92,26.50,110.67,2.41,79.44,89.77,8.92,5.45,2.11,2.17,66.00,24.64,8.02,12.50,1.94,3.51,1.13,0.01,0.57,0.57,0.00,0.00,2.93,0.00,2.93,0.24,0.83,1.48,2.85,2.31,0.78,1.45,32.36,1.16,0.38,1.39,1.89,false
2024-06-29,"Bike",2111.47,0.00,125.50,99.68,472.72,891.61,1.46,1.58,14.59,3.55,1.92,2.25,169.65,497.87,90.97,117.70,12.84,38.89,801.23,0.93,9.89,345.93,4.82,876.75,2305.96,46.07,1149.50,5.90,327.64,349.00,20.61,15.95,4.38,55.14,183.15,57.66,57.61,50.04,8.79,10.07,22.35,1.88,1.60,1.59,0.00,0.00,8.33,0.02,8.31,0.72,1.18,2.10,4.04,3.12,0.89,1.98,65.84,1.95,0.76,1.49,2.37,false
2024-06-29,"Total",5100.14,0.00,168.83,418.61,2921.86,2209.37,3.13,4.04,32.68,11.09,3.84,6.70,682.68,1037.65,189.23,321.40,22.95,175.60,1821.61,3.81,27.94,1001.74,13.83,2935.47,6454.98,232.55,5112.05,20.48,714.65,789.21,72.05,53.92,16.49,206.46,337.71,101.25,130.35,467.60,29.12,22.44,46.79,2.12,2.91,2.85,0.04,0.01,18.65,0.19,18.44,2.32,3.96,6.95,12.98,9.76,3.16,7.34,237.05,5.96,2.09,5.53,8.32,false
2024-06-30,"Breakfast",739.31,0.00,43.32,199.66,1033.57,368.07,0.64,0.55,4.84,2.75,0.69,1.42,80.88,213.68,22.25,114.70,0.95,53.11,400.55,1.38,6.64,304.69,4.13,818.53,1689.76,28.55,194.16,5.29,107.87,126.59,18.67,12.21,6.46,51.39,48.94,6.54,18.32,21.08,5.58,2.61,8.11,0.19,0.16,0.16,0.00,0.00,2.43,0.01,2.42,0.53,0.77,1.25,2.33,1.75,0.51,1.49,29.90,1.10,0.37,1.10,1.62,false
2024-06-30,"Lunch",848.04,0.00,0.00,2.12,230.11,229.97,0.22,1.00,3.22,4.48,0.65,1.67,211.25,236.04,14.36,130.50,4.69,34.72,96.22,0.30,2.78,62.33,0.28,346.13,1016.42,46.85,759.06,2.68,58.21,80.32,22.02,7.05,4.08,0.18,7.77,0.00,47.08,559.50,22.11,5.08,9.07,0.00,0.28,0.22,0.06,0.01,4.73,0.22,4.46,0.48,0.53,1.16,1.84,1.57,0.65,1.16,35.09,1.02,0.27,0.85,1.32,false
2024-06-30,"Dinner",857.38,0.00,0.00,254.83,392.25,597.24,0.71,0.53,6.94,3.44,1.16,0.06,301.90,2180.33,99.71,0.31,6.34,82.58,308.20,0.95,7.06,208.50,2.38,453.25,2605.84,13.71,2936.49,3.22,113.96,138.47,24.00,18.82,4.21,53.20,40.21,0.00,14.72,1.08,6.79,3.21,2.95,0.02,0.47,0.47,0.00,0.00,1.92,0.00,1.92,0.28,0.52,0.91,1.73,1.26,0.34,1.18,50.22,0.86,0.29,0.65,1.16,false
2024-06-30,"Snacks",354.10,0.00,0.00,2.44,67.20,492.93,0.15,0.83,2.78,1.49,0.56,1.75,161.98,184.36,122.30,0.00,3.05,14.11,314.46,0.42,0.71,61.10,0.23,387.04,916.98,26.77,93.36,1.63,53.51,59.43,5.38,3.29,2.12,0.77,54.07,0.00,2.20,12.50,0.58,0.27,0.58,0.01,0.17,0.17,0.00,0.00,0.09,0.00,0.09,0.21,0.80,1.41,2.74,2.30,0.76,1.37,28.51,1.13,0.38,1.33,1.81,false
2024-06-30,"Bike",1376.55,0.00,125.50,90.29,565.01,750.37,1.70,1.60,14.68,3.35,1.63,1.37,228.32,293.03,87.28,93.66,12.19,25.87,663.44,0.94,7.35,333.89,4.73,806.88,2022.72,50.87,904.16,5.96,177.84,198.35,20.11,15.27,4.86,76.91,86.56,8.41,42.44,96.12,10.24,9.51,18.28,2.51,1.75,1.74,0.00,0.00,7.30,0.02,7.27,0.76,1.13,2.07,3.91,2.97,0.88,1.93,59.17,1.91,0.76,1.41,2.33,false
2024-06-30,"Total",4175.38,0.00,168.83,549.33,2288.15,2438.58,3.41,4.51,32.46,15.52,4.69,6.26,984.33,3107.43,345.91,339.17,27.22,210.40,1782.87,3.98,24.54,970.51,11.77,2811.83,8251.73,166.75,4887.22,18.78,511.40,603.16,90.17,56.64,21.72,182.45,237.55,14.95,124.76,690.28,45.30,20.68,38.99,2.73,2.84,2.76,0.06,0.01,16.46,0.25,16.16,2.26,3.74,6.80,12.56,9.85,3.14,7.13,202.89,6.02,2.06,5.34,8.24,false
2024-07-01,"Breakfast",739.31,0.00,43.32,199.66,1033.57,368.07,0.64,0.55,4.84,2.75,0.69,1.42,80.88,213.68,22.25,114.70,0.95,53.11,400.55,1.38,6.64,304.69,4.13,818.53,1689.76,28.55,194.16,5.29,107.87,126.59,18.67,12.21,6.46,51.39,48.94,6.54,18.32,21.08,5.58,2.61,8.11,0.19,0.16,0.16,0.00,0.00,2.43,0.01,2.42,0.53,0.77,1.25,2.33,1.75,0.51,1.49,29.90,1.10,0.37,1.10,1.62,false
2024-07-01,"Lunch",747.39,0.00,0.00,217.58,745.00,889.86,0.85,0.46,4.69,2.94,0.79,0.00,488.56,175.81,317.94,0.00,3.73,115.37,315.20,0.97,8.15,199.74,2.56,599.83,1956.21,13.28,1150.68,4.26,128.59,157.70,27.16,18.10,8.94,65.14,63.70,0.00,6.19,0.00,1.82,2.72,0.88,0.01,0.30,0.30,0.00,0.00,2.38,0.00,2.10,0.39,0.66,1.01,1.65,1.43,0.36,1.21,26.94,0.80,0.24,0.64,1.24,false
2024-07-01,"Dinner",507.90,0.00,0.00,78.79,596.22,528.39,0.43,0.42,5.99,1.74,0.50,0.50,91.09,188.51,37.51,0.00,2.43,98.68,196.83,0.63,4.35,155.47,3.54,423.15,1142.30,68.41,661.71,3.07,64.59,76.85,12.17,10.12,2.05,45.54,18.35,0.00,14.26,12.00,7.11,1.75,3.62,0.02,0.21,0.21,0.00,0.00,1.52,0.00,1.52,0.34,0.57,1.00,1.84,1.25,0.44,1.09,25.51,0.83,0.29,0.93,1.23,false
2024-07-01,"Snacks",152.50,0.00,0.00,0.93,0.00,212.50,0.05,0.70,0.53,0.83,0.16,1.75,17.50,2.50,0.00,0.00,0.03,0.00,277.50,0.04,0.18,27.50,0.02,340.00,352.50,24.75,90.00,1.33,9.09,9.10,0.00,0.00,0.00,0.00,8.18,0.00,0.93,12.50,0.11,0.03,0.27,0.01,0.00,0.00,0.00,0.00,0.03,0.00,0.03,0.21,0.73,1.32,2.58,2.08,0.73,1.28,25.75,1.03,0.33,1.28,1.67,false
2024-07-01,"Bike",256.98,0.00,0.00,27.31,60.92,93.29,0.09,0.03,2.50,0.56,0.31,0.00,28.24,1.13,14.64,0.00,1.33,0.16,13.72,0.18,0.33,55.21,0.54,70.17,469.66,0.73,3.19,0.57,47.78,50.62,2.70,1.96,0.65,4.78,40.55,21.54,6.97,0.00,3.38,1.70,1.46,0.01,0.04,0.04,0.00,0.00,1.63,0.00,1.63,0.04,0.13,0.10,0.26,0.13,0.04,0.20,3.81,0.09,0.04,0.12,0.14,false
2024-07-01,"Total",2404.07,0.00,43.32,524.26,2435.72,2092.11,2.06,2.17,18.55,8.83,2.46,3.67,706.27,581.64,392.35,114.70,8.46,267.32,1203.80,3.20,19.64,742.62,10.79,2251.68,5610.43,135.72,2099.74,14.52,357.92,420.86,60.70,42.40,18.09,166.85,179.71,28.09,46.67,45.58,18.01,8.81,14.34,0.24,0.72,0.72,0.00,0.00,7.99,0.01,7.70,1.51,2.87,4.67,8.65,6.64,2.07,5.27,111.92,3.86,1.28,4.06,5.90,false
2024-07-02,"Total",,,,,,,,,,,,,,,,,,,,,,,,,,,,,,,,,,,,,,,,,,,,,,,,,,,,,,,,,,,,,,false
2024-07-03,"Total",,,,,,,,,,,,,,,,,,,,,,,,,,,,,,,,,,,,,,,,,,,,,,,,,,,,,,,,,,,,,,false
2024-07-04,"Total",,,,,,,,,,,,,,,,,,,,,,,,,,,,,,,,,,,,,,,,,,,,,,,,,,,,,,,,,,,,,,false
2024-07-05,"Total",,,,,,,,,,,,,,,,,,,,,,,,,,,,,,,,,,,,,,,,,,,,,,,,,,,,,,,,,,,,,,false
2024-07-06,"Lunch",565.18,0.00,0.00,42.65,836.35,251.87,0.77,0.38,7.37,1.00,0.27,0.00,274.37,0.30,0.00,0.00,0.70,2.63,40.09,0.60,5.31,127.81,2.80,380.53,343.78,59.74,714.21,3.65,102.96,113.40,10.42,8.44,1.99,91.42,6.10,0.00,3.72,0.00,0.60,1.61,0.66,0.00,0.10,0.10,0.00,0.00,1.50,0.00,1.50,0.46,0.52,0.85,1.64,0.56,0.31,1.12,22.18,0.73,0.26,0.49,1.01,false
2024-07-06,"Total",565.18,0.00,0.00,42.65,836.35,251.87,0.77,0.38,7.37,1.00,0.27,0.00,274.37,0.30,0.00,0.00,0.70,2.63,40.09,0.60,5.31,127.81,2.80,380.53,343.78,59.74,714.21,3.65,102.96,113.40,10.42,8.44,1.99,91.42,6.10,0.00,3.72,0.00,0.60,1.61,0.66,0.00,0.10,0.10,0.00,0.00,1.50,0.00,1.50,0.46,0.52,0.85,1.64,0.56,0.31,1.12,22.18,0.73,0.26,0.49,1.01,false
2024-07-07,"Total",,,,,,,,,,,,,,,,,,,,,,,,,,,,,,,,,,,,,,,,,,,,,,,,,,,,,,,,,,,,,,false
2024-07-08,"Total",,,,,,,,,,,,,,,,,,,,,,,,,,,,,,,,,,,,,,,,,,,,,,,,,,,,,,,,,,,,,,false
2024-07-09,"Total",,,,,,,,,,,,,,,,,,,,,,,,,,,,,,,,,,,,,,,,,,,,,,,,,,,,,,,,,,,,,,false
2024-07-10,"Total",,,,,,,,,,,,,,,,,,,,,,,,,,,,,,,,,,,,,,,,,,,,,,,,,,,,,,,,,,,,,,false
2024-07-11,"Total",,,,,,,,,,,,,,,,,,,,,,,,,,,,,,,,,,,,,,,,,,,,,,,,,,,,,,,,,,,,,,false
2024-07-12,"Total",,,,,,,,,,,,,,,,,,,,,,,,,,,,,,,,,,,,,,,,,,,,,,,,,,,,,,,,,,,,,,false
2024-07-13,"Total",,,,,,,,,,,,,,,,,,,,,,,,,,,,,,,,,,,,,,,,,,,,,,,,,,,,,,,,,,,,,,false
2024-07-14,"Total",,,,,,,,,,,,,,,,,,,,,,,,,,,,,,,,,,,,,,,,,,,,,,,,,,,,,,,,,,,,,,false
2024-07-15,"Total",,,,,,,,,,,,,,,,,,,,,,,,,,,,,,,,,,,,,,,,,,,,,,,,,,,,,,,,,,,,,,false
2024-07-16,"Total",,,,,,,,,,,,,,,,,,,,,,,,,,,,,,,,,,,,,,,,,,,,,,,,,,,,,,,,,,,,,,false
2024-07-17,"Total",,,,,,,,,,,,,,,,,,,,,,,,,,,,,,,,,,,,,,,,,,,,,,,,,,,,,,,,,,,,,,false
2024-07-18,"Breakfast",2343.88,0.00,33.33,221.61,1742.25,1116.39,1.63,1.98,19.74,9.26,2.13,2.76,471.20,411.80,64.28,218.73,10.23,91.69,667.29,2.28,14.22,558.31,8.78,1634.64,3904.35,110.44,2356.59,12.33,308.26,371.05,61.14,36.29,13.97,135.07,109.04,10.57,70.96,575.72,28.43,11.40,17.34,0.16,0.74,0.67,0.06,0.01,9.75,0.23,9.47,1.36,1.76,2.96,5.56,3.95,1.45,3.42,90.32,2.57,0.82,2.36,3.65,false
2024-07-18,"Total",2343.88,0.00,33.33,221.61,1742.25,1116.39,1.63,1.98,19.74,9.26,2.13,2.76,471.20,411.80,64.28,218.73,10.23,91.69,667.29,2.28,14.22,558.31,8.78,1634.64,3904.35,110.44,2356.59,12.33,308.26,371.05,61.14,36.29,13.97,135.07,109.04,10.57,70.96,575.72,28.43,11.40,17.34,0.16,0.74,0.67,0.06,0.01,9.75,0.23,9.47,1.36,1.76,2.96,5.56,3.95,1.45,3.42,90.32,2.57,0.82,2.36,3.65,false
2024-07-19,"Breakfast",245.50,0.00,0.00,0.00,0.00,137.56,0.18,0.41,0.61,0.70,0.23,0.56,80.80,76.77,0.00,43.50,1.40,0.15,48.80,0.28,2.68,94.60,0.90,298.80,303.80,19.32,71.80,2.05,26.46,30.38,3.92,0.00,0.00,24.68,1.78,0.00,7.99,186.50,2.78,2.22,1.96,0.00,0.17,0.01,0.04,0.00,2.02,0.07,0.58,0.23,0.33,0.56,0.90,0.79,0.33,0.59,12.45,0.49,0.15,0.37,0.64,false
2024-07-19,"Lunch",855.10,0.00,0.00,172.62,248.55,648.79,0.44,0.58,6.82,2.77,1.26,0.43,134.30,248.63,77.46,30.72,5.70,130.40,522.55,0.92,17.52,199.10,2.43,467.20,2821.80,8.02,2092.25,4.21,108.21,143.76,35.37,11.02,4.08,40.87,25.57,0.00,11.76,9.60,1.55,1.05,2.01,0.09,0.27,0.27,0.00,0.00,0.28,0.00,0.28,0.14,0.30,0.53,0.86,0.80,0.21,0.56,50.40,0.51,0.17,0.44,0.68,false
2024-07-19,"Total",1100.60,0.00,0.00,172.62,248.55,786.35,0.62,0.99,7.43,3.46,1.49,0.99,215.10,325.40,77.46,74.22,7.10,130.55,571.35,1.20,20.20,293.70,3.32,766.00,3125.60,27.34,2164.05,6.26,134.66,174.14,39.29,11.02,4.08,65.55,27.35,0.00,19.75,196.10,4.33,3.27,3.97,0.09,0.45,0.28,0.04,0.00,2.30,0.08,0.86,0.38,0.63,1.09,1.76,1.58,0.54,1.15,62.85,0.99,0.32,0.81,1.32,false
2024-07-20,"Total",,,,,,,,,,,,,,,,,,,,,,,,,,,,,,,,,,,,,,,,,,,,,,,,,,,,,,,,,,,,,,false
2024-07-21,"Breakfast",157.11,0.00,24.73,104.76,288.87,111.55,0.03,0.06,0.35,0.11,0.07,0.00,28.14,3.52,5.98,0.00,0.28,3.13,21.56,0.44,2.11,60.15,0.46,93.21,302.94,1.54,94.56,0.78,19.93,30.68,9.70,5.31,1.79,1.41,16.30,0.00,3.64,0.00,1.80,0.11,0.90,0.00,0.01,0.01,0.00,0.00,0.10,0.00,0.10,0.03,0.04,0.09,0.14,0.12,0.02,0.11,8.95,0.09,0.03,0.08,0.14,false
2024-07-21,"Total",157.11,0.00,24.73,104.76,288.87,111.55,0.03,0.06,0.35,0.11,0.07,0.00,28.14,3.52,5.98,0.00,0.28,3.13,21.56,0.44,2.11,60.15,0.46,93.21,302.94,1.54,94.56,0.78,19.93,30.68,9.70,5.31,1.79,1.41,16.30,0.00,3.64,0.00,1.80,0.11,0.90,0.00,0.01,0.01,0.00,0.00,0.10,0.00,0.10,0.03,0.04,0.09,0.14,0.12,0.02,0.11,8.95,0.09,0.03,0.08,0.14,false
2024-07-22,"Total",,,,,,,,,,,,,,,,,,,,,,,,,,,,,,,,,,,,,,,,,,,,,,,,,,,,,,,,,,,,,,false
2024-07-23,"Breakfast",1015.65,0.00,0.00,369.80,732.90,592.84,8.86,8.60,51.42,3.90,10.39,18.82,928.64,2101.82,155.91,0.38,9.46,166.53,405.24,1.32,12.18,278.82,3.50,700.39,3255.61,20.68,2198.61,4.90,124.77,169.69,44.38,34.98,5.93,74.96,26.55,0.00,19.14,1.32,11.19,4.33,2.75,0.03,0.76,0.76,0.00,0.00,2.74,0.00,2.74,0.43,0.90,1.62,2.88,2.14,0.54,2.05,46.47,1.45,0.49,1.02,2.09,false
2024-07-23,"Total",1015.65,0.00,0.00,369.80,732.90,592.84,8.86,8.60,51.42,3.90,10.39,18.82,928.64,2101.82,155.91,0.38,9.46,166.53,405.24,1.32,12.18,278.82,3.50,700.39,3255.61,20.68,2198.61,4.90,124.77,169.69,44.38,34.98,5.93,74.96,26.55,0.00,19.14,1.32,11.19,4.33,2.75,0.03,0.76,0.76,0.00,0.00,2.74,0.00,2.74,0.43,0.90,1.62,2.88,2.14,0.54,2.05,46.47,1.45,0.49,1.02,2.09,false
2024-07-24,"Lunch",520.50,0.00,0.00,0.00,0.00,283.79,0.36,1.03,1.08,2.10,0.48,1.67,166.80,227.60,0.00,130.50,3.06,0.45,115.80,0.48,5.36,168.60,1.55,622.80,601.80,52.92,202.80,4.19,46.07,52.80,6.72,0.00,0.00,42.31,3.77,0.00,20.52,559.50,7.38,4.71,5.45,0.00,0.34,0.04,0.09,0.01,4.31,0.22,1.73,0.59,0.75,1.41,2.24,1.93,0.82,1.45,29.43,1.22,0.35,0.97,1.59,false
2024-07-24,"Total",520.50,0.00,0.00,0.00,0.00,283.79,0.36,1.03,1.08,2.10,0.48,1.67,166.80,227.60,0.00,130.50,3.06,0.45,115.80,0.48,5.36,168.60,1.55,622.80,601.80,52.92,202.80,4.19,46.07,52.80,6.72,0.00,0.00,42.31,3.77,0.00,20.52,559.50,7.38,4.71,5.45,0.00,0.34,0.04,0.09,0.01,4.31,0.22,1.73,0.59,0.75,1.41,2.24,1.93,0.82,1.45,29.43,1.22,0.35,0.97,1.59,false
2024-07-25,"Breakfast",163.84,0.00,12.36,52.93,111.74,247.37,0.07,0.52,0.94,0.72,0.17,1.19,34.26,3.21,48.54,0.00,0.47,9.53,213.30,0.28,1.20,57.80,0.67,293.33,478.38,17.94,62.33,1.39,16.55,21.18,4.47,3.61,0.86,0.71,13.35,0.00,1.66,8.50,0.37,0.22,0.64,0.01,0.07,0.07,0.00,0.00,0.14,0.00,0.14,0.16,0.53,0.96,1.86,1.49,0.52,0.95,19.33,0.76,0.25,0.93,1.22,false
2024-07-25,"Total",163.84,0.00,12.36,52.93,111.74,247.37,0.07,0.52,0.94,0.72,0.17,1.19,34.26,3.21,48.54,0.00,0.47,9.53,213.30,0.28,1.20,57.80,0.67,293.33,478.38,17.94,62.33,1.39,16.55,21.18,4.47,3.61,0.86,0.71,13.35,0.00,1.66,8.50,0.37,0.22,0.64,0.01,0.07,0.07,0.00,0.00,0.14,0.00,0.14,0.16,0.53,0.96,1.86,1.49,0.52,0.95,19.33,0.76,0.25,0.93,1.22,false
2024-07-26,"Total",,,,,,,,,,,,,,,,,,,,,,,,,,,,,,,,,,,,,,,,,,,,,,,,,,,,,,,,,,,,,,false
2024-07-27,"Dinner",199.84,0.00,0.00,78.32,42.55,289.22,0.18,0.19,2.42,0.99,0.32,0.00,75.91,1150.48,69.80,0.00,1.40,10.86,89.49,0.18,0.56,42.03,0.26,98.78,756.77,0.84,108.26,0.50,40.58,50.03,8.75,6.01,2.78,1.77,33.15,0.00,0.80,0.00,0.07,0.26,0.11,0.00,0.02,0.02,0.00,0.00,0.06,0.00,0.06,0.13,0.07,0.12,0.17,0.18,0.04,0.11,3.23,0.27,0.03,0.07,0.13,false
2024-07-27,"Total",199.84,0.00,0.00,78.32,42.55,289.22,0.18,0.19,2.42,0.99,0.32,0.00,75.91,1150.48,69.80,0.00,1.40,10.86,89.49,0.18,0.56,42.03,0.26,98.78,756.77,0.84,108.26,0.50,40.58,50.03,8.75,6.01,2.78,1.77,33.15,0.00,0.80,0.00,0.07,0.26,0.11,0.00,0.02,0.02,0.00,0.00,0.06,0.00,0.06,0.13,0.07,0.12,0.17,0.18,0.04,0.11,3.23,0.27,0.03,0.07,0.13,false
2024-07-28,"Breakfast",219.63,0.00,0.00,41.91,484.45,238.16,0.26,0.08,3.67,0.64,0.20,0.00,25.52,0.28,0.00,0.00,0.68,1.28,26.74,0.32,2.14,86.92,2.68,193.44,243.83,47.49,295.61,1.80,39.61,47.81,8.19,6.84,1.36,39.34,0.27,0.00,1.03,0.00,0.13,0.42,0.18,0.00,0.02,0.02,0.00,0.00,0.40,0.00,0.40,0.22,0.19,0.31,0.57,0.22,0.14,0.40,8.47,0.24,0.11,0.26,0.37,false
2024-07-28,"Lunch",195.00,0.00,0.00,3.60,67.23,102.66,0.24,0.02,2.21,0.59,0.14,0.00,64.20,0.00,0.00,0.00,0.06,0.00,15.00,0.10,1.80,18.00,0.71,64.50,52.50,11.25,1.50,0.74,41.72,42.26,0.51,0.51,0.00,34.50,0.05,0.00,0.42,0.00,0.13,0.11,0.12,0.00,0.02,0.02,0.00,0.00,0.09,0.00,0.09,0.08,0.09,0.17,0.33,0.15,0.09,0.22,4.04,0.14,0.05,0.14,0.25,false
2024-07-28,"Total",414.63,0.00,0.00,45.51,551.68,340.82,0.50,0.10,5.88,1.23,0.34,0.00,89.72,0.28,0.00,0.00,0.74,1.28,41.74,0.42,3.94,104.92,3.38,257.94,296.33,58.74,297.11,2.54,81.33,90.06,8.70,7.35,1.36,73.84,0.32,0.00,1.45,0.00,0.27,0.54,0.30,0.00,0.04,0.04,0.00,0.00,0.50,0.00,0.50,0.30,0.29,0.48,0.91,0.37,0.23,0.61,12.50,0.39,0.15,0.39,0.62,false
2024-07-29,"Breakfast",323.41,0.00,0.00,76.91,83.07,316.34,0.32,0.14,3.63,1.23,0.47,0.00,109.15,30.50,153.90,0.00,2.28,0.17,118.60,0.31,0.54,86.33,0.64,116.66,948.88,1.97,2.74,0.78,51.70,61.52,8.97,4.71,4.24,4.89,44.86,1.26,8.94,0.00,4.28,2.17,1.84,0.01,0.05,0.05,0.00,0.00,2.07,0.00,2.07,0.07,0.20,0.19,0.36,0.27,0.10,0.31,6.92,0.15,0.07,0.18,0.27,false
2024-07-29,"Total",323.41,0.00,0.00,76.91,83.07,316.34,0.32,0.14,3.63,1.23,0.47,0.00,109.15,30.50,153.90,0.00,2.28,0.17,118.60,0.31,0.54,86.33,0.64,116.66,948.88,1.97,2.74,0.78,51.70,61.52,8.97,4.71,4.24,4.89,44.86,1.26,8.94,0.00,4.28,2.17,1.84,0.01,0.05,0.05,0.00,0.00,2.07,0.00,2.07,0.07,0.20,0.19,0.36,0.27,0.10,0.31,6.92,0.15,0.07,0.18,0.27,false
2024-07-30,"Breakfast",877.20,0.00,33.33,166.81,994.30,523.78,5.34,5.88,31.14,4.03,6.41,13.77,407.74,359.48,119.12,198.91,2.00,48.90,448.67,1.28,8.00,299.56,3.59,940.40,1947.89,70.34,320.59,6.05,94.21,113.96,19.60,11.93,6.17,39.81,44.63,5.03,30.88,431.20,9.65,6.12,10.94,0.19,2.16,2.11,0.04,0.01,3.88,0.17,3.69,0.78,1.02,1.90,3.28,2.60,0.90,2.14,44.75,1.70,0.52,1.54,2.32,false
2024-07-30,"Lunch",1120.25,0.00,0.00,231.11,1553.18,718.77,1.31,0.79,12.98,2.46,0.99,0.00,633.57,38.02,65.20,0.00,2.64,8.49,296.25,1.47,14.12,355.70,5.11,927.69,2323.18,93.78,4136.32,7.64,153.06,204.98,51.56,46.74,4.86,129.11,20.85,0.00,9.71,0.00,1.82,4.45,1.60,0.00,0.74,0.74,0.00,0.00,2.09,0.00,2.09,0.65,1.20,2.06,4.05,2.65,0.74,2.59,66.38,1.58,0.58,1.26,2.61,false
2024-07-30,"Dinner",674.92,0.00,0.00,317.75,15.14,423.32,0.43,0.46,5.81,3.52,1.11,0.00,112.30,3488.49,89.43,0.00,3.17,105.02,333.51,0.67,7.64,144.76,2.12,253.42,2151.68,0.99,909.23,1.65,71.84,85.81,13.62,10.30,3.32,24.67,33.24,0.00,12.45,112.50,0.07,0.64,5.27,0.00,0.16,0.16,0.00,0.00,0.00,0.00,0.00,0.10,0.15,0.26,0.43,0.31,0.13,0.42,54.90,0.40,0.14,0.16,0.40,false
2024-07-30,"Total",2672.37,0.00,33.33,715.66,2562.62,1665.87,7.09,7.12,49.93,10.01,8.52,13.77,1153.61,3885.99,273.75,198.91,7.80,162.42,1078.43,3.42,29.77,800.02,10.83,2121.51,6422.75,165.10,5366.14,15.33,319.11,404.75,84.77,68.96,14.34,193.60,98.72,5.03,53.05,543.70,11.53,11.21,17.81,0.19,3.05,3.00,0.04,0.01,5.96,0.17,5.78,1.53,2.37,4.22,7.76,5.56,1.77,5.15,166.03,3.68,1.24,2.97,5.33,false
2024-07-31,"'-",15.30,,,,,,,,,,,,,,5.02,0.00,,20.99,17.85,,0.00,,,,136.00,,15.30,,1.98,3.00,1.02,,,,2.00,,0.00,0.00,,,0.00,0.00,,,,,,,,,,,,,,,1.00,,,,,false
2024-07-31,"Breakfast",481.25,0.00,24.73,133.49,836.75,118.02,0.41,0.32,4.67,1.39,0.35,0.15,78.99,11.39,49.54,0.00,2.58,14.67,241.25,1.00,5.56,214.65,3.17,555.11,883.11,20.97,216.15,3.82,46.53,61.80,15.09,10.83,4.26,26.83,14.82,2.62,10.75,1.56,3.53,4.10,2.32,0.01,1.06,1.05,0.00,0.00,3.03,0.00,3.03,0.79,0.88,1.91,3.55,2.90,0.71,1.72,42.07,1.83,0.72,1.23,2.08,false
2024-07-31,"Total",496.55,0.00,24.73,133.49,836.75,118.02,0.41,0.32,4.67,1.39,0.35,0.15,78.99,11.39,54.56,0.00,2.58,35.67,259.10,1.00,5.56,214.65,3.17,555.11,1019.11,20.97,231.45,3.82,48.51,64.80,16.11,10.83,4.26,26.83,16.82,2.62,10.75,1.56,3.53,4.10,2.32,0.01,1.06,1.05,0.00,0.00,3.03,0.00,3.03,0.79,0.88,1.91,3.55,2.90,0.71,1.72,43.07,1.83,0.72,1.23,2.08,false
2024-08-01,"Breakfast",143.14,0.00,0.00,1.97,9.86,111.75,0.10,0.11,0.54,0.34,0.14,0.08,31.78,6.66,49.38,0.00,0.53,11.83,116.33,0.05,1.32,61.91,0.49,80.65,253.12,1.87,58.16,0.49,12.11,17.78,5.52,2.26,0.46,0.05,9.99,0.00,1.55,0.86,0.13,0.32,0.25,0.00,0.09,0.09,0.00,0.00,0.22,0.00,0.22,0.25,0.27,0.67,1.30,1.16,0.25,0.46,16.62,0.69,0.28,0.36,0.68,false
2024-08-01,"Total",143.14,0.00,0.00,1.97,9.86,111.75,0.10,0.11,0.54,0.34,0.14,0.08,31.78,6.66,49.38,0.00,0.53,11.83,116.33,0.05,1.32,61.91,0.49,80.65,253.12,1.87,58.16,0.49,12.11,17.78,5.52,2.26,0.46,0.05,9.99,0.00,1.55,0.86,0.13,0.32,0.25,0.00,0.09,0.09,0.00,0.00,0.22,0.00,0.22,0.25,0.27,0.67,1.30,1.16,0.25,0.46,16.62,0.69,0.28,0.36,0.68,false
2024-08-02,"Total",,,,,,,,,,,,,,,,,,,,,,,,,,,,,,,,,,,,,,,,,,,,,,,,,,,,,,,,,,,,,,false
2024-08-03,"Total",,,,,,,,,,,,,,,,,,,,,,,,,,,,,,,,,,,,,,,,,,,,,,,,,,,,,,,,,,,,,,false
2024-08-04,"Total",,,,,,,,,,,,,,,,,,,,,,,,,,,,,,,,,,,,,,,,,,,,,,,,,,,,,,,,,,,,,,false
2024-08-05,"'-",315.00,0.00,0.00,306.60,11.20,265.23,0.37,0.37,5.20,3.09,1.00,0.00,21.00,3363.06,68.60,0.00,2.49,8.05,133.00,0.56,2.42,94.50,1.74,189.00,1662.50,0.70,126.00,1.12,60.61,72.49,11.55,8.51,3.05,24.67,22.68,0.00,0.53,0.00,0.01,0.32,0.18,0.00,0.01,0.01,0.00,0.00,0.00,0.00,0.00,0.10,0.14,0.25,0.41,0.29,0.13,0.40,7.04,0.37,0.14,0.15,0.39,false
2024-08-05,"Total",315.00,0.00,0.00,306.60,11.20,265.23,0.37,0.37,5.20,3.09,1.00,0.00,21.00,3363.06,68.60,0.00,2.49,8.05,133.00,0.56,2.42,94.50,1.74,189.00,1662.50,0.70,126.00,1.12,60.61,72.49,11.55,8.51,3.05,24.67,22.68,0.00,0.53,0.00,0.01,0.32,0.18,0.00,0.01,0.01,0.00,0.00,0.00,0.00,0.00,0.10,0.14,0.25,0.41,0.29,0.13,0.40,7.04,0.37,0.14,0.15,0.39,false
2024-08-06,"'-",311.60,0.00,0.00,23.10,455.31,239.93,0.28,0.16,3.51,0.81,0.61,0.00,150.69,154.98,104.27,0.00,5.72,12.66,115.05,0.69,2.73,123.39,0.87,228.43,649.16,21.28,7.84,1.59,41.01,51.73,10.27,7.26,3.03,1.92,39.47,0.00,11.51,0.00,2.80,6.59,1.28,0.01,3.52,3.52,0.00,0.00,3.06,0.00,3.06,0.10,0.20,0.33,0.52,0.43,0.15,0.36,7.12,0.31,0.13,0.20,0.41,false
2024-08-06,"Total",311.60,0.00,0.00,23.10,455.31,239.93,0.28,0.16,3.51,0.81,0.61,0.00,150.69,154.98,104.27,0.00,5.72,12.66,115.05,0.69,2.73,123.39,0.87,228.43,649.16,21.28,7.84,1.59,41.01,51.73,10.27,7.26,3.03,1.92,39.47,0.00,11.51,0.00,2.80,6.59,1.28,0.01,3.52,3.52,0.00,0.00,3.06,0.00,3.06,0.10,0.20,0.33,0.52,0.43,0.15,0.36,7.12,0.31,0.13,0.20,0.41,false
2024-08-07,"'-",254.76,0.00,9.27,65.98,254.58,102.81,0.19,0.34,1.18,0.99,0.18,0.55,37.56,455.67,3.05,22.65,0.75,5.56,173.86,0.30,2.05,73.61,1.15,283.66,466.76,15.94,132.23,1.82,26.34,32.49,6.01,3.85,1.81,14.84,9.90,4.11,5.08,60.98,1.55,1.03,1.73,0.03,0.05,0.05,0.01,0.00,0.89,0.02,0.86,0.45,0.48,1.07,1.99,1.70,0.45,0.90,21.91,1.06,0.38,0.70,1.18,false
2024-08-07,"Breakfast",162.80,0.00,0.00,,,,,,,,,,,,,,,,,,,,,,,,330.00,,19.25,41.25,22.00,,,,4.40,,1.38,,,,0.28,,,,,,,,,,,,,,,,7.43,,,,,false
2024-08-07,"Lunch",1032.54,0.00,0.00,43.37,1727.18,234.89,1.10,1.17,3.92,5.61,0.77,1.67,250.25,236.04,14.36,130.50,5.45,37.12,139.72,0.60,6.84,238.58,4.50,896.63,1440.92,80.75,762.06,5.02,96.33,129.99,33.57,14.24,8.44,34.57,8.86,0.00,52.36,559.50,23.89,7.16,10.07,0.00,0.38,0.31,0.06,0.01,6.71,0.22,6.45,0.91,0.83,1.67,2.87,2.14,0.90,1.84,48.06,1.40,0.52,1.35,2.04,false
2024-08-07,"Dinner",489.50,0.00,0.00,94.41,885.80,513.78,0.54,0.42,6.22,1.51,0.66,0.00,127.85,1743.22,19.65,0.00,3.23,93.80,467.24,0.85,6.86,194.35,3.83,557.11,1148.43,24.66,588.93,4.69,63.59,82.59,18.29,14.63,3.68,41.68,17.39,0.00,9.33,0.00,2.19,3.99,1.74,0.00,0.43,0.43,0.00,0.00,3.25,0.00,3.25,0.45,0.74,1.33,2.27,1.33,0.43,1.43,29.13,1.41,0.34,0.99,1.46,false
2024-08-07,"Snacks",420.45,0.00,24.73,124.87,342.45,134.91,0.26,0.24,2.76,0.95,0.34,0.18,71.15,90.13,36.28,0.00,1.42,6.96,257.54,0.64,3.16,124.54,0.81,316.44,926.44,9.13,195.95,2.24,38.88,48.89,9.86,6.26,1.28,2.89,30.76,0.00,12.07,1.87,5.48,3.32,2.42,0.00,0.10,0.10,0.00,0.00,3.21,0.00,3.21,0.62,0.74,1.72,3.23,2.82,0.64,1.34,37.49,1.72,0.69,1.00,1.82,false
2024-08-07,"Total",2360.05,0.00,34.00,328.62,3210.01,986.38,2.08,2.17,14.08,9.06,1.96,2.40,486.80,2525.06,73.34,153.15,10.85,143.45,1038.36,2.39,18.91,631.07,10.30,2053.85,3982.56,130.48,2009.18,13.78,244.39,335.20,89.72,38.97,15.20,93.98,71.31,4.11,80.22,622.35,33.11,15.50,16.23,0.03,0.96,0.89,0.06,0.01,14.05,0.25,13.77,2.43,2.79,5.78,10.36,7.98,2.42,5.50,144.01,5.58,1.93,4.04,6.50,false
2024-08-08,"Total",,,,,,,,,,,,,,,,,,,,,,,,,,,,,,,,,,,,,,,,,,,,,,,,,,,,,,,,,,,,,,false
2024-08-09,"Total",,,,,,,,,,,,,,,,,,,,,,,,,,,,,,,,,,,,,,,,,,,,,,,,,,,,,,,,,,,,,,false
2024-08-10,"Total",,,,,,,,,,,,,,,,,,,,,,,,,,,,,,,,,,,,,,,,,,,,,,,,,,,,,,,,,,,,,,false
2024-08-11,"Total",,,,,,,,,,,,,,,,,,,,,,,,,,,,,,,,,,,,,,,,,,,,,,,,,,,,,,,,,,,,,,false
2024-08-12,"Lunch",588.60,0.00,0.00,311.83,16.28,329.13,0.39,0.42,5.90,3.31,1.07,0.00,27.30,3378.26,73.50,0.00,3.49,10.01,142.80,0.64,3.09,105.00,1.82,207.90,1870.40,1.12,459.40,1.27,79.27,92.20,12.60,9.08,3.54,24.81,30.69,0.00,1.46,0.00,0.04,0.41,0.37,0.00,0.02,0.02,0.00,0.00,0.00,0.00,0.00,0.11,0.15,0.26,0.44,0.32,0.14,0.43,47.88,0.40,0.15,0.17,0.40,false
2024-08-12,"Total",588.60,0.00,0.00,311.83,16.28,329.13,0.39,0.42,5.90,3.31,1.07,0.00,27.30,3378.26,73.50,0.00,3.49,10.01,142.80,0.64,3.09,105.00,1.82,207.90,1870.40,1.12,459.40,1.27,79.27,92.20,12.60,9.08,3.54,24.81,30.69,0.00,1.46,0.00,0.04,0.41,0.37,0.00,0.02,0.02,0.00,0.00,0.00,0.00,0.00,0.11,0.15,0.26,0.44,0.32,0.14,0.43,47.88,0.40,0.15,0.17,0.40,false
2024-08-13,"Breakfast",297.95,0.00,0.00,4.76,5.39,182.38,6.32,6.89,35.55,1.65,7.43,16.22,418.92,195.51,12.72,95.70,1.54,6.39,70.09,0.07,4.04,22.55,0.16,216.77,578.53,34.05,173.62,1.34,10.83,18.33,7.43,1.11,0.28,0.00,4.60,0.00,11.85,410.30,4.51,1.62,3.63,0.00,0.08,0.03,0.04,0.01,1.44,0.16,1.27,0.33,0.34,0.77,1.21,1.03,0.44,0.76,23.91,0.69,0.18,0.58,0.86,false
2024-08-13,"Snacks",241.84,0.00,24.73,117.77,327.70,181.03,0.15,0.31,3.02,0.96,0.39,0.64,44.44,2.54,16.73,0.00,0.37,1.07,130.34,0.69,1.93,127.86,1.11,295.33,852.29,11.46,104.70,1.81,37.36,44.72,7.32,5.46,1.86,6.74,26.84,1.61,3.36,4.59,1.21,0.40,1.30,0.01,0.04,0.04,0.00,0.00,0.35,0.00,0.35,0.16,0.49,0.78,1.46,1.13,0.36,0.87,17.19,0.66,0.21,0.73,0.99,false
2024-08-13,"Total",539.79,0.00,24.73,122.53,333.09,363.41,6.46,7.20,38.57,2.60,7.82,16.86,463.36,198.05,29.45,95.70,1.91,7.45,200.43,0.77,5.97,150.41,1.27,512.10,1430.82,45.51,278.32,3.15,48.20,63.05,14.75,6.57,2.13,6.74,31.44,1.61,15.21,414.89,5.72,2.02,4.93,0.01,0.12,0.08,0.04,0.01,1.80,0.16,1.63,0.49,0.84,1.55,2.67,2.15,0.79,1.63,41.10,1.35,0.39,1.31,1.86,false
2024-08-14,"Snacks",1432.02,0.00,49.45,578.25,1900.53,764.57,1.49,1.58,9.99,6.47,1.91,1.96,274.40,3827.73,212.69,0.47,9.75,26.49,717.72,2.36,11.90,474.57,6.99,1430.69,3786.39,72.52,1614.45,7.86,224.59,265.41,39.77,25.51,11.29,84.97,85.36,0.00,17.62,15.46,6.71,4.40,4.41,0.02,0.41,0.41,0.00,0.00,3.67,0.00,3.67,1.29,1.98,3.88,7.36,5.88,1.74,3.88,90.51,3.57,1.40,3.06,4.72,false
2024-08-14,"Total",1432.02,0.00,49.45,578.25,1900.53,764.57,1.49,1.58,9.99,6.47,1.91,1.96,274.40,3827.73,212.69,0.47,9.75,26.49,717.72,2.36,11.90,474.57,6.99,1430.69,3786.39,72.52,1614.45,7.86,224.59,265.41,39.77,25.51,11.29,84.97,85.36,0.00,17.62,15.46,6.71,4.40,4.41,0.02,0.41,0.41,0.00,0.00,3.67,0.00,3.67,1.29,1.98,3.88,7.36,5.88,1.74,3.88,90.51,3.57,1.40,3.06,4.72,false
2024-08-15,"Breakfast",787.13,0.00,0.00,187.11,2305.51,215.82,0.84,0.55,3.59,2.72,1.13,0.00,436.83,593.83,209.16,0.00,2.14,11.19,344.44,1.89,14.27,384.09,5.10,916.03,3414.07,26.91,1435.40,7.15,97.78,124.09,24.99,11.20,9.31,2.02,25.60,0.00,1.46,0.00,0.22,0.62,0.21,0.00,0.10,0.10,0.00,0.00,0.45,0.00,0.45,0.73,1.75,2.79,4.65,3.93,0.84,3.25,71.28,2.55,0.87,2.27,3.00,false
2024-08-15,"Total",787.13,0.00,0.00,187.11,2305.51,215.82,0.84,0.55,3.59,2.72,1.13,0.00,436.83,593.83,209.16,0.00,2.14,11.19,344.44,1.89,14.27,384.09,5.10,916.03,3414.07,26.91,1435.40,7.15,97.78,124.09,24.99,11.20,9.31,2.02,25.60,0.00,1.46,0.00,0.22,0.62,0.21,0.00,0.10,0.10,0.00,0.00,0.45,0.00,0.45,0.73,1.75,2.79,4.65,3.93,0.84,3.25,71.28,2.55,0.87,2.27,3.00,false
2024-08-16,"Total",,,,,,,,,,,,,,,,,,,,,,,,,,,,,,,,,,,,,,,,,,,,,,,,,,,,,,,,,,,,,,false
2024-08-17,"Total",,,,,,,,,,,,,,,,,,,,,,,,,,,,,,,,,,,,,,,,,,,,,,,,,,,,,,,,,,,,,,false
2024-08-18,"Total",,,,,,,,,,,,,,,,,,,,,,,,,,,,,,,,,,,,,,,,,,,,,,,,,,,,,,,,,,,,,,false
2024-08-19,"Total",,,,,,,,,,,,,,,,,,,,,,,,,,,,,,,,,,,,,,,,,,,,,,,,,,,,,,,,,,,,,,false
2024-08-20,"Total",,,,,,,,,,,,,,,,,,,,,,,,,,,,,,,,,,,,,,,,,,,,,,,,,,,,,,,,,,,,,,false
2024-08-21,"Total",,,,,,,,,,,,,,,,,,,,,,,,,,,,,,,,,,,,,,,,,,,,,,,,,,,,,,,,,,,,,,false
2024-08-22,"Total",,,,,,,,,,,,,,,,,,,,,,,,,,,,,,,,,,,,,,,,,,,,,,,,,,,,,,,,,,,,,,false
2024-08-23,"Total",,,,,,,,,,,,,,,,,,,,,,,,,,,,,,,,,,,,,,,,,,,,,,,,,,,,,,,,,,,,,,false
2024-08-24,"Total",,,,,,,,,,,,,,,,,,,,,,,,,,,,,,,,,,,,,,,,,,,,,,,,,,,,,,,,,,,,,,false
2024-08-25,"Total",,,,,,,,,,,,,,,,,,,,,,,,,,,,,,,,,,,,,,,,,,,,,,,,,,,,,,,,,,,,,,false
2024-08-26,"Total",,,,,,,,,,,,,,,,,,,,,,,,,,,,,,,,,,,,,,,,,,,,,,,,,,,,,,,,,,,,,,false
2024-08-27,"Total",,,,,,,,,,,,,,,,,,,,,,,,,,,,,,,,,,,,,,,,,,,,,,,,,,,,,,,,,,,,,,false
2024-08-28,"Breakfast",736.32,0.00,0.00,175.79,544.86,546.61,0.70,0.51,8.10,2.93,1.39,0.05,281.96,22.69,50.15,0.24,4.19,9.17,207.42,1.12,10.33,225.79,2.18,610.95,3018.78,12.24,1355.77,5.26,110.25,137.03,26.53,22.48,4.07,90.89,15.06,0.00,13.55,0.83,7.55,3.30,2.01,0.02,0.39,0.39,0.00,0.00,1.90,0.00,1.90,0.31,0.63,1.07,2.12,1.64,0.40,1.31,25.50,0.90,0.31,0.82,1.38,false
2024-08-28,"Total",736.32,0.00,0.00,175.79,544.86,546.61,0.70,0.51,8.10,2.93,1.39,0.05,281.96,22.69,50.15,0.24,4.19,9.17,207.42,1.12,10.33,225.79,2.18,610.95,3018.78,12.24,1355.77,5.26,110.25,137.03,26.53,22.48,4.07,90.89,15.06,0.00,13.55,0.83,7.55,3.30,2.01,0.02,0.39,0.39,0.00,0.00,1.90,0.00,1.90,0.31,0.63,1.07,2.12,1.64,0.40,1.31,25.50,0.90,0.31,0.82,1.38,false
2024-08-29,"Breakfast",385.62,0.00,12.36,136.77,810.21,28.01,0.40,0.29,2.65,0.94,0.48,0.15,64.72,11.10,3.61,0.00,5.30,4.48,233.46,0.63,5.06,168.49,4.95,416.19,653.25,25.49,108.43,4.78,19.59,32.12,12.49,9.38,1.51,10.10,5.20,0.00,15.48,1.56,3.01,7.71,2.41,0.01,2.30,2.30,0.00,0.00,5.40,0.00,5.40,0.60,0.74,1.60,3.00,2.61,0.64,1.26,35.46,1.59,0.65,0.95,1.75,false
2024-08-29,"Total",385.62,0.00,12.36,136.77,810.21,28.01,0.40,0.29,2.65,0.94,0.48,0.15,64.72,11.10,3.61,0.00,5.30,4.48,233.46,0.63,5.06,168.49,4.95,416.19,653.25,25.49,108.43,4.78,19.59,32.12,12.49,9.38,1.51,10.10,5.20,0.00,15.48,1.56,3.01,7.71,2.41,0.01,2.30,2.30,0.00,0.00,5.40,0.00,5.40,0.60,0.74,1.60,3.00,2.61,0.64,1.26,35.46,1.59,0.65,0.95,1.75,false
2024-08-30,"'-",659.95,0.00,0.00,50.42,121.35,467.91,0.65,0.78,7.63,2.14,0.63,1.00,125.70,293.97,63.60,0.00,6.48,118.54,491.79,0.58,4.83,155.80,3.38,626.80,1231.79,57.27,1164.99,3.91,59.75,73.05,13.12,6.28,1.85,37.50,17.70,5.33,22.13,24.00,7.72,4.89,6.50,0.03,0.31,0.31,0.00,0.00,2.82,0.01,2.81,0.33,0.85,1.49,2.75,2.08,0.65,1.55,45.07,1.26,0.43,1.43,1.83,false
2024-08-30,"Snacks",288.00,0.00,0.00,33.30,202.48,1.39,0.36,0.06,2.32,0.51,0.12,0.00,40.95,0.42,0.35,0.00,1.54,0.61,23.55,0.27,0.87,58.50,2.29,126.15,205.35,8.13,0.15,1.19,6.27,9.49,3.20,3.15,0.12,0.75,1.99,0.00,27.22,0.00,16.68,5.68,3.35,0.00,0.18,0.18,0.00,0.00,5.31,0.00,5.31,0.07,0.16,0.22,0.42,0.18,0.07,0.35,6.14,0.22,0.06,0.26,0.26,false
2024-08-30,"Total",947.95,0.00,0.00,83.72,323.83,469.30,1.01,0.84,9.96,2.65,0.75,1.00,166.65,294.39,63.95,0.00,8.02,119.15,515.34,0.85,5.70,214.30,5.67,752.95,1437.14,65.40,1165.14,5.09,66.02,82.55,16.32,9.43,1.97,38.24,19.69,5.33,49.35,24.00,24.40,10.57,9.85,0.03,0.50,0.50,0.00,0.00,8.13,0.01,8.12,0.40,1.01,1.71,3.16,2.25,0.72,1.91,51.21,1.48,0.49,1.69,2.10,false
2024-08-31,"Breakfast",55.30,0.00,0.00,1.31,175.64,0.50,0.13,0.03,0.92,0.10,0.06,0.00,11.00,0.06,0.05,0.00,0.08,0.59,7.00,0.16,0.79,70.00,0.76,165.00,120.00,2.58,0.50,0.99,0.47,0.87,0.40,0.32,0.08,0.00,0.15,0.00,4.87,0.00,0.54,3.81,0.46,0.00,0.93,0.87,0.00,0.00,2.87,0.00,2.74,0.07,0.10,0.13,0.22,0.13,0.09,0.14,3.16,0.13,0.04,0.13,0.18,false
2024-08-31,"Lunch",122.16,0.00,0.00,0.68,0.70,32.66,0.03,0.09,0.14,0.32,0.04,0.08,35.10,69.78,14.80,0.00,0.17,38.47,172.91,0.03,1.14,24.66,0.11,69.72,208.94,1.48,71.32,0.49,12.76,15.71,2.94,0.48,0.08,0.00,10.38,0.00,0.62,0.78,0.08,0.23,0.15,0.00,0.07,0.07,0.00,0.00,0.10,0.00,0.10,0.21,0.23,0.59,1.14,1.03,0.22,0.39,13.64,0.60,0.25,0.31,0.59,false
2024-08-31,"Dinner",48.60,0.00,0.00,22.74,104.96,0.58,0.02,0.00,0.61,0.06,0.14,0.00,4.90,0.22,0.16,0.00,0.05,0.37,63.10,0.09,1.64,39.00,0.27,86.00,40.70,5.52,1.60,0.46,0.77,4.21,3.44,3.00,0.44,0.61,0.09,0.00,3.07,0.00,0.23,2.37,0.38,0.01,1.78,1.78,0.00,0.00,0.58,0.00,0.58,0.04,0.05,0.08,0.14,0.10,0.06,0.10,1.65,0.07,0.04,0.06,0.10,false
2024-08-31,"Total",226.06,0.00,0.00,24.73,281.30,33.74,0.18,0.12,1.67,0.48,0.24,0.08,51.00,70.06,15.01,0.00,0.30,39.43,243.01,0.28,3.58,133.66,1.15,320.71,369.63,9.58,73.42,1.94,14.00,20.79,6.78,3.80,0.60,0.61,10.63,0.00,8.57,0.78,0.85,6.41,0.99,0.01,2.79,2.72,0.00,0.00,3.55,0.00,3.42,0.32,0.38,0.80,1.49,1.25,0.38,0.64,18.45,0.80,0.33,0.49,0.86,false
2024-09-01,"Breakfast",243.03,0.00,12.36,65.93,338.26,4.23,0.16,0.17,0.75,0.65,0.15,0.14,14.87,8.11,0.13,0.00,0.18,1.69,175.57,0.37,2.85,95.12,1.22,279.67,340.38,12.87,92.14,1.92,18.92,25.44,6.52,4.55,1.96,15.50,2.09,0.00,4.56,1.40,1.01,2.04,1.14,0.01,0.94,0.94,0.00,0.00,1.09,0.00,1.09,0.54,0.54,1.28,2.44,2.12,0.50,0.99,27.03,1.26,0.53,0.72,1.36,false
2024-09-01,"Lunch",725.42,0.00,0.00,501.62,1442.12,432.87,0.94,0.74,8.45,5.28,1.78,0.00,284.49,3890.88,89.59,0.00,5.97,91.14,472.51,1.95,13.29,369.65,5.55,800.94,4167.80,18.52,502.80,5.98,90.77,120.25,28.36,16.96,9.31,31.47,38.16,0.00,8.65,0.00,5.14,1.61,1.36,0.01,0.18,0.18,0.00,0.00,0.99,0.00,0.99,0.58,1.27,2.07,3.45,2.84,0.69,2.53,47.95,2.06,0.72,1.63,2.36,false
2024-09-01,"Total",968.45,0.00,12.36,567.54,1780.38,437.11,1.09,0.91,9.21,5.94,1.93,0.14,299.36,3898.99,89.71,0.00,6.15,92.82,648.07,2.32,16.14,464.77,6.77,1080.61,4508.19,31.39,594.93,7.90,109.69,145.69,34.88,21.51,11.27,46.98,40.25,0.00,13.21,1.40,6.16,3.66,2.50,0.02,1.12,1.12,0.00,0.00,2.08,0.00,2.08,1.12,1.81,3.35,5.90,4.97,1.19,3.51,74.98,3.32,1.25,2.35,3.72,false
2024-09-02,"Breakfast",184.71,0.00,0.00,66.81,11.79,340.93,0.34,0.16,1.11,0.98,0.24,0.00,117.90,44.05,209.08,0.00,0.98,0.00,157.20,0.18,0.39,39.30,0.10,55.02,711.33,1.97,0.00,0.28,35.74,46.18,9.24,3.89,5.38,0.00,36.75,0.00,0.47,0.00,0.09,0.10,0.06,0.00,0.03,0.03,0.00,0.00,0.07,0.00,0.07,0.04,0.07,0.10,0.09,0.18,0.08,0.12,3.69,0.06,0.04,0.06,0.16,false
2024-09-02,"Total",184.71,0.00,0.00,66.81,11.79,340.93,0.34,0.16,1.11,0.98,0.24,0.00,117.90,44.05,209.08,0.00,0.98,0.00,157.20,0.18,0.39,39.30,0.10,55.02,711.33,1.97,0.00,0.28,35.74,46.18,9.24,3.89,5.38,0.00,36.75,0.00,0.47,0.00,0.09,0.10,0.06,0.00,0.03,0.03,0.00,0.00,0.07,0.00,0.07,0.04,0.07,0.10,0.09,0.18,0.08,0.12,3.69,0.06,0.04,0.06,0.16,false
2024-09-03,"'-",569.56,0.00,19.24,109.76,774.13,282.51,0.54,0.42,4.57,2.11,0.66,1.09,74.55,164.63,17.27,88.23,2.57,40.69,334.59,0.96,4.92,232.00,2.97,640.02,1249.51,22.34,162.59,3.97,77.00,90.52,13.48,9.07,4.41,34.06,37.33,4.67,16.31,16.10,4.83,4.17,5.71,0.15,1.01,1.01,0.00,0.00,3.15,0.01,3.15,0.40,0.62,1.00,1.84,1.36,0.42,1.18,23.21,0.88,0.30,0.86,1.26,false
2024-09-03,"Breakfast",318.33,0.00,24.73,130.29,742.20,5.64,0.38,0.25,2.65,1.00,0.30,0.14,54.79,8.83,0.13,0.00,2.48,3.24,191.42,0.74,4.47,162.76,2.98,443.33,586.60,22.10,139.55,3.76,25.74,36.25,10.50,7.84,2.66,18.49,4.44,1.05,7.02,1.40,1.81,2.82,1.86,0.01,1.02,1.02,0.00,0.00,1.79,0.00,1.79,0.64,0.70,1.53,2.88,2.46,0.59,1.30,33.40,1.51,0.61,0.95,1.68,false
2024-09-03,"Lunch",659.95,0.00,0.00,50.42,121.35,467.91,0.65,0.78,7.63,2.14,0.63,1.00,125.70,293.97,63.60,0.00,6.48,118.54,491.79,0.58,4.83,155.80,3.38,626.80,1231.79,57.27,1164.99,3.91,59.75,73.05,13.12,6.28,1.85,37.50,17.70,5.33,22.13,24.00,7.72,4.89,6.50,0.03,0.31,0.31,0.00,0.00,2.82,0.01,2.81,0.33,0.85,1.49,2.75,2.08,0.65,1.55,45.07,1.26,0.43,1.43,1.83,false
2024-09-03,"Total",1547.84,0.00,43.97,290.47,1637.69,756.05,1.57,1.45,14.86,5.26,1.59,2.22,255.04,467.42,81.00,88.23,11.53,162.47,1017.80,2.28,14.22,550.56,9.32,1710.16,3067.90,101.71,1467.14,11.64,162.49,199.82,37.09,23.18,8.92,90.04,59.47,11.05,45.46,41.50,14.36,11.89,14.08,0.19,2.34,2.34,0.00,0.00,7.77,0.01,7.75,1.36,2.17,4.01,7.46,5.89,1.66,4.03,101.68,3.65,1.33,3.23,4.77,false
2024-09-04,"Lunch",,,,,,,,,,,,,,,,,,,,,,,,,,,,,,,,,,,,,,,,,,,,,,,,,,,,,,,,,9.00,,,,,false
2024-09-04,"Total",,,,,,,,,,,,,,,,,,,,,,,,,,,,,,,,,,,,,,,,,,,,,,,,,,,,,,,,,9.00,,,,,false
2024-09-05,"Lunch",688.42,0.00,0.00,85.61,1302.14,479.87,1.24,1.06,7.96,3.22,0.97,1.11,353.38,479.83,89.43,87.00,1.64,102.41,273.42,1.15,11.01,272.07,4.25,890.10,1959.39,47.40,1499.77,7.12,67.26,92.09,24.17,17.92,6.28,36.63,23.83,0.00,13.23,373.00,4.46,2.70,3.68,0.00,0.26,0.22,0.04,0.01,2.09,0.15,1.94,0.79,1.35,2.42,4.02,3.26,1.02,2.65,55.12,2.21,0.61,1.77,2.74,false
2024-09-05,"Total",688.42,0.00,0.00,85.61,1302.14,479.87,1.24,1.06,7.96,3.22,0.97,1.11,353.38,479.83,89.43,87.00,1.64,102.41,273.42,1.15,11.01,272.07,4.25,890.10,1959.39,47.40,1499.77,7.12,67.26,92.09,24.17,17.92,6.28,36.63,23.83,0.00,13.23,373.00,4.46,2.70,3.68,0.00,0.26,0.22,0.04,0.01,2.09,0.15,1.94,0.79,1.35,2.42,4.02,3.26,1.02,2.65,55.12,2.21,0.61,1.77,2.74,false
2024-09-06,"Total",,,,,,,,,,,,,,,,,,,,,,,,,,,,,,,,,,,,,,,,,,,,,,,,,,,,,,,,,,,,,,false
2024-09-07,"Lunch",592.63,0.00,0.00,308.61,1092.17,400.72,0.71,0.62,6.09,3.73,1.50,0.00,256.83,2679.71,232.96,0.00,3.79,14.28,370.44,1.32,8.23,256.59,3.74,589.53,2989.90,13.13,484.23,4.31,81.33,102.56,20.26,12.05,7.22,18.55,32.10,0.00,4.19,10.00,0.12,0.57,2.27,0.07,0.07,0.07,0.00,0.00,0.21,0.00,0.21,0.42,0.92,1.47,2.46,2.06,0.48,1.82,40.14,1.47,0.51,1.16,1.68,false
2024-09-07,"Total",592.63,0.00,0.00,308.61,1092.17,400.72,0.71,0.62,6.09,3.73,1.50,0.00,256.83,2679.71,232.96,0.00,3.79,14.28,370.44,1.32,8.23,256.59,3.74,589.53,2989.90,13.13,484.23,4.31,81.33,102.56,20.26,12.05,7.22,18.55,32.10,0.00,4.19,10.00,0.12,0.57,2.27,0.07,0.07,0.07,0.00,0.00,0.21,0.00,0.21,0.42,0.92,1.47,2.46,2.06,0.48,1.82,40.14,1.47,0.51,1.16,1.68,false
2024-09-08,"Breakfast",255.28,0.00,24.73,117.07,440.45,4.39,0.16,0.18,0.87,0.67,0.15,0.14,16.59,8.11,0.13,0.00,0.19,1.82,182.45,0.57,3.59,121.94,1.42,319.13,422.30,13.64,93.27,2.29,20.04,28.55,8.51,6.12,2.38,16.18,2.19,0.00,5.29,1.40,1.26,2.06,1.58,0.01,0.94,0.94,0.00,0.00,1.11,0.00,1.11,0.56,0.56,1.32,2.51,2.17,0.51,1.04,28.09,1.30,0.54,0.76,1.42,false
2024-09-08,"Dinner",676.12,0.00,0.00,1.77,191.76,172.99,0.17,0.71,2.66,3.39,0.51,1.11,165.04,159.36,11.97,87.00,3.65,28.86,67.68,0.24,2.02,49.44,0.23,245.44,815.52,31.34,614.88,1.97,49.51,68.19,18.61,5.88,3.40,0.15,6.33,0.00,36.73,373.00,17.40,3.88,6.76,0.00,0.22,0.18,0.04,0.01,3.61,0.15,3.43,0.33,0.36,0.80,1.27,1.08,0.44,0.80,26.41,0.70,0.19,0.58,0.91,false
2024-09-08,"Total",931.40,0.00,24.73,118.84,632.21,177.38,0.33,0.89,3.54,4.05,0.66,1.25,181.63,167.47,12.10,87.00,3.84,30.68,250.13,0.82,5.61,171.38,1.65,564.57,1237.82,44.98,708.15,4.26,69.56,96.74,27.11,12.00,5.78,16.33,8.52,0.00,42.02,374.40,18.66,5.95,8.34,0.01,1.16,1.12,0.04,0.01,4.72,0.15,4.54,0.88,0.92,2.12,3.78,3.25,0.95,1.84,54.49,2.01,0.73,1.34,2.33,false
2024-09-09,"Total",,,,,,,,,,,,,,,,,,,,,,,,,,,,,,,,,,,,,,,,,,,,,,,,,,,,,,,,,,,,,,false
2024-09-10,"Total",,,,,,,,,,,,,,,,,,,,,,,,,,,,,,,,,,,,,,,,,,,,,,,,,,,,,,,,,,,,,,false
2024-09-11,"Breakfast",569.24,0.00,33.33,164.37,863.81,269.10,0.53,0.43,4.25,2.03,0.62,1.09,70.86,164.44,15.06,88.23,2.53,40.82,340.25,1.15,5.72,252.09,3.08,668.41,1260.98,23.11,150.05,4.29,74.61,89.76,15.11,10.41,4.71,34.09,34.88,5.03,17.53,16.22,5.18,4.16,6.53,0.15,1.01,1.00,0.00,0.00,3.14,0.01,3.14,0.40,0.61,1.00,1.84,1.37,0.42,1.18,23.33,0.89,0.31,0.86,1.28,false
2024-09-11,"Lunch",680.41,0.00,0.00,53.57,251.35,639.03,0.69,0.83,7.82,2.27,0.71,1.00,131.70,299.38,72.80,0.00,5.55,117.25,503.70,0.63,5.02,165.80,3.45,648.80,1445.70,57.27,1166.80,3.99,80.95,100.67,17.92,9.62,3.31,37.60,38.48,5.33,13.02,24.00,0.84,4.00,5.25,0.01,0.26,0.26,0.00,0.00,1.98,0.01,1.97,0.33,0.86,1.50,2.77,2.10,0.65,1.57,45.58,1.27,0.43,1.43,1.86,false
2024-09-11,"Dinner",744.11,0.00,0.00,0.30,1.00,45.86,0.02,0.04,0.15,0.22,0.04,0.00,48.50,59.33,7.50,0.00,0.22,54.30,80.00,0.04,0.73,23.50,0.16,26.00,184.50,0.15,2269.50,0.24,94.24,95.05,0.80,0.69,0.11,0.00,11.03,0.00,17.11,0.00,0.02,0.16,8.32,0.00,0.09,0.09,0.00,0.00,0.00,0.00,0.00,,,,,,,,49.19,,,,,false
2024-09-11,"Snacks",452.37,0.10,0.00,46.93,44.54,265.55,0.29,0.31,1.26,1.11,0.21,0.14,102.31,180.41,139.39,10.91,2.02,4.01,168.80,0.14,0.79,35.91,0.17,128.07,570.91,9.85,235.67,0.69,50.33,57.64,6.49,2.83,3.68,5.08,45.43,18.77,23.20,87.64,5.80,2.22,12.13,0.61,0.21,0.19,0.00,0.01,1.73,0.04,1.69,0.09,0.18,0.32,0.53,0.50,0.20,0.33,7.39,0.23,0.08,0.26,0.40,false
2024-09-11,"Total",2446.14,0.10,33.33,265.17,1160.71,1219.53,1.52,1.61,13.48,5.62,1.58,2.23,353.38,703.57,234.75,99.14,10.31,216.38,1092.75,1.95,12.26,477.31,6.86,1471.28,3462.09,90.39,3822.02,9.20,300.14,343.12,40.32,23.54,11.82,76.77,129.82,29.13,70.86,127.86,11.84,10.54,32.23,0.78,1.56,1.54,0.00,0.01,6.86,0.05,6.80,0.83,1.65,2.82,5.14,3.97,1.27,3.07,125.50,2.40,0.82,2.55,3.54,false
2024-09-12,"Breakfast",551.51,0.00,45.69,214.12,881.14,269.00,0.45,0.42,3.93,1.99,0.56,1.09,60.67,164.31,14.98,88.23,0.69,40.96,341.04,1.25,6.24,263.06,3.15,669.43,1308.40,22.95,151.18,4.36,74.83,91.59,16.72,11.71,5.02,34.46,34.84,5.03,15.73,16.22,4.45,2.97,6.73,0.15,1.00,1.00,0.00,0.00,1.96,0.01,1.95,0.39,0.60,0.99,1.82,1.38,0.41,1.17,23.40,0.88,0.30,0.87,1.28,false
2024-09-12,"Lunch",480.00,0.00,0.00,331.47,1330.55,285.63,0.71,0.53,6.02,3.81,1.18,0.00,234.00,2425.30,56.00,0.00,3.36,11.42,291.00,1.57,9.68,292.50,4.16,659.00,3234.50,16.48,585.00,4.94,58.66,79.49,19.96,12.52,7.48,18.99,26.43,0.00,1.38,0.00,0.17,0.66,0.25,0.00,0.05,0.05,0.00,0.00,0.27,0.00,0.27,0.50,1.12,1.81,3.01,2.50,0.58,2.17,41.23,1.76,0.60,1.44,2.02,false
2024-09-12,"Dinner",677.03,0.00,0.00,406.07,1220.78,583.65,0.90,0.86,8.99,4.98,1.86,0.00,329.00,3553.64,247.72,0.00,4.63,16.78,325.38,1.60,9.42,315.65,4.53,739.38,3749.75,15.22,417.35,5.32,101.61,128.69,25.91,17.35,8.57,36.26,43.89,0.00,2.99,0.00,0.62,1.36,0.65,0.00,0.10,0.10,0.00,0.00,0.41,0.00,0.41,0.52,1.11,1.75,3.15,2.58,0.62,2.20,42.32,1.77,0.62,1.42,2.05,false
2024-09-12,"Snacks",253.36,0.00,0.00,4.83,130.00,299.18,0.09,0.54,0.53,0.79,0.20,1.13,17.65,11.36,9.23,0.00,0.46,4.86,247.79,0.08,0.41,34.71,0.08,277.52,505.29,16.23,105.97,1.20,27.60,34.02,4.80,3.34,1.46,0.10,26.62,0.00,1.28,8.28,0.14,0.24,0.34,0.01,0.03,0.03,0.00,0.00,0.20,0.00,0.20,0.34,0.68,1.39,2.71,2.30,0.67,1.18,27.92,1.23,0.45,1.07,1.61,false
2024-09-12,"Total",1961.90,0.00,45.69,956.48,3562.47,1437.47,2.15,2.35,19.47,11.57,3.80,2.22,641.31,6154.60,327.94,88.23,9.13,74.02,1205.21,4.50,25.75,905.92,11.92,2345.33,8797.94,70.88,1259.50,15.83,262.69,333.78,67.40,44.91,22.53,89.81,131.77,5.03,21.37,24.49,5.38,5.23,7.97,0.16,1.19,1.19,0.00,0.00,2.83,0.01,2.83,1.75,3.51,5.94,10.68,8.76,2.28,6.72,134.86,5.64,1.97,4.80,6.96,false
2024-09-13,"Breakfast",551.51,0.00,45.69,214.12,881.14,269.00,0.45,0.42,3.93,1.99,0.56,1.09,60.67,164.31,14.98,88.23,0.69,40.96,341.04,1.25,6.24,263.06,3.15,669.43,1308.40,22.95,151.18,4.36,74.83,91.59,16.72,11.71,5.02,34.46,34.84,5.03,15.73,16.22,4.45,2.97,6.73,0.15,1.00,1.00,0.00,0.00,1.96,0.01,1.95,0.39,0.60,0.99,1.82,1.38,0.41,1.17,23.40,0.88,0.30,0.87,1.28,false
2024-09-13,"Lunch",571.81,0.00,0.00,26.65,120.35,449.49,0.64,0.76,7.45,2.10,0.60,1.00,112.10,241.22,60.00,0.00,4.97,29.89,456.30,0.50,4.15,143.00,3.15,615.60,1172.70,57.21,1164.00,3.75,59.54,72.52,12.80,6.06,1.76,37.35,17.64,5.33,12.55,24.00,0.81,3.82,5.19,0.01,0.18,0.18,0.00,0.00,1.88,0.01,1.87,0.32,0.84,1.45,2.69,2.04,0.64,1.52,44.44,1.23,0.42,1.40,1.80,false
2024-09-13,"Snacks",292.64,0.00,0.00,47.95,105.36,483.13,0.29,0.57,1.19,1.24,0.31,1.05,93.60,34.93,146.28,0.00,0.99,3.30,280.30,0.18,0.55,50.20,0.13,257.18,846.22,16.16,55.50,1.04,45.18,56.96,9.76,5.10,4.68,0.08,44.99,0.00,1.12,7.50,0.14,0.16,0.24,0.01,0.03,0.03,0.00,0.00,0.13,0.00,0.13,0.15,0.49,0.87,1.62,1.39,0.49,0.86,18.30,0.66,0.22,0.81,1.12,false
2024-09-13,"Total",1415.97,0.00,45.69,288.71,1106.86,1201.62,1.38,1.75,12.58,5.33,1.47,3.14,266.37,440.45,221.27,88.23,6.64,74.15,1077.64,1.94,10.93,456.26,6.43,1542.21,3327.32,96.32,1370.68,9.15,179.55,221.07,39.28,22.86,11.46,71.89,97.47,10.36,29.40,47.72,5.39,6.95,12.16,0.17,1.21,1.21,0.00,0.00,3.96,0.01,3.95,0.87,1.93,3.31,6.14,4.81,1.54,3.55,86.13,2.78,0.94,3.08,4.20,false
2024-09-14,"'-",103.84,0.00,0.00,6.73,3.78,88.85,0.07,0.00,0.78,0.39,0.25,0.00,16.52,1.13,14.51,0.00,0.15,0.12,5.90,0.12,0.00,33.04,0.30,25.96,384.68,0.00,0.00,0.19,25.12,27.14,2.01,1.36,0.65,4.32,18.67,0.00,0.34,0.00,0.04,0.09,0.13,0.00,0.03,0.03,0.00,0.00,0.05,0.00,0.05,0.01,0.06,0.02,0.05,0.04,0.01,0.04,0.87,0.02,0.01,0.01,0.04,false
2024-09-14,"Breakfast",551.51,0.00,45.69,214.12,881.14,269.00,0.45,0.42,3.93,1.99,0.56,1.09,60.67,164.31,14.98,88.23,0.69,40.96,341.04,1.25,6.24,263.06,3.15,669.43,1308.40,22.95,151.18,4.36,74.83,91.59,16.72,11.71,5.02,34.46,34.84,5.03,15.73,16.22,4.45,2.97,6.73,0.15,1.00,1.00,0.00,0.00,1.96,0.01,1.95,0.39,0.60,0.99,1.82,1.38,0.41,1.17,23.40,0.88,0.30,0.87,1.28,false
2024-09-14,"Snacks",393.61,0.00,12.36,61.75,220.18,483.48,0.18,0.57,1.97,1.36,0.50,1.13,70.87,12.02,112.03,0.00,0.93,7.36,283.41,0.44,1.49,111.83,1.14,372.39,1163.10,17.61,106.60,1.90,57.30,69.46,10.63,7.77,2.86,5.13,47.62,0.00,2.61,8.28,0.49,0.56,0.92,0.01,0.16,0.16,0.00,0.00,0.39,0.00,0.39,0.37,0.78,1.48,2.87,2.43,0.69,1.29,30.69,1.32,0.48,1.15,1.74,false
2024-09-14,"Total",1048.97,0.00,58.05,282.59,1105.10,841.34,0.70,0.99,6.68,3.74,1.30,2.22,148.05,177.46,141.53,88.23,1.78,48.43,630.35,1.82,7.72,407.93,4.59,1067.78,2856.18,40.56,257.78,6.45,157.25,188.19,29.36,20.84,8.53,43.91,101.13,5.03,18.68,24.49,4.98,3.61,7.78,0.16,1.19,1.19,0.00,0.00,2.40,0.01,2.40,0.77,1.44,2.49,4.75,3.84,1.10,2.50,54.96,2.23,0.79,2.03,3.06,false
2024-09-15,"Dinner",669.67,0.00,0.00,146.54,176.45,568.17,0.33,0.52,5.68,2.27,1.23,0.43,145.39,139.88,236.77,30.72,5.57,73.16,416.07,0.71,12.99,153.05,1.92,369.58,2209.12,7.40,1523.80,3.15,74.66,100.25,25.37,6.16,3.43,23.12,26.72,0.00,10.09,9.60,1.53,0.82,1.97,0.09,0.15,0.15,0.00,0.00,0.28,0.00,0.28,0.12,0.24,0.41,0.67,0.62,0.16,0.43,48.68,0.38,0.13,0.34,0.51,false
2024-09-15,"Total",669.67,0.00,0.00,146.54,176.45,568.17,0.33,0.52,5.68,2.27,1.23,0.43,145.39,139.88,236.77,30.72,5.57,73.16,416.07,0.71,12.99,153.05,1.92,369.58,2209.12,7.40,1523.80,3.15,74.66,100.25,25.37,6.16,3.43,23.12,26.72,0.00,10.09,9.60,1.53,0.82,1.97,0.09,0.15,0.15,0.00,0.00,0.28,0.00,0.28,0.12,0.24,0.41,0.67,0.62,0.16,0.43,48.68,0.38,0.13,0.34,0.51,false
2024-09-16,"Dinner",787.67,0.00,0.00,81.39,188.26,616.52,0.53,0.81,23.69,3.84,1.91,1.07,212.25,1178.71,113.12,51.00,3.14,119.05,186.02,0.62,8.59,160.21,1.48,726.34,2141.16,67.58,1714.35,5.16,79.43,96.66,16.91,12.24,3.03,40.64,11.19,0.00,13.87,314.00,4.49,2.98,3.87,0.14,0.39,0.28,0.06,0.02,2.07,0.19,1.87,0.95,1.87,3.32,4.82,5.03,1.65,2.71,69.06,2.81,0.78,2.17,3.32,false
2024-09-16,"Total",787.67,0.00,0.00,81.39,188.26,616.52,0.53,0.81,23.69,3.84,1.91,1.07,212.25,1178.71,113.12,51.00,3.14,119.05,186.02,0.62,8.59,160.21,1.48,726.34,2141.16,67.58,1714.35,5.16,79.43,96.66,16.91,12.24,3.03,40.64,11.19,0.00,13.87,314.00,4.49,2.98,3.87,0.14,0.39,0.28,0.06,0.02,2.07,0.19,1.87,0.95,1.87,3.32,4.82,5.03,1.65,2.71,69.06,2.81,0.78,2.17,3.32,false
2024-09-17,"Total",,,,,,,,,,,,,,,,,,,,,,,,,,,,,,,,,,,,,,,,,,,,,,,,,,,,,,,,,,,,,,false
2024-09-18,"Total",,,,,,,,,,,,,,,,,,,,,,,,,,,,,,,,,,,,,,,,,,,,,,,,,,,,,,,,,,,,,,false
2024-09-19,"Breakfast",568.70,0.00,33.33,153.58,795.05,283.13,0.49,0.42,3.72,2.12,0.53,1.09,62.22,164.37,17.12,88.23,0.73,40.86,308.11,1.06,5.10,234.38,3.18,629.64,1299.81,21.96,149.35,4.07,82.98,97.38,14.36,9.39,4.97,39.53,37.64,5.03,14.09,16.22,4.29,2.00,6.24,0.15,0.13,0.12,0.00,0.00,1.87,0.01,1.86,0.41,0.59,0.96,1.80,1.35,0.39,1.14,23.00,0.85,0.29,0.84,1.24,false
2024-09-19,"Lunch",659.95,0.00,0.00,50.42,121.35,467.91,0.65,0.78,7.63,2.14,0.63,1.00,125.70,293.97,63.60,0.00,6.48,118.54,491.79,0.58,4.83,155.80,3.38,626.80,1231.79,57.27,1164.99,3.91,59.75,73.05,13.12,6.28,1.85,37.50,17.70,5.33,22.13,24.00,7.72,4.89,6.50,0.03,0.31,0.31,0.00,0.00,2.82,0.01,2.81,0.33,0.85,1.49,2.75,2.08,0.65,1.55,45.07,1.26,0.43,1.43,1.83,false
2024-09-19,"Dinner",767.13,0.00,0.00,195.49,1762.32,401.79,0.92,0.62,4.90,2.51,1.12,0.00,533.59,415.88,198.29,0.00,2.18,10.12,320.38,1.53,12.45,334.51,4.07,842.63,2964.04,21.56,1567.49,6.37,98.45,132.10,32.60,22.72,7.39,31.70,25.61,0.00,3.42,0.00,0.82,1.74,0.61,0.00,0.32,0.32,0.00,0.00,0.64,0.00,0.64,0.61,1.45,2.35,4.21,3.44,0.74,2.81,58.40,2.08,0.71,1.80,2.69,false
2024-09-19,"Snacks",695.73,0.00,0.00,109.52,988.33,605.74,2.58,3.52,31.89,11.57,3.96,6.90,843.17,462.20,208.29,239.96,30.81,7.93,382.68,0.52,36.57,207.03,4.25,841.92,1568.63,71.07,570.93,23.90,116.61,140.50,21.45,16.96,4.49,37.39,71.47,11.56,3.34,15.00,0.37,0.91,0.77,0.02,0.10,0.10,0.00,0.00,0.81,0.00,0.81,0.46,1.14,1.89,3.69,2.82,1.01,1.93,39.90,1.51,0.52,1.76,2.43,false
2024-09-19,"Total",2691.51,0.00,33.33,509.02,3667.05,1758.57,4.65,5.34,48.16,18.34,6.24,8.99,1564.68,1336.42,487.30,328.19,40.20,177.45,1502.97,3.69,58.95,931.72,14.88,2940.99,7064.28,171.85,3452.75,38.25,357.79,443.03,81.52,55.35,18.69,146.11,152.43,21.92,42.97,55.22,13.20,9.55,14.12,0.19,0.86,0.86,0.00,0.00,6.14,0.01,6.13,1.81,4.04,6.68,12.44,9.68,2.78,7.44,166.37,5.71,1.94,5.83,8.19,false
2024-09-20,"Breakfast",568.70,0.00,33.33,153.58,795.05,283.13,0.49,0.42,3.72,2.12,0.53,1.09,62.22,164.37,17.12,88.23,0.73,40.86,308.11,1.06,5.10,234.38,3.18,629.64,1299.81,21.96,149.35,4.07,82.98,97.38,14.36,9.39,4.97,39.53,37.64,5.03,14.09,16.22,4.29,2.00,6.24,0.15,0.13,0.12,0.00,0.00,1.87,0.01,1.86,0.41,0.59,0.96,1.80,1.35,0.39,1.14,23.00,0.85,0.29,0.84,1.24,false
2024-09-20,"Lunch",659.95,0.00,0.00,50.42,121.35,467.91,0.65,0.78,7.63,2.14,0.63,1.00,125.70,293.97,63.60,0.00,6.48,118.54,491.79,0.58,4.83,155.80,3.38,626.80,1231.79,57.27,1164.99,3.91,59.75,73.05,13.12,6.28,1.85,37.50,17.70,5.33,22.13,24.00,7.72,4.89,6.50,0.03,0.31,0.31,0.00,0.00,2.82,0.01,2.81,0.33,0.85,1.49,2.75,2.08,0.65,1.55,45.07,1.26,0.43,1.43,1.83,false
2024-09-20,"Dinner",602.56,0.00,0.00,40.25,742.32,499.33,0.50,0.86,5.49,2.53,0.60,0.65,345.39,158.74,29.65,43.50,2.13,20.20,97.31,0.78,7.98,151.16,2.38,589.45,1418.31,41.97,682.38,4.50,58.57,74.19,15.59,14.06,1.53,45.49,10.33,0.00,14.80,186.50,2.42,1.75,6.47,0.00,0.13,0.11,0.02,0.00,1.45,0.07,1.37,0.78,0.98,1.83,3.09,2.46,0.93,2.13,47.35,1.62,0.46,1.29,2.19,false
2024-09-20,"Snacks",129.17,0.00,0.00,24.74,88.43,224.87,0.14,0.09,0.49,0.41,0.13,0.00,43.20,18.20,75.67,0.00,0.60,2.86,60.20,0.09,0.29,19.60,0.08,32.64,376.21,0.66,1.30,0.14,25.70,33.35,6.20,3.47,2.74,0.07,25.76,0.00,0.38,0.00,0.04,0.10,0.06,0.00,0.02,0.02,0.00,0.00,0.08,0.00,0.08,0.01,0.03,0.04,0.05,0.08,0.03,0.05,1.57,0.03,0.01,0.02,0.07,false
2024-09-20,"Bike",580.60,0.00,0.00,1.52,0.00,438.23,0.29,0.68,0.57,1.92,0.30,2.68,10.16,406.26,1.08,220.58,0.15,94.67,616.08,0.01,0.08,58.96,0.02,503.44,786.32,8.94,863.12,2.14,90.94,104.65,13.62,0.00,0.00,0.00,44.63,16.42,11.37,39.04,1.95,0.28,5.84,0.34,0.04,0.03,0.00,0.00,0.23,0.01,0.22,0.10,0.48,0.85,1.64,1.43,0.43,0.80,23.04,0.79,0.21,0.81,1.04,false
2024-09-20,"Total",2540.98,0.00,33.33,270.51,1747.16,1913.47,2.07,2.83,17.91,9.11,2.20,5.42,586.67,1041.54,187.12,352.31,10.09,277.12,1573.50,2.53,18.29,619.90,9.04,2381.96,5112.45,130.80,2861.14,14.76,317.93,382.62,62.89,33.20,11.10,122.58,136.05,26.79,62.77,265.76,16.42,9.03,25.10,0.52,0.63,0.60,0.02,0.00,6.45,0.10,6.34,1.63,2.94,5.16,9.31,7.39,2.43,5.67,140.02,4.55,1.39,4.39,6.38,false
2024-09-21,"Total",,,,,,,,,,,,,,,,,,,,,,,,,,,,,,,,,,,,,,,,,,,,,,,,,,,,,,,,,,,,,,false
2024-09-22,"Snacks",297.50,0.00,0.00,59.99,447.28,161.53,1.25,1.78,15.79,5.61,1.88,3.59,413.58,226.86,91.06,119.98,15.08,1.13,234.42,0.21,18.96,102.11,2.08,462.85,487.07,40.28,299.81,12.14,38.26,50.71,12.09,7.04,4.38,18.74,12.02,5.78,3.05,8.50,0.28,1.53,0.53,0.02,0.91,0.91,0.00,0.00,0.61,0.00,0.61,0.26,0.62,1.07,2.08,1.59,0.59,1.09,23.37,0.85,0.30,1.01,1.36,false
2024-09-22,"Total",297.50,0.00,0.00,59.99,447.28,161.53,1.25,1.78,15.79,5.61,1.88,3.59,413.58,226.86,91.06,119.98,15.08,1.13,234.42,0.21,18.96,102.11,2.08,462.85,487.07,40.28,299.81,12.14,38.26,50.71,12.09,7.04,4.38,18.74,12.02,5.78,3.05,8.50,0.28,1.53,0.53,0.02,0.91,0.91,0.00,0.00,0.61,0.00,0.61,0.26,0.62,1.07,2.08,1.59,0.59,1.09,23.37,0.85,0.30,1.01,1.36,false
2024-09-23,"'-",638.05,0.00,33.33,173.07,1003.77,283.16,0.59,0.46,6.09,2.30,0.69,1.09,89.88,164.93,17.27,88.23,2.74,41.56,350.33,1.31,6.23,286.94,3.57,745.53,1445.70,24.71,219.45,4.77,83.02,99.83,16.76,11.54,5.23,36.78,39.89,6.65,18.92,16.22,5.88,4.49,6.77,0.16,1.02,1.02,0.00,0.00,3.45,0.01,3.45,0.47,0.75,1.21,2.20,1.60,0.49,1.46,28.49,1.07,0.36,1.05,1.51,false
2024-09-23,"Lunch",593.10,0.00,0.00,118.05,158.70,659.47,0.44,1.05,23.07,3.92,2.48,0.66,106.73,1562.47,109.38,14.50,3.20,102.75,177.56,0.69,7.45,192.94,1.47,709.46,2945.38,65.80,1332.13,5.76,61.50,76.62,14.68,11.44,3.24,40.02,11.20,0.00,4.09,116.00,0.96,1.18,1.09,0.03,0.13,0.11,0.01,0.01,0.72,0.06,0.65,0.88,1.56,2.15,4.35,4.65,1.66,2.43,63.97,2.55,0.74,1.95,2.55,false
2024-09-23,"Total",1231.15,0.00,33.33,291.12,1162.47,942.63,1.03,1.51,29.16,6.22,3.18,1.75,196.61,1727.40,126.65,102.73,5.94,144.31,527.89,2.00,13.68,479.89,5.03,1454.99,4391.08,90.51,1551.58,10.53,144.51,176.46,31.44,22.97,8.47,76.80,51.09,6.65,23.00,132.22,6.84,5.67,7.86,0.19,1.15,1.13,0.01,0.01,4.17,0.07,4.10,1.35,2.30,3.36,6.55,6.25,2.14,3.89,92.46,3.62,1.09,3.00,4.06,false
2024-09-24,"Total",,,,,,,,,,,,,,,,,,,,,,,,,,,,,,,,,,,,,,,,,,,,,,,,,,,,,,,,,,,,,,false
2024-09-25,"Total",,,,,,,,,,,,,,,,,,,,,,,,,,,,,,,,,,,,,,,,,,,,,,,,,,,,,,,,,,,,,,false
2024-09-26,"Total",,,,,,,,,,,,,,,,,,,,,,,,,,,,,,,,,,,,,,,,,,,,,,,,,,,,,,,,,,,,,,false
2024-09-27,"Total",,,,,,,,,,,,,,,,,,,,,,,,,,,,,,,,,,,,,,,,,,,,,,,,,,,,,,,,,,,,,,false
2024-09-28,"Lunch",701.67,0.00,0.00,2107.61,969.25,708.18,0.84,1.05,8.54,4.26,1.95,0.38,407.64,2938.71,302.72,26.88,10.05,749.85,564.52,1.57,15.37,417.85,4.95,714.73,4025.12,16.92,1509.00,5.40,83.34,118.27,34.07,13.83,7.97,18.83,40.69,0.00,9.04,8.40,1.54,1.38,1.92,0.08,0.40,0.39,0.00,0.00,0.45,0.00,0.44,0.47,1.00,1.71,2.82,2.34,0.60,1.96,47.16,1.65,0.56,1.34,1.95,false
2024-09-28,"Total",701.67,0.00,0.00,2107.61,969.25,708.18,0.84,1.05,8.54,4.26,1.95,0.38,407.64,2938.71,302.72,26.88,10.05,749.85,564.52,1.57,15.37,417.85,4.95,714.73,4025.12,16.92,1509.00,5.40,83.34,118.27,34.07,13.83,7.97,18.83,40.69,0.00,9.04,8.40,1.54,1.38,1.92,0.08,0.40,0.39,0.00,0.00,0.45,0.00,0.44,0.47,1.00,1.71,2.82,2.34,0.60,1.96,47.16,1.65,0.56,1.34,1.95,false
2024-09-29,"Total",,,,,,,,,,,,,,,,,,,,,,,,,,,,,,,,,,,,,,,,,,,,,,,,,,,,,,,,,,,,,,false
2024-09-30,"Lunch",265.73,0.00,0.00,20.65,445.18,188.84,0.33,0.19,4.33,0.78,0.21,0.00,76.84,54.29,6.21,0.00,0.50,13.90,32.93,0.36,2.94,86.36,1.74,261.60,331.99,5.93,505.84,2.46,45.80,54.46,8.58,7.22,1.36,36.03,8.90,0.00,2.33,0.00,0.52,1.12,0.42,0.00,0.06,0.06,0.00,0.00,0.76,0.00,0.76,0.21,0.28,0.43,0.91,0.52,0.21,0.56,11.81,0.38,0.10,0.31,0.54,false
2024-09-30,"Total",265.73,0.00,0.00,20.65,445.18,188.84,0.33,0.19,4.33,0.78,0.21,0.00,76.84,54.29,6.21,0.00,0.50,13.90,32.93,0.36,2.94,86.36,1.74,261.60,331.99,5.93,505.84,2.46,45.80,54.46,8.58,7.22,1.36,36.03,8.90,0.00,2.33,0.00,0.52,1.12,0.42,0.00,0.06,0.06,0.00,0.00,0.76,0.00,0.76,0.21,0.28,0.43,0.91,0.52,0.21,0.56,11.81,0.38,0.10,0.31,0.54,false
2024-10-01,"Lunch",442.01,0.00,0.00,89.89,592.32,474.49,6.66,6.62,39.59,2.19,7.94,15.00,767.18,71.77,19.44,0.00,3.19,75.77,254.29,0.82,10.83,135.47,1.96,431.89,1829.42,6.82,516.76,3.15,42.79,67.39,24.22,16.23,2.89,26.21,14.69,0.00,6.93,6.67,0.24,0.70,3.46,0.00,0.16,0.16,0.00,0.00,0.30,0.00,0.30,0.25,0.55,0.87,1.43,1.34,0.18,0.99,32.19,0.74,0.20,0.55,1.01,false
2024-10-01,"Total",442.01,0.00,0.00,89.89,592.32,474.49,6.66,6.62,39.59,2.19,7.94,15.00,767.18,71.77,19.44,0.00,3.19,75.77,254.29,0.82,10.83,135.47,1.96,431.89,1829.42,6.82,516.76,3.15,42.79,67.39,24.22,16.23,2.89,26.21,14.69,0.00,6.93,6.67,0.24,0.70,3.46,0.00,0.16,0.16,0.00,0.00,0.30,0.00,0.30,0.25,0.55,0.87,1.43,1.34,0.18,0.99,32.19,0.74,0.20,0.55,1.01,false
2024-10-02,"Total",,,,,,,,,,,,,,,,,,,,,,,,,,,,,,,,,,,,,,,,,,,,,,,,,,,,,,,,,,,,,,false
2024-10-03,"Total",,,,,,,,,,,,,,,,,,,,,,,,,,,,,,,,,,,,,,,,,,,,,,,,,,,,,,,,,,,,,,false
2024-10-04,"Total",,,,,,,,,,,,,,,,,,,,,,,,,,,,,,,,,,,,,,,,,,,,,,,,,,,,,,,,,,,,,,false
2024-10-05,"Breakfast",568.70,0.00,33.33,153.58,795.05,283.13,0.49,0.42,3.72,2.12,0.53,1.09,62.22,164.37,17.12,88.23,0.73,40.86,308.11,1.06,5.10,234.38,3.18,629.64,1299.81,21.96,149.35,4.07,82.98,97.38,14.36,9.39,4.97,39.53,37.64,5.03,14.09,16.22,4.29,2.00,6.24,0.15,0.13,0.12,0.00,0.00,1.87,0.01,1.86,0.41,0.59,0.96,1.80,1.35,0.39,1.14,23.00,0.85,0.29,0.84,1.24,false
2024-10-05,"Lunch",582.00,0.00,0.00,166.39,35.95,374.00,0.33,0.27,3.52,1.88,0.84,0.00,55.10,2974.40,44.02,0.00,2.94,28.55,136.30,0.32,1.88,69.50,1.17,166.90,1296.10,2.11,1282.80,1.03,87.47,122.14,33.96,8.92,3.03,10.88,24.39,0.00,3.66,0.00,0.03,0.32,0.58,0.00,0.01,0.01,0.00,0.00,0.00,0.00,0.00,0.17,0.13,0.23,0.36,0.32,0.09,0.29,29.59,0.47,0.09,0.14,0.29,false
2024-10-05,"Total",1150.70,0.00,33.33,319.97,831.00,657.13,0.82,0.69,7.24,4.00,1.37,1.09,117.32,3138.78,61.14,88.23,3.67,69.41,444.41,1.38,6.98,303.88,4.35,796.54,2595.91,24.07,1432.15,5.10,170.45,219.51,48.32,18.32,8.00,50.41,62.04,5.03,17.75,16.22,4.32,2.32,6.82,0.15,0.14,0.14,0.00,0.00,1.87,0.01,1.86,0.57,0.73,1.19,2.15,1.66,0.48,1.43,52.59,1.32,0.38,0.99,1.53,false
2024-10-06,"Breakfast",618.70,0.00,0.00,40.82,870.77,401.45,0.64,0.72,8.20,2.54,0.47,0.83,167.08,199.14,10.08,65.25,1.74,23.22,97.96,0.71,6.41,173.21,3.43,627.60,710.08,34.64,1049.29,5.51,88.05,104.05,15.85,13.39,2.47,69.66,16.88,0.00,12.32,279.75,4.02,3.17,3.23,0.00,0.17,0.13,0.03,0.00,2.47,0.11,2.35,0.63,0.76,1.33,2.51,1.61,0.69,1.55,31.57,1.16,0.31,0.97,1.60,false
2024-10-06,"Total",618.70,0.00,0.00,40.82,870.77,401.45,0.64,0.72,8.20,2.54,0.47,0.83,167.08,199.14,10.08,65.25,1.74,23.22,97.96,0.71,6.41,173.21,3.43,627.60,710.08,34.64,1049.29,5.51,88.05,104.05,15.85,13.39,2.47,69.66,16.88,0.00,12.32,279.75,4.02,3.17,3.23,0.00,0.17,0.13,0.03,0.00,2.47,0.11,2.35,0.63,0.76,1.33,2.51,1.61,0.69,1.55,31.57,1.16,0.31,0.97,1.60,false
2024-10-07,"Total",,,,,,,,,,,,,,,,,,,,,,,,,,,,,,,,,,,,,,,,,,,,,,,,,,,,,,,,,,,,,,false
2024-10-08,"Total",,,,,,,,,,,,,,,,,,,,,,,,,,,,,,,,,,,,,,,,,,,,,,,,,,,,,,,,,,,,,,false
2024-10-09,"Breakfast",592.53,0.00,0.00,4.44,151.56,515.90,0.95,1.01,6.69,3.55,0.78,1.11,639.00,306.59,21.06,87.00,1.52,37.98,135.20,0.83,11.85,153.20,1.74,803.80,1429.60,40.12,1594.80,5.68,65.62,85.76,19.90,8.41,1.91,21.58,16.16,0.00,15.35,373.00,5.01,3.05,3.95,0.00,0.23,0.10,0.04,0.01,1.92,0.15,1.44,0.40,0.56,1.09,2.07,1.76,0.61,1.15,37.09,1.01,0.24,0.84,1.30,false
2024-10-09,"Total",592.53,0.00,0.00,4.44,151.56,515.90,0.95,1.01,6.69,3.55,0.78,1.11,639.00,306.59,21.06,87.00,1.52,37.98,135.20,0.83,11.85,153.20,1.74,803.80,1429.60,40.12,1594.80,5.68,65.62,85.76,19.90,8.41,1.91,21.58,16.16,0.00,15.35,373.00,5.01,3.05,3.95,0.00,0.23,0.10,0.04,0.01,1.92,0.15,1.44,0.40,0.56,1.09,2.07,1.76,0.61,1.15,37.09,1.01,0.24,0.84,1.30,false
2024-10-10,"Breakfast",284.37,0.00,24.73,114.76,256.85,145.68,0.07,0.57,0.93,0.79,0.21,1.27,18.94,6.25,0.11,0.00,0.07,0.91,303.30,0.48,2.49,100.06,0.56,404.62,503.67,22.51,264.22,2.19,18.50,34.21,15.70,4.64,1.06,1.65,8.73,0.00,4.65,9.28,0.75,1.37,1.49,0.02,0.91,0.91,0.00,0.00,0.46,0.00,0.46,0.40,0.80,1.61,3.08,2.60,0.77,1.42,35.77,1.42,0.52,1.28,1.90,false
2024-10-10,"Lunch",254.76,0.00,9.27,65.98,254.58,102.81,0.19,0.34,1.18,0.99,0.18,0.55,37.56,455.67,3.05,22.65,0.75,5.56,173.86,0.30,2.05,73.61,1.15,283.66,466.76,15.94,132.23,1.82,26.34,32.49,6.01,3.85,1.81,14.84,9.90,4.11,5.08,60.98,1.55,1.03,1.73,0.03,0.05,0.05,0.01,0.00,0.89,0.02,0.86,0.45,0.48,1.07,1.99,1.70,0.45,0.90,21.91,1.06,0.38,0.70,1.18,false
2024-10-10,"Total",539.13,0.00,34.00,180.74,511.43,248.48,0.26,0.91,2.12,1.78,0.39,1.82,56.49,461.92,3.15,22.65,0.82,6.48,477.16,0.79,4.54,173.66,1.72,688.29,970.44,38.44,396.46,4.01,44.84,66.69,21.71,8.49,2.86,16.49,18.63,4.11,9.73,70.26,2.29,2.40,3.22,0.04,0.96,0.95,0.01,0.00,1.35,0.02,1.32,0.85,1.28,2.68,5.07,4.29,1.22,2.32,57.67,2.47,0.90,1.98,3.08,false
2024-10-11,"Breakfast",1084.68,0.00,0.00,16.15,441.63,312.49,0.39,0.90,4.75,4.81,0.91,1.11,483.56,166.38,19.90,87.00,5.49,49.14,150.02,0.89,6.77,141.16,1.87,534.16,1596.78,37.17,710.82,4.73,87.94,124.42,36.19,16.21,9.11,24.63,14.53,0.00,51.95,373.00,24.94,6.85,8.71,0.00,0.36,0.32,0.04,0.01,6.09,0.15,5.90,0.53,0.76,1.43,2.31,2.06,0.64,1.57,42.89,1.24,0.33,0.94,1.54,false
2024-10-11,"Dinner",623.66,0.00,0.00,142.70,1550.39,361.34,0.69,0.51,5.16,2.19,0.61,0.00,369.72,211.24,89.50,0.00,0.70,3.07,247.80,1.28,9.08,276.20,3.22,692.38,2506.56,18.31,1124.98,5.18,85.44,107.44,20.76,13.30,5.77,23.83,34.87,0.00,4.39,0.00,1.22,1.83,0.80,0.00,0.10,0.10,0.00,0.00,0.71,0.00,0.71,0.54,1.26,1.95,3.71,3.06,0.67,2.30,48.57,1.77,0.59,1.67,2.17,false
2024-10-11,"Total",1708.34,0.00,0.00,158.85,1992.02,673.82,1.08,1.41,9.91,7.00,1.53,1.11,853.28,377.62,109.41,87.00,6.19,52.22,397.82,2.17,15.84,417.36,5.10,1226.54,4103.34,55.47,1835.80,9.92,173.38,231.86,56.95,29.51,14.87,48.46,49.40,0.00,56.34,373.00,26.16,8.68,9.50,0.00,0.46,0.42,0.04,0.01,6.80,0.15,6.62,1.07,2.03,3.37,6.02,5.12,1.31,3.88,91.46,3.02,0.92,2.61,3.71,false
2024-10-12,"Total",,,,,,,,,,,,,,,,,,,,,,,,,,,,,,,,,,,,,,,,,,,,,,,,,,,,,,,,,,,,,,false
2024-10-13,"Total",,,,,,,,,,,,,,,,,,,,,,,,,,,,,,,,,,,,,,,,,,,,,,,,,,,,,,,,,,,,,,false
2024-10-14,"'-",564.23,0.00,0.00,19.09,391.40,92.09,0.16,0.08,2.88,0.56,0.12,0.00,114.04,0.22,0.00,0.00,0.42,1.90,18.83,0.29,1.99,66.26,1.55,190.90,184.59,5.01,1750.34,1.90,85.05,108.19,23.15,4.24,0.69,28.44,8.50,0.00,4.96,0.00,0.24,0.69,0.84,0.00,0.04,0.04,0.00,0.00,0.66,0.00,0.66,0.17,0.19,0.29,0.56,0.21,0.13,0.39,33.48,0.23,0.07,0.20,0.36,false
2024-10-14,"Total",564.23,0.00,0.00,19.09,391.40,92.09,0.16,0.08,2.88,0.56,0.12,0.00,114.04,0.22,0.00,0.00,0.42,1.90,18.83,0.29,1.99,66.26,1.55,190.90,184.59,5.01,1750.34,1.90,85.05,108.19,23.15,4.24,0.69,28.44,8.50,0.00,4.96,0.00,0.24,0.69,0.84,0.00,0.04,0.04,0.00,0.00,0.66,0.00,0.66,0.17,0.19,0.29,0.56,0.21,0.13,0.39,33.48,0.23,0.07,0.20,0.36,false
2024-10-15,"Total",,,,,,,,,,,,,,,,,,,,,,,,,,,,,,,,,,,,,,,,,,,,,,,,,,,,,,,,,,,,,,false
2024-10-16,"Total",,,,,,,,,,,,,,,,,,,,,,,,,,,,,,,,,,,,,,,,,,,,,,,,,,,,,,,,,,,,,,false
2024-10-17,"Breakfast",2479.53,0.00,33.33,317.73,1628.54,1765.21,2.40,3.53,21.10,9.58,2.31,7.39,579.02,728.63,241.20,202.03,10.93,169.81,1507.03,2.55,19.59,606.68,8.29,2440.88,5156.53,179.75,3407.74,17.05,287.15,336.23,46.46,27.31,14.10,117.27,156.39,48.22,65.37,585.23,22.36,10.51,21.81,0.68,0.63,0.57,0.05,0.01,7.38,0.23,7.13,1.87,3.91,6.71,12.39,10.03,3.31,7.04,158.06,5.67,1.74,5.94,8.17,false
2024-10-17,"Total",2479.53,0.00,33.33,317.73,1628.54,1765.21,2.40,3.53,21.10,9.58,2.31,7.39,579.02,728.63,241.20,202.03,10.93,169.81,1507.03,2.55,19.59,606.68,8.29,2440.88,5156.53,179.75,3407.74,17.05,287.15,336.23,46.46,27.31,14.10,117.27,156.39,48.22,65.37,585.23,22.36,10.51,21.81,0.68,0.63,0.57,0.05,0.01,7.38,0.23,7.13,1.87,3.91,6.71,12.39,10.03,3.31,7.04,158.06,5.67,1.74,5.94,8.17,false
2024-10-18,"Dinner",740.75,0.00,0.00,90.91,132.06,413.07,16.05,16.13,93.06,1.82,18.99,37.86,969.15,1550.00,34.55,19.20,2.03,27.74,369.90,0.45,15.66,100.25,1.14,315.70,2290.30,9.39,1470.60,2.65,87.91,120.94,32.53,9.21,2.91,41.30,16.57,1.55,10.10,6.00,0.62,0.82,1.36,0.07,0.08,0.08,0.00,0.00,0.47,0.00,0.47,0.25,0.26,0.47,0.76,0.62,0.18,0.49,40.25,0.59,0.14,0.37,0.55,false
2024-10-18,"Total",740.75,0.00,0.00,90.91,132.06,413.07,16.05,16.13,93.06,1.82,18.99,37.86,969.15,1550.00,34.55,19.20,2.03,27.74,369.90,0.45,15.66,100.25,1.14,315.70,2290.30,9.39,1470.60,2.65,87.91,120.94,32.53,9.21,2.91,41.30,16.57,1.55,10.10,6.00,0.62,0.82,1.36,0.07,0.08,0.08,0.00,0.00,0.47,0.00,0.47,0.25,0.26,0.47,0.76,0.62,0.18,0.49,40.25,0.59,0.14,0.37,0.55,false
2024-10-19,"Total",,,,,,,,,,,,,,,,,,,,,,,,,,,,,,,,,,,,,,,,,,,,,,,,,,,,,,,,,,,,,,false
2024-10-20,"Total",,,,,,,,,,,,,,,,,,,,,,,,,,,,,,,,,,,,,,,,,,,,,,,,,,,,,,,,,,,,,,false
2024-10-21,"Total",,,,,,,,,,,,,,,,,,,,,,,,,,,,,,,,,,,,,,,,,,,,,,,,,,,,,,,,,,,,,,false
2024-10-22,"Total",,,,,,,,,,,,,,,,,,,,,,,,,,,,,,,,,,,,,,,,,,,,,,,,,,,,,,,,,,,,,,false
2024-10-23,"Total",,,,,,,,,,,,,,,,,,,,,,,,,,,,,,,,,,,,,,,,,,,,,,,,,,,,,,,,,,,,,,false
2024-10-24,"Total",,,,,,,,,,,,,,,,,,,,,,,,,,,,,,,,,,,,,,,,,,,,,,,,,,,,,,,,,,,,,,false
2024-10-25,"Total",,,,,,,,,,,,,,,,,,,,,,,,,,,,,,,,,,,,,,,,,,,,,,,,,,,,,,,,,,,,,,false
2024-10-26,"Total",,,,,,,,,,,,,,,,,,,,,,,,,,,,,,,,,,,,,,,,,,,,,,,,,,,,,,,,,,,,,,false
2024-10-27,"Total",,,,,,,,,,,,,,,,,,,,,,,,,,,,,,,,,,,,,,,,,,,,,,,,,,,,,,,,,,,,,,false
2024-10-28,"Breakfast",245.10,0.00,0.00,3.64,113.37,223.56,6.47,6.54,38.36,0.50,7.40,15.00,473.40,83.62,11.90,0.00,0.20,17.01,23.10,0.15,2.77,53.20,0.40,173.60,638.90,2.03,358.10,1.36,36.76,46.57,9.63,6.53,1.11,23.70,11.45,0.00,2.37,0.00,0.68,1.04,0.45,0.00,0.05,0.05,0.00,0.00,0.26,0.00,0.26,0.10,0.20,0.33,0.79,0.62,0.18,0.37,13.60,0.31,0.08,0.27,0.42,false
2024-10-28,"Lunch",217.37,0.00,24.73,103.13,204.37,85.89,0.05,0.37,0.48,0.53,0.10,0.78,11.59,5.44,0.03,0.00,0.04,0.73,194.05,0.43,1.62,72.86,0.42,266.42,384.62,12.82,238.22,1.59,15.57,29.55,13.98,3.14,0.84,1.34,6.39,0.00,2.85,5.78,0.60,0.18,1.22,0.01,0.01,0.01,0.00,0.00,0.16,0.00,0.16,0.32,0.56,1.20,2.30,1.97,0.54,1.01,27.73,1.09,0.41,0.89,1.38,false
2024-10-28,"Total",462.47,0.00,24.73,106.77,317.74,309.45,6.52,6.91,38.84,1.03,7.50,15.78,484.99,89.06,11.93,0.00,0.24,17.74,217.15,0.58,4.39,126.06,0.82,440.02,1023.52,14.85,596.32,2.95,52.32,76.12,23.61,9.67,1.94,25.04,17.84,0.00,5.22,5.78,1.28,1.22,1.67,0.01,0.06,0.06,0.00,0.00,0.42,0.00,0.42,0.42,0.77,1.53,3.08,2.59,0.72,1.38,41.33,1.41,0.49,1.17,1.81,false
2024-10-29,"Dinner",714.10,0.00,0.00,212.13,916.87,448.20,0.74,0.51,4.86,2.99,1.12,0.27,552.25,1502.67,50.29,19.20,2.55,22.75,349.75,1.69,11.86,283.20,4.80,823.15,2678.20,18.09,107.50,6.59,88.29,119.41,30.30,19.86,10.44,50.21,31.85,0.00,8.65,6.00,1.84,3.21,1.74,0.06,0.14,0.14,0.00,0.00,2.31,0.00,2.31,0.55,1.21,1.93,3.23,2.87,0.63,2.36,44.90,1.79,0.54,1.35,2.05,false
2024-10-29,"Total",714.10,0.00,0.00,212.13,916.87,448.20,0.74,0.51,4.86,2.99,1.12,0.27,552.25,1502.67,50.29,19.20,2.55,22.75,349.75,1.69,11.86,283.20,4.80,823.15,2678.20,18.09,107.50,6.59,88.29,119.41,30.30,19.86,10.44,50.21,31.85,0.00,8.65,6.00,1.84,3.21,1.74,0.06,0.14,0.14,0.00,0.00,2.31,0.00,2.31,0.55,1.21,1.93,3.23,2.87,0.63,2.36,44.90,1.79,0.54,1.35,2.05,false
2024-10-30,"Breakfast",686.64,0.00,33.33,168.09,884.39,341.75,0.56,0.38,6.21,2.50,0.81,0.82,94.21,125.36,33.75,66.17,1.04,32.09,258.93,1.31,5.27,286.33,3.71,651.50,1763.63,20.64,199.63,4.31,109.46,126.70,17.18,11.44,5.74,42.23,58.85,6.65,14.42,12.31,4.68,2.20,5.98,0.11,0.16,0.16,0.00,0.00,2.03,0.00,2.03,0.43,0.72,1.07,1.97,1.43,0.40,1.33,26.31,0.95,0.31,0.93,1.36,false
2024-10-30,"Lunch",770.10,0.00,0.00,60.74,1213.44,587.33,13.27,12.93,77.50,2.47,15.11,30.00,1146.93,116.05,10.87,0.00,2.36,30.26,119.45,1.13,12.98,202.90,3.80,731.25,1728.01,18.95,1940.35,6.11,90.51,117.36,26.71,20.28,2.43,76.36,9.79,0.00,14.59,0.00,2.44,6.47,3.58,0.05,0.70,0.70,0.00,0.00,5.69,0.00,5.69,0.56,0.88,1.36,2.39,1.77,0.40,1.64,46.50,1.14,0.30,0.88,1.60,false
2024-10-30,"Dinner",601.50,0.00,0.00,124.95,147.55,367.43,0.23,0.30,4.22,1.71,0.77,0.27,38.30,49.51,35.64,19.20,4.83,15.48,289.40,0.61,11.75,112.00,1.56,278.40,1704.80,6.68,1498.90,2.52,64.64,87.83,23.07,4.89,2.41,23.12,16.93,0.00,8.63,6.00,1.30,0.63,1.32,0.06,0.06,0.06,0.00,0.00,0.26,0.00,0.25,0.09,0.18,0.31,0.49,0.47,0.12,0.34,45.27,0.29,0.10,0.26,0.39,false
2024-10-30,"Snacks",129.72,0.00,0.00,46.92,8.28,239.43,0.24,0.11,0.78,0.69,0.17,0.00,82.80,30.93,146.83,0.00,0.69,0.00,110.40,0.12,0.28,27.60,0.07,38.64,499.56,1.38,0.00,0.19,25.10,32.43,6.49,2.73,3.78,0.00,25.81,0.00,0.33,0.00,0.06,0.07,0.04,0.00,0.02,0.02,0.00,0.00,0.05,0.00,0.05,0.03,0.05,0.07,0.06,0.13,0.06,0.09,2.59,0.04,0.02,0.04,0.11,false
2024-10-30,"Total",2187.96,0.00,33.33,400.70,2253.65,1535.94,14.30,13.72,88.72,7.37,16.85,31.09,1362.25,321.86,227.09,85.37,8.92,77.82,778.18,3.17,30.27,628.83,9.14,1699.79,5695.99,47.65,3638.88,13.13,289.71,364.32,73.45,39.34,14.36,141.71,111.38,6.65,37.98,18.31,8.48,9.37,10.93,0.22,0.94,0.94,0.00,0.00,8.03,0.01,8.02,1.11,1.83,2.81,4.92,3.80,0.98,3.39,120.67,2.41,0.74,2.11,3.45,false
2024-10-31,"Lunch",168.55,0.00,27.60,114.73,228.12,1.01,0.03,0.10,0.30,0.23,0.04,0.09,5.17,5.16,0.03,0.00,0.04,0.83,95.82,0.46,1.74,69.41,0.46,147.90,275.53,3.32,210.55,1.20,12.34,26.79,14.44,3.51,0.93,1.50,3.30,0.00,2.72,0.90,0.62,0.19,1.24,0.00,0.02,0.02,0.00,0.00,0.17,0.00,0.17,0.28,0.31,0.78,1.46,1.31,0.29,0.57,19.60,0.79,0.32,0.44,0.83,false
2024-10-31,"Dinner",338.00,,,,,11.02,0.36,0.11,6.84,1.07,0.23,,45.00,3.00,,,0.79,3.60,27.00,0.51,4.44,136.00,2.98,401.00,388.00,11.70,8.00,3.28,59.49,70.19,10.70,,,53.92,6.82,,2.43,,0.44,1.26,0.41,,0.06,0.07,,,1.19,,,0.33,0.36,0.55,1.07,0.41,0.26,0.74,14.57,0.44,0.13,0.38,0.68,false
2024-10-31,"Total",506.55,0.00,27.60,114.73,228.12,12.03,0.39,0.21,7.15,1.30,0.27,0.09,50.17,8.16,0.03,0.00,0.83,4.43,122.82,0.97,6.18,205.41,3.44,548.90,663.53,15.02,218.55,4.48,71.83,96.98,25.14,3.51,0.93,55.42,10.12,0.00,5.15,0.90,1.07,1.45,1.64,0.00,0.08,0.08,0.00,0.00,1.36,0.00,0.17,0.61,0.67,1.33,2.53,1.72,0.54,1.31,34.17,1.23,0.45,0.82,1.51,false
2024-11-01,"Breakfast",568.70,0.00,33.33,153.58,795.05,283.13,0.49,0.42,3.72,2.12,0.53,1.09,62.22,164.37,17.12,88.23,0.73,40.86,308.11,1.06,5.10,234.38,3.18,629.64,1299.81,21.96,149.35,4.07,82.98,97.38,14.36,9.39,4.97,39.53,37.64,5.03,14.09,16.22,4.29,2.00,6.24,0.15,0.13,0.12,0.00,0.00,1.87,0.01,1.86,0.41,0.59,0.96,1.80,1.35,0.39,1.14,23.00,0.85,0.29,0.84,1.24,false
2024-11-01,"Total",568.70,0.00,33.33,153.58,795.05,283.13,0.49,0.42,3.72,2.12,0.53,1.09,62.22,164.37,17.12,88.23,0.73,40.86,308.11,1.06,5.10,234.38,3.18,629.64,1299.81,21.96,149.35,4.07,82.98,97.38,14.36,9.39,4.97,39.53,37.64,5.03,14.09,16.22,4.29,2.00,6.24,0.15,0.13,0.12,0.00,0.00,1.87,0.01,1.86,0.41,0.59,0.96,1.80,1.35,0.39,1.14,23.00,0.85,0.29,0.84,1.24,false
2024-11-02,"Total",,,,,,,,,,,,,,,,,,,,,,,,,,,,,,,,,,,,,,,,,,,,,,,,,,,,,,,,,,,,,,false
2024-11-03,"Dinner",468.50,0.00,33.33,151.53,659.05,237.60,0.38,0.32,3.47,1.70,0.48,0.82,54.84,123.75,17.02,66.17,0.63,30.99,237.43,0.98,4.24,203.32,2.53,501.97,1152.22,16.00,130.12,3.31,68.94,81.25,12.28,8.29,3.99,28.77,35.06,5.03,11.99,12.31,3.70,1.52,5.48,0.11,0.10,0.10,0.00,0.00,1.41,0.00,1.40,0.30,0.49,0.78,1.44,1.08,0.31,0.93,18.66,0.69,0.23,0.68,1.00,false
2024-11-03,"Total",468.50,0.00,33.33,151.53,659.05,237.60,0.38,0.32,3.47,1.70,0.48,0.82,54.84,123.75,17.02,66.17,0.63,30.99,237.43,0.98,4.24,203.32,2.53,501.97,1152.22,16.00,130.12,3.31,68.94,81.25,12.28,8.29,3.99,28.77,35.06,5.03,11.99,12.31,3.70,1.52,5.48,0.11,0.10,0.10,0.00,0.00,1.41,0.00,1.40,0.30,0.49,0.78,1.44,1.08,0.31,0.93,18.66,0.69,0.23,0.68,1.00,false
2024-11-04,"Total",,,,,,,,,,,,,,,,,,,,,,,,,,,,,,,,,,,,,,,,,,,,,,,,,,,,,,,,,,,,,,false
2024-11-05,"Dinner",956.42,0.00,0.00,4.29,225.33,324.27,9.56,10.54,56.60,4.38,11.42,24.17,771.14,237.18,14.49,130.50,4.30,29.01,96.88,0.30,4.49,72.64,0.34,395.84,1384.32,47.58,1073.88,2.95,76.44,102.55,25.97,8.51,3.57,11.43,13.90,0.00,44.60,559.50,19.97,5.32,8.83,0.00,0.28,0.22,0.06,0.01,4.46,0.22,4.21,0.52,0.60,1.24,2.20,1.83,0.71,1.28,45.26,1.10,0.29,0.96,1.44,false
2024-11-05,"Total",956.42,0.00,0.00,4.29,225.33,324.27,9.56,10.54,56.60,4.38,11.42,24.17,771.14,237.18,14.49,130.50,4.30,29.01,96.88,0.30,4.49,72.64,0.34,395.84,1384.32,47.58,1073.88,2.95,76.44,102.55,25.97,8.51,3.57,11.43,13.90,0.00,44.60,559.50,19.97,5.32,8.83,0.00,0.28,0.22,0.06,0.01,4.46,0.22,4.21,0.52,0.60,1.24,2.20,1.83,0.71,1.28,45.26,1.10,0.29,0.96,1.44,false
2024-11-06,"Total",,,,,,,,,,,,,,,,,,,,,,,,,,,,,,,,,,,,,,,,,,,,,,,,,,,,,,,,,,,,,,false
2024-11-07,"Dinner",506.53,0.00,0.00,156.21,663.46,475.20,0.65,0.78,6.20,3.57,1.28,0.70,506.33,1629.65,201.62,0.00,3.22,13.36,220.74,0.91,9.51,150.99,2.10,681.13,1992.57,16.92,94.80,4.30,70.30,90.93,20.39,17.20,3.19,42.74,18.92,0.00,1.66,5.00,0.20,0.65,0.34,0.01,0.12,0.12,0.00,0.00,0.34,0.00,0.34,0.43,0.98,1.59,2.82,2.51,0.54,1.81,36.03,1.39,0.40,1.16,1.94,false
2024-11-07,"Total",506.53,0.00,0.00,156.21,663.46,475.20,0.65,0.78,6.20,3.57,1.28,0.70,506.33,1629.65,201.62,0.00,3.22,13.36,220.74,0.91,9.51,150.99,2.10,681.13,1992.57,16.92,94.80,4.30,70.30,90.93,20.39,17.20,3.19,42.74,18.92,0.00,1.66,5.00,0.20,0.65,0.34,0.01,0.12,0.12,0.00,0.00,0.34,0.00,0.34,0.43,0.98,1.59,2.82,2.51,0.54,1.81,36.03,1.39,0.40,1.16,1.94,false
2024-11-08,"Total",,,,,,,,,,,,,,,,,,,,,,,,,,,,,,,,,,,,,,,,,,,,,,,,,,,,,,,,,,,,,,false
2024-11-09,"Lunch",1305.47,0.00,0.00,366.01,925.98,1112.42,0.99,1.53,48.53,8.16,5.53,1.85,228.52,82.53,354.27,78.00,5.25,25.00,505.52,2.16,21.36,482.85,4.78,1711.30,6613.42,106.91,407.80,14.62,144.44,177.64,32.82,17.19,7.65,104.76,26.26,0.00,13.61,255.00,4.11,2.63,4.64,0.21,0.25,0.21,0.01,0.01,1.94,0.14,1.80,1.17,3.04,3.78,7.98,8.81,2.65,4.18,123.45,4.23,1.33,3.65,4.37,false
2024-11-09,"Total",1305.47,0.00,0.00,366.01,925.98,1112.42,0.99,1.53,48.53,8.16,5.53,1.85,228.52,82.53,354.27,78.00,5.25,25.00,505.52,2.16,21.36,482.85,4.78,1711.30,6613.42,106.91,407.80,14.62,144.44,177.64,32.82,17.19,7.65,104.76,26.26,0.00,13.61,255.00,4.11,2.63,4.64,0.21,0.25,0.21,0.01,0.01,1.94,0.14,1.80,1.17,3.04,3.78,7.98,8.81,2.65,4.18,123.45,4.23,1.33,3.65,4.37,false
2024-11-10,"Total",,,,,,,,,,,,,,,,,,,,,,,,,,,,,,,,,,,,,,,,,,,,,,,,,,,,,,,,,,,,,,false
2024-11-11,"Total",,,,,,,,,,,,,,,,,,,,,,,,,,,,,,,,,,,,,,,,,,,,,,,,,,,,,,,,,,,,,,false
2024-11-12,"Total",,,,,,,,,,,,,,,,,,,,,,,,,,,,,,,,,,,,,,,,,,,,,,,,,,,,,,,,,,,,,,false
2024-11-13,"Total",,,,,,,,,,,,,,,,,,,,,,,,,,,,,,,,,,,,,,,,,,,,,,,,,,,,,,,,,,,,,,false
2024-11-14,"Total",,,,,,,,,,,,,,,,,,,,,,,,,,,,,,,,,,,,,,,,,,,,,,,,,,,,,,,,,,,,,,false
2024-11-15,"Total",,,,,,,,,,,,,,,,,,,,,,,,,,,,,,,,,,,,,,,,,,,,,,,,,,,,,,,,,,,,,,false
2024-11-16,"Total",,,,,,,,,,,,,,,,,,,,,,,,,,,,,,,,,,,,,,,,,,,,,,,,,,,,,,,,,,,,,,false
2024-11-17,"Total",,,,,,,,,,,,,,,,,,,,,,,,,,,,,,,,,,,,,,,,,,,,,,,,,,,,,,,,,,,,,,false
2024-11-18,"Total",,,,,,,,,,,,,,,,,,,,,,,,,,,,,,,,,,,,,,,,,,,,,,,,,,,,,,,,,,,,,,false
2024-11-19,"Total",,,,,,,,,,,,,,,,,,,,,,,,,,,,,,,,,,,,,,,,,,,,,,,,,,,,,,,,,,,,,,false
2024-11-20,"Total",,,,,,,,,,,,,,,,,,,,,,,,,,,,,,,,,,,,,,,,,,,,,,,,,,,,,,,,,,,,,,false
2024-11-21,"'-",69.56,0.00,0.00,25.16,74.00,128.14,0.13,0.04,0.94,0.22,0.11,0.00,35.52,50.44,72.22,0.00,0.30,0.00,44.40,0.06,0.21,14.80,0.03,31.08,261.96,0.15,1.48,0.09,14.82,17.79,2.52,2.01,0.50,0.00,13.59,0.00,0.22,0.00,0.04,0.05,0.03,0.00,0.01,0.01,0.00,0.00,0.03,0.00,0.03,0.00,0.02,0.03,0.04,0.05,0.00,0.03,1.26,0.03,0.00,0.02,0.03,false
2024-11-21,"Total",69.56,0.00,0.00,25.16,74.00,128.14,0.13,0.04,0.94,0.22,0.11,0.00,35.52,50.44,72.22,0.00,0.30,0.00,44.40,0.06,0.21,14.80,0.03,31.08,261.96,0.15,1.48,0.09,14.82,17.79,2.52,2.01,0.50,0.00,13.59,0.00,0.22,0.00,0.04,0.05,0.03,0.00,0.01,0.01,0.00,0.00,0.03,0.00,0.03,0.00,0.02,0.03,0.04,0.05,0.00,0.03,1.26,0.03,0.00,0.02,0.03,false
2024-11-22,"Total",,,,,,,,,,,,,,,,,,,,,,,,,,,,,,,,,,,,,,,,,,,,,,,,,,,,,,,,,,,,,,false
2024-11-23,"Lunch",417.77,0.00,0.00,35.96,461.31,202.67,6.60,6.56,38.15,0.69,7.53,15.00,430.44,16.75,5.97,0.00,1.84,13.68,589.81,0.68,6.51,139.45,2.87,431.30,821.42,39.52,348.21,3.15,31.40,40.06,8.27,4.44,1.86,17.97,8.06,2.46,12.39,0.00,3.13,5.00,2.38,0.01,0.49,0.49,0.00,0.00,4.37,0.00,4.37,0.16,0.64,1.22,2.03,1.23,0.33,1.24,39.02,1.12,0.36,1.00,1.28,false
2024-11-23,"Total",417.77,0.00,0.00,35.96,461.31,202.67,6.60,6.56,38.15,0.69,7.53,15.00,430.44,16.75,5.97,0.00,1.84,13.68,589.81,0.68,6.51,139.45,2.87,431.30,821.42,39.52,348.21,3.15,31.40,40.06,8.27,4.44,1.86,17.97,8.06,2.46,12.39,0.00,3.13,5.00,2.38,0.01,0.49,0.49,0.00,0.00,4.37,0.00,4.37,0.16,0.64,1.22,2.03,1.23,0.33,1.24,39.02,1.12,0.36,1.00,1.28,false
2024-11-24,"Total",,,,,,,,,,,,,,,,,,,,,,,,,,,,,,,,,,,,,,,,,,,,,,,,,,,,,,,,,,,,,,false
2024-11-25,"Total",,,,,,,,,,,,,,,,,,,,,,,,,,,,,,,,,,,,,,,,,,,,,,,,,,,,,,,,,,,,,,false
2024-11-26,"Total",,,,,,,,,,,,,,,,,,,,,,,,,,,,,,,,,,,,,,,,,,,,,,,,,,,,,,,,,,,,,,false
2024-11-27,"Total",,,,,,,,,,,,,,,,,,,,,,,,,,,,,,,,,,,,,,,,,,,,,,,,,,,,,,,,,,,,,,false
2024-11-28,"Total",,,,,,,,,,,,,,,,,,,,,,,,,,,,,,,,,,,,,,,,,,,,,,,,,,,,,,,,,,,,,,false
2024-11-29,"Lunch",611.30,0.00,0.00,377.82,1452.42,346.56,0.83,0.66,7.27,4.32,1.31,0.00,297.60,2887.28,61.32,0.00,2.41,9.98,313.20,1.65,9.95,324.20,4.58,758.90,3484.80,17.92,417.50,5.61,81.56,106.21,23.64,15.94,7.71,33.69,32.80,0.00,2.91,0.00,0.66,1.33,0.58,0.00,0.08,0.08,0.00,0.00,0.48,0.00,0.48,0.58,1.28,2.03,3.62,2.96,0.70,2.47,46.74,1.97,0.67,1.66,2.32,false
2024-11-29,"Total",611.30,0.00,0.00,377.82,1452.42,346.56,0.83,0.66,7.27,4.32,1.31,0.00,297.60,2887.28,61.32,0.00,2.41,9.98,313.20,1.65,9.95,324.20,4.58,758.90,3484.80,17.92,417.50,5.61,81.56,106.21,23.64,15.94,7.71,33.69,32.80,0.00,2.91,0.00,0.66,1.33,0.58,0.00,0.08,0.08,0.00,0.00,0.48,0.00,0.48,0.58,1.28,2.03,3.62,2.96,0.70,2.47,46.74,1.97,0.67,1.66,2.32,false
2024-11-30,"Total",,,,,,,,,,,,,,,,,,,,,,,,,,,,,,,,,,,,,,,,,,,,,,,,,,,,,,,,,,,,,,false
2024-12-01,"Total",,,,,,,,,,,,,,,,,,,,,,,,,,,,,,,,,,,,,,,,,,,,,,,,,,,,,,,,,,,,,,false
2024-12-02,"Lunch",1016.54,0.00,0.00,60.11,1455.12,495.80,13.26,13.84,78.83,5.20,15.31,31.95,1260.78,264.30,3.60,153.12,2.97,8.68,173.95,1.24,16.35,245.98,4.56,1143.79,1930.91,71.66,962.35,8.97,107.57,136.20,28.62,22.10,2.53,93.09,10.61,0.00,22.46,656.48,7.85,4.39,6.36,0.00,0.29,0.21,0.07,0.01,4.05,0.26,3.77,1.17,1.54,2.76,4.66,3.56,1.16,3.07,70.15,2.34,0.61,1.90,3.19,false
2024-12-02,"Total",1016.54,0.00,0.00,60.11,1455.12,495.80,13.26,13.84,78.83,5.20,15.31,31.95,1260.78,264.30,3.60,153.12,2.97,8.68,173.95,1.24,16.35,245.98,4.56,1143.79,1930.91,71.66,962.35,8.97,107.57,136.20,28.62,22.10,2.53,93.09,10.61,0.00,22.46,656.48,7.85,4.39,6.36,0.00,0.29,0.21,0.07,0.01,4.05,0.26,3.77,1.17,1.54,2.76,4.66,3.56,1.16,3.07,70.15,2.34,0.61,1.90,3.19,false
2024-12-03,"Total",,,,,,,,,,,,,,,,,,,,,,,,,,,,,,,,,,,,,,,,,,,,,,,,,,,,,,,,,,,,,,false
2024-12-04,"Total",,,,,,,,,,,,,,,,,,,,,,,,,,,,,,,,,,,,,,,,,,,,,,,,,,,,,,,,,,,,,,false
2024-12-05,"Total",,,,,,,,,,,,,,,,,,,,,,,,,,,,,,,,,,,,,,,,,,,,,,,,,,,,,,,,,,,,,,false
2024-12-06,"Total",,,,,,,,,,,,,,,,,,,,,,,,,,,,,,,,,,,,,,,,,,,,,,,,,,,,,,,,,,,,,,false
2024-12-07,"Lunch",807.97,0.00,0.00,438.16,588.58,563.23,1.02,0.67,7.83,3.65,1.76,0.00,457.31,2911.38,319.29,0.00,2.84,12.84,305.03,1.11,8.83,236.34,3.11,580.01,2795.00,8.08,1101.96,3.97,127.25,167.93,40.10,33.41,5.57,60.88,31.32,0.00,2.76,0.00,0.37,1.54,0.57,0.00,0.47,0.47,0.00,0.00,0.35,0.00,0.35,0.32,0.69,1.27,2.26,1.68,0.42,1.61,33.16,1.14,0.40,0.68,1.71,false
2024-12-07,"Total",807.97,0.00,0.00,438.16,588.58,563.23,1.02,0.67,7.83,3.65,1.76,0.00,457.31,2911.38,319.29,0.00,2.84,12.84,305.03,1.11,8.83,236.34,3.11,580.01,2795.00,8.08,1101.96,3.97,127.25,167.93,40.10,33.41,5.57,60.88,31.32,0.00,2.76,0.00,0.37,1.54,0.57,0.00,0.47,0.47,0.00,0.00,0.35,0.00,0.35,0.32,0.69,1.27,2.26,1.68,0.42,1.61,33.16,1.14,0.40,0.68,1.71,false
2024-12-08,"Total",,,,,,,,,,,,,,,,,,,,,,,,,,,,,,,,,,,,,,,,,,,,,,,,,,,,,,,,,,,,,,false
2024-12-09,"Breakfast",30.00,,350.00,,,1.22,0.60,0.14,,,0.09,0.00,,991.70,17.50,,2.81,290.00,42.00,0.06,1.70,23.00,,35.00,270.00,,0.60,,1.29,4.47,3.18,,,,,,0.50,,,,,,,,,,,,,,,0.00,0.00,,,0.01,3.06,0.01,,0.00,0.00,false
2024-12-09,"Total",30.00,,350.00,,,1.22,0.60,0.14,,,0.09,0.00,,991.70,17.50,,2.81,290.00,42.00,0.06,1.70,23.00,,35.00,270.00,,0.60,,1.29,4.47,3.18,,,,,,0.50,,,,,,,,,,,,,,,0.00,0.00,,,0.01,3.06,0.01,,0.00,0.00,false
2024-12-10,"Total",,,,,,,,,,,,,,,,,,,,,,,,,,,,,,,,,,,,,,,,,,,,,,,,,,,,,,,,,,,,,,false
2024-12-11,"Total",,,,,,,,,,,,,,,,,,,,,,,,,,,,,,,,,,,,,,,,,,,,,,,,,,,,,,,,,,,,,,false
2024-12-12,"Lunch",957.61,0.00,0.00,77.80,930.56,636.66,1.47,0.91,12.76,3.59,1.31,0.00,426.99,125.21,209.00,0.00,5.73,102.85,815.08,1.57,11.31,333.99,5.11,942.25,2284.13,54.74,441.36,8.26,76.53,113.13,35.26,25.89,9.45,38.19,36.91,3.48,38.40,0.00,17.18,10.52,6.00,0.01,1.26,1.23,0.00,0.00,8.73,0.00,8.64,0.36,1.11,2.05,3.37,2.45,0.70,2.13,53.38,1.90,0.56,1.54,2.30,false
2024-12-12,"Dinner",109.88,0.00,0.00,2.95,39.33,133.51,0.06,0.15,1.65,0.34,0.06,0.00,63.96,3.69,2.95,0.00,0.15,0.00,4.92,0.05,0.44,21.32,0.11,75.44,216.47,0.98,336.19,0.52,20.16,23.52,3.28,3.08,0.20,13.22,7.28,0.00,2.00,0.00,0.61,0.85,0.40,0.00,0.03,0.03,0.00,0.00,0.23,0.00,0.23,0.06,0.10,0.12,0.47,0.35,0.09,0.17,3.76,0.11,0.03,0.14,0.18,false
2024-12-12,"Total",1067.49,0.00,0.00,80.75,969.89,770.17,1.54,1.06,14.41,3.93,1.37,0.00,490.95,128.90,211.95,0.00,5.88,102.85,820.00,1.63,11.76,355.31,5.22,1017.68,2500.61,55.72,777.55,8.79,96.69,136.64,38.54,28.97,9.65,51.41,44.19,3.48,40.40,0.00,17.79,11.37,6.40,0.01,1.29,1.26,0.00,0.00,8.96,0.00,8.87,0.42,1.21,2.17,3.84,2.80,0.79,2.30,57.14,2.02,0.59,1.68,2.47,false
2024-12-13,"Total",,,,,,,,,,,,,,,,,,,,,,,,,,,,,,,,,,,,,,,,,,,,,,,,,,,,,,,,,,,,,,false
2024-12-14,"Dinner",908.00,0.00,0.00,28.60,361.25,469.97,0.76,1.18,10.03,5.17,1.14,1.47,347.20,352.85,109.81,114.84,9.73,50.00,314.50,0.83,5.92,173.27,3.12,603.11,1624.92,74.94,746.00,4.77,85.15,106.88,21.05,14.33,6.78,36.68,44.03,5.12,40.36,492.36,19.86,6.52,8.35,0.01,0.55,0.49,0.05,0.01,5.89,0.20,5.65,0.60,0.68,1.38,2.25,1.75,0.71,1.44,37.04,1.19,0.39,1.00,1.61,false
2024-12-14,"Total",908.00,0.00,0.00,28.60,361.25,469.97,0.76,1.18,10.03,5.17,1.14,1.47,347.20,352.85,109.81,114.84,9.73,50.00,314.50,0.83,5.92,173.27,3.12,603.11,1624.92,74.94,746.00,4.77,85.15,106.88,21.05,14.33,6.78,36.68,44.03,5.12,40.36,492.36,19.86,6.52,8.35,0.01,0.55,0.49,0.05,0.01,5.89,0.20,5.65,0.60,0.68,1.38,2.25,1.75,0.71,1.44,37.04,1.19,0.39,1.00,1.61,false
2024-12-15,"'-",1303.87,0.00,66.65,367.38,1680.73,873.24,1.29,0.97,9.05,4.95,1.30,2.18,220.48,407.37,215.18,176.46,2.25,81.71,740.89,2.28,10.63,504.18,6.44,1320.78,3233.92,45.01,300.40,8.37,199.73,236.83,35.94,22.93,13.03,79.06,108.11,10.07,28.67,32.43,8.67,4.11,12.54,0.29,0.28,0.28,0.00,0.00,3.81,0.01,3.80,0.83,1.24,2.00,3.68,2.84,0.82,2.38,49.18,1.76,0.59,1.74,2.60,false
2024-12-15,"Lunch",1471.77,0.00,0.00,21.36,545.15,419.01,0.90,1.58,8.02,5.47,0.90,2.40,493.97,438.36,15.46,173.25,5.40,36.13,286.44,0.55,6.15,116.20,1.02,691.02,1282.51,125.32,1543.18,5.24,125.24,151.51,26.13,10.04,5.21,55.65,10.75,0.10,72.69,743.98,29.02,7.57,20.89,0.60,0.46,0.36,0.07,0.01,6.80,0.30,6.46,0.88,1.20,2.32,3.93,2.88,1.15,2.44,60.76,2.02,0.61,1.71,2.66,false
2024-12-15,"Total",2775.64,0.00,66.65,388.74,2225.88,1292.26,2.19,2.54,17.07,10.42,2.20,4.58,714.46,845.74,230.64,349.71,7.66,117.84,1027.32,2.83,16.78,620.38,7.47,2011.80,4516.43,170.33,1843.58,13.61,324.97,388.35,62.07,32.96,18.25,134.70,118.86,10.16,101.35,776.42,37.70,11.68,33.43,0.90,0.74,0.64,0.07,0.01,10.62,0.31,10.25,1.72,2.44,4.32,7.61,5.72,1.97,4.82,109.93,3.78,1.21,3.45,5.26,false
2024-12-16,"Total",,,,,,,,,,,,,,,,,,,,,,,,,,,,,,,,,,,,,,,,,,,,,,,,,,,,,,,,,,,,,,false
2024-12-17,"Total",,,,,,,,,,,,,,,,,,,,,,,,,,,,,,,,,,,,,,,,,,,,,,,,,,,,,,,,,,,,,,false
2024-12-18,"Total",,,,,,,,,,,,,,,,,,,,,,,,,,,,,,,,,,,,,,,,,,,,,,,,,,,,,,,,,,,,,,false
2024-12-19,"Total",,,,,,,,,,,,,,,,,,,,,,,,,,,,,,,,,,,,,,,,,,,,,,,,,,,,,,,,,,,,,,false
2024-12-20,"Total",,,,,,,,,,,,,,,,,,,,,,,,,,,,,,,,,,,,,,,,,,,,,,,,,,,,,,,,,,,,,,false
2024-12-21,"Total",,,,,,,,,,,,,,,,,,,,,,,,,,,,,,,,,,,,,,,,,,,,,,,,,,,,,,,,,,,,,,false
2024-12-22,"Breakfast",568.70,0.00,33.33,153.58,795.05,283.13,0.49,0.42,3.72,2.12,0.53,1.09,62.22,164.37,17.12,88.23,0.73,40.86,308.11,1.06,5.10,234.38,3.18,629.64,1299.81,21.96,149.35,4.07,82.98,97.38,14.36,9.39,4.97,39.53,37.64,5.03,14.09,16.22,4.29,2.00,6.24,0.15,0.13,0.12,0.00,0.00,1.87,0.01,1.86,0.41,0.59,0.96,1.80,1.35,0.39,1.14,23.00,0.85,0.29,0.84,1.24,false
2024-12-22,"Lunch",42.00,0.00,0.00,22.08,15.12,108.20,0.08,0.05,0.77,0.28,0.18,0.00,16.80,1022.00,4.32,0.00,1.24,16.44,36.00,0.02,0.41,12.00,0.19,36.00,282.00,0.84,69.60,0.24,5.99,9.86,3.60,2.84,0.76,0.20,4.14,0.00,0.22,0.00,0.01,0.11,0.04,0.00,0.00,0.00,0.00,0.00,0.00,0.00,0.00,0.08,0.04,0.08,0.10,0.10,0.02,0.06,0.91,0.19,0.01,0.04,0.07,false
2024-12-22,"Total",610.70,0.00,33.33,175.66,810.17,391.34,0.57,0.47,4.50,2.40,0.72,1.09,79.02,1186.37,21.44,88.23,1.96,57.30,344.11,1.08,5.51,246.38,3.37,665.64,1581.81,22.80,218.95,4.31,88.97,107.24,17.96,12.24,5.72,39.73,41.78,5.03,14.31,16.22,4.30,2.11,6.28,0.15,0.13,0.13,0.00,0.00,1.87,0.01,1.86,0.49,0.63,1.04,1.90,1.45,0.41,1.20,23.91,1.04,0.30,0.89,1.31,false
2024-12-23,"Total",,,,,,,,,,,,,,,,,,,,,,,,,,,,,,,,,,,,,,,,,,,,,,,,,,,,,,,,,,,,,,false
2024-12-24,"Total",,,,,,,,,,,,,,,,,,,,,,,,,,,,,,,,,,,,,,,,,,,,,,,,,,,,,,,,,,,,,,false
2024-12-25,"Total",,,,,,,,,,,,,,,,,,,,,,,,,,,,,,,,,,,,,,,,,,,,,,,,,,,,,,,,,,,,,,false
2024-12-26,"Total",,,,,,,,,,,,,,,,,,,,,,,,,,,,,,,,,,,,,,,,,,,,,,,,,,,,,,,,,,,,,,false
2024-12-27,"Total",,,,,,,,,,,,,,,,,,,,,,,,,,,,,,,,,,,,,,,,,,,,,,,,,,,,,,,,,,,,,,false
2024-12-28,"Total",,,,,,,,,,,,,,,,,,,,,,,,,,,,,,,,,,,,,,,,,,,,,,,,,,,,,,,,,,,,,,false
2024-12-29,"Total",,,,,,,,,,,,,,,,,,,,,,,,,,,,,,,,,,,,,,,,,,,,,,,,,,,,,,,,,,,,,,false
2024-12-30,"Lunch",440.00,0.00,0.00,80.90,231.83,174.05,0.32,0.12,1.44,0.55,0.33,0.00,161.27,1112.00,12.45,0.00,1.25,17.06,107.21,0.24,3.20,66.69,0.73,184.60,683.43,3.83,865.31,1.30,35.97,51.75,15.44,12.98,1.46,16.10,5.52,0.00,2.90,0.00,0.15,0.61,0.82,0.00,0.18,0.18,0.00,0.00,0.14,0.00,0.14,0.16,0.25,0.47,0.82,0.64,0.13,0.55,52.21,0.49,0.12,0.25,0.59,false
2024-12-30,"Dinner",702.52,0.00,0.00,172.14,668.56,605.42,0.83,0.64,6.93,2.25,1.24,0.09,458.22,66.53,277.37,0.47,6.58,10.80,245.18,1.02,8.08,213.89,2.33,586.25,2164.86,19.74,2071.61,4.23,98.69,128.32,29.03,24.16,4.91,69.30,28.09,0.00,10.77,1.66,4.52,3.71,1.59,0.01,0.46,0.46,0.00,0.00,2.17,0.00,2.17,0.41,0.81,1.39,2.74,2.01,0.49,1.72,32.83,1.17,0.39,1.00,1.72,false
2024-12-30,"Snacks",220.60,0.00,18.54,93.78,337.00,199.83,0.16,0.09,3.79,0.81,0.36,0.00,70.03,2.28,86.99,0.00,0.74,3.92,47.81,0.66,1.96,125.52,1.54,199.28,865.10,2.80,98.80,1.39,37.77,46.91,8.86,6.65,2.22,5.96,27.74,2.26,3.33,0.00,1.35,0.65,1.06,0.00,0.12,0.12,0.00,0.00,0.53,0.00,0.53,0.11,0.27,0.37,0.65,0.44,0.11,0.49,9.69,0.35,0.10,0.34,0.45,false
2024-12-30,"Total",1363.12,0.00,18.54,346.82,1237.39,979.30,1.32,0.84,12.17,3.61,1.93,0.09,689.52,1180.81,376.81,0.47,8.56,31.78,400.20,1.91,13.24,406.11,4.60,970.14,3713.39,26.37,3035.72,6.93,172.43,226.98,53.33,43.79,8.58,91.36,61.34,2.26,17.00,1.66,6.03,4.97,3.46,0.01,0.77,0.77,0.00,0.00,2.84,0.00,2.84,0.68,1.33,2.23,4.21,3.09,0.73,2.75,94.73,2.01,0.61,1.58,2.76,false
2024-12-31,"'-",373.58,0.00,0.00,94.84,176.02,704.70,0.53,0.27,2.89,1.45,0.47,0.00,186.43,104.01,359.96,0.00,2.10,14.53,230.93,0.33,1.21,77.63,0.83,132.73,1313.11,2.55,2.70,0.58,74.20,94.47,17.57,10.59,7.02,0.11,71.35,0.00,1.29,0.00,0.22,0.46,0.15,0.00,0.16,0.16,0.00,0.00,0.30,0.00,0.30,0.05,0.11,0.16,0.21,0.28,0.09,0.19,6.29,0.12,0.05,0.12,0.24,false
2024-12-31,"Breakfast",568.70,0.00,33.33,153.58,795.05,283.13,0.49,0.42,3.72,2.12,0.53,1.09,62.22,164.37,17.12,88.23,0.73,40.86,308.11,1.06,5.10,234.38,3.18,629.64,1299.81,21.96,149.35,4.07,82.98,97.38,14.36,9.39,4.97,39.53,37.64,5.03,14.09,16.22,4.29,2.00,6.24,0.15,0.13,0.12,0.00,0.00,1.87,0.01,1.86,0.41,0.59,0.96,1.80,1.35,0.39,1.14,23.00,0.85,0.29,0.84,1.24,false
2024-12-31,"Lunch",423.87,0.00,0.00,105.27,377.27,370.23,0.50,0.34,4.29,1.57,0.61,0.06,218.65,1057.44,17.17,0.33,5.96,21.82,171.24,0.63,5.04,129.11,1.43,350.19,1441.24,13.54,1531.81,2.53,57.34,76.23,18.37,15.23,3.18,40.86,15.30,0.00,7.08,1.16,3.02,2.41,0.99,0.01,0.26,0.26,0.00,0.00,1.43,0.00,1.43,0.31,0.49,0.86,1.62,1.21,0.29,1.03,19.36,0.85,0.22,0.62,1.01,false
2024-12-31,"Dinner",267.45,,,,,,,,,,,,,0.00,,,,,,,,,,,,,408.00,,56.77,65.02,8.25,,,,26.64,18.00,1.28,,,,0.26,,,,,,,,,,,,,,,,4.00,,,,,false
2024-12-31,"Snacks",220.60,0.00,18.54,93.78,337.00,199.83,0.16,0.09,3.79,0.81,0.36,0.00,70.03,2.28,86.99,0.00,0.74,3.92,47.81,0.66,1.96,125.52,1.54,199.28,865.10,2.80,98.80,1.39,37.77,46.91,8.86,6.65,2.22,5.96,27.74,2.26,3.33,0.00,1.35,0.65,1.06,0.00,0.12,0.12,0.00,0.00,0.53,0.00,0.53,0.11,0.27,0.37,0.65,0.44,0.11,0.49,9.69,0.35,0.10,0.34,0.45,false
2024-12-31,"Total",1854.21,0.00,51.87,447.48,1685.34,1557.89,1.68,1.12,14.70,5.94,1.97,1.16,537.33,1328.10,481.23,88.56,9.53,81.13,758.10,2.68,13.32,566.64,6.97,1311.84,4919.26,40.85,2190.67,8.57,309.06,380.00,67.41,41.86,17.39,86.46,178.66,25.29,27.07,17.38,8.88,5.53,8.70,0.16,0.66,0.66,0.00,0.00,4.13,0.01,4.12,0.88,1.46,2.35,4.28,3.28,0.88,2.86,62.34,2.17,0.66,1.92,2.94,false
2025-01-01,"'-",249.99,0.00,0.00,39.80,155.98,165.93,0.42,0.23,2.88,0.57,0.16,0.14,103.09,75.97,83.06,10.96,1.38,3.90,68.36,0.11,1.73,25.51,0.23,87.12,359.33,7.15,102.92,0.43,38.78,43.04,3.73,2.68,1.05,18.06,19.29,3.21,7.11,36.85,3.84,1.69,0.84,0.03,0.43,0.42,0.00,0.00,1.26,0.01,1.24,0.09,0.12,0.21,0.37,0.23,0.10,0.25,5.67,0.18,0.06,0.17,0.24,false
2025-01-01,"Breakfast",568.70,0.00,33.33,153.58,795.05,283.13,0.49,0.42,3.72,2.12,0.53,1.09,62.22,164.37,17.12,88.23,0.73,40.86,308.11,1.06,5.10,234.38,3.18,629.64,1299.81,21.96,149.35,4.07,82.98,97.38,14.36,9.39,4.97,39.53,37.64,5.03,14.09,16.22,4.29,2.00,6.24,0.15,0.13,0.12,0.00,0.00,1.87,0.01,1.86,0.41,0.59,0.96,1.80,1.35,0.39,1.14,23.00,0.85,0.29,0.84,1.24,false
2025-01-01,"Lunch",1296.49,0.00,0.00,94.22,1133.53,952.50,0.91,1.46,10.86,5.74,1.50,2.81,373.23,655.63,176.36,225.13,5.19,101.71,496.55,1.28,12.09,297.20,4.65,1178.69,2442.02,59.79,2503.75,8.65,165.29,190.13,24.63,18.10,4.57,79.01,54.80,0.00,33.07,511.88,7.07,3.98,14.10,0.17,0.30,0.24,0.05,0.01,3.46,0.20,3.24,0.98,1.42,2.45,4.29,3.18,1.14,2.71,70.09,2.16,0.58,1.82,2.89,false
2025-01-01,"Dinner",267.45,,,,,,,,,,,,,0.00,,,,,,,,,,,,,408.00,,56.77,65.02,8.25,,,,26.64,18.00,1.28,,,,0.26,,,,,,,,,,,,,,,,4.00,,,,,false
2025-01-01,"Snacks",388.77,0.00,37.09,197.07,918.59,200.80,0.33,0.22,10.06,1.45,0.48,0.00,128.53,3.41,86.99,0.00,1.36,6.50,86.22,1.44,4.45,259.46,3.08,480.05,1403.95,6.94,350.21,3.28,49.62,65.51,15.56,11.73,3.83,8.45,35.54,8.06,8.59,0.00,4.01,1.56,2.37,0.01,0.15,0.15,0.00,0.00,1.41,0.00,1.41,0.31,0.71,1.12,1.92,1.28,0.33,1.47,27.89,1.02,0.29,1.03,1.29,false
2025-01-01,"Total",2771.40,0.00,70.42,484.67,3003.16,1602.36,2.15,2.33,27.52,9.88,2.68,4.04,667.06,899.38,363.52,324.32,8.65,152.97,959.24,3.90,23.37,816.55,11.14,2375.50,5505.11,95.84,3514.23,16.43,393.44,461.06,66.52,41.91,14.42,145.06,173.91,34.30,64.13,564.95,19.21,9.24,23.81,0.35,1.00,0.93,0.05,0.01,8.00,0.22,7.76,1.79,2.85,4.74,8.37,6.03,1.95,5.58,130.64,4.21,1.22,3.86,5.67,false
2025-01-02,"Dinner",574.86,0.00,0.00,364.38,578.90,545.44,0.73,0.62,7.41,4.03,1.50,0.27,398.06,2944.27,187.04,19.20,6.75,34.48,305.66,1.10,11.07,195.55,3.65,612.75,2488.26,13.09,157.30,4.33,83.30,113.90,30.08,17.88,4.22,41.20,28.93,0.00,5.02,6.00,1.79,1.11,1.47,0.06,0.12,0.12,0.00,0.00,0.60,0.00,0.60,0.38,0.68,1.11,1.85,1.68,0.32,1.30,26.41,1.10,0.31,0.72,1.36,false
2025-01-02,"Total",574.86,0.00,0.00,364.38,578.90,545.44,0.73,0.62,7.41,4.03,1.50,0.27,398.06,2944.27,187.04,19.20,6.75,34.48,305.66,1.10,11.07,195.55,3.65,612.75,2488.26,13.09,157.30,4.33,83.30,113.90,30.08,17.88,4.22,41.20,28.93,0.00,5.02,6.00,1.79,1.11,1.47,0.06,0.12,0.12,0.00,0.00,0.60,0.00,0.60,0.38,0.68,1.11,1.85,1.68,0.32,1.30,26.41,1.10,0.31,0.72,1.36,false
2025-01-03,"Breakfast",568.70,0.00,33.33,153.58,795.05,283.13,0.49,0.42,3.72,2.12,0.53,1.09,62.22,164.37,17.12,88.23,0.73,40.86,308.11,1.06,5.10,234.38,3.18,629.64,1299.81,21.96,149.35,4.07,82.98,97.38,14.36,9.39,4.97,39.53,37.64,5.03,14.09,16.22,4.29,2.00,6.24,0.15,0.13,0.12,0.00,0.00,1.87,0.01,1.86,0.41,0.59,0.96,1.80,1.35,0.39,1.14,23.00,0.85,0.29,0.84,1.24,false
2025-01-03,"Lunch",1146.36,0.00,0.00,282.70,41.28,1054.41,9.28,8.69,67.90,4.79,11.34,19.22,614.47,2555.42,93.03,12.00,8.46,57.29,599.00,2.31,14.17,422.53,3.85,1092.53,4166.71,46.59,2679.76,7.77,132.30,170.04,37.36,12.17,5.48,22.64,48.81,0.00,18.52,110.29,5.96,1.97,6.32,0.03,0.17,0.16,0.00,0.00,1.16,0.05,1.11,0.77,2.12,2.95,5.83,5.62,1.45,3.67,84.24,2.96,0.92,2.03,3.56,false
2025-01-03,"Dinner",1004.74,,,,,,,,,,,,,,,,,,,,,,,,,,2957.18,,94.93,94.93,,,,,11.88,,43.29,,,,23.75,,,,,,,,,,,,,,,,56.17,,,,,false
2025-01-03,"Snacks",869.43,0.00,0.00,35.70,104.22,509.76,0.34,0.47,0.99,1.47,0.34,1.35,60.20,103.64,105.02,96.00,0.91,4.40,396.30,0.15,0.54,59.50,0.13,304.56,942.94,5.73,891.10,1.27,163.36,189.58,24.38,4.65,3.75,1.04,104.00,36.00,10.98,30.00,1.78,0.40,5.22,0.28,0.07,0.06,0.00,0.00,0.32,0.01,0.31,0.07,0.30,0.50,0.91,0.86,0.27,0.48,18.38,0.44,0.13,0.44,0.62,false
2025-01-03,"Bike",651.91,0.00,33.33,168.35,1033.01,283.54,0.58,0.48,7.11,2.46,0.60,1.09,93.28,165.00,17.12,88.23,1.07,42.18,323.72,1.33,5.86,286.44,3.86,752.74,1530.91,23.62,288.08,4.81,88.63,105.12,16.42,10.91,5.51,40.36,41.90,8.26,16.40,16.22,5.56,2.49,6.61,0.15,0.14,0.14,0.00,0.00,2.34,0.01,2.33,0.51,0.83,1.34,2.45,1.76,0.51,1.65,32.23,1.19,0.38,1.19,1.66,false
2025-01-03,"Total",4241.14,0.00,66.65,640.32,1973.56,2130.83,10.68,10.07,79.72,10.83,12.81,22.75,830.17,2988.44,232.29,284.46,11.16,144.72,1627.12,4.85,25.68,1002.85,11.02,2779.47,7940.37,97.90,6965.48,17.93,562.19,657.05,92.52,37.12,19.70,103.56,244.23,49.29,103.28,172.72,17.59,6.86,48.14,0.61,0.50,0.48,0.00,0.01,5.70,0.07,5.62,1.76,3.83,5.75,10.98,9.59,2.62,6.94,214.02,5.43,1.72,4.50,7.08,false
2025-01-04,"Lunch",592.31,0.00,0.00,87.08,717.92,583.94,0.87,0.85,12.34,4.76,0.91,0.00,542.61,1225.25,49.05,10.00,3.39,96.55,214.20,1.45,13.39,161.30,2.34,643.42,2113.37,41.41,786.19,5.10,85.71,113.00,25.78,20.42,3.09,55.85,16.74,0.60,4.28,0.00,1.08,1.45,0.73,0.01,0.17,0.17,0.00,0.00,1.00,0.00,1.00,0.47,0.75,1.19,1.99,1.69,0.31,1.38,31.49,1.17,0.29,0.75,1.48,false
2025-01-04,"Snacks",420.73,0.00,0.00,84.35,117.17,738.81,0.46,0.79,2.33,1.97,0.51,1.40,169.91,75.98,295.19,0.00,1.61,4.33,426.93,0.30,1.05,88.92,0.62,377.34,1370.18,22.21,74.51,1.54,65.58,82.30,14.46,8.04,6.47,0.09,64.00,0.00,1.85,10.00,0.28,0.40,0.34,0.01,0.13,0.13,0.00,0.00,0.27,0.00,0.27,0.21,0.68,1.18,2.22,1.91,0.66,1.18,25.75,0.92,0.31,1.12,1.53,false
2025-01-04,"Bike",1151.67,0.00,38.86,184.51,1135.00,563.34,1.04,1.17,9.19,4.20,0.85,2.98,156.97,516.19,17.77,233.20,1.57,101.39,856.97,1.44,7.59,356.54,4.11,1216.10,2247.41,37.09,557.79,7.15,129.27,147.05,17.71,11.76,5.95,57.35,65.48,14.76,36.68,85.52,10.95,3.56,18.37,0.78,0.25,0.24,0.00,0.00,3.08,0.02,3.05,1.07,1.67,3.19,5.99,4.84,1.29,3.11,69.87,3.00,1.04,2.42,3.65,false
2025-01-04,"Total",2164.70,0.00,38.86,355.93,1970.09,1886.08,2.37,2.80,23.86,10.93,2.26,4.38,869.49,1817.42,362.01,243.20,6.57,202.26,1498.10,3.19,22.02,606.76,7.07,2236.85,5730.96,100.71,1418.49,13.80,280.56,342.35,57.95,40.21,15.51,113.29,146.22,15.36,42.82,95.52,12.32,5.41,19.45,0.80,0.55,0.54,0.00,0.00,4.35,0.02,4.32,1.75,3.11,5.57,10.20,8.43,2.27,5.67,127.11,5.09,1.64,4.29,6.67,false
2025-01-05,"Dinner",820.31,0.00,0.00,429.61,1579.91,511.86,1.15,0.73,7.93,4.30,1.40,0.00,513.83,2437.07,77.00,0.00,2.24,9.24,407.16,1.75,12.36,370.54,4.69,901.71,3719.11,19.74,1108.13,6.52,109.89,151.04,39.93,32.13,7.80,58.34,39.15,0.00,4.31,0.00,1.02,2.24,0.80,0.00,0.39,0.39,0.00,0.00,0.73,0.00,0.73,0.61,1.42,2.35,4.28,3.41,0.79,2.87,53.65,2.13,0.73,1.73,2.81,false
2025-01-05,"Total",820.31,0.00,0.00,429.61,1579.91,511.86,1.15,0.73,7.93,4.30,1.40,0.00,513.83,2437.07,77.00,0.00,2.24,9.24,407.16,1.75,12.36,370.54,4.69,901.71,3719.11,19.74,1108.13,6.52,109.89,151.04,39.93,32.13,7.80,58.34,39.15,0.00,4.31,0.00,1.02,2.24,0.80,0.00,0.39,0.39,0.00,0.00,0.73,0.00,0.73,0.61,1.42,2.35,4.28,3.41,0.79,2.87,53.65,2.13,0.73,1.73,2.81,false
2025-01-06,"Dinner",816.46,0.00,0.00,282.09,1121.00,765.21,1.09,0.81,8.89,5.22,1.84,0.54,830.78,2015.87,192.01,38.40,4.62,52.68,398.24,1.56,17.32,267.60,4.08,1040.70,3212.49,17.64,135.82,7.10,112.48,150.76,37.86,28.74,4.87,68.40,30.55,0.00,6.62,12.00,1.69,1.38,2.42,0.11,0.24,0.24,0.00,0.00,0.81,0.00,0.81,0.59,1.26,1.98,3.35,3.15,0.51,2.29,47.68,1.76,0.49,1.29,2.36,false
2025-01-06,"Total",816.46,0.00,0.00,282.09,1121.00,765.21,1.09,0.81,8.89,5.22,1.84,0.54,830.78,2015.87,192.01,38.40,4.62,52.68,398.24,1.56,17.32,267.60,4.08,1040.70,3212.49,17.64,135.82,7.10,112.48,150.76,37.86,28.74,4.87,68.40,30.55,0.00,6.62,12.00,1.69,1.38,2.42,0.11,0.24,0.24,0.00,0.00,0.81,0.00,0.81,0.59,1.26,1.98,3.35,3.15,0.51,2.29,47.68,1.76,0.49,1.29,2.36,false
2025-01-07,"Breakfast",671.47,0.00,33.33,173.21,1083.61,283.96,0.63,0.47,6.34,2.39,0.67,1.09,87.53,164.83,17.23,88.23,0.98,42.10,352.13,1.35,6.83,326.57,4.16,844.19,1515.71,27.27,219.85,5.33,86.50,103.93,17.38,11.87,5.51,40.25,39.92,6.65,20.04,16.22,5.40,5.97,6.92,0.16,1.64,1.60,0.00,0.00,4.31,0.01,4.21,0.52,0.80,1.28,2.33,1.69,0.54,1.54,30.55,1.14,0.38,1.13,1.62,false
2025-01-07,"Total",671.47,0.00,33.33,173.21,1083.61,283.96,0.63,0.47,6.34,2.39,0.67,1.09,87.53,164.83,17.23,88.23,0.98,42.10,352.13,1.35,6.83,326.57,4.16,844.19,1515.71,27.27,219.85,5.33,86.50,103.93,17.38,11.87,5.51,40.25,39.92,6.65,20.04,16.22,5.40,5.97,6.92,0.16,1.64,1.60,0.00,0.00,4.31,0.01,4.21,0.52,0.80,1.28,2.33,1.69,0.54,1.54,30.55,1.14,0.38,1.13,1.62,false
2025-01-08,"Breakfast",568.70,0.00,33.33,153.58,795.05,283.13,0.49,0.42,3.72,2.12,0.53,1.09,62.22,164.37,17.12,88.23,0.73,40.86,308.11,1.06,5.10,234.38,3.18,629.64,1299.81,21.96,149.35,4.07,82.98,97.38,14.36,9.39,4.97,39.53,37.64,5.03,14.09,16.22,4.29,2.00,6.24,0.15,0.13,0.12,0.00,0.00,1.87,0.01,1.86,0.41,0.59,0.96,1.80,1.35,0.39,1.14,23.00,0.85,0.29,0.84,1.24,false
2025-01-08,"Lunch",625.32,0.00,0.00,124.30,325.85,428.35,0.64,0.78,2.96,1.89,0.87,1.40,438.87,102.32,75.89,0.00,2.40,8.63,433.54,0.94,6.22,205.48,1.58,598.97,1510.88,27.30,133.96,3.79,78.81,96.29,16.41,9.83,4.23,30.83,44.59,0.00,9.63,10.00,2.89,2.97,1.54,0.01,0.22,0.22,0.00,0.00,2.74,0.00,2.74,0.42,1.13,1.91,3.48,3.01,0.84,2.08,41.78,1.57,0.46,1.53,2.18,false
2025-01-08,"Dinner",1025.51,0.00,0.00,77.73,436.53,227.94,0.83,0.92,6.65,4.40,1.16,1.11,570.77,169.80,17.37,87.00,6.97,41.78,270.09,1.16,9.06,242.49,2.88,636.21,1745.86,52.72,641.81,5.49,66.54,91.15,24.20,14.47,7.42,46.78,15.03,2.26,46.06,373.00,20.39,7.53,10.78,0.01,0.46,0.42,0.04,0.01,7.00,0.15,6.82,0.66,0.96,1.73,2.83,2.43,0.74,1.96,65.14,1.50,0.42,1.15,1.85,false
2025-01-08,"Snacks",656.23,0.00,24.73,126.95,394.45,277.50,0.54,0.52,5.02,1.58,0.40,0.82,54.67,114.68,7.20,55.14,3.06,35.96,476.05,0.68,4.26,167.21,2.64,536.10,931.89,32.19,606.27,3.74,95.06,110.00,13.58,10.31,3.28,30.15,57.95,26.60,8.32,11.32,1.74,2.02,3.23,0.10,0.19,0.19,0.00,0.00,1.82,0.01,1.81,0.62,0.77,1.71,3.24,2.70,0.67,1.38,42.94,1.66,0.67,1.07,1.86,false
2025-01-08,"Total",2875.76,0.00,58.05,482.57,1951.89,1216.92,2.49,2.64,18.34,9.99,2.97,4.42,1126.54,551.17,117.57,230.37,13.15,127.23,1487.80,3.84,24.65,849.55,10.28,2400.93,5488.44,134.17,1531.40,17.09,323.38,394.82,68.55,44.01,19.90,147.29,155.22,33.89,78.11,410.53,29.30,14.53,21.79,0.26,0.99,0.94,0.04,0.01,13.43,0.16,13.23,2.11,3.46,6.30,11.34,9.48,2.64,6.57,172.86,5.58,1.83,4.59,7.14,false
2025-01-09,"Breakfast",1049.29,0.00,58.05,339.14,1342.00,750.97,1.05,0.69,8.17,3.50,1.17,1.20,196.50,323.44,247.25,88.23,1.85,42.32,569.11,1.88,7.84,421.87,4.48,1012.99,2803.90,27.73,251.33,6.39,154.56,183.98,28.00,20.04,7.96,44.85,97.31,5.03,20.38,17.38,5.40,4.99,7.80,0.15,0.84,0.79,0.00,0.00,4.13,0.01,4.03,0.81,1.23,2.28,4.16,3.53,0.90,2.18,56.91,2.17,0.73,1.59,2.68,false
2025-01-09,"Lunch",707.30,0.00,0.00,95.46,285.53,512.85,0.97,0.36,8.33,1.66,1.10,0.00,490.93,207.07,95.54,0.00,6.78,52.78,305.76,1.27,9.18,271.00,3.95,577.77,2133.14,30.37,489.68,4.93,90.68,115.79,24.69,12.58,4.78,56.69,29.81,3.69,13.66,0.00,3.27,6.14,2.18,0.01,0.30,0.30,0.00,0.00,3.90,0.00,3.89,0.42,0.71,1.09,1.83,1.53,0.36,1.39,34.43,0.99,0.30,0.69,1.12,false
2025-01-09,"Dinner",1152.11,0.00,0.00,21.73,4.51,61.41,0.04,0.08,0.33,0.30,0.07,0.08,59.77,113.70,10.30,1.13,3.48,130.48,146.05,0.11,1.35,37.44,0.38,76.32,262.71,2.21,2950.09,0.64,95.50,96.64,1.14,0.93,0.21,0.20,11.33,0.00,53.62,4.62,14.48,3.55,20.51,0.09,0.73,0.73,0.00,0.00,2.72,0.00,2.72,0.02,0.06,0.11,0.21,0.16,0.05,0.12,67.93,0.09,0.03,0.12,0.14,false
2025-01-09,"Snacks",226.21,0.00,24.73,114.22,603.59,214.13,0.30,0.77,0.95,1.16,0.21,1.75,31.34,2.50,0.00,0.00,0.24,0.91,302.86,0.53,2.75,128.15,1.56,565.71,629.54,35.33,93.06,2.68,21.50,28.57,7.06,5.06,2.00,10.52,8.65,0.00,3.80,12.50,1.07,0.63,1.40,0.01,0.03,0.03,0.00,0.00,0.60,0.00,0.60,0.35,0.85,1.53,2.98,2.34,0.82,1.57,31.32,1.21,0.43,1.49,1.99,false
2025-01-09,"Total",3134.91,0.00,82.78,570.55,2235.62,1539.36,2.36,1.91,17.78,6.61,2.56,3.04,778.55,646.71,353.09,89.36,12.35,226.49,1323.78,3.79,21.11,858.46,10.37,2232.80,5829.29,95.64,3784.17,14.65,362.24,424.98,60.89,38.60,14.95,112.26,147.10,8.72,91.46,34.51,24.23,15.30,31.91,0.26,1.89,1.84,0.00,0.00,11.35,0.01,11.25,1.60,2.85,5.01,9.17,7.56,2.13,5.26,190.59,4.45,1.49,3.89,5.93,false
2025-01-10,"Breakfast",1099.56,0.00,33.33,262.16,1027.89,825.06,1.15,1.19,7.00,3.97,1.26,2.49,414.28,268.86,226.58,88.23,2.76,46.04,738.63,1.75,9.15,388.06,4.17,1138.52,2782.18,47.24,257.58,6.92,154.34,185.24,29.45,17.85,10.21,58.03,87.84,5.03,20.23,26.22,6.07,3.81,7.26,0.16,0.26,0.26,0.00,0.00,3.53,0.01,3.52,0.75,1.55,2.59,4.77,3.93,1.17,2.88,58.64,2.16,0.68,2.21,3.18,false
2025-01-10,"Lunch",983.45,0.15,5.60,16.56,195.87,134.80,0.10,0.12,0.65,0.23,0.08,0.08,22.31,15.12,6.90,6.44,1.30,17.28,21.17,0.28,1.85,32.85,0.39,63.93,237.31,7.23,1092.70,0.86,121.73,136.59,13.65,3.72,1.23,5.41,41.25,17.25,41.01,27.77,3.04,4.48,12.23,0.04,0.51,0.50,0.00,0.00,3.97,0.01,3.96,0.05,0.06,0.11,0.20,0.14,0.05,0.13,24.00,0.10,0.03,0.09,0.15,false
2025-01-10,"Dinner",666.00,0.00,0.00,442.80,2264.40,235.74,1.04,0.67,6.71,4.86,1.49,0.00,378.00,2885.03,58.80,0.00,2.37,11.82,426.00,2.28,14.07,441.00,6.29,1014.00,4425.00,26.96,144.00,7.68,71.79,100.53,27.41,16.93,10.49,23.17,30.88,0.00,1.65,0.00,0.21,0.80,0.29,0.00,0.07,0.07,0.00,0.00,0.45,0.00,0.45,0.79,1.83,2.96,4.94,4.10,0.94,3.51,66.03,2.81,0.96,2.38,3.27,false
2025-01-10,"Total",2749.01,0.15,38.93,721.52,3488.15,1195.60,2.29,1.98,14.36,9.06,2.83,2.57,814.59,3169.01,292.28,94.67,6.43,75.14,1185.80,4.31,25.07,861.91,10.86,2216.46,7444.48,81.44,1494.28,15.46,347.85,422.36,70.51,38.50,21.94,86.60,159.96,22.28,62.89,53.99,9.32,9.09,19.78,0.20,0.84,0.84,0.00,0.00,7.96,0.02,7.94,1.59,3.44,5.66,9.90,8.17,2.16,6.52,148.67,5.06,1.68,4.68,6.60,false
2025-01-11,"Total",,,,,,,,,,,,,,,,,,,,,,,,,,,,,,,,,,,,,,,,,,,,,,,,,,,,,,,,,,,,,,false
2025-01-12,"Total",,,,,,,,,,,,,,,,,,,,,,,,,,,,,,,,,,,,,,,,,,,,,,,,,,,,,,,,,,,,,,false
2025-01-13,"Total",,,,,,,,,,,,,,,,,,,,,,,,,,,,,,,,,,,,,,,,,,,,,,,,,,,,,,,,,,,,,,false
2025-01-14,"Breakfast",829.10,0.00,33.33,233.40,864.10,754.91,0.90,0.63,5.10,3.32,0.84,1.09,202.77,218.23,265.75,88.23,2.06,42.73,497.21,1.29,5.67,284.63,3.32,703.39,2223.36,24.26,150.20,4.43,133.82,163.17,27.21,15.37,11.89,39.57,89.48,5.03,14.79,16.22,4.40,2.16,6.33,0.15,0.17,0.16,0.00,0.00,1.99,0.01,1.98,0.45,0.68,1.08,1.91,1.57,0.48,1.29,27.54,0.92,0.33,0.92,1.44,false
2025-01-14,"Lunch",560.33,0.00,0.00,305.63,1096.51,380.21,0.69,0.63,7.05,3.70,1.09,0.00,269.54,2408.45,53.13,0.00,2.09,8.00,244.89,1.30,7.84,262.35,3.60,631.11,2865.56,13.96,577.17,4.61,80.61,102.30,20.87,14.81,6.06,37.05,31.64,0.00,3.73,0.00,0.96,1.66,0.75,0.00,0.08,0.08,0.00,0.00,0.53,0.00,0.53,0.47,1.03,1.60,3.05,2.47,0.59,1.98,37.78,1.56,0.53,1.34,1.87,false
2025-01-14,"Dinner",85.00,0.00,0.00,5.88,105.80,348.08,0.17,0.57,6.61,3.20,0.23,0.00,45.00,719.48,16.75,10.00,2.01,2.00,45.00,0.86,3.60,37.50,0.37,183.75,1020.00,15.38,5.00,1.66,12.04,18.86,5.50,4.93,0.58,1.95,8.13,0.00,0.76,0.00,0.03,0.24,0.17,0.00,0.01,0.01,0.00,0.00,0.23,0.00,0.23,0.02,0.08,0.12,0.19,0.19,0.05,0.13,4.51,0.15,0.05,0.11,0.27,false
2025-01-14,"Snacks",247.75,,,,,,,,,,,,,0.00,,,,,,,,,,,,,360.00,,53.15,60.43,7.27,,,,26.33,18.00,1.13,,,,0.23,,,,,,,,,,,,,,,,3.53,,,,,false
2025-01-14,"Total",1722.18,0.00,33.33,544.90,2066.41,1483.20,1.76,1.83,18.76,10.22,2.16,1.09,517.31,3346.16,335.63,98.23,6.16,52.73,787.10,3.45,17.11,584.48,7.29,1518.25,6108.93,53.60,1092.37,10.70,279.62,344.75,60.85,35.10,18.53,78.57,155.57,23.03,20.40,16.22,5.39,4.06,7.48,0.15,0.25,0.25,0.00,0.00,2.75,0.01,2.74,0.94,1.78,2.80,5.15,4.23,1.12,3.41,73.36,2.63,0.91,2.37,3.57,false
2025-01-15,"Total",,,,,,,,,,,,,,,,,,,,,,,,,,,,,,,,,,,,,,,,,,,,,,,,,,,,,,,,,,,,,,false
2025-01-16,"Total",,,,,,,,,,,,,,,,,,,,,,,,,,,,,,,,,,,,,,,,,,,,,,,,,,,,,,,,,,,,,,false
2025-01-17,"Total",,,,,,,,,,,,,,,,,,,,,,,,,,,,,,,,,,,,,,,,,,,,,,,,,,,,,,,,,,,,,,false
2025-01-18,"'-",314.00,0.00,0.00,15.07,105.36,28.57,0.40,0.24,2.66,0.39,0.05,0.21,87.66,158.86,0.02,15.29,0.56,1.59,36.91,0.06,2.13,13.36,0.28,75.69,94.78,8.16,88.02,0.45,31.04,32.26,1.22,0.55,0.67,26.95,4.07,2.98,18.17,71.45,5.16,0.94,10.78,0.68,0.08,0.08,0.00,0.00,0.51,0.01,0.50,0.11,0.13,0.23,0.43,0.23,0.12,0.29,5.70,0.19,0.07,0.19,0.27,false
2025-01-18,"Breakfast",829.10,0.00,33.33,233.40,864.10,754.91,0.90,0.63,5.10,3.32,0.84,1.09,202.77,218.23,265.75,88.23,2.06,42.73,497.21,1.29,5.67,284.63,3.32,703.39,2223.36,24.26,150.20,4.43,133.82,163.17,27.21,15.37,11.89,39.57,89.48,5.03,14.79,16.22,4.40,2.16,6.33,0.15,0.17,0.16,0.00,0.00,1.99,0.01,1.98,0.45,0.68,1.08,1.91,1.57,0.48,1.29,27.54,0.92,0.33,0.92,1.44,false
2025-01-18,"Lunch",441.50,0.00,0.00,302.13,1141.45,307.15,0.69,0.80,10.32,5.92,1.13,0.00,202.50,2403.29,54.00,10.00,1.90,8.00,245.50,1.86,9.40,247.50,3.59,634.25,3007.50,27.46,109.00,4.97,55.07,75.99,19.02,13.14,5.89,20.10,24.37,0.00,1.51,0.00,0.11,0.70,0.27,0.00,0.04,0.04,0.00,0.00,0.43,0.00,0.43,0.41,0.93,1.50,2.50,2.07,0.50,1.81,35.24,1.50,0.52,1.18,1.83,false
2025-01-18,"Dinner",584.70,0.00,0.00,54.37,542.16,535.81,0.53,0.42,4.31,2.20,0.74,0.00,409.70,4053.36,39.33,0.00,4.07,30.06,190.70,0.76,10.86,112.50,1.49,489.00,1736.00,7.36,801.95,3.48,70.85,92.81,21.40,17.38,2.49,27.51,15.20,0.00,10.26,45.90,0.16,0.52,4.74,0.00,0.08,0.08,0.00,0.00,0.28,0.00,0.28,0.36,0.59,0.95,1.54,1.51,0.20,1.04,36.20,0.98,0.20,0.62,1.06,false
2025-01-18,"Snacks",825.50,0.00,0.00,23.35,190.08,167.35,0.42,0.21,4.57,0.74,0.28,0.00,46.50,4.23,6.90,0.00,2.98,11.10,170.00,0.27,2.65,82.50,2.23,228.50,414.50,25.70,1176.50,1.83,158.77,184.28,24.15,7.17,2.45,28.81,72.57,40.10,6.01,0.00,0.63,1.67,1.21,0.01,0.15,0.15,0.00,0.00,1.51,0.00,1.51,0.14,0.15,0.23,0.43,0.18,0.09,0.29,19.89,0.18,0.09,0.18,0.29,false
2025-01-18,"Bike",524.71,0.00,49.45,216.28,423.75,361.82,0.29,0.54,2.27,2.00,0.55,0.97,92.98,169.88,72.43,55.14,0.99,80.94,548.11,1.04,4.18,224.53,1.80,564.24,1597.12,11.26,262.76,3.83,54.44,68.25,13.63,10.65,2.98,7.71,41.12,0.00,7.79,12.87,1.85,1.06,3.79,0.09,0.25,0.24,0.00,0.00,0.73,0.00,0.72,0.95,1.22,2.79,5.32,4.75,1.07,2.05,58.98,2.82,1.11,1.61,2.95,false
2025-01-18,"Total",3519.51,0.00,82.78,844.59,3266.90,2155.61,3.25,2.83,29.23,14.57,3.58,2.27,1042.12,7007.84,438.42,168.66,12.55,174.42,1688.43,5.28,34.89,965.02,12.71,2695.07,9073.26,104.20,2588.44,18.98,503.98,616.74,106.63,64.25,26.36,150.64,246.82,48.11,58.52,146.44,12.31,7.04,27.13,0.92,0.76,0.76,0.00,0.00,5.45,0.02,5.42,2.42,3.70,6.79,12.14,10.31,2.46,6.77,183.55,6.60,2.32,4.70,7.82,false
2025-01-19,"Total",,,,,,,,,,,,,,,,,,,,,,,,,,,,,,,,,,,,,,,,,,,,,,,,,,,,,,,,,,,,,,false
2025-01-20,"Breakfast",574.86,0.00,0.00,364.38,578.90,545.44,0.73,0.62,7.41,4.03,1.50,0.27,398.06,2944.27,187.04,19.20,6.75,34.48,305.66,1.10,11.07,195.55,3.65,612.75,2488.26,13.09,157.30,4.33,83.30,113.90,30.08,17.88,4.22,41.20,28.93,0.00,5.02,6.00,1.79,1.11,1.47,0.06,0.12,0.12,0.00,0.00,0.60,0.00,0.60,0.38,0.68,1.11,1.85,1.68,0.32,1.30,26.41,1.10,0.31,0.72,1.36,false
2025-01-20,"Lunch",848.04,0.00,0.00,2.12,230.11,229.97,0.22,1.00,3.22,4.48,0.65,1.67,211.25,236.04,14.36,130.50,4.69,34.72,96.22,0.30,2.78,62.33,0.28,346.13,1016.42,46.85,759.06,2.68,58.21,80.32,22.02,7.05,4.08,0.18,7.77,0.00,47.08,559.50,22.11,5.08,9.07,0.00,0.28,0.22,0.06,0.01,4.73,0.22,4.46,0.48,0.53,1.16,1.84,1.57,0.65,1.16,35.09,1.02,0.27,0.85,1.32,false
2025-01-20,"Dinner",505.30,0.00,12.36,144.52,814.57,130.42,0.48,0.29,3.55,1.39,0.76,0.15,83.76,12.41,20.33,0.00,5.48,4.62,240.26,0.77,5.06,206.57,5.30,446.11,1096.61,25.49,108.43,5.00,48.55,63.40,14.81,10.95,2.26,15.07,26.72,0.00,15.87,1.56,3.05,7.81,2.56,0.01,2.33,2.33,0.00,0.00,5.46,0.00,5.46,0.61,0.81,1.62,3.06,2.66,0.65,1.30,36.47,1.62,0.65,0.96,1.79,false
2025-01-20,"Snacks",651.02,0.00,0.00,145.20,284.54,1044.88,0.63,1.30,3.24,2.93,0.78,2.45,195.72,168.78,296.66,0.00,1.97,3.30,674.94,0.41,1.32,125.04,0.31,614.42,1904.40,36.84,134.54,2.42,101.64,123.65,18.58,11.22,7.40,0.08,98.68,0.00,3.08,17.50,0.46,0.44,0.61,0.02,0.11,0.11,0.00,0.00,0.33,0.00,0.33,0.34,1.14,2.01,3.81,3.22,1.11,1.98,42.75,1.56,0.51,1.90,2.57,false
2025-01-20,"Total",2579.23,0.00,12.36,656.22,1908.11,1950.71,2.05,3.21,17.41,12.84,3.69,4.54,888.78,3361.49,518.40,149.70,18.90,77.12,1317.08,2.58,20.23,589.48,9.55,2019.41,6505.70,122.28,1159.33,14.43,291.70,381.27,85.49,47.09,17.97,56.52,162.10,0.00,71.06,584.56,27.40,14.44,13.71,0.09,2.85,2.78,0.06,0.01,11.13,0.23,10.86,1.80,3.15,5.91,10.56,9.12,2.73,5.75,140.72,5.30,1.74,4.42,7.04,false
2025-01-21,"Breakfast",568.70,0.00,33.33,153.58,795.05,283.13,0.49,0.42,3.72,2.12,0.53,1.09,62.22,164.37,17.12,88.23,0.73,40.86,308.11,1.06,5.10,234.38,3.18,629.64,1299.81,21.96,149.35,4.07,82.98,97.38,14.36,9.39,4.97,39.53,37.64,5.03,14.09,16.22,4.29,2.00,6.24,0.15,0.13,0.12,0.00,0.00,1.87,0.01,1.86,0.41,0.59,0.96,1.80,1.35,0.39,1.14,23.00,0.85,0.29,0.84,1.24,false
2025-01-21,"Lunch",856.60,0.00,0.00,117.17,1046.15,245.79,10.16,9.75,60.43,1.97,11.71,22.50,1032.56,19.17,10.08,0.00,2.88,14.27,177.26,1.56,12.48,321.53,4.99,729.40,1688.97,19.10,777.05,7.03,119.63,147.47,27.52,16.05,5.36,96.10,20.22,0.00,10.57,0.00,2.20,4.66,1.67,0.00,0.26,0.26,0.00,0.00,4.29,0.00,4.29,0.67,1.02,1.57,2.78,1.96,0.58,2.02,46.36,1.33,0.37,0.98,1.70,false
2025-01-21,"Dinner",771.00,0.00,0.00,394.11,2476.27,323.45,1.11,1.06,12.52,7.62,1.48,0.00,416.10,2395.56,62.86,12.00,1.93,10.53,423.30,3.01,17.27,456.45,6.34,1144.90,4775.25,45.78,590.10,9.06,85.58,119.10,30.79,18.93,10.38,20.53,32.15,0.00,2.31,0.00,0.23,1.04,0.35,0.00,0.08,0.08,0.00,0.00,0.74,0.00,0.74,0.82,1.94,3.11,5.18,4.32,0.98,3.66,73.48,2.95,1.01,2.49,3.57,false
2025-01-21,"Snacks",708.14,0.00,24.73,155.03,696.64,133.52,1.31,1.61,15.61,5.80,1.85,2.70,410.85,246.80,97.00,119.98,15.41,6.02,312.80,0.59,19.92,156.98,2.37,488.95,863.46,27.74,793.59,13.09,99.43,121.61,20.97,10.94,2.76,17.88,51.76,23.78,5.08,3.11,0.85,0.92,1.74,0.00,0.08,0.08,0.00,0.00,0.81,0.00,0.81,0.99,1.07,2.59,4.95,4.35,0.98,1.85,57.49,2.62,1.07,1.41,2.68,false
2025-01-21,"Total",2904.44,0.00,58.05,819.88,5014.12,985.90,13.07,12.85,92.29,17.51,15.57,26.29,1921.73,2825.90,187.06,220.21,20.94,71.67,1221.47,6.22,54.78,1169.33,16.89,2992.89,8627.49,114.58,2310.09,33.25,387.61,485.57,93.65,55.32,23.46,174.03,141.77,28.81,32.05,19.33,7.57,8.62,10.00,0.15,0.55,0.54,0.00,0.00,7.71,0.01,7.70,2.88,4.62,8.23,14.70,11.98,2.93,8.68,200.32,7.75,2.72,5.72,9.19,false
2025-01-22,"Breakfast",201.60,0.00,0.00,1.51,67.20,280.43,0.09,0.13,2.25,0.66,0.40,0.00,144.48,181.86,122.30,0.00,3.02,14.11,36.96,0.37,0.54,33.60,0.21,47.04,564.48,2.02,3.36,0.30,44.42,50.33,5.38,3.29,2.12,0.77,45.90,0.00,1.28,0.00,0.47,0.24,0.31,0.00,0.17,0.17,0.00,0.00,0.06,0.00,0.06,0.00,0.06,0.10,0.17,0.22,0.03,0.09,2.76,0.10,0.04,0.05,0.14,false
2025-01-22,"Total",201.60,0.00,0.00,1.51,67.20,280.43,0.09,0.13,2.25,0.66,0.40,0.00,144.48,181.86,122.30,0.00,3.02,14.11,36.96,0.37,0.54,33.60,0.21,47.04,564.48,2.02,3.36,0.30,44.42,50.33,5.38,3.29,2.12,0.77,45.90,0.00,1.28,0.00,0.47,0.24,0.31,0.00,0.17,0.17,0.00,0.00,0.06,0.00,0.06,0.00,0.06,0.10,0.17,0.22,0.03,0.09,2.76,0.10,0.04,0.05,0.14,false
2025-01-23,"Breakfast",568.70,0.00,33.33,153.58,795.05,283.13,0.49,0.42,3.72,2.12,0.53,1.09,62.22,164.37,17.12,88.23,0.73,40.86,308.11,1.06,5.10,234.38,3.18,629.64,1299.81,21.96,149.35,4.07,82.98,97.38,14.36,9.39,4.97,39.53,37.64,5.03,14.09,16.22,4.29,2.00,6.24,0.15,0.13,0.12,0.00,0.00,1.87,0.01,1.86,0.41,0.59,0.96,1.80,1.35,0.39,1.14,23.00,0.85,0.29,0.84,1.24,false
2025-01-23,"Lunch",831.44,0.00,0.00,0.65,0.00,90.05,9.88,10.12,62.14,2.89,11.24,23.61,636.50,153.53,0.00,87.00,3.49,11.03,87.89,0.73,8.96,200.40,4.20,733.40,990.29,47.18,255.39,5.64,85.90,103.89,17.98,0.00,0.00,75.49,10.67,0.00,27.81,373.00,11.59,4.17,7.84,0.02,0.23,0.19,0.04,0.01,3.91,0.15,2.08,0.75,0.80,1.46,2.57,1.48,0.75,1.70,45.43,1.22,0.34,1.04,1.72,false
2025-01-23,"Dinner",405.00,0.00,0.00,1.85,0.00,425.00,0.11,1.41,1.06,1.66,0.32,3.50,35.00,5.00,0.00,0.00,0.05,0.00,555.00,0.09,0.35,55.00,0.05,680.00,705.00,49.50,180.00,2.65,44.19,44.20,0.00,0.00,0.00,0.00,40.35,18.00,1.85,25.00,0.22,0.05,0.54,0.03,0.01,0.01,0.00,0.00,0.05,0.00,0.05,0.42,1.46,2.64,5.15,4.17,1.46,2.57,51.50,2.05,0.67,2.55,3.34,false
2025-01-23,"Snacks",78.00,0.00,0.00,2.85,97.50,128.34,0.03,0.04,0.14,0.09,0.06,0.00,4.50,4.06,6.90,0.00,0.32,3.30,9.00,0.04,0.18,7.50,0.05,16.50,160.50,0.00,1.50,0.06,15.90,20.72,3.60,2.51,1.10,0.08,15.59,0.00,0.26,0.00,0.01,0.08,0.04,0.00,0.01,0.01,0.00,0.00,0.06,0.00,0.06,0.00,0.01,0.01,0.02,0.02,0.00,0.01,0.39,0.01,0.00,0.00,0.02,false
2025-01-23,"Total",1883.14,0.00,33.33,158.93,892.55,926.52,10.50,11.99,67.06,6.76,12.16,28.20,738.22,326.97,24.02,175.23,4.58,55.18,960.01,1.92,14.59,497.28,7.48,2059.54,3155.61,118.64,586.24,12.42,228.96,266.18,35.94,11.90,6.06,115.09,104.25,23.03,44.01,414.22,16.11,6.31,14.66,0.19,0.38,0.33,0.04,0.01,5.89,0.15,4.05,1.58,2.87,5.06,9.54,7.01,2.61,5.42,120.32,4.13,1.29,4.44,6.32,false
2025-01-24,"Total",,,,,,,,,,,,,,,,,,,,,,,,,,,,,,,,,,,,,,,,,,,,,,,,,,,,,,,,,,,,,,false
2025-01-25,"'-",172.96,0.00,0.00,62.56,11.04,319.24,0.32,0.15,1.04,0.92,0.22,0.00,110.40,41.25,195.78,0.00,0.92,0.00,147.20,0.17,0.37,36.80,0.09,51.52,666.08,1.84,0.00,0.26,33.46,43.24,8.65,3.64,5.04,0.00,34.41,0.00,0.44,0.00,0.08,0.09,0.06,0.00,0.03,0.03,0.00,0.00,0.07,0.00,0.07,0.04,0.07,0.09,0.08,0.17,0.07,0.11,3.46,0.06,0.03,0.06,0.15,false
2025-01-25,"Total",172.96,0.00,0.00,62.56,11.04,319.24,0.32,0.15,1.04,0.92,0.22,0.00,110.40,41.25,195.78,0.00,0.92,0.00,147.20,0.17,0.37,36.80,0.09,51.52,666.08,1.84,0.00,0.26,33.46,43.24,8.65,3.64,5.04,0.00,34.41,0.00,0.44,0.00,0.08,0.09,0.06,0.00,0.03,0.03,0.00,0.00,0.07,0.00,0.07,0.04,0.07,0.09,0.08,0.17,0.07,0.11,3.46,0.06,0.03,0.06,0.15,false
2025-01-26,"'-",56.00,0.00,0.00,1.00,160.00,182.16,0.15,0.60,8.92,4.32,0.19,0.00,36.00,0.00,8.00,16.00,0.02,0.00,12.00,1.01,3.48,24.00,0.23,174.00,712.00,23.80,4.00,1.74,4.29,10.58,4.40,4.24,0.16,2.48,4.68,0.00,0.94,0.00,0.02,0.37,0.12,0.00,0.00,0.00,0.00,0.00,0.36,0.00,0.36,0.02,0.08,0.11,0.17,0.15,0.04,0.12,4.34,0.15,0.05,0.06,0.33,false
2025-01-26,"Total",56.00,0.00,0.00,1.00,160.00,182.16,0.15,0.60,8.92,4.32,0.19,0.00,36.00,0.00,8.00,16.00,0.02,0.00,12.00,1.01,3.48,24.00,0.23,174.00,712.00,23.80,4.00,1.74,4.29,10.58,4.40,4.24,0.16,2.48,4.68,0.00,0.94,0.00,0.02,0.37,0.12,0.00,0.00,0.00,0.00,0.00,0.36,0.00,0.36,0.02,0.08,0.11,0.17,0.15,0.04,0.12,4.34,0.15,0.05,0.06,0.33,false
2025-01-27,"Total",,,,,,,,,,,,,,,,,,,,,,,,,,,,,,,,,,,,,,,,,,,,,,,,,,,,,,,,,,,,,,false
2025-01-28,"Breakfast",645.81,0.00,33.33,168.77,817.89,461.83,0.59,0.60,4.69,2.52,0.90,1.36,111.73,194.58,150.27,107.43,1.11,43.42,388.77,1.13,5.56,255.18,3.38,719.34,1638.32,23.18,170.55,4.55,94.62,110.97,16.16,10.29,5.87,39.53,47.21,5.03,15.86,22.22,4.64,2.07,7.22,0.20,0.14,0.13,0.00,0.00,1.91,0.01,1.90,0.43,0.67,1.08,2.02,1.56,0.45,1.27,26.00,0.97,0.33,0.95,1.40,false
2025-01-28,"Lunch",802.62,0.00,0.00,1.77,191.76,210.30,0.20,0.96,2.70,4.09,0.57,1.67,187.04,234.03,11.97,130.50,4.17,29.01,92.68,0.25,2.61,54.44,0.24,331.44,878.52,46.74,756.88,2.50,57.73,77.97,20.17,5.88,3.40,0.15,7.69,0.00,42.89,559.50,19.44,4.59,8.49,0.00,0.25,0.19,0.06,0.01,4.27,0.22,4.01,0.47,0.51,1.14,1.80,1.53,0.64,1.13,34.56,1.00,0.26,0.83,1.29,false
2025-01-28,"Dinner",757.50,0.00,0.00,296.42,477.53,977.35,0.99,0.95,8.02,5.12,1.49,0.75,493.75,2506.09,278.71,0.00,4.25,28.13,461.25,1.18,8.69,204.25,2.44,763.42,3208.08,25.06,520.60,4.42,107.33,138.36,29.66,21.51,8.18,40.02,58.39,0.00,6.46,18.00,0.28,0.82,3.34,0.00,0.11,0.11,0.00,0.00,0.31,0.00,0.31,0.42,1.10,1.82,3.14,2.86,0.69,2.04,45.67,1.64,0.49,1.47,2.28,false
2025-01-28,"Snacks",106.75,0.00,0.00,0.65,0.00,148.75,0.04,0.49,0.37,0.58,0.11,1.22,12.25,1.75,0.00,0.00,0.02,0.00,194.25,0.03,0.12,19.25,0.02,238.00,246.75,17.33,63.00,0.93,6.36,6.37,0.00,0.00,0.00,0.00,5.72,0.00,0.65,8.75,0.08,0.02,0.19,0.01,0.00,0.00,0.00,0.00,0.02,0.00,0.02,0.15,0.51,0.92,1.80,1.46,0.51,0.90,18.03,0.72,0.23,0.89,1.17,false
2025-01-28,"Bike",685.73,0.00,24.73,103.24,204.37,1.45,0.05,0.15,0.30,0.37,0.05,0.15,5.73,8.88,0.05,0.00,0.05,1.19,152.33,0.41,1.61,70.07,0.41,181.94,323.41,4.30,822.19,1.38,123.42,141.95,18.53,3.14,0.84,1.34,66.71,45.00,4.49,1.56,0.62,0.28,1.56,0.00,0.03,0.03,0.00,0.00,0.25,0.00,0.25,0.46,0.50,1.26,2.40,2.16,0.47,0.89,33.05,1.29,0.52,0.69,1.31,false
2025-01-28,"Total",2998.40,0.00,58.05,570.84,1691.55,1799.68,1.86,3.15,16.08,12.67,3.13,5.15,810.50,2945.34,441.01,237.93,9.60,101.75,1289.29,2.99,18.59,603.18,6.49,2234.14,6295.08,116.61,2333.22,13.78,389.45,475.62,84.51,40.82,18.29,81.04,185.72,50.03,70.35,610.02,25.06,7.78,20.81,0.21,0.53,0.46,0.06,0.01,6.75,0.23,6.48,1.93,3.30,6.24,11.18,9.57,2.76,6.22,157.30,5.62,1.84,4.84,7.45,false
2025-01-29,"Total",,,,,,,,,,,,,,,,,,,,,,,,,,,,,,,,,,,,,,,,,,,,,,,,,,,,,,,,,,,,,,false
2025-01-30,"Total",,,,,,,,,,,,,,,,,,,,,,,,,,,,,,,,,,,,,,,,,,,,,,,,,,,,,,,,,,,,,,false
2025-01-31,"Total",,,,,,,,,,,,,,,,,,,,,,,,,,,,,,,,,,,,,,,,,,,,,,,,,,,,,,,,,,,,,,false
2025-02-01,"Total",,,,,,,,,,,,,,,,,,,,,,,,,,,,,,,,,,,,,,,,,,,,,,,,,,,,,,,,,,,,,,false
2025-02-02,"Total",,,,,,,,,,,,,,,,,,,,,,,,,,,,,,,,,,,,,,,,,,,,,,,,,,,,,,,,,,,,,,false
2025-02-03,"Total",,,,,,,,,,,,,,,,,,,,,,,,,,,,,,,,,,,,,,,,,,,,,,,,,,,,,,,,,,,,,,false
2025-02-04,"Total",,,,,,,,,,,,,,,,,,,,,,,,,,,,,,,,,,,,,,,,,,,,,,,,,,,,,,,,,,,,,,false
2025-02-05,"Total",,,,,,,,,,,,,,,,,,,,,,,,,,,,,,,,,,,,,,,,,,,,,,,,,,,,,,,,,,,,,,false
2025-02-06,"Total",,,,,,,,,,,,,,,,,,,,,,,,,,,,,,,,,,,,,,,,,,,,,,,,,,,,,,,,,,,,,,false
2025-02-07,"Total",,,,,,,,,,,,,,,,,,,,,,,,,,,,,,,,,,,,,,,,,,,,,,,,,,,,,,,,,,,,,,false
2025-02-08,"Total",,,,,,,,,,,,,,,,,,,,,,,,,,,,,,,,,,,,,,,,,,,,,,,,,,,,,,,,,,,,,,false
2025-02-09,"Total",,,,,,,,,,,,,,,,,,,,,,,,,,,,,,,,,,,,,,,,,,,,,,,,,,,,,,,,,,,,,,false
2025-02-10,"Total",,,,,,,,,,,,,,,,,,,,,,,,,,,,,,,,,,,,,,,,,,,,,,,,,,,,,,,,,,,,,,false
2025-02-11,"Total",,,,,,,,,,,,,,,,,,,,,,,,,,,,,,,,,,,,,,,,,,,,,,,,,,,,,,,,,,,,,,false
2025-02-12,"Total",,,,,,,,,,,,,,,,,,,,,,,,,,,,,,,,,,,,,,,,,,,,,,,,,,,,,,,,,,,,,,false
2025-02-13,"Total",,,,,,,,,,,,,,,,,,,,,,,,,,,,,,,,,,,,,,,,,,,,,,,,,,,,,,,,,,,,,,false
2025-02-14,"Total",,,,,,,,,,,,,,,,,,,,,,,,,,,,,,,,,,,,,,,,,,,,,,,,,,,,,,,,,,,,,,false
2025-02-15,"Dinner",738.25,0.00,0.00,336.66,854.48,591.48,0.98,0.64,8.81,5.32,1.72,0.00,630.30,3388.53,82.11,0.00,2.88,14.07,221.00,1.43,13.49,223.18,3.50,807.25,3034.23,10.36,137.80,5.44,115.93,148.70,32.28,27.19,5.09,68.40,28.77,0.00,1.87,0.00,0.23,0.91,0.40,0.00,0.14,0.14,0.00,0.00,0.45,0.00,0.45,0.49,0.98,1.53,2.57,2.39,0.38,1.88,37.61,1.45,0.42,0.95,1.87,false
2025-02-15,"Total",738.25,0.00,0.00,336.66,854.48,591.48,0.98,0.64,8.81,5.32,1.72,0.00,630.30,3388.53,82.11,0.00,2.88,14.07,221.00,1.43,13.49,223.18,3.50,807.25,3034.23,10.36,137.80,5.44,115.93,148.70,32.28,27.19,5.09,68.40,28.77,0.00,1.87,0.00,0.23,0.91,0.40,0.00,0.14,0.14,0.00,0.00,0.45,0.00,0.45,0.49,0.98,1.53,2.57,2.39,0.38,1.88,37.61,1.45,0.42,0.95,1.87,false
2025-02-16,"Total",,,,,,,,,,,,,,,,,,,,,,,,,,,,,,,,,,,,,,,,,,,,,,,,,,,,,,,,,,,,,,false
2025-02-17,"Total",,,,,,,,,,,,,,,,,,,,,,,,,,,,,,,,,,,,,,,,,,,,,,,,,,,,,,,,,,,,,,false
2025-02-18,"Total",,,,,,,,,,,,,,,,,,,,,,,,,,,,,,,,,,,,,,,,,,,,,,,,,,,,,,,,,,,,,,false
2025-02-19,"Total",,,,,,,,,,,,,,,,,,,,,,,,,,,,,,,,,,,,,,,,,,,,,,,,,,,,,,,,,,,,,,false
2025-02-20,"Total",,,,,,,,,,,,,,,,,,,,,,,,,,,,,,,,,,,,,,,,,,,,,,,,,,,,,,,,,,,,,,false
2025-02-21,"'-",70.00,,,,,,,,,,,,,90.00,7.20,,,,0.00,,0.36,,,,,,310.00,,14.00,15.00,1.00,,,,1.00,,0.00,0.00,,,0.00,0.00,,,,,,,,,,,,,,,2.00,,,,,false
2025-02-21,"Total",70.00,,,,,,,,,,,,,90.00,7.20,,,,0.00,,0.36,,,,,,310.00,,14.00,15.00,1.00,,,,1.00,,0.00,0.00,,,0.00,0.00,,,,,,,,,,,,,,,2.00,,,,,false
2025-02-22,"Total",,,,,,,,,,,,,,,,,,,,,,,,,,,,,,,,,,,,,,,,,,,,,,,,,,,,,,,,,,,,,,false
2025-02-23,"Total",,,,,,,,,,,,,,,,,,,,,,,,,,,,,,,,,,,,,,,,,,,,,,,,,,,,,,,,,,,,,,false
2025-02-24,"Total",,,,,,,,,,,,,,,,,,,,,,,,,,,,,,,,,,,,,,,,,,,,,,,,,,,,,,,,,,,,,,false
2025-02-25,"Total",,,,,,,,,,,,,,,,,,,,,,,,,,,,,,,,,,,,,,,,,,,,,,,,,,,,,,,,,,,,,,false
2025-02-26,"Total",,,,,,,,,,,,,,,,,,,,,,,,,,,,,,,,,,,,,,,,,,,,,,,,,,,,,,,,,,,,,,false
2025-02-27,"Lunch",658.14,0.00,0.00,95.76,116.38,686.62,0.78,0.85,7.69,2.62,0.79,1.00,181.41,828.89,163.65,0.00,6.32,119.75,559.94,0.65,4.76,167.07,3.09,628.84,1662.08,53.62,1373.12,3.81,72.25,91.72,18.61,9.15,4.48,31.86,36.11,4.51,14.91,24.00,2.67,3.90,5.44,0.01,0.24,0.24,0.00,0.00,1.85,0.00,1.84,0.36,0.88,1.53,2.77,2.19,0.68,1.59,44.94,1.36,0.43,1.45,1.90,false
2025-02-27,"Total",658.14,0.00,0.00,95.76,116.38,686.62,0.78,0.85,7.69,2.62,0.79,1.00,181.41,828.89,163.65,0.00,6.32,119.75,559.94,0.65,4.76,167.07,3.09,628.84,1662.08,53.62,1373.12,3.81,72.25,91.72,18.61,9.15,4.48,31.86,36.11,4.51,14.91,24.00,2.67,3.90,5.44,0.01,0.24,0.24,0.00,0.00,1.85,0.00,1.84,0.36,0.88,1.53,2.77,2.19,0.68,1.59,44.94,1.36,0.43,1.45,1.90,false
2025-02-28,"Total",,,,,,,,,,,,,,,,,,,,,,,,,,,,,,,,,,,,,,,,,,,,,,,,,,,,,,,,,,,,,,false
2025-03-01,"Total",,,,,,,,,,,,,,,,,,,,,,,,,,,,,,,,,,,,,,,,,,,,,,,,,,,,,,,,,,,,,,false
2025-03-02,"Total",,,,,,,,,,,,,,,,,,,,,,,,,,,,,,,,,,,,,,,,,,,,,,,,,,,,,,,,,,,,,,false
2025-03-03,"'-",766.46,0.00,0.00,174.37,301.85,241.02,8.54,8.18,47.11,1.61,10.12,18.75,1134.50,161.47,41.11,0.00,4.75,97.10,404.09,1.38,13.61,295.40,2.74,490.20,2105.57,11.62,1436.35,4.67,72.35,99.18,26.39,11.51,5.36,46.71,20.49,0.00,13.61,0.00,2.46,4.45,3.28,0.00,0.44,0.44,0.00,0.00,3.78,0.00,3.78,0.40,0.81,1.26,2.10,1.96,0.39,1.59,62.81,1.12,0.30,0.74,1.25,false
2025-03-03,"Total",766.46,0.00,0.00,174.37,301.85,241.02,8.54,8.18,47.11,1.61,10.12,18.75,1134.50,161.47,41.11,0.00,4.75,97.10,404.09,1.38,13.61,295.40,2.74,490.20,2105.57,11.62,1436.35,4.67,72.35,99.18,26.39,11.51,5.36,46.71,20.49,0.00,13.61,0.00,2.46,4.45,3.28,0.00,0.44,0.44,0.00,0.00,3.78,0.00,3.78,0.40,0.81,1.26,2.10,1.96,0.39,1.59,62.81,1.12,0.30,0.74,1.25,false
2025-03-04,"Lunch",456.73,0.00,0.00,166.99,569.08,501.15,0.64,0.44,5.17,2.94,1.04,0.27,421.02,2533.74,37.79,19.20,3.99,49.88,247.15,0.78,9.08,146.78,2.23,560.43,1931.63,9.93,172.06,3.80,62.30,86.69,23.79,18.43,3.24,34.16,19.01,0.00,3.57,6.00,0.86,0.84,1.25,0.06,0.12,0.12,0.00,0.00,0.40,0.00,0.40,0.41,0.68,1.09,1.80,1.70,0.28,1.22,24.73,1.14,0.25,0.70,1.26,false
2025-03-04,"Dinner",729.64,0.00,0.00,103.35,350.50,556.29,0.54,0.79,27.61,2.97,2.29,0.78,320.31,153.08,152.39,20.00,2.05,6.04,150.04,0.64,6.86,183.78,1.15,784.69,1766.93,66.05,1844.89,5.77,67.36,89.24,21.57,17.69,2.70,31.95,18.35,0.00,7.08,160.00,1.99,2.54,1.74,0.05,0.34,0.31,0.01,0.01,1.31,0.09,1.22,0.69,1.88,2.24,5.18,5.55,1.65,2.61,79.56,2.53,0.77,2.04,2.64,false
2025-03-04,"Total",1186.37,0.00,0.00,270.34,919.58,1057.44,1.18,1.23,32.78,5.91,3.33,1.05,741.32,2686.82,190.19,39.20,6.04,55.92,397.19,1.42,15.94,330.56,3.38,1345.12,3698.56,75.99,2016.95,9.57,129.66,175.93,45.36,36.12,5.94,66.12,37.36,0.00,10.65,166.00,2.85,3.39,2.98,0.10,0.46,0.43,0.01,0.01,1.72,0.09,1.62,1.10,2.55,3.32,6.97,7.25,1.93,3.82,104.28,3.68,1.02,2.73,3.89,false
2025-03-05,"Total",,,,,,,,,,,,,,,,,,,,,,,,,,,,,,,,,,,,,,,,,,,,,,,,,,,,,,,,,,,,,,false
2025-03-06,"Breakfast",269.01,0.00,24.73,132.19,565.65,103.34,0.22,0.12,6.21,1.00,0.39,0.00,69.08,2.25,16.73,0.00,0.70,2.39,43.96,0.95,2.63,169.81,1.79,293.49,953.84,4.02,210.35,2.07,39.67,49.12,9.38,6.98,2.40,7.56,28.09,4.84,5.33,0.00,2.44,0.88,1.57,0.01,0.06,0.06,0.00,0.00,0.82,0.00,0.82,0.19,0.46,0.68,1.17,0.78,0.20,0.90,16.96,0.62,0.18,0.61,0.79,false
2025-03-06,"Dinner",746.56,0.00,0.00,256.66,295.45,476.81,0.69,0.46,5.24,2.61,0.83,0.00,285.50,1717.12,135.88,0.00,1.84,4.78,227.58,0.66,4.60,146.85,1.64,354.66,2424.25,5.55,1040.93,2.35,82.90,109.17,25.41,20.39,5.03,41.54,34.90,0.00,13.33,148.75,0.71,1.48,4.06,0.00,0.26,0.26,0.00,0.00,0.38,0.00,0.38,0.21,0.43,0.73,1.47,1.14,0.31,0.96,53.19,0.65,0.24,0.46,1.02,false
2025-03-06,"Bike",568.70,0.00,33.33,153.58,795.05,283.13,0.49,0.42,3.72,2.12,0.53,1.09,62.22,164.37,17.12,88.23,0.73,40.86,308.11,1.06,5.10,234.38,3.18,629.64,1299.81,21.96,149.35,4.07,82.98,97.38,14.36,9.39,4.97,39.53,37.64,5.03,14.09,16.22,4.29,2.00,6.24,0.15,0.13,0.12,0.00,0.00,1.87,0.01,1.86,0.41,0.59,0.96,1.80,1.35,0.39,1.14,23.00,0.85,0.29,0.84,1.24,false
2025-03-06,"Total",1584.27,0.00,58.05,542.43,1656.16,863.29,1.39,1.00,15.17,5.73,1.75,1.09,416.79,1883.73,169.72,88.23,3.27,48.02,579.66,2.67,12.33,551.05,6.61,1277.78,4677.90,31.53,1400.63,8.49,205.55,255.67,49.15,36.77,12.40,88.63,100.63,9.87,32.76,164.97,7.44,4.36,11.87,0.15,0.44,0.44,0.00,0.00,3.07,0.01,3.06,0.80,1.48,2.37,4.43,3.27,0.90,3.01,93.14,2.12,0.70,1.92,3.05,false
2025-03-07,"Total",,,,,,,,,,,,,,,,,,,,,,,,,,,,,,,,,,,,,,,,,,,,,,,,,,,,,,,,,,,,,,false
2025-03-08,"Dinner",776.94,0.00,0.00,157.47,327.61,613.76,0.69,0.40,4.55,1.75,0.78,0.00,316.92,2686.58,120.77,0.00,3.68,41.82,250.61,0.43,4.83,129.27,1.23,349.48,2292.06,7.30,1523.48,2.39,84.15,115.33,29.79,23.22,5.39,29.63,35.02,0.00,13.61,148.75,0.72,1.58,4.06,0.00,0.25,0.25,0.00,0.00,0.38,0.00,0.38,0.36,0.46,0.80,1.51,1.24,0.29,0.91,54.32,0.94,0.19,0.49,0.99,false
2025-03-08,"Snacks",34.50,0.00,0.00,3.75,3.30,138.86,0.09,0.06,0.37,0.26,0.17,0.00,45.00,6.00,56.25,0.00,0.21,163.06,72.00,0.03,0.26,22.50,0.31,49.50,294.01,0.90,12.00,0.30,5.41,8.27,2.85,2.69,0.17,0.00,4.19,0.00,0.09,0.00,0.03,0.03,0.00,0.00,0.02,0.02,0.00,0.00,0.00,0.00,0.00,0.02,0.03,0.05,0.06,0.06,0.02,0.05,1.91,0.05,0.02,0.03,0.06,false
2025-03-08,"Total",811.44,0.00,0.00,161.22,330.91,752.62,0.79,0.46,4.93,2.01,0.95,0.00,361.92,2692.58,177.03,0.00,3.89,204.88,322.61,0.46,5.09,151.77,1.54,398.98,2586.07,8.20,1535.48,2.69,89.57,123.60,32.64,25.91,5.55,29.63,39.21,0.00,13.70,148.75,0.75,1.62,4.06,0.00,0.27,0.27,0.00,0.00,0.38,0.00,0.38,0.38,0.49,0.84,1.57,1.31,0.31,0.96,56.23,0.99,0.21,0.52,1.05,false
2025-03-09,"Lunch",662.01,0.00,0.00,278.54,54.08,301.90,0.85,0.46,5.73,2.95,1.27,0.18,235.27,2547.05,58.78,12.67,4.05,17.99,239.65,1.82,10.55,157.65,3.65,512.05,2146.47,4.28,120.73,4.98,104.75,129.07,23.96,7.08,2.69,65.74,23.88,0.00,4.60,3.96,1.32,1.62,1.27,0.04,0.28,0.03,0.00,0.00,1.05,0.00,0.17,0.42,0.86,1.36,2.29,2.12,0.35,1.63,31.79,1.26,0.36,0.87,1.65,false
2025-03-09,"Dinner",797.29,0.00,0.00,4.83,232.67,263.65,0.23,0.89,3.48,4.19,0.67,1.39,209.09,217.44,21.34,108.75,4.68,38.25,90.75,0.32,2.63,65.88,0.34,317.12,1107.63,39.21,690.75,2.52,56.16,78.21,21.94,7.63,4.20,0.18,8.74,0.00,44.10,466.25,21.10,4.77,8.22,0.00,0.27,0.22,0.05,0.01,4.40,0.19,4.18,0.41,0.46,1.00,1.59,1.36,0.55,1.00,31.53,0.89,0.24,0.73,1.14,false
2025-03-09,"Total",1459.31,0.00,0.00,283.37,286.75,565.55,1.08,1.35,9.22,7.14,1.94,1.57,444.36,2764.49,80.12,121.42,8.74,56.24,330.40,2.15,13.18,223.53,3.99,829.17,3254.10,43.48,811.47,7.50,160.92,207.28,45.90,14.71,6.88,65.92,32.62,0.00,48.70,470.21,22.42,6.39,9.49,0.04,0.55,0.25,0.05,0.01,5.44,0.19,4.34,0.83,1.32,2.36,3.88,3.47,0.90,2.63,63.32,2.14,0.59,1.59,2.79,false
2025-03-10,"Total",,,,,,,,,,,,,,,,,,,,,,,,,,,,,,,,,,,,,,,,,,,,,,,,,,,,,,,,,,,,,,false
2025-03-11,"Total",,,,,,,,,,,,,,,,,,,,,,,,,,,,,,,,,,,,,,,,,,,,,,,,,,,,,,,,,,,,,,false
2025-03-12,"Total",,,,,,,,,,,,,,,,,,,,,,,,,,,,,,,,,,,,,,,,,,,,,,,,,,,,,,,,,,,,,,false
2025-03-13,"Lunch",708.78,0.00,0.00,371.99,557.68,659.78,0.77,0.65,6.48,4.13,1.47,0.00,146.27,3408.27,174.88,0.00,3.07,15.95,862.79,1.40,7.84,250.17,3.98,621.76,2680.04,33.75,165.84,4.04,96.27,117.44,19.88,12.69,7.24,27.98,51.33,0.00,14.45,0.00,3.73,5.76,2.85,0.00,0.58,0.58,0.00,0.00,4.73,0.00,4.73,0.22,0.93,1.75,2.85,1.90,0.53,1.90,38.59,1.75,0.56,1.38,1.96,false
2025-03-13,"Total",708.78,0.00,0.00,371.99,557.68,659.78,0.77,0.65,6.48,4.13,1.47,0.00,146.27,3408.27,174.88,0.00,3.07,15.95,862.79,1.40,7.84,250.17,3.98,621.76,2680.04,33.75,165.84,4.04,96.27,117.44,19.88,12.69,7.24,27.98,51.33,0.00,14.45,0.00,3.73,5.76,2.85,0.00,0.58,0.58,0.00,0.00,4.73,0.00,4.73,0.22,0.93,1.75,2.85,1.90,0.53,1.90,38.59,1.75,0.56,1.38,1.96,false
2025-03-14,"Lunch",465.68,0.00,0.00,147.03,690.20,215.28,0.48,0.34,3.70,0.94,0.38,0.00,97.36,0.25,0.75,0.00,5.55,27.83,835.69,1.02,9.69,207.07,4.69,585.52,820.89,54.88,342.49,4.55,30.09,45.39,14.80,4.65,2.21,19.67,5.18,2.66,17.91,0.00,5.38,6.84,3.29,0.01,0.67,0.67,0.00,0.00,5.93,0.00,5.92,0.22,0.86,1.68,2.76,1.71,0.45,1.69,39.57,1.50,0.48,1.36,1.76,false
2025-03-14,"Dinner",1063.30,0.00,0.00,49.40,130.00,317.08,6.42,7.16,40.42,3.17,7.91,15.63,399.00,75.83,26.40,48.30,1.48,4.73,76.26,0.66,6.64,81.00,0.65,304.20,1749.06,37.46,1488.12,2.69,128.72,137.42,8.12,4.87,1.25,26.82,14.49,0.00,30.25,215.67,6.32,1.52,10.56,0.01,0.10,0.08,0.02,0.00,1.33,0.07,1.26,0.42,0.45,0.99,1.60,1.35,0.65,1.09,56.29,0.92,0.29,0.77,1.28,false
2025-03-14,"Total",1528.97,0.00,0.00,196.44,820.20,532.36,6.89,7.51,44.12,4.10,8.29,15.63,496.36,76.08,27.15,48.30,7.03,32.56,911.94,1.68,16.33,288.07,5.34,889.72,2569.95,92.34,1830.61,7.24,158.81,182.81,22.92,9.52,3.46,46.49,19.67,2.66,48.16,215.67,11.69,8.36,13.85,0.02,0.77,0.75,0.02,0.00,7.26,0.08,7.18,0.64,1.31,2.67,4.36,3.06,1.09,2.78,95.86,2.42,0.77,2.13,3.05,false
2025-03-15,"Total",,,,,,,,,,,,,,,,,,,,,,,,,,,,,,,,,,,,,,,,,,,,,,,,,,,,,,,,,,,,,,false
2025-03-16,"Lunch",338.00,,,,,11.02,0.36,0.11,6.84,1.07,0.23,,45.00,3.00,,,0.79,3.60,27.00,0.51,4.44,136.00,2.98,401.00,388.00,11.70,8.00,3.28,59.49,70.19,10.70,,,53.92,6.82,,2.43,,0.44,1.26,0.41,,0.06,0.07,,,1.19,,,0.33,0.36,0.55,1.07,0.41,0.26,0.74,14.57,0.44,0.13,0.38,0.68,false
2025-03-16,"Total",338.00,,,,,11.02,0.36,0.11,6.84,1.07,0.23,,45.00,3.00,,,0.79,3.60,27.00,0.51,4.44,136.00,2.98,401.00,388.00,11.70,8.00,3.28,59.49,70.19,10.70,,,53.92,6.82,,2.43,,0.44,1.26,0.41,,0.06,0.07,,,1.19,,,0.33,0.36,0.55,1.07,0.41,0.26,0.74,14.57,0.44,0.13,0.38,0.68,false
2025-03-17,"Lunch",248.74,0.00,0.00,34.52,102.83,341.13,0.22,0.10,1.33,0.85,0.39,0.00,65.05,21.57,99.52,0.00,0.83,3.32,73.52,0.22,0.32,55.04,0.39,62.58,806.90,0.74,1.46,0.35,53.95,64.54,8.96,5.25,3.73,4.39,47.56,0.00,0.77,0.00,0.08,0.20,0.20,0.00,0.06,0.06,0.00,0.00,0.14,0.00,0.14,0.02,0.10,0.07,0.11,0.13,0.04,0.09,2.64,0.05,0.02,0.03,0.11,false
2025-03-17,"Dinner",848.04,0.00,0.00,2.12,230.11,229.97,0.22,1.00,3.22,4.48,0.65,1.67,211.25,236.04,14.36,130.50,4.69,34.72,96.22,0.30,2.78,62.33,0.28,346.13,1016.42,46.85,759.06,2.68,58.21,80.32,22.02,7.05,4.08,0.18,7.77,0.00,47.08,559.50,22.11,5.08,9.07,0.00,0.28,0.22,0.06,0.01,4.73,0.22,4.46,0.48,0.53,1.16,1.84,1.57,0.65,1.16,35.09,1.02,0.27,0.85,1.32,false
2025-03-17,"Total",1096.78,0.00,0.00,36.64,332.94,571.10,0.44,1.10,4.55,5.34,1.04,1.67,276.30,257.61,113.88,130.50,5.52,38.04,169.73,0.52,3.10,117.37,0.67,408.71,1823.33,47.59,760.51,3.03,112.16,144.86,30.98,12.30,7.81,4.57,55.33,0.00,47.85,559.50,22.19,5.28,9.27,0.00,0.34,0.28,0.06,0.01,4.87,0.22,4.61,0.51,0.62,1.23,1.95,1.69,0.69,1.25,37.72,1.08,0.29,0.88,1.44,false
2025-03-18,"Breakfast",568.70,0.00,33.33,153.58,795.05,283.13,0.49,0.42,3.72,2.12,0.53,1.09,62.22,164.37,17.12,88.23,0.73,40.86,308.11,1.06,5.10,234.38,3.18,629.64,1299.81,21.96,149.35,4.07,82.98,97.38,14.36,9.39,4.97,39.53,37.64,5.03,14.09,16.22,4.29,2.00,6.24,0.15,0.13,0.12,0.00,0.00,1.87,0.01,1.86,0.41,0.59,0.96,1.80,1.35,0.39,1.14,23.00,0.85,0.29,0.84,1.24,false
2025-03-18,"Lunch",659.95,0.00,0.00,50.42,121.35,467.91,0.65,0.78,7.63,2.14,0.63,1.00,125.70,293.97,63.60,0.00,6.48,118.54,491.79,0.58,4.83,155.80,3.38,626.80,1231.79,57.27,1164.99,3.91,59.75,73.05,13.12,6.28,1.85,37.50,17.70,5.33,22.13,24.00,7.72,4.89,6.50,0.03,0.31,0.31,0.00,0.00,2.82,0.01,2.81,0.33,0.85,1.49,2.75,2.08,0.65,1.55,45.07,1.26,0.43,1.43,1.83,false
2025-03-18,"Dinner",875.30,0.00,0.00,159.68,813.29,560.86,0.97,0.58,7.65,2.37,0.83,0.10,401.25,42.89,23.52,0.52,7.94,14.19,318.42,1.11,8.88,241.87,3.22,665.84,2078.59,33.57,2334.74,4.86,125.05,160.86,33.87,28.41,5.50,86.69,37.26,2.05,13.25,1.82,5.20,4.77,2.00,0.02,0.56,0.56,0.00,0.00,3.14,0.00,3.14,0.46,0.87,1.50,2.95,2.08,0.53,1.86,38.50,1.23,0.42,1.08,1.84,false
2025-03-18,"Snacks",478.02,0.00,0.00,45.91,201.41,316.57,0.49,0.25,4.35,1.03,0.35,0.00,85.32,21.57,86.68,0.00,3.01,10.63,206.65,0.31,2.47,87.57,1.95,220.83,677.07,22.58,388.57,1.68,89.77,104.73,12.93,8.46,4.49,24.51,60.36,21.49,3.46,0.00,0.57,1.48,0.69,0.01,0.14,0.14,0.00,0.00,1.33,0.00,1.33,0.13,0.15,0.24,0.40,0.23,0.11,0.30,12.44,0.18,0.09,0.17,0.31,false
2025-03-18,"Bike",466.42,0.00,12.36,142.85,814.20,28.76,1.30,1.56,16.10,5.70,1.94,2.62,416.60,239.57,93.58,119.98,16.68,3.86,302.55,0.61,20.93,187.49,2.72,505.15,728.08,31.13,384.40,13.85,34.86,48.89,14.00,11.97,2.02,20.03,10.40,5.78,13.14,2.33,2.90,7.09,2.07,0.01,2.20,2.20,0.00,0.00,4.88,0.00,4.88,0.83,0.95,2.16,4.10,3.50,0.85,1.65,45.26,2.14,0.88,1.23,2.29,false
2025-03-18,"Total",3048.40,0.00,45.69,552.44,2745.30,1657.23,3.90,3.59,39.46,13.36,4.29,4.82,1091.09,762.37,284.51,208.73,34.85,188.07,1627.53,3.67,42.21,907.11,14.45,2648.25,6015.34,166.51,4422.05,28.37,392.40,484.91,88.27,64.52,18.84,208.26,163.37,39.68,66.07,44.37,20.69,20.25,17.50,0.21,3.34,3.34,0.00,0.00,14.04,0.02,14.02,2.17,3.41,6.34,11.99,9.23,2.52,6.50,164.26,5.66,2.11,4.76,7.52,false
2025-03-19,"Total",,,,,,,,,,,,,,,,,,,,,,,,,,,,,,,,,,,,,,,,,,,,,,,,,,,,,,,,,,,,,,false
2025-03-20,"Total",,,,,,,,,,,,,,,,,,,,,,,,,,,,,,,,,,,,,,,,,,,,,,,,,,,,,,,,,,,,,,false
2025-03-21,"Total",,,,,,,,,,,,,,,,,,,,,,,,,,,,,,,,,,,,,,,,,,,,,,,,,,,,,,,,,,,,,,false
2025-03-22,"Lunch",732.01,0.00,0.00,278.54,54.08,301.90,0.85,0.46,5.73,2.95,1.27,0.18,235.27,2637.05,65.98,12.67,4.05,17.99,239.65,1.82,10.91,157.65,3.65,512.05,2146.47,4.28,430.73,4.98,118.75,144.07,24.96,7.08,2.69,65.74,24.88,0.00,4.60,3.96,1.32,1.62,1.27,0.04,0.28,0.03,0.00,0.00,1.05,0.00,0.17,0.42,0.86,1.36,2.29,2.12,0.35,1.63,33.79,1.26,0.36,0.87,1.65,false
2025-03-22,"Dinner",895.29,0.00,24.73,147.37,1184.14,514.52,0.58,0.86,7.87,4.17,0.79,0.82,263.78,184.60,23.39,59.94,2.46,51.83,707.31,1.76,10.21,278.76,3.91,919.88,1903.88,37.49,400.95,7.25,90.12,119.31,26.82,18.92,7.23,41.90,37.23,0.00,25.61,11.32,10.29,5.99,5.70,0.09,0.47,0.46,0.00,0.00,5.26,0.00,5.25,0.81,1.42,2.86,5.17,4.07,1.01,2.63,63.16,2.72,0.94,1.89,3.11,false
2025-03-22,"Total",1627.30,0.00,24.73,425.91,1238.22,816.42,1.43,1.33,13.61,7.13,2.06,1.00,499.05,2821.65,89.37,72.62,6.52,69.83,946.96,3.58,21.12,436.41,7.56,1431.92,4050.35,41.77,831.68,12.23,208.88,263.38,51.78,25.99,9.92,107.64,62.11,0.00,30.21,15.28,11.61,7.61,6.97,0.12,0.75,0.50,0.00,0.00,6.31,0.00,5.42,1.23,2.28,4.22,7.46,6.19,1.36,4.26,96.95,3.98,1.29,2.76,4.76,false
2025-03-23,"Lunch",472.95,0.00,0.00,803.58,1158.44,301.06,0.63,0.45,4.70,1.63,0.89,0.00,293.45,1269.99,35.68,5.98,2.55,309.08,296.67,1.21,9.02,322.95,4.12,700.32,2457.37,19.34,1874.49,5.44,54.59,74.49,18.89,9.51,5.61,2.16,15.88,0.00,2.33,0.00,0.35,1.09,0.41,0.01,0.17,0.20,0.00,0.00,0.28,0.01,0.71,0.49,0.99,1.63,2.68,2.27,0.49,1.83,41.34,1.59,0.49,1.30,1.74,false
2025-03-23,"Total",472.95,0.00,0.00,803.58,1158.44,301.06,0.63,0.45,4.70,1.63,0.89,0.00,293.45,1269.99,35.68,5.98,2.55,309.08,296.67,1.21,9.02,322.95,4.12,700.32,2457.37,19.34,1874.49,5.44,54.59,74.49,18.89,9.51,5.61,2.16,15.88,0.00,2.33,0.00,0.35,1.09,0.41,0.01,0.17,0.20,0.00,0.00,0.28,0.01,0.71,0.49,0.99,1.63,2.68,2.27,0.49,1.83,41.34,1.59,0.49,1.30,1.74,false
2025-03-24,"Lunch",668.70,0.00,0.00,281.35,54.63,304.95,0.86,0.47,5.79,2.98,1.28,0.18,237.65,2572.78,59.37,12.80,4.09,18.17,242.07,1.84,10.66,159.24,3.69,517.22,2168.15,4.32,121.95,5.03,105.81,130.37,24.21,7.15,2.71,66.41,24.13,0.00,4.64,4.00,1.33,1.63,1.28,0.04,0.29,0.03,0.00,0.00,1.06,0.00,0.17,0.42,0.87,1.37,2.31,2.14,0.35,1.64,32.11,1.27,0.36,0.88,1.67,false
2025-03-24,"Total",668.70,0.00,0.00,281.35,54.63,304.95,0.86,0.47,5.79,2.98,1.28,0.18,237.65,2572.78,59.37,12.80,4.09,18.17,242.07,1.84,10.66,159.24,3.69,517.22,2168.15,4.32,121.95,5.03,105.81,130.37,24.21,7.15,2.71,66.41,24.13,0.00,4.64,4.00,1.33,1.63,1.28,0.04,0.29,0.03,0.00,0.00,1.06,0.00,0.17,0.42,0.87,1.37,2.31,2.14,0.35,1.64,32.11,1.27,0.36,0.88,1.67,false
2025-03-25,"Breakfast",808.33,0.00,33.33,186.89,1218.73,375.12,11.52,11.62,71.88,3.03,13.34,27.34,743.33,187.18,24.12,88.23,2.76,45.97,349.42,1.65,9.14,340.48,4.49,872.07,2375.73,25.46,901.13,5.59,98.41,121.48,22.97,12.87,6.63,41.17,48.66,10.68,18.43,16.22,6.56,2.98,6.93,0.15,0.16,0.15,0.00,0.00,2.70,0.01,2.69,0.60,1.02,1.65,2.97,2.12,0.60,2.07,49.10,1.49,0.46,1.48,2.00,false
2025-03-25,"Lunch",348.48,0.00,0.00,64.57,193.85,33.50,0.44,0.12,1.54,0.66,0.53,0.00,382.63,10.34,5.40,0.00,1.61,7.62,113.85,0.79,5.68,151.80,1.46,274.17,790.62,7.24,56.65,2.54,41.88,53.79,11.65,6.03,3.28,30.83,10.12,0.00,6.38,0.00,1.41,2.59,0.99,0.00,0.15,0.15,0.00,0.00,2.43,0.00,2.43,0.25,0.52,0.81,1.34,1.26,0.25,1.01,19.04,0.70,0.19,0.47,0.79,false
2025-03-25,"Dinner",1127.18,0.00,0.00,283.68,660.22,368.84,1.06,0.64,15.48,3.94,1.26,0.02,236.77,2325.49,52.08,1.74,6.89,21.19,378.22,1.32,9.73,297.87,6.74,797.26,1969.77,47.73,1326.78,6.70,182.81,211.63,28.28,20.93,6.66,97.11,60.69,29.51,16.12,7.46,6.24,5.48,2.88,0.02,0.29,0.29,0.00,0.00,4.82,0.01,4.81,0.56,0.76,1.19,2.17,1.24,0.49,1.63,41.46,1.10,0.39,0.87,1.45,false
2025-03-25,"Snacks",443.39,0.00,27.60,144.39,325.44,546.84,0.30,0.70,2.01,1.68,0.39,1.26,95.55,46.44,146.60,18.74,1.70,19.73,419.51,0.66,2.77,137.37,1.33,463.70,1216.55,18.43,147.29,2.61,51.77,70.79,17.36,12.61,4.77,1.61,45.27,0.00,5.11,13.35,1.15,0.66,2.29,0.06,0.15,0.15,0.00,0.00,0.50,0.00,0.50,0.51,0.88,1.85,3.52,3.06,0.84,1.54,39.06,1.72,0.64,1.35,2.14,false
2025-03-25,"Total",2727.37,0.00,60.93,679.53,2398.25,1324.29,13.32,13.08,90.91,9.31,15.52,28.62,1458.28,2569.45,228.19,108.71,12.96,94.50,1260.99,4.42,27.32,927.51,14.01,2407.21,6352.67,98.86,2431.84,17.45,374.86,457.70,80.27,52.44,21.34,170.71,164.73,40.19,46.05,37.03,15.36,11.71,13.09,0.23,0.75,0.75,0.00,0.00,10.45,0.02,10.43,1.92,3.18,5.51,10.00,7.69,2.17,6.26,148.66,5.01,1.67,4.17,6.38,false
2025-03-26,"Total",,,,,,,,,,,,,,,,,,,,,,,,,,,,,,,,,,,,,,,,,,,,,,,,,,,,,,,,,,,,,,false
2025-03-27,"Snacks",244.36,0.00,18.40,77.33,152.08,115.84,0.06,0.49,0.51,0.72,0.12,1.06,13.73,8.01,0.04,0.00,0.05,0.89,264.02,0.33,1.30,67.09,0.32,319.59,431.95,16.58,140.63,1.75,18.15,22.44,4.28,2.34,0.62,1.00,6.14,0.00,2.54,7.92,0.52,0.23,1.05,0.01,0.02,0.02,0.00,0.00,0.20,0.00,0.20,0.45,0.77,1.66,3.19,2.74,0.75,1.36,36.01,1.52,0.57,1.21,1.88,false
2025-03-27,"Total",244.36,0.00,18.40,77.33,152.08,115.84,0.06,0.49,0.51,0.72,0.12,1.06,13.73,8.01,0.04,0.00,0.05,0.89,264.02,0.33,1.30,67.09,0.32,319.59,431.95,16.58,140.63,1.75,18.15,22.44,4.28,2.34,0.62,1.00,6.14,0.00,2.54,7.92,0.52,0.23,1.05,0.01,0.02,0.02,0.00,0.00,0.20,0.00,0.20,0.45,0.77,1.66,3.19,2.74,0.75,1.36,36.01,1.52,0.57,1.21,1.88,false
2025-03-28,"Breakfast",846.72,0.00,33.33,185.33,803.25,499.68,0.68,0.48,4.92,2.88,0.87,1.09,122.90,317.00,120.74,88.23,1.25,40.97,372.89,1.25,5.79,282.14,3.52,676.21,1950.93,22.70,614.35,4.36,142.49,164.31,21.33,12.21,7.63,43.85,71.57,5.03,14.61,16.22,4.36,2.13,6.39,0.15,0.17,0.17,0.00,0.00,1.95,0.01,1.94,0.43,0.68,1.02,1.88,1.46,0.43,1.23,28.26,0.89,0.31,0.87,1.34,false
2025-03-28,"Lunch",375.98,0.00,0.00,1495.82,203.85,149.04,0.54,0.36,2.18,0.74,0.80,0.00,523.88,393.05,43.28,0.00,4.06,611.24,197.60,0.89,6.99,268.05,1.99,325.42,1365.62,7.24,190.40,3.07,43.17,57.09,13.64,7.55,3.75,30.96,10.64,0.00,7.13,0.00,1.43,2.91,1.11,0.00,0.42,0.42,0.00,0.00,2.43,0.00,2.43,0.30,0.60,0.99,1.63,1.48,0.31,1.17,22.68,0.86,0.24,0.61,1.00,false
2025-03-28,"Dinner",1425.16,0.00,0.00,313.15,519.82,534.69,1.59,1.06,16.56,7.43,2.27,0.22,510.03,2596.54,80.32,16.28,12.45,79.08,500.41,2.56,15.61,333.66,7.09,949.42,3735.45,42.48,782.95,9.17,161.32,210.77,48.79,23.95,10.55,106.89,30.96,5.74,46.64,18.92,25.68,8.24,7.48,0.05,0.74,0.49,0.00,0.00,7.16,0.01,6.22,0.69,1.19,1.91,3.26,2.71,0.59,2.29,54.71,1.71,0.56,1.25,2.33,false
2025-03-28,"Snacks",488.71,0.00,36.80,154.66,304.16,231.67,0.13,0.98,1.02,1.45,0.25,2.12,27.46,16.03,0.08,0.00,0.10,1.78,528.04,0.66,2.59,134.17,0.64,639.19,863.90,33.16,281.26,3.50,36.30,44.88,8.57,4.67,1.25,2.00,12.29,0.00,5.09,15.83,1.04,0.46,2.11,0.01,0.04,0.04,0.00,0.00,0.40,0.00,0.40,0.91,1.55,3.32,6.38,5.49,1.50,2.72,72.03,3.03,1.14,2.41,3.76,false
2025-03-28,"Bike",359.34,0.00,0.00,1449.57,143.24,217.91,11.47,11.91,65.27,0.75,12.94,26.58,873.27,382.97,38.24,0.00,2.58,606.13,195.99,0.20,5.85,146.09,0.88,192.12,1261.74,25.33,648.78,1.26,41.03,48.11,7.06,2.18,1.38,32.73,4.58,0.00,2.95,1.16,0.34,1.12,0.85,0.02,0.34,0.34,0.00,0.00,0.72,0.00,0.72,0.48,0.55,1.12,1.94,1.28,0.67,1.30,32.12,0.96,0.34,0.89,1.34,false
2025-03-28,"Total",3495.91,0.00,70.13,3598.53,1974.32,1632.99,14.42,14.80,89.95,13.24,17.12,30.01,2057.53,3705.59,282.66,104.51,20.44,1339.21,1794.93,5.56,36.84,1164.11,14.12,2782.35,9177.64,130.91,2517.74,21.35,424.30,525.17,99.38,50.56,24.56,216.42,130.04,10.77,76.43,52.13,32.85,14.86,17.94,0.23,1.71,1.46,0.00,0.00,12.66,0.02,11.71,2.81,4.56,8.37,15.09,12.41,3.50,8.71,209.80,7.45,2.58,6.04,9.77,false
2025-03-29,"Lunch",737.05,0.00,0.00,519.63,1504.80,627.15,1.05,0.85,8.55,5.53,1.82,0.43,340.25,4530.70,96.70,30.72,7.14,99.08,617.00,1.94,13.33,405.63,6.10,938.70,4534.63,24.00,274.55,6.85,90.94,126.42,34.12,19.53,9.27,26.33,43.70,0.00,6.01,9.60,1.63,1.39,2.05,0.09,0.18,0.18,0.00,0.00,0.57,0.00,0.56,0.67,1.38,2.26,3.77,3.16,0.77,2.67,52.19,2.31,0.74,1.79,2.56,false
2025-03-29,"Dinner",673.91,0.00,0.00,0.28,0.00,47.70,0.11,0.27,0.66,0.70,0.11,0.60,20.01,66.03,0.03,43.67,0.47,0.14,25.55,0.02,0.72,7.19,0.02,112.68,108.20,19.01,1197.16,1.02,79.54,79.54,0.00,0.00,0.00,0.00,8.99,0.00,23.47,179.38,3.53,1.00,10.42,0.03,0.04,0.02,0.02,0.00,0.92,0.08,0.84,0.17,0.27,0.47,0.77,0.73,0.27,0.44,32.04,0.43,0.11,0.35,0.54,false
2025-03-29,"Total",1410.96,0.00,0.00,519.90,1504.80,674.84,1.16,1.12,9.21,6.23,1.93,1.04,360.26,4596.73,96.73,74.39,7.60,99.22,642.55,1.97,14.04,412.81,6.11,1051.38,4642.82,43.00,1471.71,7.87,170.48,205.97,34.12,19.53,9.27,26.33,52.69,0.00,29.48,188.98,5.16,2.39,12.47,0.12,0.23,0.20,0.02,0.00,1.49,0.08,1.40,0.84,1.65,2.74,4.54,3.89,1.03,3.11,84.23,2.74,0.85,2.14,3.10,false
2025-03-30,"Dinner",649.82,0.00,0.00,1466.57,756.92,334.63,11.27,11.58,69.71,2.38,13.15,26.25,805.59,383.10,40.28,4.80,5.14,615.14,121.11,0.92,7.73,241.77,3.37,444.34,1492.86,16.09,844.98,4.44,66.13,82.32,15.60,10.36,1.75,51.65,11.25,0.00,21.92,0.00,10.31,3.09,6.02,0.02,0.43,0.43,0.00,0.00,2.60,0.00,2.60,0.36,0.44,0.74,1.33,0.65,0.32,0.89,35.82,0.62,0.19,0.51,0.94,false
2025-03-30,"Total",649.82,0.00,0.00,1466.57,756.92,334.63,11.27,11.58,69.71,2.38,13.15,26.25,805.59,383.10,40.28,4.80,5.14,615.14,121.11,0.92,7.73,241.77,3.37,444.34,1492.86,16.09,844.98,4.44,66.13,82.32,15.60,10.36,1.75,51.65,11.25,0.00,21.92,0.00,10.31,3.09,6.02,0.02,0.43,0.43,0.00,0.00,2.60,0.00,2.60,0.36,0.44,0.74,1.33,0.65,0.32,0.89,35.82,0.62,0.19,0.51,0.94,false
2025-03-31,"Dinner",998.94,0.00,0.00,524.24,1795.80,641.58,1.29,0.94,10.78,5.71,1.83,0.00,540.32,3424.84,83.94,0.00,6.14,21.19,461.76,2.24,15.51,446.04,5.85,1061.69,4813.58,23.56,1792.71,7.78,123.27,168.81,44.36,34.10,10.31,63.45,43.18,0.00,12.79,0.00,6.95,3.30,2.00,0.01,0.43,0.43,0.00,0.00,1.51,0.00,1.51,0.74,1.66,2.72,4.89,3.92,0.92,3.34,62.88,2.55,0.87,2.04,3.22,false
2025-03-31,"Snacks",123.14,0.00,0.00,44.54,7.86,227.29,0.23,0.10,0.74,0.66,0.16,0.00,78.60,29.36,139.38,0.00,0.66,0.00,104.80,0.12,0.26,26.20,0.07,36.68,474.22,1.31,0.00,0.18,23.82,30.79,6.16,2.59,3.59,0.00,24.50,0.00,0.31,0.00,0.06,0.07,0.04,0.00,0.02,0.02,0.00,0.00,0.05,0.00,0.05,0.03,0.05,0.07,0.06,0.12,0.05,0.08,2.46,0.04,0.02,0.04,0.10,false
2025-03-31,"Total",1122.08,0.00,0.00,568.78,1803.66,868.86,1.52,1.04,11.52,6.37,1.98,0.00,618.92,3454.20,223.32,0.00,6.79,21.19,566.56,2.36,15.78,472.24,5.91,1098.37,5287.80,24.87,1792.71,7.96,147.09,199.59,50.52,36.70,13.90,63.45,67.68,0.00,13.10,0.00,7.01,3.36,2.04,0.01,0.44,0.44,0.00,0.00,1.56,0.00,1.56,0.76,1.71,2.79,4.95,4.05,0.97,3.43,65.34,2.59,0.89,2.08,3.33,false
2025-04-01,"Total",,,,,,,,,,,,,,,,,,,,,,,,,,,,,,,,,,,,,,,,,,,,,,,,,,,,,,,,,,,,,,false
2025-04-02,"Total",,,,,,,,,,,,,,,,,,,,,,,,,,,,,,,,,,,,,,,,,,,,,,,,,,,,,,,,,,,,,,false
2025-04-03,"'-",568.70,0.00,33.33,153.58,795.05,283.13,0.49,0.42,3.72,2.12,0.53,1.09,62.22,164.37,17.12,88.23,0.73,40.86,308.11,1.06,5.10,234.38,3.18,629.64,1299.81,21.96,149.35,4.07,82.98,97.38,14.36,9.39,4.97,39.53,37.64,5.03,14.09,16.22,4.29,2.00,6.24,0.15,0.13,0.12,0.00,0.00,1.87,0.01,1.86,0.41,0.59,0.96,1.80,1.35,0.39,1.14,23.00,0.85,0.29,0.84,1.24,false
2025-04-03,"Breakfast",364.32,0.00,12.36,74.72,150.26,90.25,0.12,0.16,2.69,0.86,0.33,0.15,30.23,10.01,14.57,0.00,0.74,1.18,156.35,0.38,1.05,95.58,0.68,207.75,691.57,5.55,183.66,1.51,40.53,46.72,6.15,3.52,1.11,5.35,22.00,0.85,7.13,1.56,3.48,1.32,1.73,0.00,0.07,0.07,0.00,0.00,1.25,0.00,1.25,0.47,0.62,1.34,2.58,2.24,0.50,1.03,34.02,1.35,0.54,0.76,1.39,false
2025-04-03,"Lunch",668.70,0.00,0.00,281.35,54.63,304.95,0.86,0.47,5.79,2.98,1.28,0.18,237.65,2572.78,59.37,12.80,4.09,18.17,242.07,1.84,10.66,159.24,3.69,517.22,2168.15,4.32,121.95,5.03,105.81,130.37,24.21,7.15,2.71,66.41,24.13,0.00,4.64,4.00,1.33,1.63,1.28,0.04,0.29,0.03,0.00,0.00,1.06,0.00,0.17,0.42,0.87,1.37,2.31,2.14,0.35,1.64,32.11,1.27,0.36,0.88,1.67,false
2025-04-03,"Dinner",731.69,0.00,0.00,109.38,785.10,851.95,0.69,1.17,8.26,2.80,0.80,0.63,280.40,1091.12,145.71,43.50,6.07,246.47,299.17,0.84,7.56,223.38,4.06,633.78,1577.66,41.02,1706.52,5.32,84.02,112.34,27.62,22.31,5.48,52.00,30.74,0.00,19.54,186.50,9.86,3.85,3.75,0.02,0.58,0.56,0.02,0.00,2.78,0.07,2.70,0.83,0.92,1.80,2.99,2.11,0.97,2.01,39.83,1.69,0.48,1.26,2.20,false
2025-04-03,"Snacks",177.12,0.00,0.00,15.08,2.55,203.93,0.11,0.46,0.57,0.72,0.15,1.05,36.35,11.04,45.37,0.00,0.23,0.00,201.46,0.07,0.25,25.32,0.05,216.52,373.42,15.40,54.60,0.89,25.47,27.83,2.03,0.84,1.17,0.00,25.18,12.32,0.66,7.50,0.08,0.04,0.17,0.01,0.01,0.01,0.00,0.00,0.03,0.00,0.03,0.13,0.45,0.81,1.57,1.29,0.46,0.80,16.30,0.63,0.21,0.78,1.04,false
2025-04-03,"Bike",17.95,,,,,0.74,,,,,,,,,,,,,,,,,,,,,4.00,,3.99,3.99,,,,,0.17,,,,,,,,,,,,,,,,,,,,,,0.28,,,,,false
2025-04-03,"Total",2528.48,0.00,45.69,634.11,1787.60,1734.95,2.26,2.68,21.04,9.48,3.09,3.10,646.84,3849.33,282.14,144.53,11.87,306.67,1207.17,4.19,24.63,737.90,11.65,2204.91,6110.62,88.24,2220.08,16.82,342.80,418.62,74.36,43.21,15.44,163.28,139.86,18.20,46.07,215.77,19.05,8.85,13.17,0.21,1.07,0.80,0.02,0.00,6.99,0.08,6.01,2.27,3.45,6.28,11.25,9.13,2.67,6.62,145.54,5.79,1.87,4.52,7.53,false
2025-04-04,"Dinner",919.86,0.00,0.00,345.12,243.95,651.66,0.79,1.37,9.83,6.56,1.55,1.05,157.57,4614.16,104.55,76.56,10.23,60.99,331.15,1.22,5.94,205.78,3.42,576.91,2876.57,58.99,931.42,3.98,104.90,133.60,27.93,21.06,6.19,42.29,35.47,2.46,27.34,328.24,12.24,5.14,6.47,0.01,0.29,0.25,0.03,0.00,4.41,0.13,4.25,0.80,0.81,1.69,2.76,2.17,1.00,1.96,39.84,1.78,0.54,1.21,2.10,false
2025-04-04,"Total",919.86,0.00,0.00,345.12,243.95,651.66,0.79,1.37,9.83,6.56,1.55,1.05,157.57,4614.16,104.55,76.56,10.23,60.99,331.15,1.22,5.94,205.78,3.42,576.91,2876.57,58.99,931.42,3.98,104.90,133.60,27.93,21.06,6.19,42.29,35.47,2.46,27.34,328.24,12.24,5.14,6.47,0.01,0.29,0.25,0.03,0.00,4.41,0.13,4.25,0.80,0.81,1.69,2.76,2.17,1.00,1.96,39.84,1.78,0.54,1.21,2.10,false
2025-04-05,"Lunch",816.97,0.00,0.00,395.55,66.96,543.26,1.04,0.71,8.77,4.63,1.77,0.18,312.13,3832.35,99.17,12.80,6.66,88.92,398.21,2.20,13.33,235.23,4.60,640.99,3263.28,5.34,655.86,5.92,131.85,163.02,30.67,11.74,4.62,75.16,36.78,0.00,5.52,4.00,1.41,2.06,1.43,0.04,0.40,0.15,0.00,0.00,1.06,0.00,0.17,0.47,0.94,1.49,2.49,2.28,0.41,1.82,37.30,1.44,0.42,0.95,1.83,false
2025-04-05,"Total",816.97,0.00,0.00,395.55,66.96,543.26,1.04,0.71,8.77,4.63,1.77,0.18,312.13,3832.35,99.17,12.80,6.66,88.92,398.21,2.20,13.33,235.23,4.60,640.99,3263.28,5.34,655.86,5.92,131.85,163.02,30.67,11.74,4.62,75.16,36.78,0.00,5.52,4.00,1.41,2.06,1.43,0.04,0.40,0.15,0.00,0.00,1.06,0.00,0.17,0.47,0.94,1.49,2.49,2.28,0.41,1.82,37.30,1.44,0.42,0.95,1.83,false
2025-04-06,"Lunch",597.41,0.00,0.00,60.81,128.91,522.01,0.69,0.81,8.02,2.28,0.72,1.00,134.10,804.97,65.76,0.00,5.75,121.07,509.70,0.59,4.98,161.80,3.47,644.80,1372.70,57.69,1199.60,4.03,62.74,77.99,14.92,7.70,2.23,37.60,19.77,5.33,12.79,24.00,0.83,3.95,5.21,0.01,0.24,0.24,0.00,0.00,1.90,0.01,1.89,0.37,0.87,1.52,2.80,2.13,0.66,1.58,45.52,1.36,0.43,1.45,1.87,false
2025-04-06,"Dinner",272.90,0.00,0.00,80.00,173.61,67.11,9.45,9.54,53.40,0.42,10.96,22.50,724.30,1.56,1.50,0.00,2.91,14.38,106.40,0.51,6.59,78.30,1.96,221.50,758.10,8.10,42.90,2.15,23.43,40.25,16.68,5.42,2.94,17.91,5.56,0.00,4.25,0.00,1.52,1.58,0.46,0.00,0.07,0.07,0.00,0.00,1.19,0.00,1.19,0.15,0.30,0.48,0.78,0.72,0.15,0.58,18.68,0.40,0.10,0.28,0.48,false
2025-04-06,"Total",870.31,0.00,0.00,140.81,302.53,589.12,10.14,10.35,61.43,2.70,11.69,23.50,858.40,806.53,67.26,0.00,8.66,135.45,616.10,1.10,11.57,240.10,5.44,866.30,2130.80,65.79,1242.50,6.18,86.18,118.23,31.60,13.13,5.17,55.51,25.33,5.33,17.04,24.00,2.35,5.53,5.68,0.01,0.31,0.31,0.00,0.00,3.09,0.01,3.08,0.52,1.17,2.00,3.58,2.85,0.80,2.16,64.20,1.75,0.54,1.73,2.35,false
2025-04-07,"Lunch",553.32,0.00,0.00,45.29,892.01,44.68,0.50,0.25,9.29,1.66,0.38,0.42,47.53,16.82,1.72,24.67,1.49,5.02,43.47,0.69,5.17,157.71,3.56,501.81,604.75,20.31,401.86,5.38,75.01,86.49,11.46,9.86,1.61,64.76,9.20,0.17,14.84,36.57,5.59,3.78,4.29,0.05,0.16,0.14,0.00,0.00,3.43,0.05,3.38,0.50,0.66,0.98,1.86,1.02,0.49,1.16,25.43,0.80,0.24,0.67,1.19,false
2025-04-07,"Total",553.32,0.00,0.00,45.29,892.01,44.68,0.50,0.25,9.29,1.66,0.38,0.42,47.53,16.82,1.72,24.67,1.49,5.02,43.47,0.69,5.17,157.71,3.56,501.81,604.75,20.31,401.86,5.38,75.01,86.49,11.46,9.86,1.61,64.76,9.20,0.17,14.84,36.57,5.59,3.78,4.29,0.05,0.16,0.14,0.00,0.00,3.43,0.05,3.38,0.50,0.66,0.98,1.86,1.02,0.49,1.16,25.43,0.80,0.24,0.67,1.19,false
2025-04-08,"Total",,,,,,,,,,,,,,,,,,,,,,,,,,,,,,,,,,,,,,,,,,,,,,,,,,,,,,,,,,,,,,false
2025-04-09,"Total",,,,,,,,,,,,,,,,,,,,,,,,,,,,,,,,,,,,,,,,,,,,,,,,,,,,,,,,,,,,,,false
2025-04-10,"Dinner",832.91,0.00,0.00,141.65,1327.84,549.86,7.10,7.07,39.25,3.62,8.29,15.49,950.60,1230.62,109.24,38.28,5.18,183.60,404.01,1.82,13.87,339.83,4.84,919.20,3061.38,33.69,1521.90,6.91,56.89,94.59,36.51,22.97,6.76,22.26,26.54,0.00,19.99,164.12,6.47,6.22,2.85,0.00,0.73,0.71,0.02,0.00,1.77,0.07,1.70,0.88,1.72,2.93,4.73,4.06,0.94,3.24,81.89,2.70,0.81,2.21,3.14,false
2025-04-10,"Total",832.91,0.00,0.00,141.65,1327.84,549.86,7.10,7.07,39.25,3.62,8.29,15.49,950.60,1230.62,109.24,38.28,5.18,183.60,404.01,1.82,13.87,339.83,4.84,919.20,3061.38,33.69,1521.90,6.91,56.89,94.59,36.51,22.97,6.76,22.26,26.54,0.00,19.99,164.12,6.47,6.22,2.85,0.00,0.73,0.71,0.02,0.00,1.77,0.07,1.70,0.88,1.72,2.93,4.73,4.06,0.94,3.24,81.89,2.70,0.81,2.21,3.14,false
2025-04-11,"Lunch",704.15,0.00,0.00,49.06,887.54,531.30,0.40,0.68,7.21,2.02,0.50,1.05,64.08,27.71,13.90,0.00,2.60,9.90,227.16,0.76,5.22,171.51,3.28,629.30,1038.18,25.47,1382.19,4.88,90.89,107.07,14.95,11.81,3.18,57.14,32.24,0.00,10.29,7.50,0.61,1.60,4.99,0.01,0.09,0.09,0.00,0.00,1.40,0.00,1.40,0.49,0.85,1.41,2.72,1.74,0.72,1.59,54.31,1.13,0.35,1.18,1.76,false
2025-04-11,"Total",704.15,0.00,0.00,49.06,887.54,531.30,0.40,0.68,7.21,2.02,0.50,1.05,64.08,27.71,13.90,0.00,2.60,9.90,227.16,0.76,5.22,171.51,3.28,629.30,1038.18,25.47,1382.19,4.88,90.89,107.07,14.95,11.81,3.18,57.14,32.24,0.00,10.29,7.50,0.61,1.60,4.99,0.01,0.09,0.09,0.00,0.00,1.40,0.00,1.40,0.49,0.85,1.41,2.72,1.74,0.72,1.59,54.31,1.13,0.35,1.18,1.76,false
2025-04-12,"Total",,,,,,,,,,,,,,,,,,,,,,,,,,,,,,,,,,,,,,,,,,,,,,,,,,,,,,,,,,,,,,false
2025-04-13,"Total",,,,,,,,,,,,,,,,,,,,,,,,,,,,,,,,,,,,,,,,,,,,,,,,,,,,,,,,,,,,,,false
2025-04-14,"Total",,,,,,,,,,,,,,,,,,,,,,,,,,,,,,,,,,,,,,,,,,,,,,,,,,,,,,,,,,,,,,false
2025-04-15,"Breakfast",253.13,0.00,0.00,28.56,539.00,188.60,0.20,0.20,0.33,0.36,0.23,0.00,61.66,0.00,0.65,0.00,0.03,7.79,652.29,0.69,5.22,120.07,2.03,392.67,480.29,32.13,38.94,2.69,5.93,9.25,2.92,1.62,1.33,0.97,1.95,0.00,13.53,0.00,3.66,5.35,2.57,0.00,0.54,0.54,0.00,0.00,4.67,0.00,4.67,0.10,0.73,1.44,2.36,1.50,0.36,1.42,29.34,1.33,0.40,1.19,1.48,false
2025-04-15,"Dinner",573.46,0.00,0.00,139.20,687.29,488.36,0.63,0.42,5.93,2.30,0.70,0.00,414.67,998.25,101.02,0.00,5.13,141.46,233.97,1.04,6.89,201.30,2.24,515.93,1769.04,8.69,1951.69,3.67,51.40,87.50,35.61,30.84,4.25,28.92,13.67,2.42,14.51,0.00,7.06,3.52,2.69,0.00,0.58,0.58,0.00,0.00,2.29,0.00,2.28,0.36,0.73,1.34,2.26,1.74,0.41,1.55,31.58,1.17,0.35,0.83,1.63,false
2025-04-15,"Total",826.58,0.00,0.00,167.76,1226.28,676.96,0.82,0.62,6.26,2.66,0.93,0.00,476.33,998.25,101.67,0.00,5.16,149.25,886.25,1.73,12.12,321.37,4.27,908.59,2249.33,40.82,1990.63,6.37,57.33,96.75,38.53,32.46,5.58,29.89,15.61,2.42,28.04,0.00,10.71,8.87,5.27,0.00,1.12,1.12,0.00,0.00,6.96,0.00,6.95,0.45,1.46,2.78,4.62,3.24,0.77,2.97,60.92,2.50,0.75,2.02,3.11,false
2025-04-16,"Dinner",1087.93,0.00,0.00,190.78,1070.76,639.68,10.40,10.03,57.62,2.00,11.68,22.50,959.21,70.55,28.98,0.00,4.74,18.34,864.77,1.57,15.56,402.08,3.67,828.90,3218.92,41.10,2577.14,5.90,126.23,166.85,40.01,28.05,5.28,38.86,15.71,0.00,18.91,0.00,4.15,6.93,3.34,0.00,0.99,0.99,0.00,0.00,5.00,0.00,5.00,0.33,1.30,2.47,4.18,2.89,0.65,2.69,73.65,2.17,0.67,1.73,2.78,false
2025-04-16,"Total",1087.93,0.00,0.00,190.78,1070.76,639.68,10.40,10.03,57.62,2.00,11.68,22.50,959.21,70.55,28.98,0.00,4.74,18.34,864.77,1.57,15.56,402.08,3.67,828.90,3218.92,41.10,2577.14,5.90,126.23,166.85,40.01,28.05,5.28,38.86,15.71,0.00,18.91,0.00,4.15,6.93,3.34,0.00,0.99,0.99,0.00,0.00,5.00,0.00,5.00,0.33,1.30,2.47,4.18,2.89,0.65,2.69,73.65,2.17,0.67,1.73,2.78,false
2025-04-17,"Breakfast",593.00,0.00,33.33,164.95,847.54,283.42,0.50,0.42,4.03,2.15,0.60,1.09,64.67,164.48,17.20,88.23,0.75,41.04,339.66,1.11,5.92,253.88,3.32,672.64,1320.16,24.72,150.15,4.30,83.36,99.48,16.08,10.89,5.19,39.83,37.69,5.03,15.63,16.22,4.41,3.19,6.43,0.15,1.02,1.02,0.00,0.00,2.16,0.01,2.15,0.43,0.62,1.00,1.86,1.39,0.42,1.20,23.83,0.88,0.31,0.87,1.29,false
2025-04-17,"Lunch",848.04,0.00,0.00,2.12,230.11,229.97,0.22,1.00,3.22,4.48,0.65,1.67,211.25,236.04,14.36,130.50,4.69,34.72,96.22,0.30,2.78,62.33,0.28,346.13,1016.42,46.85,759.06,2.68,58.21,80.32,22.02,7.05,4.08,0.18,7.77,0.00,47.08,559.50,22.11,5.08,9.07,0.00,0.28,0.22,0.06,0.01,4.73,0.22,4.46,0.48,0.53,1.16,1.84,1.57,0.65,1.16,35.09,1.02,0.27,0.85,1.32,false
2025-04-17,"Dinner",842.00,0.00,0.00,2772.97,293.54,620.79,10.25,10.41,61.32,4.62,12.74,22.50,958.70,5308.45,168.25,0.00,7.27,977.36,398.85,1.18,10.51,379.15,3.85,515.80,3959.75,4.56,1514.45,3.63,132.32,169.68,36.82,26.12,5.70,52.59,33.76,0.00,2.68,0.00,0.22,1.55,0.56,0.00,0.66,0.66,0.00,0.00,0.17,0.00,0.17,0.30,0.57,1.11,1.88,1.40,0.42,1.39,37.05,1.11,0.39,0.67,1.48,false
2025-04-17,"Snacks",246.00,0.00,0.00,55.00,1996.09,6.55,1.17,0.22,0.93,1.49,0.17,0.00,52.00,0.00,0.00,0.00,1.01,3.20,58.00,0.40,5.41,235.00,5.63,734.00,566.00,45.20,4.00,3.11,50.82,66.22,15.40,9.59,5.81,45.86,1.45,0.00,7.03,0.00,2.38,2.77,1.33,0.00,0.12,0.12,0.00,0.00,2.65,0.00,2.65,0.58,0.41,0.67,1.37,0.76,0.34,0.91,17.30,0.50,0.34,0.67,0.96,false
2025-04-17,"Total",2529.04,0.00,33.33,2995.04,3367.28,1140.73,12.14,12.06,69.50,12.74,14.16,25.26,1286.61,5708.96,199.81,218.73,13.73,1056.32,892.73,2.99,24.63,930.36,13.07,2268.57,6862.34,121.34,2427.66,13.73,324.72,415.70,90.31,53.65,20.78,138.46,80.67,5.03,72.43,575.72,29.11,12.59,17.39,0.15,2.09,2.02,0.06,0.01,9.70,0.23,9.43,1.78,2.13,3.95,6.96,5.12,1.82,4.65,113.27,3.52,1.31,3.06,5.05,false
2025-04-18,"Total",,,,,,,,,,,,,,,,,,,,,,,,,,,,,,,,,,,,,,,,,,,,,,,,,,,,,,,,,,,,,,false
2025-04-19,"Total",,,,,,,,,,,,,,,,,,,,,,,,,,,,,,,,,,,,,,,,,,,,,,,,,,,,,,,,,,,,,,false
2025-04-20,"Snacks",196.24,0.00,19.17,91.26,343.18,109.89,0.13,0.16,0.62,0.42,0.16,0.23,88.46,13.73,0.72,16.00,0.18,4.10,247.82,0.65,3.70,99.36,1.26,273.75,480.31,11.74,30.28,2.05,18.57,26.25,7.52,5.46,2.07,7.79,9.73,0.00,6.93,5.00,1.82,1.88,2.20,0.05,0.16,0.16,0.00,0.00,1.60,0.00,1.60,0.11,0.35,0.65,1.09,0.82,0.19,0.69,14.08,0.60,0.18,0.52,0.71,false
2025-04-20,"Total",196.24,0.00,19.17,91.26,343.18,109.89,0.13,0.16,0.62,0.42,0.16,0.23,88.46,13.73,0.72,16.00,0.18,4.10,247.82,0.65,3.70,99.36,1.26,273.75,480.31,11.74,30.28,2.05,18.57,26.25,7.52,5.46,2.07,7.79,9.73,0.00,6.93,5.00,1.82,1.88,2.20,0.05,0.16,0.16,0.00,0.00,1.60,0.00,1.60,0.11,0.35,0.65,1.09,0.82,0.19,0.69,14.08,0.60,0.18,0.52,0.71,false
2025-04-21,"Dinner",376.46,0.00,0.00,133.49,1399.58,300.16,0.58,0.44,6.08,2.06,0.72,0.00,324.90,929.21,76.16,0.00,2.53,121.17,264.69,1.32,8.59,277.95,3.80,683.03,2289.19,16.88,1123.09,5.03,24.01,45.12,20.24,14.35,6.06,3.65,16.57,3.22,4.05,0.00,1.44,1.30,0.62,0.00,0.22,0.22,0.00,0.00,0.74,0.00,0.74,0.57,1.24,2.04,3.34,2.72,0.62,2.34,45.99,1.91,0.59,1.65,2.21,false
2025-04-21,"Total",376.46,0.00,0.00,133.49,1399.58,300.16,0.58,0.44,6.08,2.06,0.72,0.00,324.90,929.21,76.16,0.00,2.53,121.17,264.69,1.32,8.59,277.95,3.80,683.03,2289.19,16.88,1123.09,5.03,24.01,45.12,20.24,14.35,6.06,3.65,16.57,3.22,4.05,0.00,1.44,1.30,0.62,0.00,0.22,0.22,0.00,0.00,0.74,0.00,0.74,0.57,1.24,2.04,3.34,2.72,0.62,2.34,45.99,1.91,0.59,1.65,2.21,false
2025-04-22,"Breakfast",971.15,0.00,82.78,360.79,1203.79,503.44,0.73,1.06,4.61,3.80,0.78,2.73,78.56,385.27,17.71,198.52,0.90,90.57,920.22,1.89,8.33,403.79,4.01,1244.84,2334.59,34.95,448.89,7.89,103.15,125.53,22.32,15.67,6.64,42.22,53.70,5.03,23.22,38.85,6.51,2.71,11.18,0.32,0.20,0.19,0.00,0.00,2.48,0.01,2.46,1.37,1.84,3.91,7.42,6.38,1.55,3.32,83.20,3.82,1.43,2.63,4.38,false
2025-04-22,"Lunch",1560.60,0.00,0.00,2028.10,585.84,682.58,4.67,4.22,27.33,5.40,5.87,7.68,1125.04,3034.43,112.66,12.80,7.45,770.05,405.93,3.02,18.71,432.36,6.11,1146.61,4112.62,14.57,1249.79,10.18,176.21,217.54,40.95,21.32,4.28,115.56,38.76,0.00,31.14,4.00,1.55,2.58,19.00,0.04,0.72,0.47,0.00,0.00,1.06,0.00,0.17,0.94,1.96,3.12,5.20,4.85,0.74,3.57,112.80,2.71,0.73,1.97,3.65,false
2025-04-22,"Dinner",1229.26,0.00,0.00,208.16,256.81,417.89,0.48,1.27,6.97,6.76,1.36,1.67,237.45,2495.09,61.62,130.50,6.63,42.98,187.28,0.70,4.48,129.72,1.47,480.37,2201.63,47.38,1084.74,3.53,122.14,157.82,35.38,13.35,6.46,16.76,25.44,0.00,52.11,559.50,23.44,5.55,9.78,0.00,0.31,0.24,0.06,0.01,4.96,0.22,4.69,0.55,0.62,1.34,2.14,1.78,0.74,1.44,45.66,1.28,0.37,0.96,1.59,false
2025-04-22,"Snacks",222.41,0.00,0.00,2.08,4.21,24.38,0.01,0.06,0.03,0.02,0.02,0.00,8.80,0.00,7.04,0.00,0.10,0.00,16.00,0.08,0.39,3.20,0.03,15.20,61.60,1.60,25.60,0.05,53.93,55.09,0.88,0.65,0.23,0.00,38.80,35.06,0.06,0.00,0.03,0.00,0.01,0.00,0.00,0.00,0.00,0.00,0.00,0.00,0.00,0.00,0.01,0.01,0.02,0.01,0.00,0.01,0.30,0.01,0.00,0.01,0.01,false
2025-04-22,"Total",3983.41,0.00,82.78,2599.12,2050.64,1628.29,5.89,6.60,38.94,15.98,8.03,12.08,1449.86,5914.79,199.03,341.82,15.07,903.60,1529.43,5.69,31.92,969.08,11.62,2887.02,8710.44,98.49,2809.03,21.64,455.44,555.99,99.53,50.99,17.62,174.54,156.69,40.10,106.53,602.35,31.53,10.84,39.96,0.35,1.23,0.91,0.06,0.01,8.49,0.24,7.33,2.86,4.43,8.38,14.77,13.02,3.03,8.34,241.96,7.82,2.54,5.57,9.63,false
2025-04-23,"Lunch",799.65,0.00,0.00,431.63,30.61,690.65,0.64,1.02,32.08,6.49,3.18,0.78,70.66,4558.06,106.69,20.00,6.28,15.47,239.09,1.10,6.30,220.77,2.60,770.93,3263.44,62.67,1344.92,5.37,91.43,111.09,19.12,13.72,5.45,33.42,38.13,0.00,7.97,160.00,3.26,1.90,1.86,0.05,0.11,0.08,0.01,0.01,1.15,0.09,1.06,0.66,1.69,1.93,4.37,4.93,1.60,2.35,72.29,2.54,0.78,1.85,2.30,false
2025-04-23,"Total",799.65,0.00,0.00,431.63,30.61,690.65,0.64,1.02,32.08,6.49,3.18,0.78,70.66,4558.06,106.69,20.00,6.28,15.47,239.09,1.10,6.30,220.77,2.60,770.93,3263.44,62.67,1344.92,5.37,91.43,111.09,19.12,13.72,5.45,33.42,38.13,0.00,7.97,160.00,3.26,1.90,1.86,0.05,0.11,0.08,0.01,0.01,1.15,0.09,1.06,0.66,1.69,1.93,4.37,4.93,1.60,2.35,72.29,2.54,0.78,1.85,2.30,false
2025-04-24,"Lunch",691.71,0.00,0.00,72.21,1007.44,491.52,0.50,0.26,9.08,1.71,0.55,0.00,102.63,158.32,63.60,0.00,2.58,107.59,108.82,0.97,6.42,210.67,4.51,562.09,1126.16,12.94,1300.47,5.48,95.05,113.03,17.98,11.13,1.86,73.27,20.91,0.00,11.97,0.00,0.65,3.61,4.99,0.00,0.16,0.16,0.00,0.00,1.71,0.00,1.71,0.48,0.54,0.82,1.56,0.65,0.37,1.10,43.31,0.70,0.20,0.57,1.00,false
2025-04-24,"Dinner",86.48,0.00,0.00,31.28,5.52,159.62,0.16,0.07,0.52,0.46,0.11,0.00,55.20,20.62,97.89,0.00,0.46,0.00,73.60,0.08,0.18,18.40,0.05,25.76,333.04,0.92,0.00,0.13,16.73,21.62,4.32,1.82,2.52,0.00,17.20,0.00,0.22,0.00,0.04,0.05,0.03,0.00,0.01,0.01,0.00,0.00,0.03,0.00,0.03,0.02,0.03,0.05,0.04,0.09,0.04,0.06,1.73,0.03,0.02,0.03,0.07,false
2025-04-24,"Total",778.19,0.00,0.00,103.49,1012.96,651.14,0.66,0.33,9.60,2.17,0.66,0.00,157.83,178.94,161.49,0.00,3.04,107.59,182.42,1.05,6.61,229.07,4.55,587.85,1459.20,13.86,1300.47,5.60,111.78,134.65,22.31,12.95,4.38,73.27,38.11,0.00,12.19,0.00,0.69,3.66,5.02,0.00,0.17,0.17,0.00,0.00,1.74,0.00,1.74,0.50,0.57,0.87,1.60,0.74,0.41,1.16,45.04,0.72,0.22,0.59,1.07,false
2025-04-25,"Total",,,,,,,,,,,,,,,,,,,,,,,,,,,,,,,,,,,,,,,,,,,,,,,,,,,,,,,,,,,,,,false
2025-04-26,"Total",,,,,,,,,,,,,,,,,,,,,,,,,,,,,,,,,,,,,,,,,,,,,,,,,,,,,,,,,,,,,,false
2025-04-27,"Total",,,,,,,,,,,,,,,,,,,,,,,,,,,,,,,,,,,,,,,,,,,,,,,,,,,,,,,,,,,,,,false
2025-04-28,"Dinner",11.60,0.00,0.00,4.20,0.00,35.59,0.02,0.01,0.04,0.08,0.03,0.00,4.40,0.45,21.20,0.00,0.06,0.00,10.40,0.01,0.24,3.20,0.01,6.40,55.20,0.16,0.80,0.02,2.53,3.73,1.12,1.12,0.00,0.00,1.00,0.00,0.12,0.00,0.00,0.04,0.02,0.00,0.01,0.01,0.00,0.00,0.03,0.00,0.03,0.01,0.01,0.01,0.01,0.02,0.01,0.02,0.44,0.01,0.00,0.01,0.02,false
2025-04-28,"Total",11.60,0.00,0.00,4.20,0.00,35.59,0.02,0.01,0.04,0.08,0.03,0.00,4.40,0.45,21.20,0.00,0.06,0.00,10.40,0.01,0.24,3.20,0.01,6.40,55.20,0.16,0.80,0.02,2.53,3.73,1.12,1.12,0.00,0.00,1.00,0.00,0.12,0.00,0.00,0.04,0.02,0.00,0.01,0.01,0.00,0.00,0.03,0.00,0.03,0.01,0.01,0.01,0.01,0.02,0.01,0.02,0.44,0.01,0.00,0.01,0.02,false
2025-04-29,"Lunch",840.60,0.00,0.00,45.31,437.66,555.92,7.00,6.75,42.21,1.86,8.01,15.00,900.50,162.63,67.02,0.00,5.15,101.66,403.60,1.28,12.00,247.90,5.12,710.90,2022.30,34.76,519.50,6.12,109.97,146.42,34.80,19.82,8.99,67.85,40.68,4.10,11.97,0.00,2.06,6.03,1.66,0.01,0.36,0.36,0.00,0.00,3.65,0.00,3.64,0.44,0.76,1.18,1.99,1.66,0.38,1.49,42.45,1.03,0.31,0.73,1.22,false
2025-04-29,"Total",840.60,0.00,0.00,45.31,437.66,555.92,7.00,6.75,42.21,1.86,8.01,15.00,900.50,162.63,67.02,0.00,5.15,101.66,403.60,1.28,12.00,247.90,5.12,710.90,2022.30,34.76,519.50,6.12,109.97,146.42,34.80,19.82,8.99,67.85,40.68,4.10,11.97,0.00,2.06,6.03,1.66,0.01,0.36,0.36,0.00,0.00,3.65,0.00,3.64,0.44,0.76,1.18,1.99,1.66,0.38,1.49,42.45,1.03,0.31,0.73,1.22,false
2025-04-30,"Total",,,,,,,,,,,,,,,,,,,,,,,,,,,,,,,,,,,,,,,,,,,,,,,,,,,,,,,,,,,,,,false
2025-05-01,"Total",,,,,,,,,,,,,,,,,,,,,,,,,,,,,,,,,,,,,,,,,,,,,,,,,,,,,,,,,,,,,,false
2025-05-02,"'-",492.59,0.00,0.00,193.58,1482.37,354.00,0.81,0.40,4.34,2.17,0.87,0.00,439.90,52.26,124.50,0.00,2.58,9.58,304.59,1.50,11.55,298.92,3.54,723.11,2784.79,19.07,1328.64,5.51,47.79,77.30,28.73,22.17,6.60,25.13,17.75,0.00,2.22,0.00,0.40,1.21,0.30,0.00,0.31,0.31,0.00,0.00,0.44,0.00,0.44,0.51,1.23,2.04,3.48,2.84,0.61,2.41,45.88,1.79,0.60,1.48,2.33,false
2025-05-02,"Total",492.59,0.00,0.00,193.58,1482.37,354.00,0.81,0.40,4.34,2.17,0.87,0.00,439.90,52.26,124.50,0.00,2.58,9.58,304.59,1.50,11.55,298.92,3.54,723.11,2784.79,19.07,1328.64,5.51,47.79,77.30,28.73,22.17,6.60,25.13,17.75,0.00,2.22,0.00,0.40,1.21,0.30,0.00,0.31,0.31,0.00,0.00,0.44,0.00,0.44,0.51,1.23,2.04,3.48,2.84,0.61,2.41,45.88,1.79,0.60,1.48,2.33,false
2025-05-03,"Lunch",571.60,0.00,0.00,141.72,1342.80,490.39,0.68,0.60,6.72,4.33,1.06,0.00,378.74,86.12,127.36,0.00,6.80,38.02,282.28,1.50,9.41,275.34,2.93,592.70,3265.06,16.15,1213.88,4.96,38.57,65.85,26.08,14.56,11.64,1.63,32.23,0.00,22.53,0.00,13.58,3.08,3.09,0.00,0.21,0.21,0.00,0.00,2.56,0.00,2.54,0.44,1.01,1.60,2.62,2.29,0.52,1.87,37.40,1.47,0.50,1.27,1.75,false
2025-05-03,"Total",571.60,0.00,0.00,141.72,1342.80,490.39,0.68,0.60,6.72,4.33,1.06,0.00,378.74,86.12,127.36,0.00,6.80,38.02,282.28,1.50,9.41,275.34,2.93,592.70,3265.06,16.15,1213.88,4.96,38.57,65.85,26.08,14.56,11.64,1.63,32.23,0.00,22.53,0.00,13.58,3.08,3.09,0.00,0.21,0.21,0.00,0.00,2.56,0.00,2.54,0.44,1.01,1.60,2.62,2.29,0.52,1.87,37.40,1.47,0.50,1.27,1.75,false
2025-05-04,"Total",,,,,,,,,,,,,,,,,,,,,,,,,,,,,,,,,,,,,,,,,,,,,,,,,,,,,,,,,,,,,,false
2025-05-05,"Total",,,,,,,,,,,,,,,,,,,,,,,,,,,,,,,,,,,,,,,,,,,,,,,,,,,,,,,,,,,,,,false
2025-05-06,"Lunch",889.26,0.00,0.00,31.82,823.04,670.42,0.87,1.08,6.99,4.06,0.96,2.02,651.46,1247.94,30.49,86.28,4.15,23.37,172.36,1.18,15.10,169.60,1.99,915.46,2214.43,45.59,523.15,8.20,69.68,94.58,24.63,21.44,2.70,43.10,12.58,0.00,29.96,362.26,8.39,2.23,12.77,0.47,0.31,0.27,0.03,0.00,1.74,0.14,1.59,0.74,1.44,2.39,3.95,3.78,0.89,2.48,64.00,2.10,0.54,1.66,2.70,false
2025-05-06,"Dinner",610.28,0.00,0.00,235.30,576.65,436.09,0.59,0.49,6.45,4.71,1.04,0.00,62.04,2260.85,50.66,0.00,3.23,18.95,925.92,1.05,8.40,199.05,4.06,539.16,1696.05,47.90,323.74,4.52,71.32,86.97,14.22,10.30,3.93,31.19,29.68,2.05,16.26,0.00,3.83,8.13,2.96,0.01,0.78,0.78,0.00,0.00,6.93,0.00,6.93,0.22,0.83,1.59,2.63,1.65,0.46,1.70,37.75,1.55,0.50,1.27,1.74,false
2025-05-06,"Total",1499.54,0.00,0.00,267.12,1399.69,1106.51,1.47,1.56,13.44,8.77,2.00,2.02,713.50,3508.78,81.15,86.28,7.39,42.33,1098.28,2.23,23.50,368.65,6.05,1454.62,3910.48,93.49,846.89,12.72,141.00,181.55,38.85,31.73,6.63,74.29,42.25,2.05,46.23,362.26,12.22,10.36,15.73,0.48,1.09,1.05,0.03,0.00,8.67,0.14,8.52,0.97,2.27,3.97,6.58,5.43,1.35,4.18,101.75,3.65,1.04,2.93,4.44,false
2025-05-07,"Total",,,,,,,,,,,,,,,,,,,,,,,,,,,,,,,,,,,,,,,,,,,,,,,,,,,,,,,,,,,,,,false
2025-05-08,"Dinner",690.70,0.00,0.00,1426.35,62.63,397.38,0.94,0.66,6.30,3.05,1.49,0.18,350.65,2878.95,89.67,12.80,6.05,501.07,309.07,1.92,11.71,252.24,4.11,558.22,2628.15,4.32,228.95,5.45,106.85,133.01,25.80,8.36,3.09,66.51,24.55,0.00,5.24,4.00,1.34,1.89,1.38,0.04,0.50,0.25,0.00,0.00,1.06,0.00,0.17,0.46,0.93,1.52,2.54,2.32,0.41,1.78,35.02,1.39,0.40,0.99,1.83,false
2025-05-08,"Snacks",359.22,0.00,37.09,188.41,390.07,264.47,0.25,0.33,1.09,1.09,0.23,0.23,67.40,37.20,103.49,0.00,0.79,4.42,309.30,0.73,2.75,129.50,0.71,311.87,946.55,7.37,154.49,2.25,35.63,50.34,13.17,8.54,4.65,2.08,32.76,0.00,3.79,2.33,0.98,0.53,1.73,0.00,0.06,0.06,0.00,0.00,0.45,0.00,0.45,0.70,0.80,1.95,3.66,3.34,0.74,1.40,41.05,1.96,0.80,1.07,2.05,false
2025-05-08,"Total",1049.92,0.00,37.09,1614.77,452.70,661.85,1.18,0.99,7.39,4.13,1.73,0.41,418.05,2916.14,193.16,12.80,6.84,505.49,618.37,2.65,14.46,381.74,4.82,870.09,3574.70,11.69,383.43,7.70,142.47,183.35,38.97,16.89,7.75,68.58,57.31,0.00,9.03,6.33,2.33,2.42,3.11,0.04,0.56,0.31,0.00,0.00,1.51,0.00,0.62,1.16,1.73,3.48,6.20,5.66,1.15,3.17,76.07,3.36,1.20,2.05,3.88,false
2025-05-09,"Dinner",40.00,,,,,,6.20,6.30,35.00,,7.20,15.00,353.00,,,0.00,,,0.00,,1.00,,,,214.00,,20.00,,1.00,3.00,2.00,,,,0.00,0.00,0.00,0.00,,,0.00,0.00,,,,,,,,,,,,,,,5.00,,,,,false
2025-05-09,"Total",40.00,,,,,,6.20,6.30,35.00,,7.20,15.00,353.00,,,0.00,,,0.00,,1.00,,,,214.00,,20.00,,1.00,3.00,2.00,,,,0.00,0.00,0.00,0.00,,,0.00,0.00,,,,,,,,,,,,,,,5.00,,,,,false
2025-05-10,"Breakfast",308.62,0.00,24.73,108.95,401.37,117.28,0.21,0.31,0.97,1.10,0.18,0.75,19.78,106.13,0.37,55.14,0.19,25.57,258.02,0.57,2.89,118.75,1.29,368.33,689.10,12.21,100.55,2.34,40.44,49.06,8.58,6.47,2.11,14.80,23.18,0.00,5.75,10.54,1.55,0.82,2.63,0.09,0.05,0.05,0.00,0.00,0.76,0.00,0.76,0.40,0.47,1.02,1.94,1.67,0.41,0.87,22.14,0.99,0.38,0.69,1.17,false
2025-05-10,"Total",308.62,0.00,24.73,108.95,401.37,117.28,0.21,0.31,0.97,1.10,0.18,0.75,19.78,106.13,0.37,55.14,0.19,25.57,258.02,0.57,2.89,118.75,1.29,368.33,689.10,12.21,100.55,2.34,40.44,49.06,8.58,6.47,2.11,14.80,23.18,0.00,5.75,10.54,1.55,0.82,2.63,0.09,0.05,0.05,0.00,0.00,0.76,0.00,0.76,0.40,0.47,1.02,1.94,1.67,0.41,0.87,22.14,0.99,0.38,0.69,1.17,false
2025-05-11,"Total",,,,,,,,,,,,,,,,,,,,,,,,,,,,,,,,,,,,,,,,,,,,,,,,,,,,,,,,,,,,,,false
2025-05-12,"Total",,,,,,,,,,,,,,,,,,,,,,,,,,,,,,,,,,,,,,,,,,,,,,,,,,,,,,,,,,,,,,false
2025-05-13,"Total",,,,,,,,,,,,,,,,,,,,,,,,,,,,,,,,,,,,,,,,,,,,,,,,,,,,,,,,,,,,,,false
2025-05-14,"Total",,,,,,,,,,,,,,,,,,,,,,,,,,,,,,,,,,,,,,,,,,,,,,,,,,,,,,,,,,,,,,false
2025-05-15,"Total",,,,,,,,,,,,,,,,,,,,,,,,,,,,,,,,,,,,,,,,,,,,,,,,,,,,,,,,,,,,,,false
2025-05-16,"Total",,,,,,,,,,,,,,,,,,,,,,,,,,,,,,,,,,,,,,,,,,,,,,,,,,,,,,,,,,,,,,false
2025-05-17,"Total",,,,,,,,,,,,,,,,,,,,,,,,,,,,,,,,,,,,,,,,,,,,,,,,,,,,,,,,,,,,,,false
2025-05-18,"Total",,,,,,,,,,,,,,,,,,,,,,,,,,,,,,,,,,,,,,,,,,,,,,,,,,,,,,,,,,,,,,false
2025-05-19,"Total",,,,,,,,,,,,,,,,,,,,,,,,,,,,,,,,,,,,,,,,,,,,,,,,,,,,,,,,,,,,,,false
2025-05-20,"Total",,,,,,,,,,,,,,,,,,,,,,,,,,,,,,,,,,,,,,,,,,,,,,,,,,,,,,,,,,,,,,false
2025-05-21,"Total",,,,,,,,,,,,,,,,,,,,,,,,,,,,,,,,,,,,,,,,,,,,,,,,,,,,,,,,,,,,,,false
2025-05-22,"Total",,,,,,,,,,,,,,,,,,,,,,,,,,,,,,,,,,,,,,,,,,,,,,,,,,,,,,,,,,,,,,false
2025-05-23,"Total",,,,,,,,,,,,,,,,,,,,,,,,,,,,,,,,,,,,,,,,,,,,,,,,,,,,,,,,,,,,,,false
2025-05-24,"Total",,,,,,,,,,,,,,,,,,,,,,,,,,,,,,,,,,,,,,,,,,,,,,,,,,,,,,,,,,,,,,false
2025-05-25,"Total",,,,,,,,,,,,,,,,,,,,,,,,,,,,,,,,,,,,,,,,,,,,,,,,,,,,,,,,,,,,,,false
2025-05-26,"Total",,,,,,,,,,,,,,,,,,,,,,,,,,,,,,,,,,,,,,,,,,,,,,,,,,,,,,,,,,,,,,false
2025-05-27,"Total",,,,,,,,,,,,,,,,,,,,,,,,,,,,,,,,,,,,,,,,,,,,,,,,,,,,,,,,,,,,,,false
2025-05-28,"Total",,,,,,,,,,,,,,,,,,,,,,,,,,,,,,,,,,,,,,,,,,,,,,,,,,,,,,,,,,,,,,false
2025-05-29,"Breakfast",568.70,0.00,33.33,153.58,795.05,283.13,0.49,0.42,3.72,2.12,0.53,1.09,62.22,164.37,17.12,88.23,0.73,40.86,308.11,1.06,5.10,234.38,3.18,629.64,1299.81,21.96,149.35,4.07,82.98,97.38,14.36,9.39,4.97,39.53,37.64,5.03,14.09,16.22,4.29,2.00,6.24,0.15,0.13,0.12,0.00,0.00,1.87,0.01,1.86,0.41,0.59,0.96,1.80,1.35,0.39,1.14,23.00,0.85,0.29,0.84,1.24,false
2025-05-29,"Lunch",574.99,0.00,0.00,3.09,267.03,404.49,0.30,1.03,4.03,4.79,0.82,1.67,248.16,308.90,49.34,130.50,4.75,40.36,107.87,0.34,3.11,81.76,0.33,367.50,1459.43,48.21,234.03,2.86,20.61,33.44,12.65,8.29,4.39,0.18,17.95,0.00,41.34,559.50,22.11,5.20,8.44,0.00,0.35,0.28,0.06,0.01,4.78,0.22,4.51,0.49,0.54,1.19,1.87,1.60,0.66,1.19,23.12,1.05,0.28,0.87,1.36,false
2025-05-29,"Dinner",665.17,0.00,0.00,343.43,665.04,404.38,0.56,0.55,5.87,3.26,1.35,0.00,227.24,2339.69,251.33,0.00,4.99,74.43,462.22,1.07,15.08,221.90,3.63,453.43,2522.87,11.52,1114.50,3.50,78.80,114.02,34.55,9.90,5.33,17.08,31.10,0.00,8.61,0.00,0.97,0.82,0.43,0.00,0.14,0.14,0.00,0.00,0.33,0.00,0.33,0.29,0.59,0.97,1.60,1.31,0.33,1.17,40.19,0.97,0.34,0.74,1.14,false
2025-05-29,"Total",1808.86,0.00,33.33,500.10,1727.13,1092.00,1.35,2.00,13.62,10.16,2.70,2.76,537.62,2812.96,317.78,218.73,10.47,155.64,878.20,2.48,23.29,538.04,7.14,1450.56,5282.11,81.69,1497.88,10.43,182.39,244.84,61.56,27.58,14.69,56.79,86.69,5.03,64.04,575.72,27.37,8.03,15.11,0.15,0.61,0.55,0.06,0.01,6.97,0.23,6.70,1.19,1.71,3.12,5.27,4.26,1.38,3.51,86.31,2.87,0.91,2.45,3.74,false
2025-05-30,"Total",,,,,,,,,,,,,,,,,,,,,,,,,,,,,,,,,,,,,,,,,,,,,,,,,,,,,,,,,,,,,,false
2025-05-31,"Total",,,,,,,,,,,,,,,,,,,,,,,,,,,,,,,,,,,,,,,,,,,,,,,,,,,,,,,,,,,,,,false
2025-06-01,"Lunch",511.20,0.00,0.00,2358.76,252.48,244.66,6.89,6.83,37.90,0.93,8.28,15.00,1043.33,623.07,68.04,0.00,5.68,975.12,262.05,1.12,9.68,369.60,2.63,419.80,2112.82,8.83,302.95,3.92,55.25,74.76,19.13,9.93,4.85,37.57,14.02,0.00,8.78,0.00,1.71,3.63,1.32,0.00,0.60,0.60,0.00,0.00,2.93,0.00,2.93,0.38,0.76,1.28,2.08,1.88,0.41,1.49,34.08,1.10,0.31,0.79,1.29,false
2025-06-01,"Total",511.20,0.00,0.00,2358.76,252.48,244.66,6.89,6.83,37.90,0.93,8.28,15.00,1043.33,623.07,68.04,0.00,5.68,975.12,262.05,1.12,9.68,369.60,2.63,419.80,2112.82,8.83,302.95,3.92,55.25,74.76,19.13,9.93,4.85,37.57,14.02,0.00,8.78,0.00,1.71,3.63,1.32,0.00,0.60,0.60,0.00,0.00,2.93,0.00,2.93,0.38,0.76,1.28,2.08,1.88,0.41,1.49,34.08,1.10,0.31,0.79,1.29,false
2025-06-02,"Lunch",218.75,0.00,0.00,1031.32,109.49,96.28,3.01,2.98,16.56,0.39,3.61,6.56,453.98,272.47,28.86,0.00,2.48,426.39,111.83,0.49,4.21,160.43,1.13,180.10,906.42,3.80,132.00,1.69,23.23,31.57,8.19,4.23,2.06,16.43,5.62,0.00,3.83,0.00,0.74,1.58,0.57,0.00,0.26,0.26,0.00,0.00,1.28,0.00,1.28,0.17,0.33,0.56,0.91,0.82,0.18,0.65,14.77,0.48,0.13,0.34,0.56,false
2025-06-02,"Total",218.75,0.00,0.00,1031.32,109.49,96.28,3.01,2.98,16.56,0.39,3.61,6.56,453.98,272.47,28.86,0.00,2.48,426.39,111.83,0.49,4.21,160.43,1.13,180.10,906.42,3.80,132.00,1.69,23.23,31.57,8.19,4.23,2.06,16.43,5.62,0.00,3.83,0.00,0.74,1.58,0.57,0.00,0.26,0.26,0.00,0.00,1.28,0.00,1.28,0.17,0.33,0.56,0.91,0.82,0.18,0.65,14.77,0.48,0.13,0.34,0.56,false
2025-06-03,"Lunch",56.87,0.00,0.00,21.94,63.37,144.98,0.12,0.16,1.00,0.12,0.09,0.00,53.62,51.46,15.76,0.00,0.75,77.84,71.50,0.09,1.06,29.25,0.46,47.12,237.25,0.32,1.62,0.41,7.52,12.80,5.20,4.16,1.04,1.88,5.90,0.00,0.45,0.00,0.02,0.24,0.10,0.00,0.14,0.14,0.00,0.00,0.00,0.00,0.00,0.03,0.06,0.11,0.19,0.15,0.04,0.11,3.07,0.13,0.03,0.07,0.15,false
2025-06-03,"Total",56.87,0.00,0.00,21.94,63.37,144.98,0.12,0.16,1.00,0.12,0.09,0.00,53.62,51.46,15.76,0.00,0.75,77.84,71.50,0.09,1.06,29.25,0.46,47.12,237.25,0.32,1.62,0.41,7.52,12.80,5.20,4.16,1.04,1.88,5.90,0.00,0.45,0.00,0.02,0.24,0.10,0.00,0.14,0.14,0.00,0.00,0.00,0.00,0.00,0.03,0.06,0.11,0.19,0.15,0.04,0.11,3.07,0.13,0.03,0.07,0.15,false
2025-06-04,"Dinner",730.67,0.00,0.00,406.73,112.27,620.35,0.56,0.71,8.05,4.19,1.65,0.24,153.14,3480.02,280.87,17.28,7.21,78.78,502.87,0.92,14.12,183.35,3.11,374.98,2683.62,6.61,1678.00,2.59,100.43,136.99,36.03,11.10,5.07,24.88,41.42,0.00,10.46,5.40,1.27,0.97,1.33,0.05,0.14,0.14,0.00,0.00,0.25,0.00,0.25,0.17,0.27,0.47,0.78,0.62,0.21,0.63,30.81,0.58,0.21,0.32,0.65,false
2025-06-04,"Total",730.67,0.00,0.00,406.73,112.27,620.35,0.56,0.71,8.05,4.19,1.65,0.24,153.14,3480.02,280.87,17.28,7.21,78.78,502.87,0.92,14.12,183.35,3.11,374.98,2683.62,6.61,1678.00,2.59,100.43,136.99,36.03,11.10,5.07,24.88,41.42,0.00,10.46,5.40,1.27,0.97,1.33,0.05,0.14,0.14,0.00,0.00,0.25,0.00,0.25,0.17,0.27,0.47,0.78,0.62,0.21,0.63,30.81,0.58,0.21,0.32,0.65,false
2025-06-05,"Total",,,,,,,,,,,,,,,,,,,,,,,,,,,,,,,,,,,,,,,,,,,,,,,,,,,,,,,,,,,,,,false
2025-06-06,"Total",,,,,,,,,,,,,,,,,,,,,,,,,,,,,,,,,,,,,,,,,,,,,,,,,,,,,,,,,,,,,,false
2025-06-07,"Total",,,,,,,,,,,,,,,,,,,,,,,,,,,,,,,,,,,,,,,,,,,,,,,,,,,,,,,,,,,,,,false
2025-06-08,"Breakfast",739.31,0.00,43.32,199.66,1033.57,368.07,0.64,0.55,4.84,2.75,0.69,1.42,80.88,213.68,22.25,114.70,0.95,53.11,400.55,1.38,6.64,304.69,4.13,818.53,1689.76,28.55,194.16,5.29,107.87,126.59,18.67,12.21,6.46,51.39,48.94,6.54,18.32,21.08,5.58,2.61,8.11,0.19,0.16,0.16,0.00,0.00,2.43,0.01,2.42,0.53,0.77,1.25,2.33,1.75,0.51,1.49,29.90,1.10,0.37,1.10,1.62,false
2025-06-08,"Lunch",1949.01,0.00,0.00,55.45,749.45,849.35,3.15,1.80,46.35,5.78,2.63,1.66,564.72,974.83,76.50,86.56,8.31,188.36,644.50,1.41,26.17,404.30,7.44,1652.36,2009.88,147.15,2394.62,12.50,182.07,234.73,51.55,34.89,11.71,99.13,43.64,10.25,37.70,498.24,8.39,8.09,12.96,0.21,0.77,0.61,0.09,0.02,6.41,0.30,6.10,1.61,3.23,5.72,8.75,8.58,2.83,5.08,160.06,4.93,1.33,3.73,5.98,false
2025-06-08,"Dinner",459.38,0.00,0.00,2341.58,336.13,511.14,0.94,0.58,7.51,0.98,0.78,0.00,334.34,2146.12,67.56,0.00,6.20,992.11,281.35,1.18,7.17,385.38,2.91,580.28,2130.33,7.17,633.97,4.16,42.24,63.11,20.39,8.58,2.58,1.54,12.37,4.03,9.58,0.00,1.63,1.28,3.71,0.00,0.44,0.44,0.00,0.00,0.59,0.00,0.59,0.50,1.01,1.79,3.04,2.37,0.53,2.11,37.90,1.66,0.44,1.17,2.05,false
2025-06-08,"Bike",1298.46,0.00,188.25,93.56,406.18,531.31,0.97,0.94,16.52,2.34,0.65,1.53,231.43,160.30,17.65,115.20,5.25,8.22,472.30,0.52,5.36,230.35,1.72,558.02,1285.68,33.51,1097.05,3.26,183.81,194.64,10.13,5.64,2.73,57.23,92.70,34.21,47.63,24.10,18.46,8.02,16.35,0.43,0.47,0.46,0.00,0.00,7.48,0.01,7.46,0.34,0.76,1.14,2.24,1.42,0.52,1.44,29.97,1.00,0.32,1.07,1.38,false
2025-06-08,"Total",4446.16,0.00,231.58,2690.25,2525.32,2259.87,5.69,3.87,75.22,11.85,4.76,4.61,1211.37,3494.93,183.97,316.46,20.70,1241.81,1798.70,4.49,45.34,1324.73,16.21,3609.19,7115.64,216.38,4319.79,25.21,515.98,619.07,100.74,61.32,23.47,209.28,197.65,55.04,113.23,543.42,34.05,19.99,41.14,0.83,1.84,1.68,0.09,0.03,16.92,0.32,16.57,2.97,5.77,9.90,16.36,14.11,4.39,10.12,257.84,8.69,2.47,7.08,11.03,false
2025-06-09,"Total",,,,,,,,,,,,,,,,,,,,,,,,,,,,,,,,,,,,,,,,,,,,,,,,,,,,,,,,,,,,,,false
2025-06-10,"Lunch",659.95,0.00,0.00,50.42,121.35,467.91,0.65,0.78,7.63,2.14,0.63,1.00,125.70,293.97,63.60,0.00,6.48,118.54,491.79,0.58,4.83,155.80,3.38,626.80,1231.79,57.27,1164.99,3.91,59.75,73.05,13.12,6.28,1.85,37.50,17.70,5.33,22.13,24.00,7.72,4.89,6.50,0.03,0.31,0.31,0.00,0.00,2.82,0.01,2.81,0.33,0.85,1.49,2.75,2.08,0.65,1.55,45.07,1.26,0.43,1.43,1.83,false
2025-06-10,"Dinner",848.04,0.00,0.00,2.12,230.11,229.97,0.22,1.00,3.22,4.48,0.65,1.67,211.25,236.04,14.36,130.50,4.69,34.72,96.22,0.30,2.78,62.33,0.28,346.13,1016.42,46.85,759.06,2.68,58.21,80.32,22.02,7.05,4.08,0.18,7.77,0.00,47.08,559.50,22.11,5.08,9.07,0.00,0.28,0.22,0.06,0.01,4.73,0.22,4.46,0.48,0.53,1.16,1.84,1.57,0.65,1.16,35.09,1.02,0.27,0.85,1.32,false
2025-06-10,"Snacks",264.00,0.00,0.00,3.79,145.20,383.10,0.11,0.16,2.36,0.74,0.45,0.00,148.08,185.11,127.82,0.00,3.28,16.75,44.16,0.41,0.68,39.60,0.25,60.24,692.88,2.02,4.56,0.35,57.14,66.90,8.26,5.30,2.99,0.83,58.37,0.00,1.48,0.00,0.48,0.30,0.34,0.00,0.18,0.18,0.00,0.00,0.12,0.00,0.12,0.00,0.07,0.10,0.18,0.24,0.03,0.10,3.07,0.11,0.04,0.05,0.16,false
2025-06-10,"Total",1772.00,0.00,0.00,56.34,496.67,1080.98,0.99,1.94,13.21,7.36,1.73,2.67,485.03,715.11,205.79,130.50,14.45,170.01,632.17,1.28,8.30,257.73,3.92,1033.17,2941.10,106.14,1928.60,6.94,175.11,220.28,43.39,18.63,8.93,38.51,83.84,5.33,70.69,583.50,30.30,10.28,15.91,0.03,0.78,0.72,0.06,0.01,7.66,0.23,7.39,0.81,1.45,2.75,4.77,3.88,1.32,2.81,83.22,2.40,0.74,2.33,3.31,false
2025-06-11,"Breakfast",568.70,0.00,33.33,153.58,795.05,283.13,0.49,0.42,3.72,2.12,0.53,1.09,62.22,164.37,17.12,88.23,0.73,40.86,308.11,1.06,5.10,234.38,3.18,629.64,1299.81,21.96,149.35,4.07,82.98,97.38,14.36,9.39,4.97,39.53,37.64,5.03,14.09,16.22,4.29,2.00,6.24,0.15,0.13,0.12,0.00,0.00,1.87,0.01,1.86,0.41,0.59,0.96,1.80,1.35,0.39,1.14,23.00,0.85,0.29,0.84,1.24,false
2025-06-11,"Lunch",655.00,0.00,0.00,306.60,11.20,265.23,0.37,0.37,5.20,3.09,1.00,0.00,21.00,3363.06,68.60,0.00,2.49,8.05,133.00,0.56,2.42,94.50,1.74,189.00,1662.50,0.70,1246.00,1.12,104.61,138.49,33.55,8.51,3.05,24.67,26.48,0.00,3.53,0.00,0.01,0.32,0.58,0.00,0.01,0.01,0.00,0.00,0.00,0.00,0.00,0.10,0.14,0.25,0.41,0.29,0.13,0.40,31.04,0.37,0.14,0.15,0.39,false
2025-06-11,"Dinner",729.21,0.00,0.00,50.29,143.47,562.18,0.60,1.08,5.12,2.86,0.63,1.07,178.22,243.36,141.71,76.56,3.32,13.44,261.62,0.39,3.71,125.74,1.73,382.74,1502.47,66.36,1933.84,2.61,82.63,95.92,12.47,8.59,3.90,20.11,57.50,2.87,14.51,328.24,4.08,2.55,4.59,0.01,0.25,0.21,0.03,0.00,2.27,0.13,2.13,0.69,0.67,1.46,2.35,1.88,0.95,1.62,58.44,1.29,0.42,1.10,1.78,false
2025-06-11,"Snacks",62.40,0.00,0.00,2.28,78.00,102.67,0.02,0.03,0.11,0.07,0.05,0.00,3.60,3.25,5.52,0.00,0.25,2.64,7.20,0.03,0.14,6.00,0.04,13.20,128.40,0.00,1.20,0.05,12.72,16.57,2.88,2.00,0.88,0.06,12.47,0.00,0.20,0.00,0.01,0.06,0.03,0.00,0.01,0.01,0.00,0.00,0.05,0.00,0.05,0.00,0.01,0.01,0.02,0.01,0.00,0.01,0.31,0.01,0.00,0.00,0.01,false
2025-06-11,"Total",2015.31,0.00,33.33,512.76,1027.73,1213.21,1.49,1.90,14.16,8.14,2.21,2.16,265.03,3774.04,232.94,164.79,6.78,64.99,709.94,2.04,11.37,460.62,6.69,1214.57,4593.19,89.02,3330.39,7.85,282.94,348.36,63.26,28.49,12.79,84.37,134.09,7.90,32.33,344.46,8.39,4.94,11.44,0.15,0.40,0.36,0.03,0.00,4.19,0.14,4.04,1.19,1.40,2.67,4.58,3.53,1.47,3.17,112.79,2.52,0.85,2.10,3.42,false
2025-06-12,"Total",,,,,,,,,,,,,,,,,,,,,,,,,,,,,,,,,,,,,,,,,,,,,,,,,,,,,,,,,,,,,,false
2025-06-13,"Dinner",683.28,0.00,0.00,177.08,1677.33,245.16,0.81,0.56,5.77,3.33,1.03,0.00,525.58,87.55,23.17,0.00,4.94,95.84,357.92,1.99,17.46,346.43,4.50,885.12,3252.05,23.15,1452.82,7.13,51.18,75.26,23.38,14.11,7.23,26.41,19.52,0.00,13.60,0.00,0.38,1.01,7.55,0.00,0.17,0.17,0.00,0.00,0.33,0.00,0.33,0.71,1.62,2.55,4.25,3.72,0.69,2.95,71.72,2.29,0.71,1.93,2.79,false
2025-06-13,"Total",683.28,0.00,0.00,177.08,1677.33,245.16,0.81,0.56,5.77,3.33,1.03,0.00,525.58,87.55,23.17,0.00,4.94,95.84,357.92,1.99,17.46,346.43,4.50,885.12,3252.05,23.15,1452.82,7.13,51.18,75.26,23.38,14.11,7.23,26.41,19.52,0.00,13.60,0.00,0.38,1.01,7.55,0.00,0.17,0.17,0.00,0.00,0.33,0.00,0.33,0.71,1.62,2.55,4.25,3.72,0.69,2.95,71.72,2.29,0.71,1.93,2.79,false
2025-06-14,"Total",,,,,,,,,,,,,,,,,,,,,,,,,,,,,,,,,,,,,,,,,,,,,,,,,,,,,,,,,,,,,,false
2025-06-15,"Total",,,,,,,,,,,,,,,,,,,,,,,,,,,,,,,,,,,,,,,,,,,,,,,,,,,,,,,,,,,,,,false
2025-06-16,"Total",,,,,,,,,,,,,,,,,,,,,,,,,,,,,,,,,,,,,,,,,,,,,,,,,,,,,,,,,,,,,,false
2025-06-17,"Total",,,,,,,,,,,,,,,,,,,,,,,,,,,,,,,,,,,,,,,,,,,,,,,,,,,,,,,,,,,,,,false
2025-06-18,"Total",,,,,,,,,,,,,,,,,,,,,,,,,,,,,,,,,,,,,,,,,,,,,,,,,,,,,,,,,,,,,,false
2025-06-19,"Total",,,,,,,,,,,,,,,,,,,,,,,,,,,,,,,,,,,,,,,,,,,,,,,,,,,,,,,,,,,,,,false
2025-06-20,"Total",,,,,,,,,,,,,,,,,,,,,,,,,,,,,,,,,,,,,,,,,,,,,,,,,,,,,,,,,,,,,,false
2025-06-21,"Total",,,,,,,,,,,,,,,,,,,,,,,,,,,,,,,,,,,,,,,,,,,,,,,,,,,,,,,,,,,,,,false
2025-06-22,"Total",,,,,,,,,,,,,,,,,,,,,,,,,,,,,,,,,,,,,,,,,,,,,,,,,,,,,,,,,,,,,,false
2025-06-23,"'-",295.20,0.00,0.00,4.10,155.80,736.52,0.31,0.10,3.43,1.27,0.72,0.00,155.80,307.50,147.60,0.00,0.25,23.78,49.20,0.20,1.39,82.00,0.22,90.20,1869.60,5.74,147.60,0.74,67.60,74.54,6.56,5.25,1.31,0.00,66.58,0.00,1.15,0.00,0.02,0.48,0.31,0.00,0.27,0.27,0.00,0.00,0.21,0.00,0.21,0.04,0.04,0.11,0.13,0.15,0.04,0.12,4.43,0.11,0.04,0.08,0.15,false
2025-06-23,"Total",295.20,0.00,0.00,4.10,155.80,736.52,0.31,0.10,3.43,1.27,0.72,0.00,155.80,307.50,147.60,0.00,0.25,23.78,49.20,0.20,1.39,82.00,0.22,90.20,1869.60,5.74,147.60,0.74,67.60,74.54,6.56,5.25,1.31,0.00,66.58,0.00,1.15,0.00,0.02,0.48,0.31,0.00,0.27,0.27,0.00,0.00,0.21,0.00,0.21,0.04,0.04,0.11,0.13,0.15,0.04,0.12,4.43,0.11,0.04,0.08,0.15,false
2025-06-24,"Total",,,,,,,,,,,,,,,,,,,,,,,,,,,,,,,,,,,,,,,,,,,,,,,,,,,,,,,,,,,,,,false
2025-06-25,"'-",93.80,0.00,0.00,2.52,33.57,113.97,0.05,0.12,1.41,0.29,0.05,0.00,54.60,3.15,2.52,0.00,0.13,0.00,4.20,0.05,0.38,18.20,0.09,64.40,184.80,0.84,287.00,0.45,17.21,20.08,2.80,2.63,0.17,11.28,6.22,0.00,1.71,0.00,0.52,0.73,0.34,0.00,0.03,0.03,0.00,0.00,0.20,0.00,0.20,0.05,0.09,0.10,0.40,0.30,0.07,0.15,3.21,0.10,0.03,0.12,0.15,false
2025-06-25,"Total",93.80,0.00,0.00,2.52,33.57,113.97,0.05,0.12,1.41,0.29,0.05,0.00,54.60,3.15,2.52,0.00,0.13,0.00,4.20,0.05,0.38,18.20,0.09,64.40,184.80,0.84,287.00,0.45,17.21,20.08,2.80,2.63,0.17,11.28,6.22,0.00,1.71,0.00,0.52,0.73,0.34,0.00,0.03,0.03,0.00,0.00,0.20,0.00,0.20,0.05,0.09,0.10,0.40,0.30,0.07,0.15,3.21,0.10,0.03,0.12,0.15,false
2025-06-26,"Total",,,,,,,,,,,,,,,,,,,,,,,,,,,,,,,,,,,,,,,,,,,,,,,,,,,,,,,,,,,,,,false
2025-06-27,"Total",,,,,,,,,,,,,,,,,,,,,,,,,,,,,,,,,,,,,,,,,,,,,,,,,,,,,,,,,,,,,,false
2025-06-28,"Total",,,,,,,,,,,,,,,,,,,,,,,,,,,,,,,,,,,,,,,,,,,,,,,,,,,,,,,,,,,,,,false
2025-06-29,"Total",,,,,,,,,,,,,,,,,,,,,,,,,,,,,,,,,,,,,,,,,,,,,,,,,,,,,,,,,,,,,,false
2025-06-30,"Total",,,,,,,,,,,,,,,,,,,,,,,,,,,,,,,,,,,,,,,,,,,,,,,,,,,,,,,,,,,,,,false
2025-07-01,"Total",,,,,,,,,,,,,,,,,,,,,,,,,,,,,,,,,,,,,,,,,,,,,,,,,,,,,,,,,,,,,,false
2025-07-02,"Breakfast",910.37,0.00,0.00,53.67,1047.43,628.70,0.65,0.66,11.52,2.22,0.58,0.00,250.49,11.26,7.38,0.00,2.01,4.60,74.97,1.03,7.42,277.97,4.67,803.52,1160.81,17.41,1758.85,7.01,147.40,170.53,22.94,17.99,2.16,119.63,27.80,0.00,15.97,0.00,2.66,4.89,5.38,0.00,0.26,0.16,0.02,0.00,3.14,0.00,2.17,0.63,0.84,1.15,2.79,1.64,0.64,1.56,38.90,0.98,0.30,0.92,1.49,false
2025-07-02,"Total",910.37,0.00,0.00,53.67,1047.43,628.70,0.65,0.66,11.52,2.22,0.58,0.00,250.49,11.26,7.38,0.00,2.01,4.60,74.97,1.03,7.42,277.97,4.67,803.52,1160.81,17.41,1758.85,7.01,147.40,170.53,22.94,17.99,2.16,119.63,27.80,0.00,15.97,0.00,2.66,4.89,5.38,0.00,0.26,0.16,0.02,0.00,3.14,0.00,2.17,0.63,0.84,1.15,2.79,1.64,0.64,1.56,38.90,0.98,0.30,0.92,1.49,false
2025-07-03,"Total",,,,,,,,,,,,,,,,,,,,,,,,,,,,,,,,,,,,,,,,,,,,,,,,,,,,,,,,,,,,,,false
2025-07-04,"Total",,,,,,,,,,,,,,,,,,,,,,,,,,,,,,,,,,,,,,,,,,,,,,,,,,,,,,,,,,,,,,false
2025-07-05,"Total",,,,,,,,,,,,,,,,,,,,,,,,,,,,,,,,,,,,,,,,,,,,,,,,,,,,,,,,,,,,,,false
2025-07-06,"Total",,,,,,,,,,,,,,,,,,,,,,,,,,,,,,,,,,,,,,,,,,,,,,,,,,,,,,,,,,,,,,false
2025-07-07,"Total",,,,,,,,,,,,,,,,,,,,,,,,,,,,,,,,,,,,,,,,,,,,,,,,,,,,,,,,,,,,,,false
2025-07-08,"Total",,,,,,,,,,,,,,,,,,,,,,,,,,,,,,,,,,,,,,,,,,,,,,,,,,,,,,,,,,,,,,false
2025-07-09,"Total",,,,,,,,,,,,,,,,,,,,,,,,,,,,,,,,,,,,,,,,,,,,,,,,,,,,,,,,,,,,,,false
2025-07-10,"Total",,,,,,,,,,,,,,,,,,,,,,,,,,,,,,,,,,,,,,,,,,,,,,,,,,,,,,,,,,,,,,false
2025-07-11,"Total",,,,,,,,,,,,,,,,,,,,,,,,,,,,,,,,,,,,,,,,,,,,,,,,,,,,,,,,,,,,,,false
2025-07-12,"Total",,,,,,,,,,,,,,,,,,,,,,,,,,,,,,,,,,,,,,,,,,,,,,,,,,,,,,,,,,,,,,false
2025-07-13,"Total",,,,,,,,,,,,,,,,,,,,,,,,,,,,,,,,,,,,,,,,,,,,,,,,,,,,,,,,,,,,,,false
2025-07-14,"Total",,,,,,,,,,,,,,,,,,,,,,,,,,,,,,,,,,,,,,,,,,,,,,,,,,,,,,,,,,,,,,false
2025-07-15,"Total",,,,,,,,,,,,,,,,,,,,,,,,,,,,,,,,,,,,,,,,,,,,,,,,,,,,,,,,,,,,,,false
2025-07-16,"Lunch",887.48,0.00,0.00,131.15,1223.94,290.98,7.01,7.31,43.80,3.86,7.94,16.47,660.21,219.35,8.24,114.84,3.80,8.52,212.44,1.08,11.49,256.13,4.55,904.68,1650.07,57.12,1189.92,7.51,104.29,134.03,29.62,24.38,3.27,88.78,14.07,0.00,18.33,492.36,6.20,4.31,5.02,0.00,0.42,0.37,0.05,0.01,3.48,0.20,3.27,0.91,1.15,2.15,3.75,2.46,1.00,2.48,52.23,1.79,0.51,1.44,2.58,false
2025-07-16,"Total",887.48,0.00,0.00,131.15,1223.94,290.98,7.01,7.31,43.80,3.86,7.94,16.47,660.21,219.35,8.24,114.84,3.80,8.52,212.44,1.08,11.49,256.13,4.55,904.68,1650.07,57.12,1189.92,7.51,104.29,134.03,29.62,24.38,3.27,88.78,14.07,0.00,18.33,492.36,6.20,4.31,5.02,0.00,0.42,0.37,0.05,0.01,3.48,0.20,3.27,0.91,1.15,2.15,3.75,2.46,1.00,2.48,52.23,1.79,0.51,1.44,2.58,false
2025-07-17,"'-",84.00,0.00,0.00,44.16,30.24,216.41,0.16,0.11,1.55,0.56,0.37,0.00,33.60,2044.00,8.64,0.00,2.47,32.88,72.00,0.04,0.82,24.00,0.37,72.00,564.00,1.68,139.20,0.48,11.98,19.73,7.20,5.69,1.51,0.41,8.28,0.00,0.43,0.00,0.01,0.21,0.07,0.00,0.00,0.00,0.00,0.00,0.00,0.00,0.00,0.16,0.08,0.15,0.20,0.20,0.04,0.12,1.82,0.38,0.02,0.08,0.13,false
2025-07-17,"Total",84.00,0.00,0.00,44.16,30.24,216.41,0.16,0.11,1.55,0.56,0.37,0.00,33.60,2044.00,8.64,0.00,2.47,32.88,72.00,0.04,0.82,24.00,0.37,72.00,564.00,1.68,139.20,0.48,11.98,19.73,7.20,5.69,1.51,0.41,8.28,0.00,0.43,0.00,0.01,0.21,0.07,0.00,0.00,0.00,0.00,0.00,0.00,0.00,0.00,0.16,0.08,0.15,0.20,0.20,0.04,0.12,1.82,0.38,0.02,0.08,0.13,false
2025-07-18,"Dinner",617.14,0.00,0.00,65.09,677.75,515.07,0.59,0.50,3.77,1.93,1.06,0.16,599.96,331.49,203.69,11.52,3.54,63.42,305.86,1.33,10.57,231.35,3.81,683.94,2045.42,14.50,208.51,5.69,77.56,104.81,26.51,16.65,9.37,39.38,28.57,0.00,8.09,3.60,1.71,3.20,1.36,0.03,0.21,0.21,0.00,0.00,2.24,0.00,2.24,0.44,0.95,1.48,2.47,2.27,0.46,1.83,37.39,1.35,0.39,0.99,1.52,false
2025-07-18,"Total",617.14,0.00,0.00,65.09,677.75,515.07,0.59,0.50,3.77,1.93,1.06,0.16,599.96,331.49,203.69,11.52,3.54,63.42,305.86,1.33,10.57,231.35,3.81,683.94,2045.42,14.50,208.51,5.69,77.56,104.81,26.51,16.65,9.37,39.38,28.57,0.00,8.09,3.60,1.71,3.20,1.36,0.03,0.21,0.21,0.00,0.00,2.24,0.00,2.24,0.44,0.95,1.48,2.47,2.27,0.46,1.83,37.39,1.35,0.39,0.99,1.52,false
2025-07-19,"Dinner",641.16,0.00,0.00,226.79,1567.55,660.18,0.90,0.61,7.34,3.79,1.81,0.35,302.48,1602.32,65.58,24.96,2.83,38.59,428.17,1.76,13.59,363.81,4.39,941.26,4506.90,20.42,179.46,7.64,82.31,110.03,26.46,17.87,8.60,40.69,26.84,0.00,3.78,7.80,0.64,0.80,1.50,0.07,0.09,0.09,0.00,0.00,0.34,0.00,0.34,0.65,1.33,2.17,3.58,3.11,0.69,2.44,47.96,2.16,0.67,1.78,2.39,false
2025-07-19,"Total",641.16,0.00,0.00,226.79,1567.55,660.18,0.90,0.61,7.34,3.79,1.81,0.35,302.48,1602.32,65.58,24.96,2.83,38.59,428.17,1.76,13.59,363.81,4.39,941.26,4506.90,20.42,179.46,7.64,82.31,110.03,26.46,17.87,8.60,40.69,26.84,0.00,3.78,7.80,0.64,0.80,1.50,0.07,0.09,0.09,0.00,0.00,0.34,0.00,0.34,0.65,1.33,2.17,3.58,3.11,0.69,2.44,47.96,2.16,0.67,1.78,2.39,false
2025-07-20,"Total",,,,,,,,,,,,,,,,,,,,,,,,,,,,,,,,,,,,,,,,,,,,,,,,,,,,,,,,,,,,,,false
2025-07-21,"Dinner",602.18,0.00,0.00,2329.57,705.04,547.01,0.47,0.84,2.66,1.04,1.08,0.16,355.92,979.14,243.68,11.52,5.85,981.07,960.78,1.03,9.47,346.78,3.44,615.63,1794.82,39.12,930.13,4.44,46.61,57.18,9.97,4.91,3.19,1.37,13.64,0.00,22.30,3.60,4.63,7.04,6.57,0.03,1.11,1.11,0.00,0.00,5.63,0.00,5.63,0.22,1.05,2.10,3.43,2.28,0.57,2.07,53.25,1.94,0.59,1.71,2.19,false
2025-07-21,"Total",602.18,0.00,0.00,2329.57,705.04,547.01,0.47,0.84,2.66,1.04,1.08,0.16,355.92,979.14,243.68,11.52,5.85,981.07,960.78,1.03,9.47,346.78,3.44,615.63,1794.82,39.12,930.13,4.44,46.61,57.18,9.97,4.91,3.19,1.37,13.64,0.00,22.30,3.60,4.63,7.04,6.57,0.03,1.11,1.11,0.00,0.00,5.63,0.00,5.63,0.22,1.05,2.10,3.43,2.28,0.57,2.07,53.25,1.94,0.59,1.71,2.19,false
2025-07-22,"Total",,,,,,,,,,,,,,,,,,,,,,,,,,,,,,,,,,,,,,,,,,,,,,,,,,,,,,,,,,,,,,false
2025-07-23,"Total",,,,,,,,,,,,,,,,,,,,,,,,,,,,,,,,,,,,,,,,,,,,,,,,,,,,,,,,,,,,,,false
2025-07-24,"Total",,,,,,,,,,,,,,,,,,,,,,,,,,,,,,,,,,,,,,,,,,,,,,,,,,,,,,,,,,,,,,false
2025-07-25,"Total",,,,,,,,,,,,,,,,,,,,,,,,,,,,,,,,,,,,,,,,,,,,,,,,,,,,,,,,,,,,,,false
2025-07-26,"Total",,,,,,,,,,,,,,,,,,,,,,,,,,,,,,,,,,,,,,,,,,,,,,,,,,,,,,,,,,,,,,false
2025-07-27,"Total",,,,,,,,,,,,,,,,,,,,,,,,,,,,,,,,,,,,,,,,,,,,,,,,,,,,,,,,,,,,,,false
2025-07-28,"Total",,,,,,,,,,,,,,,,,,,,,,,,,,,,,,,,,,,,,,,,,,,,,,,,,,,,,,,,,,,,,,false
2025-07-29,"Total",,,,,,,,,,,,,,,,,,,,,,,,,,,,,,,,,,,,,,,,,,,,,,,,,,,,,,,,,,,,,,false
2025-07-30,"Total",,,,,,,,,,,,,,,,,,,,,,,,,,,,,,,,,,,,,,,,,,,,,,,,,,,,,,,,,,,,,,false
2025-07-31,"Total",,,,,,,,,,,,,,,,,,,,,,,,,,,,,,,,,,,,,,,,,,,,,,,,,,,,,,,,,,,,,,false
2025-08-01,"Total",,,,,,,,,,,,,,,,,,,,,,,,,,,,,,,,,,,,,,,,,,,,,,,,,,,,,,,,,,,,,,false
2025-08-02,"Dinner",760.02,0.00,0.00,332.26,168.67,1064.01,0.73,0.63,9.39,4.57,2.08,0.00,248.63,3672.21,389.63,0.00,3.36,68.60,250.77,0.83,4.66,196.00,2.30,330.19,4100.05,5.67,259.73,2.23,130.47,163.94,32.65,14.27,5.38,24.67,88.38,0.00,6.30,0.00,0.05,0.83,1.33,0.00,0.29,0.29,0.00,0.00,0.17,0.00,0.17,0.16,0.20,0.38,0.60,0.49,0.18,0.55,28.23,0.52,0.20,0.26,0.57,false
2025-08-02,"Total",760.02,0.00,0.00,332.26,168.67,1064.01,0.73,0.63,9.39,4.57,2.08,0.00,248.63,3672.21,389.63,0.00,3.36,68.60,250.77,0.83,4.66,196.00,2.30,330.19,4100.05,5.67,259.73,2.23,130.47,163.94,32.65,14.27,5.38,24.67,88.38,0.00,6.30,0.00,0.05,0.83,1.33,0.00,0.29,0.29,0.00,0.00,0.17,0.00,0.17,0.16,0.20,0.38,0.60,0.49,0.18,0.55,28.23,0.52,0.20,0.26,0.57,false
2025-08-03,"Lunch",985.86,0.00,0.00,97.02,448.93,1167.08,0.79,1.03,39.40,4.50,3.54,1.09,451.39,279.70,319.81,28.00,1.05,23.26,174.97,0.73,7.01,259.78,1.22,1015.79,3232.81,93.90,1197.19,7.53,104.75,128.85,23.47,20.20,3.27,31.76,70.71,0.00,9.71,224.00,2.56,3.32,2.50,0.07,0.55,0.52,0.01,0.01,1.88,0.12,1.76,0.92,2.46,2.89,6.73,7.41,2.25,3.33,103.32,3.35,1.02,2.73,3.39,false
2025-08-03,"Total",985.86,0.00,0.00,97.02,448.93,1167.08,0.79,1.03,39.40,4.50,3.54,1.09,451.39,279.70,319.81,28.00,1.05,23.26,174.97,0.73,7.01,259.78,1.22,1015.79,3232.81,93.90,1197.19,7.53,104.75,128.85,23.47,20.20,3.27,31.76,70.71,0.00,9.71,224.00,2.56,3.32,2.50,0.07,0.55,0.52,0.01,0.01,1.88,0.12,1.76,0.92,2.46,2.89,6.73,7.41,2.25,3.33,103.32,3.35,1.02,2.73,3.39,false
2025-08-04,"Breakfast",889.04,0.00,0.00,19.09,391.40,554.28,1.03,1.19,11.04,2.57,0.57,1.00,264.54,244.79,60.68,0.00,2.49,23.69,389.93,0.81,7.73,179.76,3.28,743.40,1309.29,81.34,1728.84,5.28,114.07,135.21,21.15,4.24,0.69,94.14,18.32,0.00,18.46,24.00,0.24,2.44,9.82,0.00,0.04,0.04,0.00,0.00,0.66,0.00,0.66,0.61,1.15,2.00,3.71,2.44,0.89,2.23,56.89,1.67,0.53,1.73,2.45,false
2025-08-04,"Lunch",946.94,0.00,0.00,2.12,230.11,270.01,6.38,7.38,38.28,3.81,7.78,16.07,540.97,143.45,14.36,76.56,4.06,34.54,72.22,0.31,3.12,67.13,0.28,254.49,1315.30,45.66,868.18,2.06,86.88,110.99,24.02,7.05,4.08,0.18,31.79,18.00,40.59,328.24,19.58,4.21,7.04,0.00,0.24,0.20,0.03,0.00,3.91,0.13,3.75,0.59,0.60,1.35,2.20,1.83,0.89,1.47,42.99,1.22,0.36,1.00,1.63,false
2025-08-04,"Dinner",244.00,0.00,0.00,1.46,0.00,434.81,0.29,0.67,0.55,1.90,0.30,2.68,9.76,406.26,0.98,220.58,0.15,94.67,614.88,0.00,0.00,58.56,0.00,502.64,775.92,8.78,190.32,2.10,23.89,23.91,0.00,0.00,0.00,0.00,23.86,0.00,9.27,39.04,1.95,0.28,5.42,0.34,0.04,0.03,0.00,0.00,0.23,0.01,0.22,0.10,0.48,0.84,1.63,1.43,0.43,0.80,16.40,0.79,0.20,0.81,1.04,false
2025-08-04,"Snacks",179.83,0.00,0.00,19.09,391.40,92.09,0.16,0.08,2.88,0.56,0.12,0.00,20.04,0.22,0.00,0.00,0.42,1.90,18.83,0.29,1.99,66.26,1.55,190.90,184.59,5.01,326.34,1.90,32.37,37.29,4.93,4.24,0.69,28.44,3.60,0.00,1.34,0.00,0.24,0.69,0.22,0.00,0.04,0.04,0.00,0.00,0.66,0.00,0.66,0.17,0.19,0.29,0.56,0.21,0.13,0.39,7.64,0.23,0.07,0.20,0.36,false
2025-08-04,"Total",2259.81,0.00,0.00,41.77,1012.90,1351.19,7.86,9.31,52.75,8.85,8.77,19.75,835.31,794.72,76.02,297.14,7.11,154.79,1095.86,1.42,12.84,371.70,5.11,1691.43,3585.10,140.79,3113.68,11.35,257.21,307.41,50.09,15.53,5.45,122.76,77.56,18.00,69.66,391.28,22.02,7.63,22.51,0.34,0.35,0.31,0.03,0.00,5.46,0.15,5.28,1.47,2.42,4.48,8.10,5.91,2.35,4.88,123.91,3.91,1.16,3.73,5.47,false
2025-08-05,"Total",,,,,,,,,,,,,,,,,,,,,,,,,,,,,,,,,,,,,,,,,,,,,,,,,,,,,,,,,,,,,,false
2025-08-06,"Breakfast",1268.14,0.00,33.33,173.39,1000.02,546.91,0.72,0.53,5.25,2.93,0.99,1.09,288.74,170.35,38.71,88.23,1.55,48.41,380.01,1.64,8.72,331.02,4.76,870.40,2162.09,26.40,734.95,6.14,213.90,255.07,40.01,18.67,9.70,63.43,102.26,23.03,19.55,16.22,5.04,3.54,7.09,0.15,0.22,0.22,0.00,0.00,3.04,0.01,3.04,0.56,0.95,1.45,2.62,2.11,0.54,1.76,40.46,1.27,0.40,1.12,1.74,false
2025-08-06,"Lunch",713.52,0.00,0.00,41.27,803.95,361.14,10.73,9.99,59.70,1.11,11.46,22.50,870.50,473.00,44.78,0.00,0.20,109.38,179.20,0.87,11.02,177.60,2.28,533.80,1515.40,10.05,548.10,4.45,64.50,92.60,27.35,17.27,7.13,18.93,34.50,0.00,11.49,0.00,0.15,0.70,7.46,0.00,0.12,0.12,0.00,0.00,0.10,0.00,0.10,0.29,0.83,1.42,2.35,2.18,0.53,1.53,60.50,1.40,0.34,0.96,1.63,false
2025-08-06,"Snacks",275.03,0.00,24.73,120.10,803.19,112.12,0.47,0.38,0.72,1.29,0.17,0.82,23.77,110.45,0.30,55.14,0.39,25.82,323.45,0.53,3.24,155.21,2.10,527.80,687.19,20.05,150.97,2.84,25.33,33.94,8.60,6.02,2.58,15.10,8.46,0.00,6.67,11.32,1.82,1.18,2.87,0.09,0.07,0.07,0.00,0.00,1.10,0.00,1.09,0.65,0.75,1.68,3.22,2.75,0.68,1.36,35.29,1.63,0.67,1.09,1.86,false
2025-08-06,"Total",2256.69,0.00,58.05,334.76,2607.17,1020.16,11.92,10.90,65.67,5.33,12.63,24.41,1183.01,753.80,83.79,143.37,2.14,183.60,882.67,3.05,22.97,663.82,9.15,1932.00,4364.68,56.51,1434.02,13.44,303.74,381.62,75.95,41.96,19.40,97.47,145.22,23.03,37.71,27.53,7.01,5.42,17.41,0.23,0.42,0.41,0.00,0.00,4.24,0.01,4.23,1.50,2.53,4.54,8.20,7.03,1.74,4.65,136.25,4.31,1.41,3.16,5.23,false
2025-08-07,"Total",,,,,,,,,,,,,,,,,,,,,,,,,,,,,,,,,,,,,,,,,,,,,,,,,,,,,,,,,,,,,,false
2025-08-08,"Breakfast",584.07,0.00,0.00,35.39,77.53,527.66,0.95,0.74,5.77,2.31,0.55,0.98,145.84,174.02,21.22,76.56,5.76,10.66,273.79,1.07,8.08,209.98,2.60,650.14,1464.08,48.15,1550.39,4.61,62.34,80.33,17.70,5.85,2.68,17.58,14.67,2.46,15.61,328.24,5.98,2.66,3.77,0.01,0.17,0.13,0.03,0.00,2.23,0.13,2.09,0.55,0.93,1.71,2.92,2.36,0.67,1.99,35.01,1.44,0.45,1.07,2.02,false
2025-08-08,"Lunch",770.38,0.00,24.73,107.07,282.37,472.10,0.20,1.20,1.21,1.93,0.37,2.92,33.27,116.70,5.94,55.14,0.37,27.50,647.75,0.51,2.07,124.21,0.50,729.80,1081.79,36.39,619.97,3.60,107.33,122.59,14.18,5.14,1.71,1.40,77.16,38.53,7.00,26.32,1.25,0.45,3.05,0.10,0.05,0.05,0.00,0.00,0.39,0.00,0.38,0.73,1.51,3.07,5.92,5.03,1.46,2.64,64.91,2.72,0.97,2.42,3.58,false
2025-08-08,"Dinner",971.70,0.00,0.00,283.65,121.83,816.44,1.02,0.68,10.14,4.04,1.74,0.18,392.53,2797.00,198.84,12.80,8.96,39.04,294.63,2.39,11.84,216.24,4.06,616.26,3226.63,6.60,125.31,5.77,170.52,205.51,33.48,12.55,6.62,67.18,91.84,0.00,6.57,4.00,1.97,2.10,1.64,0.04,0.46,0.21,0.00,0.00,1.34,0.00,0.45,0.46,0.97,1.52,2.55,2.44,0.41,1.78,37.23,1.42,0.43,0.97,1.86,false
2025-08-08,"Snacks",228.03,0.00,0.00,22.63,460.18,2.35,0.12,0.07,1.60,0.68,0.16,0.00,23.66,0.26,24.00,0.00,0.49,2.23,21.05,0.33,2.16,78.63,1.85,300.01,270.01,5.93,200.16,2.24,41.95,47.95,5.83,5.01,0.82,33.43,8.11,0.00,1.61,0.00,0.29,0.83,0.27,0.00,0.04,0.04,0.00,0.00,0.77,0.00,0.77,0.20,0.22,0.34,0.66,0.25,0.16,0.45,9.03,0.27,0.08,0.23,0.42,false
2025-08-08,"Total",2554.17,0.00,24.73,448.73,941.90,1818.54,2.29,2.68,18.73,8.97,2.82,4.08,595.30,3087.97,250.00,144.50,15.59,79.43,1237.22,4.30,24.16,629.05,9.01,2296.21,6042.51,97.07,2495.83,16.22,382.14,456.38,71.19,28.55,11.84,119.59,191.78,40.99,30.80,358.56,9.49,6.03,8.73,0.14,0.73,0.44,0.03,0.00,4.73,0.14,3.70,1.94,3.63,6.64,12.05,10.08,2.70,6.87,146.19,5.85,1.94,4.69,7.89,false
2025-08-09,"Breakfast",568.70,0.00,33.33,153.58,795.05,283.13,0.49,0.42,3.72,2.12,0.53,1.09,62.22,164.37,17.12,88.23,0.73,40.86,308.11,1.06,5.10,234.38,3.18,629.64,1299.81,21.96,149.35,4.07,82.98,97.38,14.36,9.39,4.97,39.53,37.64,5.03,14.09,16.22,4.29,2.00,6.24,0.15,0.13,0.12,0.00,0.00,1.87,0.01,1.86,0.41,0.59,0.96,1.80,1.35,0.39,1.14,23.00,0.85,0.29,0.84,1.24,false
2025-08-09,"Lunch",1463.56,0.00,0.00,119.70,405.44,808.69,0.69,1.23,10.81,7.70,2.56,1.67,280.81,241.76,105.90,130.50,5.39,37.20,197.92,1.32,9.38,281.45,2.32,732.01,4426.46,48.05,783.06,6.49,195.58,233.34,37.64,18.32,8.43,65.30,67.69,0.00,48.51,559.50,22.23,5.52,9.57,0.00,0.42,0.36,0.06,0.01,4.89,0.22,4.63,0.59,0.85,1.49,2.39,2.07,0.77,1.56,44.11,1.32,0.39,1.11,1.80,false
2025-08-09,"Dinner",742.53,0.00,0.00,3.85,178.00,217.65,0.15,0.53,5.75,3.11,0.21,0.15,28.39,12.13,10.57,10.00,0.31,3.56,195.63,0.67,5.44,37.42,0.19,224.98,1124.74,17.63,103.63,1.79,123.16,136.23,10.92,4.65,0.98,1.61,22.56,0.00,4.21,1.56,0.15,0.53,0.36,0.00,0.04,0.04,0.00,0.00,0.47,0.00,0.47,0.44,0.52,1.26,2.40,2.16,0.48,0.87,46.33,1.30,0.52,0.65,1.40,false
2025-08-09,"Snacks",1714.20,0.00,0.00,94.27,416.12,427.91,1.42,1.31,16.45,3.63,0.81,1.34,267.88,330.73,94.18,29.04,9.69,32.03,805.35,0.78,8.85,259.67,5.67,948.44,1563.14,73.31,1810.67,7.28,237.14,257.62,19.64,13.67,5.82,91.79,131.30,80.22,56.11,127.19,17.41,10.38,23.66,1.17,1.11,1.09,0.00,0.01,8.77,0.03,8.73,0.56,0.89,1.54,2.78,1.59,0.67,1.73,50.35,1.23,0.53,1.32,1.80,false
2025-08-09,"Bike",30.60,0.00,0.00,9.52,6.46,160.68,0.06,0.03,1.01,0.15,0.14,0.00,25.50,70.76,23.29,0.00,0.92,13.43,17.00,0.10,0.46,18.70,0.19,40.80,402.90,0.00,8.50,0.29,4.55,6.61,2.04,1.82,0.22,0.00,4.47,0.00,0.34,0.00,0.05,0.14,0.05,0.00,0.01,0.01,0.00,0.00,0.00,0.00,0.00,0.02,0.02,0.03,0.04,0.05,0.01,0.05,1.50,0.05,0.01,0.02,0.03,false
2025-08-09,"Total",4519.59,0.00,33.33,380.92,1801.07,1898.07,2.82,3.52,37.74,16.72,4.25,4.25,664.80,819.75,251.07,257.77,17.04,127.07,1524.00,3.93,29.24,831.62,11.54,2575.87,8817.05,160.96,2855.21,19.92,643.41,731.19,84.60,47.86,20.41,198.22,263.67,85.25,123.26,704.46,44.13,18.56,39.87,1.32,1.70,1.62,0.06,0.02,16.00,0.26,15.70,2.01,2.88,5.28,9.40,7.22,2.31,5.35,165.29,4.75,1.74,3.95,6.27,false
2025-08-10,"Total",,,,,,,,,,,,,,,,,,,,,,,,,,,,,,,,,,,,,,,,,,,,,,,,,,,,,,,,,,,,,,false
2025-08-11,"Breakfast",568.70,0.00,33.33,153.58,795.05,283.13,0.49,0.42,3.72,2.12,0.53,1.09,62.22,164.37,17.12,88.23,0.73,40.86,308.11,1.06,5.10,234.38,3.18,629.64,1299.81,21.96,149.35,4.07,82.98,97.38,14.36,9.39,4.97,39.53,37.64,5.03,14.09,16.22,4.29,2.00,6.24,0.15,0.13,0.12,0.00,0.00,1.87,0.01,1.86,0.41,0.59,0.96,1.80,1.35,0.39,1.14,23.00,0.85,0.29,0.84,1.24,false
2025-08-11,"Lunch",668.70,0.00,0.00,281.35,54.63,304.95,0.86,0.47,5.79,2.98,1.28,0.18,237.65,2572.78,59.37,12.80,4.09,18.17,242.07,1.84,10.66,159.24,3.69,517.22,2168.15,4.32,121.95,5.03,105.81,130.37,24.21,7.15,2.71,66.41,24.13,0.00,4.64,4.00,1.33,1.63,1.28,0.04,0.29,0.03,0.00,0.00,1.06,0.00,0.17,0.42,0.87,1.37,2.31,2.14,0.35,1.64,32.11,1.27,0.36,0.88,1.67,false
2025-08-11,"Dinner",753.17,0.00,0.00,180.84,981.45,713.95,0.99,0.70,6.44,3.20,1.46,0.00,718.68,132.33,160.81,0.00,4.04,189.48,681.92,1.87,15.02,305.99,4.17,948.07,2535.80,31.39,1504.34,7.29,86.69,117.90,30.66,23.92,4.68,57.28,22.12,0.00,10.44,0.00,2.55,4.41,1.94,0.00,0.72,0.72,0.00,0.00,2.88,0.00,2.88,0.56,1.52,2.60,4.37,3.57,0.61,2.88,58.55,2.25,0.65,1.75,2.95,false
2025-08-11,"Snacks",1101.11,0.00,24.73,121.98,580.94,954.43,0.84,1.60,8.78,6.73,1.44,2.77,358.59,629.41,130.35,208.26,6.45,78.04,555.74,0.97,7.26,256.10,2.25,893.72,3089.45,82.54,792.72,6.42,92.33,115.19,22.37,16.24,6.16,20.17,66.49,2.66,47.39,667.80,22.03,6.74,11.83,0.09,0.61,0.54,0.07,0.01,6.02,0.27,5.72,1.15,1.34,3.03,5.26,4.51,1.41,2.67,66.54,2.84,0.97,2.04,3.35,false
2025-08-11,"Bike",445.14,0.00,0.00,1.20,0.00,260.13,0.07,0.85,0.67,1.02,0.20,2.10,21.60,3.00,0.15,0.00,0.03,0.00,334.80,0.06,0.34,33.60,0.05,409.20,438.60,29.94,155.40,1.66,65.95,70.11,4.03,0.00,0.00,0.00,35.00,24.64,2.22,15.00,0.13,0.03,0.55,0.02,0.00,0.00,0.00,0.00,0.03,0.00,0.03,0.25,0.88,1.58,3.09,2.50,0.88,1.54,38.84,1.23,0.40,1.53,2.00,false
2025-08-11,"Total",3536.82,0.00,58.05,738.95,2412.07,2516.59,3.24,4.05,25.41,16.04,4.91,6.15,1398.74,3501.89,367.80,309.29,15.34,326.54,2122.65,5.80,38.37,989.30,13.35,3397.84,9531.82,170.15,2723.76,24.47,433.76,530.94,95.63,56.70,18.52,183.38,185.38,32.34,78.78,703.01,30.33,14.82,21.84,0.29,1.75,1.42,0.07,0.01,11.86,0.28,10.66,2.80,5.20,9.54,16.83,14.06,3.65,9.88,219.05,8.44,2.67,7.04,11.21,false
2025-08-12,"'-",427.27,,,,,,,,,,,,,,,,,,,,,,,,,,345.45,,47.27,50.00,2.73,,,,22.73,,22.73,68.18,,,14.55,0.00,,,,,,,,,,,,,,,7.27,,,,,false
2025-08-12,"Breakfast",568.70,0.00,33.33,153.58,795.05,283.13,0.49,0.42,3.72,2.12,0.53,1.09,62.22,164.37,17.12,88.23,0.73,40.86,308.11,1.06,5.10,234.38,3.18,629.64,1299.81,21.96,149.35,4.07,82.98,97.38,14.36,9.39,4.97,39.53,37.64,5.03,14.09,16.22,4.29,2.00,6.24,0.15,0.13,0.12,0.00,0.00,1.87,0.01,1.86,0.41,0.59,0.96,1.80,1.35,0.39,1.14,23.00,0.85,0.29,0.84,1.24,false
2025-08-12,"Lunch",503.09,0.00,0.00,15.05,68.43,103.19,0.39,0.29,3.63,0.73,0.24,1.04,63.42,48.42,7.31,16.08,0.93,3.74,50.29,0.15,2.83,23.94,0.25,142.30,327.42,16.21,1095.18,2.37,67.40,69.22,1.78,1.22,0.55,16.60,34.19,0.54,17.77,92.71,3.27,0.69,7.32,0.29,0.03,0.02,0.01,0.00,0.56,0.04,0.52,0.19,0.38,0.58,1.02,0.91,0.33,0.58,15.90,0.51,0.11,0.44,0.65,false
2025-08-12,"Snacks",2556.41,0.00,9.80,33.75,18.88,534.58,0.33,0.00,3.91,1.97,1.23,0.00,82.60,5.65,72.57,0.00,0.77,0.59,31.50,0.60,1.78,165.20,1.52,139.80,1925.40,0.10,3779.33,0.96,461.91,515.72,53.76,6.78,3.25,21.59,252.20,98.97,40.57,81.02,0.19,0.43,7.75,0.00,0.16,0.16,0.00,0.00,0.27,0.00,0.27,0.04,0.31,0.11,0.27,0.20,0.03,0.19,77.57,0.11,0.04,0.04,0.19,false
2025-08-12,"Total",4055.47,0.00,43.13,202.38,882.36,920.90,1.21,0.71,11.26,4.82,2.00,2.13,208.24,218.44,97.00,104.31,2.42,45.18,389.90,1.80,9.71,423.52,4.96,911.73,3552.63,38.27,5369.32,7.40,659.56,732.32,72.62,17.40,8.76,77.73,346.76,104.54,95.17,258.13,7.75,3.12,35.86,0.44,0.32,0.31,0.01,0.00,2.70,0.05,2.65,0.63,1.28,1.66,3.09,2.46,0.75,1.92,123.74,1.47,0.43,1.32,2.09,false
2025-08-13,"Total",,,,,,,,,,,,,,,,,,,,,,,,,,,,,,,,,,,,,,,,,,,,,,,,,,,,,,,,,,,,,,false
2025-08-14,"Total",,,,,,,,,,,,,,,,,,,,,,,,,,,,,,,,,,,,,,,,,,,,,,,,,,,,,,,,,,,,,,false
2025-08-15,"Breakfast",568.70,0.00,33.33,153.58,795.05,283.13,0.49,0.42,3.72,2.12,0.53,1.09,62.22,164.37,17.12,88.23,0.73,40.86,308.11,1.06,5.10,234.38,3.18,629.64,1299.81,21.96,149.35,4.07,82.98,97.38,14.36,9.39,4.97,39.53,37.64,5.03,14.09,16.22,4.29,2.00,6.24,0.15,0.13,0.12,0.00,0.00,1.87,0.01,1.86,0.41,0.59,0.96,1.80,1.35,0.39,1.14,23.00,0.85,0.29,0.84,1.24,false
2025-08-15,"Lunch",1305.10,0.00,0.00,38.77,747.69,1040.26,1.16,1.14,18.59,5.92,2.48,3.32,826.64,380.29,127.48,124.19,2.36,55.05,196.81,1.57,12.11,273.87,2.36,1267.29,3561.86,92.99,874.41,15.18,124.66,146.25,21.28,19.03,2.25,58.80,62.35,0.00,37.39,462.62,14.81,3.26,13.45,1.17,0.64,0.61,0.03,0.00,1.82,0.19,1.62,1.42,2.92,4.55,7.67,7.64,1.91,4.53,102.16,3.92,0.84,3.07,5.11,false
2025-08-15,"Dinner",1194.97,0.00,0.00,50.42,121.35,467.91,0.65,0.78,7.63,2.14,0.63,1.00,125.70,293.97,63.60,0.00,6.48,118.54,491.79,0.58,4.83,155.80,3.38,626.80,1231.79,57.27,2004.99,3.91,152.75,166.05,13.12,6.28,1.85,37.50,27.70,5.33,31.13,24.00,7.72,4.89,10.10,0.03,0.31,0.31,0.00,0.00,2.82,0.01,2.81,0.33,0.85,1.49,2.75,2.08,0.65,1.55,62.07,1.26,0.43,1.43,1.83,false
2025-08-15,"Snacks",101.40,0.00,0.00,0.78,0.00,231.06,0.06,0.08,2.10,0.40,0.07,0.00,10.40,42.36,17.16,0.00,1.85,6.76,15.60,0.18,0.65,23.40,0.16,52.00,494.00,0.26,0.00,0.44,20.29,24.80,3.90,2.11,1.79,0.00,21.81,0.00,0.65,0.00,0.17,0.22,0.05,0.00,0.01,0.01,0.00,0.00,0.22,0.00,0.22,0.03,0.03,0.04,0.07,0.08,0.03,0.05,2.37,0.04,0.03,0.04,0.06,false
2025-08-15,"Bike",1664.05,0.00,0.00,148.14,102.36,526.03,0.52,1.02,4.61,2.02,0.74,2.10,130.08,7.49,46.61,0.00,3.51,17.81,435.42,0.38,2.43,119.31,1.11,512.77,1405.31,36.81,1485.93,2.39,303.06,331.33,28.00,3.92,2.09,32.52,184.59,110.65,26.22,15.00,7.77,3.91,10.46,0.22,0.34,0.34,0.00,0.00,3.55,0.00,3.55,0.34,1.09,1.77,3.47,2.68,0.96,1.81,47.44,1.39,0.46,1.67,2.24,false
2025-08-15,"Total",4834.22,0.00,33.33,391.69,1766.46,2548.39,2.88,3.45,36.66,12.61,4.45,7.52,1155.04,888.48,271.97,212.42,14.94,239.01,1447.74,3.77,25.13,806.75,10.18,3088.50,7992.77,209.29,4514.68,25.99,683.72,765.81,80.66,40.73,12.95,168.35,334.10,121.02,109.49,517.83,34.77,14.29,40.30,1.56,1.42,1.38,0.03,0.00,10.28,0.20,10.07,2.53,5.48,8.81,15.75,13.82,3.93,9.10,237.03,7.46,2.04,7.04,10.49,false
2025-08-16,"Total",,,,,,,,,,,,,,,,,,,,,,,,,,,,,,,,,,,,,,,,,,,,,,,,,,,,,,,,,,,,,,false
2025-08-17,"'-",187.88,0.00,0.00,32.06,5.52,390.68,0.22,0.15,2.61,0.86,0.18,0.00,65.60,62.98,115.05,0.00,2.31,6.76,89.20,0.26,0.83,41.80,0.20,77.76,827.04,1.18,0.00,0.57,37.02,46.42,8.22,3.93,4.31,0.00,39.02,0.00,0.87,0.00,0.22,0.27,0.08,0.00,0.02,0.02,0.00,0.00,0.25,0.00,0.25,0.05,0.07,0.09,0.11,0.16,0.06,0.11,4.10,0.07,0.04,0.07,0.13,false
2025-08-17,"Breakfast",568.70,0.00,33.33,153.58,795.05,283.13,0.49,0.42,3.72,2.12,0.53,1.09,62.22,164.37,17.12,88.23,0.73,40.86,308.11,1.06,5.10,234.38,3.18,629.64,1299.81,21.96,149.35,4.07,82.98,97.38,14.36,9.39,4.97,39.53,37.64,5.03,14.09,16.22,4.29,2.00,6.24,0.15,0.13,0.12,0.00,0.00,1.87,0.01,1.86,0.41,0.59,0.96,1.80,1.35,0.39,1.14,23.00,0.85,0.29,0.84,1.24,false
2025-08-17,"Lunch",540.00,,,,,,,,,,,,,337.50,9.00,,,,120.00,,9.45,,,,,,870.00,,57.00,58.50,1.50,,,,9.00,,21.00,75.00,,,3.75,0.00,,,,,,,,,,,,,,,31.50,,,,,false
2025-08-17,"Dinner",668.70,0.00,0.00,281.35,54.63,304.95,0.86,0.47,5.79,2.98,1.28,0.18,237.65,2572.78,59.37,12.80,4.09,18.17,242.07,1.84,10.66,159.24,3.69,517.22,2168.15,4.32,121.95,5.03,105.81,130.37,24.21,7.15,2.71,66.41,24.13,0.00,4.64,4.00,1.33,1.63,1.28,0.04,0.29,0.03,0.00,0.00,1.06,0.00,0.17,0.42,0.87,1.37,2.31,2.14,0.35,1.64,32.11,1.27,0.36,0.88,1.67,false
2025-08-17,"Snacks",300.04,0.00,5.53,16.62,179.99,120.46,0.28,0.19,1.79,0.33,0.08,0.13,59.14,101.80,5.53,12.63,0.62,4.13,32.96,0.13,1.75,24.55,0.29,71.94,219.78,5.44,56.79,0.47,37.15,42.29,4.16,2.85,1.32,17.06,19.86,6.51,14.15,44.33,4.10,0.73,8.30,0.42,0.07,0.07,0.00,0.00,0.45,0.01,0.44,0.07,0.10,0.16,0.31,0.17,0.08,0.20,4.22,0.14,0.05,0.14,0.20,false
2025-08-17,"Bike",954.32,0.00,24.73,168.10,438.22,385.31,0.83,1.32,10.61,2.93,0.71,2.57,109.71,113.22,0.30,55.14,6.13,37.39,850.63,0.90,6.08,264.71,4.24,1051.62,1384.26,73.16,974.06,6.55,100.80,115.63,14.55,11.50,3.00,48.00,44.68,8.08,21.03,23.82,7.23,5.36,5.89,0.13,0.26,0.26,0.00,0.00,5.01,0.01,5.00,0.95,1.69,3.27,6.34,5.00,1.51,3.05,80.07,2.89,1.10,2.61,3.82,false
2025-08-17,"Total",3219.64,0.00,63.59,651.71,1473.40,1484.52,2.68,2.56,24.53,9.21,2.78,3.97,534.31,3352.65,206.37,168.80,13.88,107.31,1642.98,4.20,33.87,724.69,11.60,2348.18,5899.04,106.05,2172.15,16.70,420.76,490.59,67.00,34.82,16.31,170.99,174.32,19.62,75.79,163.36,17.16,9.99,25.54,0.73,0.76,0.50,0.00,0.00,8.64,0.03,7.72,1.91,3.31,5.86,10.86,8.82,2.40,6.15,175.00,5.22,1.84,4.53,7.06,false
2025-08-18,"'-",101.40,0.00,0.00,0.78,0.00,231.06,0.06,0.08,2.10,0.40,0.07,0.00,10.40,42.36,17.16,0.00,1.85,6.76,15.60,0.18,0.65,23.40,0.16,52.00,494.00,0.26,0.00,0.44,20.29,24.80,3.90,2.11,1.79,0.00,21.81,0.00,0.65,0.00,0.17,0.22,0.05,0.00,0.01,0.01,0.00,0.00,0.22,0.00,0.22,0.03,0.03,0.04,0.07,0.08,0.03,0.05,2.37,0.04,0.03,0.04,0.06,false
2025-08-18,"Breakfast",1028.73,0.00,58.05,260.19,1135.42,650.33,0.76,1.61,5.00,4.18,0.88,4.01,97.79,277.82,17.42,143.37,0.93,66.11,956.37,1.61,7.80,377.28,4.27,1422.64,2310.20,63.23,407.32,8.12,115.63,136.11,20.42,13.63,6.78,51.63,55.68,5.03,20.94,42.53,5.93,2.85,9.25,0.25,0.18,0.18,0.00,0.00,2.65,0.01,2.63,1.23,2.15,4.12,7.89,6.49,1.89,3.90,86.70,3.64,1.29,3.34,4.95,false
2025-08-18,"Lunch",668.70,0.00,0.00,281.35,54.63,304.95,0.86,0.47,5.79,2.98,1.28,0.18,237.65,2572.78,59.37,12.80,4.09,18.17,242.07,1.84,10.66,159.24,3.69,517.22,2168.15,4.32,121.95,5.03,105.81,130.37,24.21,7.15,2.71,66.41,24.13,0.00,4.64,4.00,1.33,1.63,1.28,0.04,0.29,0.03,0.00,0.00,1.06,0.00,0.17,0.42,0.87,1.37,2.31,2.14,0.35,1.64,32.11,1.27,0.36,0.88,1.67,false
2025-08-18,"Dinner",945.95,0.00,0.00,39.25,647.63,982.73,0.97,0.84,6.85,4.96,1.60,0.98,721.28,380.94,140.43,76.56,1.67,46.94,152.61,1.35,8.14,241.06,2.29,817.37,3138.71,41.95,1204.15,6.22,138.27,159.21,20.62,17.91,2.70,53.32,79.67,0.00,12.59,328.24,3.84,2.28,3.86,0.00,0.42,0.39,0.03,0.00,1.38,0.13,1.24,0.76,1.35,2.23,3.65,3.40,0.68,2.45,60.28,1.90,0.49,1.46,2.57,false
2025-08-18,"Snacks",62.40,0.00,0.00,2.28,78.00,102.67,0.02,0.03,0.11,0.07,0.05,0.00,3.60,3.25,5.52,0.00,0.25,2.64,7.20,0.03,0.14,6.00,0.04,13.20,128.40,0.00,1.20,0.05,12.72,16.57,2.88,2.00,0.88,0.06,12.47,0.00,0.20,0.00,0.01,0.06,0.03,0.00,0.01,0.01,0.00,0.00,0.05,0.00,0.05,0.00,0.01,0.01,0.02,0.01,0.00,0.01,0.31,0.01,0.00,0.00,0.01,false
2025-08-18,"Bike",300.30,0.00,0.00,31.78,116.92,31.33,0.33,0.15,4.82,0.63,0.21,0.00,42.02,0.13,0.00,0.00,3.01,6.27,133.54,0.22,2.14,76.25,1.90,202.01,257.19,20.96,367.14,1.66,40.81,46.23,5.28,4.18,1.08,23.33,14.24,4.04,7.77,0.00,3.01,2.49,1.58,0.02,0.11,0.11,0.00,0.00,2.34,0.00,2.33,0.13,0.17,0.24,0.47,0.20,0.10,0.34,12.11,0.19,0.10,0.22,0.29,false
2025-08-18,"Total",3107.47,0.00,58.05,615.64,2032.60,2303.07,3.00,3.19,24.67,13.22,4.08,5.17,1112.73,3277.29,239.90,232.73,11.80,146.89,1507.39,5.23,29.54,883.24,12.35,3024.44,8496.65,130.72,2101.76,21.51,433.53,513.29,77.31,46.99,15.95,194.75,207.99,9.07,46.80,374.77,14.29,9.54,16.05,0.30,1.02,0.73,0.03,0.00,7.69,0.15,6.65,2.57,4.57,8.01,14.41,12.32,3.06,8.40,193.88,7.04,2.27,5.94,9.55,false
2025-08-19,"Breakfast",1442.54,0.00,58.05,260.93,1135.42,866.66,0.84,2.20,5.77,5.13,1.05,5.65,141.61,286.21,19.23,143.37,2.46,69.20,1194.34,1.68,8.39,408.87,4.49,1729.78,2750.89,89.53,623.10,9.38,164.33,187.16,22.76,13.63,6.78,65.64,89.64,5.03,33.61,58.92,9.49,8.54,11.65,0.26,0.52,0.18,0.00,0.00,7.99,0.01,2.65,1.45,2.82,5.33,10.23,8.32,2.55,5.09,110.82,4.59,1.60,4.49,6.46,false
2025-08-19,"Lunch",668.70,0.00,0.00,281.35,54.63,304.95,0.86,0.47,5.79,2.98,1.28,0.18,237.65,2572.78,59.37,12.80,4.09,18.17,242.07,1.84,10.66,159.24,3.69,517.22,2168.15,4.32,121.95,5.03,105.81,130.37,24.21,7.15,2.71,66.41,24.13,0.00,4.64,4.00,1.33,1.63,1.28,0.04,0.29,0.03,0.00,0.00,1.06,0.00,0.17,0.42,0.87,1.37,2.31,2.14,0.35,1.64,32.11,1.27,0.36,0.88,1.67,false
2025-08-19,"Dinner",659.95,0.00,0.00,50.42,121.35,467.91,0.65,0.78,7.63,2.14,0.63,1.00,125.70,293.97,63.60,0.00,6.48,118.54,491.79,0.58,4.83,155.80,3.38,626.80,1231.79,57.27,1164.99,3.91,59.75,73.05,13.12,6.28,1.85,37.50,17.70,5.33,22.13,24.00,7.72,4.89,6.50,0.03,0.31,0.31,0.00,0.00,2.82,0.01,2.81,0.33,0.85,1.49,2.75,2.08,0.65,1.55,45.07,1.26,0.43,1.43,1.83,false
2025-08-19,"Snacks",621.96,0.00,0.00,9.01,81.78,191.53,0.09,0.03,0.89,0.47,0.30,0.00,20.12,4.38,20.03,0.00,0.41,2.76,13.10,0.15,0.14,39.04,0.35,39.16,513.08,0.00,477.20,0.24,94.85,105.31,9.49,3.36,1.53,4.38,39.74,0.00,16.95,0.00,0.05,0.15,6.17,0.10,0.04,0.04,0.00,0.00,0.11,0.00,0.11,0.01,0.07,0.03,0.07,0.05,0.01,0.05,18.59,0.03,0.01,0.01,0.05,false
2025-08-19,"Bike",1690.43,0.00,0.00,159.31,609.70,515.41,1.94,0.92,27.89,3.62,1.28,0.15,270.01,23.18,144.47,4.00,16.60,39.74,717.26,1.31,11.88,432.61,10.42,1203.49,2027.51,115.93,2330.72,9.33,228.21,262.57,32.93,25.47,7.35,116.73,94.19,20.19,41.78,21.00,16.17,13.14,8.76,0.08,0.71,0.71,0.00,0.00,12.02,0.02,12.21,0.70,0.87,1.25,2.48,1.09,0.52,1.78,72.70,1.01,0.51,1.17,1.53,false
2025-08-19,"Total",5083.58,0.00,58.05,761.03,2002.88,2346.45,4.37,4.40,47.98,14.35,4.54,6.98,795.08,3180.51,306.70,160.17,30.05,248.41,2658.57,5.56,35.90,1195.56,22.33,4116.46,8691.42,267.04,4717.96,27.89,652.95,758.47,102.50,55.90,20.22,290.65,265.39,30.56,119.11,107.92,34.75,28.35,34.35,0.50,1.87,1.29,0.00,0.00,23.99,0.04,17.94,2.91,5.47,9.47,17.84,13.68,4.07,10.12,279.28,8.16,2.91,7.96,11.54,false
2025-08-20,"Dinner",325.50,,,,,,,,,,,,,,,,,,,,,,,,,,480.00,,1.88,1.88,,,,,1.88,,27.00,,,,18.00,,,,,,,,,,,,,,,,19.50,,,,,false
2025-08-20,"Total",325.50,,,,,,,,,,,,,,,,,,,,,,,,,,480.00,,1.88,1.88,,,,,1.88,,27.00,,,,18.00,,,,,,,,,,,,,,,,19.50,,,,,false
2025-08-21,"Breakfast",1150.73,0.00,58.05,260.93,1135.42,820.33,0.80,2.17,5.42,4.84,1.00,5.41,111.79,279.82,17.42,143.37,0.95,66.11,1178.37,1.65,7.94,399.28,4.29,1694.64,2592.20,83.03,479.32,9.18,122.90,143.39,20.42,13.63,6.78,51.63,62.22,5.03,21.68,52.53,6.01,2.87,9.47,0.26,0.19,0.18,0.00,0.00,2.67,0.01,2.65,1.39,2.74,5.17,9.95,8.16,2.48,4.93,107.30,4.46,1.56,4.36,6.28,false
2025-08-21,"Lunch",848.04,0.00,0.00,2.12,230.11,229.97,0.22,1.00,3.22,4.48,0.65,1.67,211.25,236.04,14.36,130.50,4.69,34.72,96.22,0.30,2.78,62.33,0.28,346.13,1016.42,46.85,759.06,2.68,58.21,80.32,22.02,7.05,4.08,0.18,7.77,0.00,47.08,559.50,22.11,5.08,9.07,0.00,0.28,0.22,0.06,0.01,4.73,0.22,4.46,0.48,0.53,1.16,1.84,1.57,0.65,1.16,35.09,1.02,0.27,0.85,1.32,false
2025-08-21,"Dinner",938.12,0.00,0.00,175.80,801.29,1665.03,1.23,0.48,9.44,3.34,1.85,0.00,654.79,1976.43,271.30,0.00,3.49,55.29,362.17,1.15,11.16,311.94,2.20,620.01,4816.98,17.54,2050.33,4.57,161.28,207.40,45.18,37.27,5.60,40.02,115.31,0.00,4.22,0.00,0.54,2.33,0.88,0.00,0.88,0.88,0.00,0.00,0.67,0.00,0.67,0.30,0.67,1.24,2.13,1.71,0.37,1.53,34.73,1.04,0.36,0.70,1.62,false
2025-08-21,"Total",2936.89,0.00,58.05,438.85,2166.82,2715.34,2.25,3.65,18.08,12.67,3.51,7.08,977.82,2492.29,303.08,273.87,9.14,156.12,1636.76,3.10,21.88,773.55,6.77,2660.77,8425.61,147.43,3288.71,16.43,342.40,431.10,87.61,57.95,16.47,91.83,185.29,5.03,72.99,612.03,28.66,10.29,19.42,0.26,1.35,1.28,0.06,0.01,8.06,0.23,7.79,2.17,3.93,7.58,13.92,11.44,3.50,7.62,177.12,6.52,2.19,5.91,9.22,false
2025-08-22,"Breakfast",995.74,0.00,246.31,261.09,1149.41,726.27,0.85,1.30,9.29,4.24,0.85,3.44,80.97,432.75,17.80,258.57,1.00,66.78,969.04,1.61,7.70,448.48,4.29,1302.27,2417.65,38.74,418.15,7.74,119.46,139.93,20.42,13.63,6.78,51.63,59.04,5.03,25.87,51.63,7.05,3.09,12.44,0.44,0.21,0.20,0.00,0.00,2.77,0.02,2.75,1.03,1.54,3.02,5.72,4.81,1.26,2.81,65.06,2.84,1.01,2.26,3.53,false
2025-08-22,"Lunch",553.62,0.00,0.00,1.77,191.76,172.99,0.17,0.71,2.66,3.39,0.51,1.11,165.04,159.36,11.97,87.00,3.65,28.86,67.68,0.24,2.02,49.44,0.23,245.44,815.52,31.34,414.88,1.97,30.36,45.14,14.71,5.88,3.40,0.15,4.33,0.00,34.58,373.00,17.40,3.88,6.51,0.00,0.22,0.18,0.04,0.01,3.61,0.15,3.43,0.33,0.36,0.80,1.27,1.08,0.44,0.80,21.76,0.70,0.19,0.58,0.91,false
2025-08-22,"Dinner",1206.69,0.00,0.00,646.04,376.31,1011.30,0.88,0.79,33.24,5.32,3.02,1.40,380.94,303.71,96.00,13.12,7.28,270.54,179.62,1.38,9.06,323.67,2.58,876.02,3617.66,58.43,1911.04,5.87,169.84,193.07,21.74,15.24,6.29,45.43,115.53,14.50,16.95,183.41,4.31,4.92,4.49,0.18,0.70,0.58,0.06,0.02,3.56,0.17,3.39,1.10,2.65,4.15,6.16,6.58,1.94,3.52,85.37,3.42,0.94,2.64,4.11,false
2025-08-22,"Snacks",495.50,,,,,,,,,,,,,0.00,,,,,,,,,,,,,720.00,,106.30,120.85,14.55,,,,52.65,36.00,2.25,,,,0.45,,,,,,,,,,,,,,,,7.05,,,,,false
2025-08-22,"Total",3251.56,0.00,246.31,908.90,1717.47,1910.56,1.90,2.80,45.19,12.95,4.38,5.95,626.95,895.83,125.77,358.69,11.94,366.18,1216.34,3.23,18.78,821.59,7.10,2423.73,6850.84,128.51,3464.07,15.59,425.96,498.99,71.42,34.75,16.47,97.22,231.55,55.54,79.65,608.05,28.77,11.90,23.88,0.62,1.12,0.95,0.10,0.03,9.94,0.33,9.58,2.45,4.56,7.96,13.15,12.47,3.64,7.14,179.23,6.96,2.15,5.48,8.55,false
2025-08-23,"Total",,,,,,,,,,,,,,,,,,,,,,,,,,,,,,,,,,,,,,,,,,,,,,,,,,,,,,,,,,,,,,false
2025-08-24,"Breakfast",808.47,0.00,33.33,204.41,803.89,769.59,0.81,0.62,6.65,3.25,0.77,1.09,160.94,239.73,190.90,88.23,3.31,47.62,441.47,1.37,6.05,287.22,3.41,722.85,2326.68,23.69,149.35,4.72,130.03,156.77,25.18,14.41,10.79,39.53,86.98,5.03,15.10,16.22,4.53,2.30,6.33,0.15,0.15,0.15,0.00,0.00,2.14,0.01,2.13,0.47,0.68,1.08,1.93,1.56,0.48,1.29,28.13,0.94,0.34,0.93,1.42,false
2025-08-24,"Lunch",848.04,0.00,0.00,2.12,230.11,229.97,0.22,1.00,3.22,4.48,0.65,1.67,211.25,236.04,14.36,130.50,4.69,34.72,96.22,0.30,2.78,62.33,0.28,346.13,1016.42,46.85,759.06,2.68,58.21,80.32,22.02,7.05,4.08,0.18,7.77,0.00,47.08,559.50,22.11,5.08,9.07,0.00,0.28,0.22,0.06,0.01,4.73,0.22,4.46,0.48,0.53,1.16,1.84,1.57,0.65,1.16,35.09,1.02,0.27,0.85,1.32,false
2025-08-24,"Dinner",745.60,0.00,0.00,23.47,254.85,559.53,0.65,0.31,5.63,2.00,1.66,0.00,493.70,5.69,90.06,0.00,0.90,18.04,190.90,1.33,10.41,218.20,3.23,663.10,2559.00,11.03,45.20,5.06,117.35,146.04,28.25,12.84,7.00,100.21,19.46,0.00,6.69,0.00,1.42,2.96,0.79,0.00,0.15,0.11,0.00,0.00,2.26,0.00,2.14,0.39,0.74,1.19,1.93,1.89,0.41,1.49,30.67,1.08,0.30,0.74,1.33,false
2025-08-24,"Total",2402.11,0.00,33.33,230.00,1288.85,1559.08,1.68,1.93,15.50,9.74,3.08,2.76,865.88,481.45,295.32,218.73,8.91,100.38,728.59,3.00,19.24,567.75,6.92,1732.08,5902.10,81.57,953.61,12.46,305.59,383.14,75.44,34.31,21.88,139.92,114.22,5.03,68.87,575.72,28.06,10.35,16.20,0.15,0.58,0.48,0.06,0.01,9.13,0.23,8.73,1.33,1.95,3.43,5.71,5.02,1.53,3.93,93.90,3.04,0.91,2.51,4.07,false
2025-08-25,"Breakfast",568.70,0.00,33.33,153.58,795.05,283.13,0.49,0.42,3.72,2.12,0.53,1.09,62.22,164.37,17.12,88.23,0.73,40.86,308.11,1.06,5.10,234.38,3.18,629.64,1299.81,21.96,149.35,4.07,82.98,97.38,14.36,9.39,4.97,39.53,37.64,5.03,14.09,16.22,4.29,2.00,6.24,0.15,0.13,0.12,0.00,0.00,1.87,0.01,1.86,0.41,0.59,0.96,1.80,1.35,0.39,1.14,23.00,0.85,0.29,0.84,1.24,false
2025-08-25,"Lunch",1144.84,0.00,0.00,1749.54,218.58,476.54,0.81,1.03,4.62,1.71,0.59,1.41,398.34,2128.03,7.95,108.25,11.44,1433.56,1041.45,0.55,8.14,281.27,3.12,654.94,1330.10,41.06,2487.92,3.69,79.03,99.52,20.37,15.20,5.17,64.00,15.19,1.87,71.11,175.03,19.15,5.79,34.48,2.32,2.01,1.95,0.00,0.01,3.46,0.05,3.40,0.49,0.87,1.70,2.88,2.38,0.71,1.93,40.06,1.71,0.67,1.58,2.12,false
2025-08-25,"Dinner",943.01,0.00,0.00,20.24,19.72,151.34,0.09,0.12,1.05,0.45,0.29,0.00,80.34,578.96,87.11,0.00,1.88,67.36,101.96,0.07,2.17,35.08,0.33,57.95,435.48,0.57,2804.42,0.46,100.28,103.66,3.20,2.34,0.86,0.10,16.05,0.00,29.38,48.61,4.30,0.83,10.55,0.01,0.13,0.13,0.00,0.00,0.57,0.00,0.57,0.05,0.03,0.06,0.08,0.07,0.02,0.05,63.99,0.11,0.01,0.03,0.06,false
2025-08-25,"Snacks",304.00,,,,,,,,,,,,,,,,,,,,,,,,,,192.00,,20.80,20.80,,,,,16.00,,6.00,,,,4.00,,,,,,,,,,,,,,,,40.00,,,,,false
2025-08-25,"Bike",3208.05,0.00,273.25,188.63,686.78,1797.83,2.49,1.56,35.80,6.13,2.19,1.53,354.61,204.90,72.72,115.20,18.39,46.06,1116.70,1.88,16.91,634.02,11.32,1490.09,3934.58,122.61,4315.42,10.98,543.07,586.05,41.63,28.71,10.25,162.87,298.72,158.06,59.80,24.10,17.02,14.23,19.30,0.32,0.88,0.88,0.00,0.00,13.11,0.03,13.08,0.86,1.42,1.94,3.80,2.16,0.87,2.52,113.50,1.62,0.70,1.69,2.41,false
2025-08-25,"Total",6168.60,0.00,306.58,2111.99,1720.13,2708.84,3.88,3.14,45.19,10.42,3.60,4.03,895.51,3076.26,184.90,311.68,32.43,1587.84,2568.23,3.57,32.33,1184.75,17.95,2832.62,6999.98,186.20,9949.12,19.21,826.15,907.41,79.57,55.64,21.24,266.50,383.60,164.97,180.39,263.96,44.75,22.85,74.58,2.79,3.14,3.08,0.00,0.01,19.02,0.09,18.91,1.81,2.91,4.65,8.56,5.96,1.99,5.64,280.54,4.30,1.66,4.14,5.83,false
2025-08-26,"Total",,,,,,,,,,,,,,,,,,,,,,,,,,,,,,,,,,,,,,,,,,,,,,,,,,,,,,,,,,,,,,false
2025-08-27,"Breakfast",568.70,0.00,33.33,153.58,795.05,283.13,0.49,0.42,3.72,2.12,0.53,1.09,62.22,164.37,17.12,88.23,0.73,40.86,308.11,1.06,5.10,234.38,3.18,629.64,1299.81,21.96,149.35,4.07,82.98,97.38,14.36,9.39,4.97,39.53,37.64,5.03,14.09,16.22,4.29,2.00,6.24,0.15,0.13,0.12,0.00,0.00,1.87,0.01,1.86,0.41,0.59,0.96,1.80,1.35,0.39,1.14,23.00,0.85,0.29,0.84,1.24,false
2025-08-27,"Lunch",848.04,0.00,0.00,2.12,230.11,229.97,0.22,1.00,3.22,4.48,0.65,1.67,211.25,236.04,14.36,130.50,4.69,34.72,96.22,0.30,2.78,62.33,0.28,346.13,1016.42,46.85,759.06,2.68,58.21,80.32,22.02,7.05,4.08,0.18,7.77,0.00,47.08,559.50,22.11,5.08,9.07,0.00,0.28,0.22,0.06,0.01,4.73,0.22,4.46,0.48,0.53,1.16,1.84,1.57,0.65,1.16,35.09,1.02,0.27,0.85,1.32,false
2025-08-27,"Dinner",795.83,0.00,0.00,0.70,1.00,45.86,0.02,0.04,0.15,0.22,0.04,0.00,48.50,59.33,7.50,0.00,1.05,57.82,80.06,0.04,0.76,23.50,0.16,26.00,184.56,0.15,2269.62,0.24,94.24,95.05,0.80,0.69,0.11,0.00,11.03,0.00,22.96,0.00,4.29,0.78,9.13,0.01,0.13,0.13,0.00,0.00,0.57,0.00,0.57,0.00,0.00,0.00,0.00,0.00,0.00,0.00,49.19,0.00,0.00,0.00,0.00,false
2025-08-27,"Snacks",148.00,,,,,,,,,,,,,,,,,,,,,,,,,,80.00,,9.00,11.00,2.00,,,,8.00,,3.00,,,,2.00,,,,,,,,,,,,,,,,20.00,,,,,false
2025-08-27,"Bike",615.71,0.00,0.00,47.87,125.63,409.44,0.53,0.21,8.19,1.83,0.83,0.00,87.90,34.51,46.33,0.00,4.75,11.61,158.84,0.63,2.63,169.96,2.72,300.85,1514.41,21.15,367.14,2.43,113.93,127.39,12.83,8.89,3.92,33.28,73.63,4.04,9.05,0.00,3.22,2.85,1.92,0.02,0.19,0.19,0.00,0.00,2.63,0.00,2.62,0.17,0.33,0.32,0.65,0.35,0.13,0.47,15.90,0.27,0.13,0.26,0.42,false
2025-08-27,"Total",2976.28,0.00,33.33,204.28,1151.79,968.40,1.26,1.68,15.28,8.65,2.05,2.76,409.86,494.25,85.31,218.73,11.22,145.01,643.23,2.03,11.28,490.17,6.34,1302.62,4015.20,90.11,3625.17,9.42,358.37,411.14,52.01,26.02,13.08,72.99,138.07,9.07,96.18,575.72,33.92,10.72,28.36,0.17,0.73,0.66,0.06,0.01,9.80,0.23,9.52,1.06,1.45,2.45,4.29,3.26,1.17,2.77,143.17,2.14,0.69,1.96,2.99,false
2025-08-28,"Lunch",1024.84,0.00,0.00,1767.71,874.19,516.26,10.45,10.25,58.76,3.86,12.27,22.50,1637.16,463.44,57.76,0.00,3.76,769.43,209.06,1.97,13.45,382.67,3.76,1017.49,2983.36,17.77,1107.87,8.29,111.54,140.16,28.54,22.64,2.90,84.63,19.21,0.00,14.12,0.00,0.63,1.86,7.75,0.00,0.52,0.52,0.00,0.00,0.57,0.00,0.57,0.84,1.78,2.80,4.66,4.40,0.61,3.15,88.46,2.33,0.59,1.74,3.17,false
2025-08-28,"Total",1024.84,0.00,0.00,1767.71,874.19,516.26,10.45,10.25,58.76,3.86,12.27,22.50,1637.16,463.44,57.76,0.00,3.76,769.43,209.06,1.97,13.45,382.67,3.76,1017.49,2983.36,17.77,1107.87,8.29,111.54,140.16,28.54,22.64,2.90,84.63,19.21,0.00,14.12,0.00,0.63,1.86,7.75,0.00,0.52,0.52,0.00,0.00,0.57,0.00,0.57,0.84,1.78,2.80,4.66,4.40,0.61,3.15,88.46,2.33,0.59,1.74,3.17,false
2025-08-29,"Total",,,,,,,,,,,,,,,,,,,,,,,,,,,,,,,,,,,,,,,,,,,,,,,,,,,,,,,,,,,,,,false
2025-08-30,"Breakfast",568.70,0.00,33.33,153.58,795.05,283.13,0.49,0.42,3.72,2.12,0.53,1.09,62.22,164.37,17.12,88.23,0.73,40.86,308.11,1.06,5.10,234.38,3.18,629.64,1299.81,21.96,149.35,4.07,82.98,97.38,14.36,9.39,4.97,39.53,37.64,5.03,14.09,16.22,4.29,2.00,6.24,0.15,0.13,0.12,0.00,0.00,1.87,0.01,1.86,0.41,0.59,0.96,1.80,1.35,0.39,1.14,23.00,0.85,0.29,0.84,1.24,false
2025-08-30,"Lunch",1136.07,0.00,0.00,69.94,628.03,741.48,0.50,0.92,9.22,4.59,0.95,1.11,247.68,359.13,88.44,87.00,8.95,139.46,187.18,0.98,6.27,186.35,2.59,569.30,2063.57,37.61,1783.51,5.02,92.92,123.57,30.10,14.06,5.60,31.82,35.75,0.00,52.99,373.00,23.59,7.31,12.39,0.00,0.37,0.33,0.04,0.01,5.14,0.15,4.96,0.58,0.66,1.25,2.09,1.49,0.64,1.39,57.40,1.10,0.31,0.90,1.45,false
2025-08-30,"Dinner",795.83,0.00,0.00,0.70,1.00,45.86,0.02,0.04,0.15,0.22,0.04,0.00,48.50,59.33,7.50,0.00,1.05,57.82,80.06,0.04,0.76,23.50,0.16,26.00,184.56,0.15,2269.62,0.24,94.24,95.05,0.80,0.69,0.11,0.00,11.03,0.00,22.96,0.00,4.29,0.78,9.13,0.01,0.13,0.13,0.00,0.00,0.57,0.00,0.57,0.00,0.00,0.00,0.00,0.00,0.00,0.00,49.19,0.00,0.00,0.00,0.00,false
2025-08-30,"Total",2500.60,0.00,33.33,224.23,1424.08,1070.46,1.01,1.38,13.09,6.92,1.51,2.20,358.40,582.84,113.06,175.23,10.74,238.14,575.35,2.08,12.14,444.23,5.93,1224.94,3547.94,59.72,4202.48,9.33,270.14,316.00,45.26,24.14,10.69,71.35,84.42,5.03,90.05,389.22,32.18,10.09,27.76,0.16,0.63,0.59,0.04,0.01,7.58,0.15,7.39,0.98,1.25,2.21,3.88,2.84,1.03,2.53,129.59,1.95,0.59,1.74,2.70,false
2025-08-31,"Total",,,,,,,,,,,,,,,,,,,,,,,,,,,,,,,,,,,,,,,,,,,,,,,,,,,,,,,,,,,,,,false
2025-09-01,"Total",,,,,,,,,,,,,,,,,,,,,,,,,,,,,,,,,,,,,,,,,,,,,,,,,,,,,,,,,,,,,,false
2025-09-02,"Breakfast",568.70,0.00,33.33,153.58,795.05,283.13,0.49,0.42,3.72,2.12,0.53,1.09,62.22,164.37,17.12,88.23,0.73,40.86,308.11,1.06,5.10,234.38,3.18,629.64,1299.81,21.96,149.35,4.07,82.98,97.38,14.36,9.39,4.97,39.53,37.64,5.03,14.09,16.22,4.29,2.00,6.24,0.15,0.13,0.12,0.00,0.00,1.87,0.01,1.86,0.41,0.59,0.96,1.80,1.35,0.39,1.14,23.00,0.85,0.29,0.84,1.24,false
2025-09-02,"Lunch",659.95,0.00,0.00,50.42,121.35,467.91,0.65,0.78,7.63,2.14,0.63,1.00,125.70,293.97,63.60,0.00,6.48,118.54,491.79,0.58,4.83,155.80,3.38,626.80,1231.79,57.27,1164.99,3.91,59.75,73.05,13.12,6.28,1.85,37.50,17.70,5.33,22.13,24.00,7.72,4.89,6.50,0.03,0.31,0.31,0.00,0.00,2.82,0.01,2.81,0.33,0.85,1.49,2.75,2.08,0.65,1.55,45.07,1.26,0.43,1.43,1.83,false
2025-09-02,"Dinner",1094.98,0.00,0.00,2.20,230.11,234.25,0.22,1.01,3.25,4.50,0.66,1.67,211.75,236.04,14.49,130.50,4.69,34.72,97.72,0.31,2.89,62.83,0.30,347.13,1029.42,47.05,806.26,2.74,109.16,135.39,26.04,7.05,4.08,0.18,28.85,20.53,48.19,559.50,22.11,5.08,9.30,0.00,0.28,0.22,0.06,0.01,4.73,0.22,4.46,0.48,0.53,1.17,1.85,1.57,0.65,1.16,43.02,1.02,0.27,0.85,1.32,false
2025-09-02,"Snacks",600.60,0.00,0.00,63.57,233.85,62.65,0.66,0.30,9.64,1.25,0.43,0.00,84.03,0.27,0.00,0.00,6.02,12.54,267.08,0.44,4.29,152.51,3.80,404.02,514.37,41.91,734.29,3.32,81.62,92.45,10.57,8.36,2.16,46.66,28.47,8.08,15.54,0.00,6.01,4.97,3.15,0.03,0.22,0.22,0.00,0.00,4.68,0.01,4.67,0.27,0.33,0.48,0.95,0.40,0.20,0.69,24.22,0.38,0.19,0.44,0.58,false
2025-09-02,"Bike",667.20,0.00,188.25,14.32,96.34,1137.61,0.41,1.53,9.71,3.17,0.79,3.63,63.42,229.02,48.37,115.20,3.33,13.58,716.07,0.53,1.44,216.38,0.70,816.75,2266.21,35.30,228.03,3.74,97.76,110.73,11.04,6.73,4.32,5.04,89.69,0.00,8.72,39.10,1.70,0.80,4.09,0.22,0.08,0.08,0.00,0.00,0.63,0.01,0.62,0.36,1.28,2.16,4.20,3.49,1.17,2.12,45.02,1.76,0.57,2.04,2.72,false
2025-09-02,"Total",3591.43,0.00,221.58,284.09,1476.71,2185.55,2.44,4.05,33.95,13.19,3.04,7.39,547.12,923.66,143.58,333.93,21.25,220.24,1880.77,2.93,18.56,821.89,11.37,2824.34,6341.61,203.50,3082.91,17.77,431.26,509.00,75.13,37.82,17.37,128.90,202.36,38.97,108.67,638.82,41.83,17.76,29.29,0.43,1.03,0.96,0.06,0.01,14.73,0.25,14.43,1.85,3.58,6.25,11.53,8.88,3.06,6.66,180.32,5.28,1.74,5.60,7.71,false
2025-09-03,"Breakfast",568.70,0.00,33.33,153.58,795.05,283.13,0.49,0.42,3.72,2.12,0.53,1.09,62.22,164.37,17.12,88.23,0.73,40.86,308.11,1.06,5.10,234.38,3.18,629.64,1299.81,21.96,149.35,4.07,82.98,97.38,14.36,9.39,4.97,39.53,37.64,5.03,14.09,16.22,4.29,2.00,6.24,0.15,0.13,0.12,0.00,0.00,1.87,0.01,1.86,0.41,0.59,0.96,1.80,1.35,0.39,1.14,23.00,0.85,0.29,0.84,1.24,false
2025-09-03,"Lunch",505.74,0.00,0.00,39.68,813.53,191.41,0.33,0.16,5.99,1.17,0.26,0.00,41.65,0.46,0.00,0.00,0.87,3.95,39.14,0.60,4.13,137.72,3.23,396.80,383.68,10.41,868.32,3.95,73.78,84.02,10.24,8.81,1.43,59.10,12.73,0.00,5.28,0.00,0.51,1.44,2.22,0.00,0.08,0.08,0.00,0.00,1.37,0.00,1.37,0.36,0.39,0.60,1.16,0.45,0.28,0.80,35.87,0.48,0.14,0.41,0.74,false
2025-09-03,"Dinner",668.70,0.00,0.00,281.35,54.63,304.95,0.86,0.47,5.79,2.98,1.28,0.18,237.65,2572.78,59.37,12.80,4.09,18.17,242.07,1.84,10.66,159.24,3.69,517.22,2168.15,4.32,121.95,5.03,105.81,130.37,24.21,7.15,2.71,66.41,24.13,0.00,4.64,4.00,1.33,1.63,1.28,0.04,0.29,0.03,0.00,0.00,1.06,0.00,0.17,0.42,0.87,1.37,2.31,2.14,0.35,1.64,32.11,1.27,0.36,0.88,1.67,false
2025-09-03,"Snacks",401.46,0.00,0.00,70.18,432.74,33.41,1.29,1.19,16.90,4.63,1.57,1.92,360.68,180.11,71.99,95.99,15.01,6.76,143.85,0.33,16.54,126.65,3.42,351.99,433.17,37.50,551.12,10.46,60.32,70.63,10.18,8.42,1.74,36.50,18.97,8.66,8.32,0.00,3.08,2.74,1.67,0.02,0.13,0.13,0.00,0.00,2.58,0.00,2.57,0.21,0.24,0.34,0.68,0.30,0.15,0.48,15.05,0.29,0.14,0.31,0.43,false
2025-09-03,"Bike",379.99,0.00,125.50,25.77,57.98,554.20,0.26,0.45,8.00,1.67,0.50,1.02,41.93,148.95,34.14,76.80,2.63,7.35,257.85,0.40,0.91,150.25,0.71,312.98,1356.39,5.75,121.82,1.78,60.68,68.19,6.84,4.26,2.58,5.33,53.16,0.85,10.01,16.07,4.13,1.48,3.38,0.14,0.07,0.07,0.00,0.00,1.36,0.01,1.36,0.10,0.35,0.48,0.94,0.76,0.23,0.54,11.94,0.44,0.14,0.45,0.60,false
2025-09-03,"Total",2524.59,0.00,158.83,570.57,2153.93,1367.11,3.22,2.69,40.41,12.57,4.15,4.21,744.12,3066.67,182.63,273.82,23.33,77.08,991.03,4.23,37.35,808.23,14.23,2208.62,5641.20,79.95,1812.55,25.29,383.57,450.58,65.83,38.04,13.43,206.87,146.62,14.54,42.35,36.28,13.33,9.30,14.79,0.34,0.69,0.43,0.00,0.00,8.24,0.02,7.33,1.50,2.45,3.76,6.89,4.99,1.40,4.61,117.97,3.33,1.07,2.89,4.68,false
2025-09-04,"Total",,,,,,,,,,,,,,,,,,,,,,,,,,,,,,,,,,,,,,,,,,,,,,,,,,,,,,,,,,,,,,false
2025-09-05,"Breakfast",568.70,0.00,33.33,153.58,795.05,283.13,0.49,0.42,3.72,2.12,0.53,1.09,62.22,164.37,17.12,88.23,0.73,40.86,308.11,1.06,5.10,234.38,3.18,629.64,1299.81,21.96,149.35,4.07,82.98,97.38,14.36,9.39,4.97,39.53,37.64,5.03,14.09,16.22,4.29,2.00,6.24,0.15,0.13,0.12,0.00,0.00,1.87,0.01,1.86,0.41,0.59,0.96,1.80,1.35,0.39,1.14,23.00,0.85,0.29,0.84,1.24,false
2025-09-05,"Lunch",705.65,0.00,0.00,34.50,221.46,433.94,0.63,0.53,6.81,1.88,0.59,0.56,122.14,183.96,48.60,43.50,4.67,26.09,246.44,0.42,4.28,129.10,2.84,399.15,1119.96,47.26,891.58,3.04,73.72,87.67,12.72,9.84,2.89,34.54,34.55,4.92,18.28,186.50,2.83,2.87,8.00,0.01,0.26,0.24,0.02,0.00,2.48,0.08,2.40,0.33,0.35,0.66,1.09,0.73,0.32,0.74,50.91,0.57,0.20,0.50,0.77,false
2025-09-05,"Dinner",848.04,0.00,0.00,2.12,230.11,229.97,0.22,1.00,3.22,4.48,0.65,1.67,211.25,236.04,14.36,130.50,4.69,34.72,96.22,0.30,2.78,62.33,0.28,346.13,1016.42,46.85,759.06,2.68,58.21,80.32,22.02,7.05,4.08,0.18,7.77,0.00,47.08,559.50,22.11,5.08,9.07,0.00,0.28,0.22,0.06,0.01,4.73,0.22,4.46,0.48,0.53,1.16,1.84,1.57,0.65,1.16,35.09,1.02,0.27,0.85,1.32,false
2025-09-05,"Snacks",688.46,0.00,0.00,32.98,116.92,291.46,0.40,1.01,5.49,1.64,0.41,2.10,63.62,3.13,0.15,0.00,3.04,6.27,468.34,0.28,2.48,109.85,1.95,611.21,695.79,50.90,507.14,3.31,96.59,104.84,7.99,4.18,1.08,23.33,49.05,28.67,9.62,15.00,3.13,2.52,2.05,0.03,0.12,0.12,0.00,0.00,2.37,0.00,2.36,0.38,1.04,1.82,3.57,2.70,0.98,1.88,48.33,1.42,0.50,1.75,2.30,false
2025-09-05,"Total",2810.85,0.00,33.33,223.18,1363.55,1238.51,1.73,2.96,19.24,10.13,2.19,5.41,459.22,587.50,80.23,262.23,13.13,107.94,1119.11,2.06,14.65,535.66,8.26,1986.13,4131.99,166.97,2307.13,13.11,311.51,370.21,57.09,30.47,13.02,97.57,129.02,38.63,89.08,777.22,32.37,12.48,25.36,0.19,0.79,0.70,0.08,0.01,11.45,0.31,11.09,1.60,2.51,4.61,8.30,6.34,2.34,4.92,157.33,3.86,1.26,3.94,5.63,false
2025-09-06,"'-",795.83,0.00,0.00,0.70,1.00,45.86,0.02,0.04,0.15,0.22,0.04,0.00,48.50,59.33,7.50,0.00,1.05,57.82,80.06,0.04,0.76,23.50,0.16,26.00,184.56,0.15,2269.62,0.24,94.24,95.05,0.80,0.69,0.11,0.00,11.03,0.00,22.96,0.00,4.29,0.78,9.13,0.01,0.13,0.13,0.00,0.00,0.57,0.00,0.57,0.00,0.00,0.00,0.00,0.00,0.00,0.00,49.19,0.00,0.00,0.00,0.00,false
2025-09-06,"Breakfast",568.70,0.00,33.33,153.58,795.05,283.13,0.49,0.42,3.72,2.12,0.53,1.09,62.22,164.37,17.12,88.23,0.73,40.86,308.11,1.06,5.10,234.38,3.18,629.64,1299.81,21.96,149.35,4.07,82.98,97.38,14.36,9.39,4.97,39.53,37.64,5.03,14.09,16.22,4.29,2.00,6.24,0.15,0.13,0.12,0.00,0.00,1.87,0.01,1.86,0.41,0.59,0.96,1.80,1.35,0.39,1.14,23.00,0.85,0.29,0.84,1.24,false
2025-09-06,"Lunch",1142.20,0.00,0.00,321.55,857.38,664.54,8.48,7.29,47.92,4.08,9.12,15.18,931.15,3045.78,103.92,12.80,4.28,127.20,415.07,2.69,21.00,333.24,5.94,1041.22,3502.15,14.31,473.45,9.45,154.38,205.54,50.10,24.09,9.71,84.38,46.31,0.00,6.11,4.00,1.48,2.32,1.53,0.04,0.41,0.16,0.00,0.00,1.15,0.00,0.26,0.71,1.68,2.78,4.65,4.30,0.88,3.16,72.79,2.66,0.69,1.83,3.28,false
2025-09-06,"Snacks",468.66,0.00,0.00,0.39,0.00,115.53,0.03,0.04,1.05,0.20,0.03,0.00,5.20,21.18,8.58,0.00,0.92,3.38,7.80,0.09,0.33,11.70,0.08,26.00,247.00,0.13,222.80,0.22,51.27,56.18,4.60,1.05,0.90,0.00,27.28,0.00,7.06,0.00,0.09,0.11,4.18,0.00,0.00,0.00,0.00,0.00,0.11,0.00,0.11,0.02,0.02,0.02,0.04,0.04,0.01,0.02,46.42,0.02,0.01,0.02,0.03,false
2025-09-06,"Bike",2214.14,0.00,393.11,174.17,801.63,840.53,2.40,2.15,34.18,5.38,1.30,3.45,343.07,612.04,0.80,268.28,13.36,30.87,1302.77,1.28,13.61,569.06,8.43,1559.53,2363.77,110.56,1873.00,10.35,266.00,291.55,24.99,19.26,5.64,144.31,105.46,35.67,84.99,181.19,26.80,12.49,38.14,1.75,0.67,0.66,0.00,0.00,10.87,0.05,10.81,0.86,1.47,2.38,4.61,2.91,1.13,2.86,78.67,2.03,0.77,2.19,2.89,false
2025-09-06,"Total",5189.53,0.00,426.44,650.40,2455.06,1949.59,11.43,9.95,87.03,12.00,11.02,19.72,1390.13,3902.70,137.92,369.31,20.34,260.12,2113.81,5.16,40.80,1171.88,17.79,3282.39,7597.29,147.11,4988.21,24.32,648.87,745.70,94.85,54.49,21.33,268.21,227.71,40.70,135.22,201.40,36.95,17.71,59.21,1.94,1.33,1.07,0.00,0.00,14.57,0.06,13.61,1.99,3.76,6.14,11.09,8.59,2.41,7.19,270.07,5.55,1.77,4.88,7.45,false
2025-09-07,"Total",,,,,,,,,,,,,,,,,,,,,,,,,,,,,,,,,,,,,,,,,,,,,,,,,,,,,,,,,,,,,,false
2025-09-08,"Breakfast",759.02,0.00,33.33,191.59,804.35,531.61,0.72,0.50,5.02,2.97,0.89,1.09,133.94,186.12,129.52,88.23,1.34,40.97,387.61,1.26,5.29,285.82,3.53,681.36,2017.53,22.88,149.35,4.39,124.83,146.14,20.69,12.57,8.14,43.85,73.51,5.03,14.66,16.22,4.37,2.14,6.40,0.15,0.17,0.17,0.00,0.00,1.96,0.01,1.95,0.43,0.69,1.03,1.89,1.47,0.43,1.24,25.60,0.90,0.31,0.88,1.35,false
2025-09-08,"Lunch",1169.04,0.00,0.00,21.42,374.61,748.46,0.37,1.86,5.73,6.42,1.08,3.27,267.75,361.03,37.56,174.00,8.52,44.87,327.72,0.61,5.64,123.83,0.60,712.13,2098.92,78.30,1825.06,4.52,93.02,124.58,29.82,12.03,6.96,0.66,41.13,0.00,53.88,753.50,24.31,6.15,11.00,0.01,0.35,0.26,0.08,0.01,5.48,0.30,5.14,0.78,1.17,2.36,4.03,3.37,1.30,2.35,59.75,2.03,0.57,1.91,2.78,false
2025-09-08,"Dinner",659.95,0.00,0.00,50.42,121.35,467.91,0.65,0.78,7.63,2.14,0.63,1.00,125.70,293.97,63.60,0.00,6.48,118.54,491.79,0.58,4.83,155.80,3.38,626.80,1231.79,57.27,1164.99,3.91,59.75,73.05,13.12,6.28,1.85,37.50,17.70,5.33,22.13,24.00,7.72,4.89,6.50,0.03,0.31,0.31,0.00,0.00,2.82,0.01,2.81,0.33,0.85,1.49,2.75,2.08,0.65,1.55,45.07,1.26,0.43,1.43,1.83,false
2025-09-08,"Snacks",711.91,0.00,188.25,33.79,130.91,362.26,0.49,0.68,9.74,1.68,0.38,1.53,46.20,158.06,0.39,115.20,3.11,6.94,479.21,0.27,2.26,180.45,1.95,489.64,787.64,26.17,610.77,2.88,88.96,95.43,6.32,4.18,1.08,23.33,40.67,4.04,25.57,24.10,4.26,2.76,10.35,0.22,0.14,0.13,0.00,0.00,2.50,0.01,2.49,0.19,0.44,0.72,1.40,1.02,0.35,0.79,26.24,0.62,0.22,0.67,0.87,false
2025-09-08,"Total",3299.93,0.00,221.58,297.22,1431.23,2110.23,2.23,3.82,28.13,13.22,2.99,6.89,573.58,999.19,231.07,377.43,19.46,211.32,1686.33,2.73,18.02,745.90,9.46,2509.93,6135.89,184.62,3750.17,15.70,366.56,439.20,69.95,35.07,18.03,105.33,173.02,14.40,116.24,817.82,40.67,15.94,34.26,0.41,0.97,0.88,0.08,0.01,12.76,0.32,12.39,1.73,3.14,5.60,10.06,7.94,2.73,5.94,156.66,4.82,1.52,4.89,6.85,false
2025-09-09,"Dinner",892.36,0.00,0.00,346.12,2603.12,544.20,1.36,0.84,7.53,3.55,1.85,0.00,773.71,212.89,410.56,0.00,3.43,16.64,480.81,2.42,19.26,498.90,6.14,1213.22,4614.90,31.55,2069.83,9.32,94.71,142.32,46.26,33.19,11.63,36.57,32.91,0.00,3.27,0.00,0.57,1.76,0.49,0.00,0.46,0.46,0.00,0.00,0.72,0.00,0.72,0.89,2.12,3.51,5.97,4.88,1.05,4.10,80.49,3.09,1.04,2.59,3.98,false
2025-09-09,"Total",892.36,0.00,0.00,346.12,2603.12,544.20,1.36,0.84,7.53,3.55,1.85,0.00,773.71,212.89,410.56,0.00,3.43,16.64,480.81,2.42,19.26,498.90,6.14,1213.22,4614.90,31.55,2069.83,9.32,94.71,142.32,46.26,33.19,11.63,36.57,32.91,0.00,3.27,0.00,0.57,1.76,0.49,0.00,0.46,0.46,0.00,0.00,0.72,0.00,0.72,0.89,2.12,3.51,5.97,4.88,1.05,4.10,80.49,3.09,1.04,2.59,3.98,false
2025-09-10,"Breakfast",927.86,0.00,33.33,200.69,889.38,727.41,0.80,0.53,5.92,3.44,1.19,1.09,154.21,190.64,149.78,88.23,1.76,43.84,401.01,1.42,5.44,325.11,3.88,721.07,2535.96,22.88,150.60,4.63,163.21,190.54,25.70,16.02,9.70,48.23,105.17,5.03,15.21,16.22,4.42,2.29,6.57,0.15,0.21,0.21,0.00,0.00,2.07,0.01,2.06,0.44,0.75,1.06,1.96,1.53,0.44,1.29,26.80,0.93,0.32,0.89,1.41,false
2025-09-10,"Lunch",848.04,0.00,0.00,2.12,230.11,229.97,0.22,1.00,3.22,4.48,0.65,1.67,211.25,236.04,14.36,130.50,4.69,34.72,96.22,0.30,2.78,62.33,0.28,346.13,1016.42,46.85,759.06,2.68,58.21,80.32,22.02,7.05,4.08,0.18,7.77,0.00,47.08,559.50,22.11,5.08,9.07,0.00,0.28,0.22,0.06,0.01,4.73,0.22,4.46,0.48,0.53,1.16,1.84,1.57,0.65,1.16,35.09,1.02,0.27,0.85,1.32,false
2025-09-10,"Dinner",668.70,0.00,0.00,281.35,54.63,304.95,0.86,0.47,5.79,2.98,1.28,0.18,237.65,2572.78,59.37,12.80,4.09,18.17,242.07,1.84,10.66,159.24,3.69,517.22,2168.15,4.32,121.95,5.03,105.81,130.37,24.21,7.15,2.71,66.41,24.13,0.00,4.64,4.00,1.33,1.63,1.28,0.04,0.29,0.03,0.00,0.00,1.06,0.00,0.17,0.42,0.87,1.37,2.31,2.14,0.35,1.64,32.11,1.27,0.36,0.88,1.67,false
2025-09-10,"Snacks",450.32,0.00,188.25,33.79,130.91,362.26,0.49,0.68,9.74,1.68,0.38,1.53,46.20,158.06,0.39,115.20,3.11,6.94,479.21,0.27,2.26,180.45,1.95,489.64,787.64,26.17,485.97,2.88,55.55,60.98,5.28,4.18,1.08,23.33,27.41,4.04,13.81,24.10,4.26,2.76,5.09,0.22,0.14,0.13,0.00,0.00,2.50,0.01,2.49,0.19,0.44,0.72,1.40,1.02,0.35,0.79,21.36,0.62,0.22,0.67,0.87,false
2025-09-10,"Bike",147.25,0.00,0.00,39.75,110.75,0.28,0.03,0.05,4.30,0.28,0.10,0.00,24.25,0.00,0.00,0.00,1.35,0.03,12.50,0.14,0.46,48.25,0.42,98.25,163.50,5.05,106.50,0.77,4.04,5.68,1.58,1.48,0.10,0.89,2.62,2.12,12.36,0.00,7.68,2.45,2.10,0.00,0.04,0.04,0.00,0.00,2.44,0.01,2.43,0.06,0.17,0.23,0.47,0.24,0.07,0.38,6.00,0.20,0.06,0.27,0.28,false
2025-09-10,"Total",3042.17,0.00,221.58,557.71,1415.78,1624.87,2.40,2.73,28.97,12.88,3.60,4.47,673.55,3157.52,223.91,346.73,15.01,103.70,1231.01,3.96,21.60,775.38,10.22,2172.31,6671.67,105.27,1624.08,15.98,386.82,467.88,78.78,35.88,17.67,139.03,167.10,11.19,93.10,603.82,39.80,14.21,24.11,0.41,0.96,0.64,0.06,0.01,12.79,0.25,11.61,1.59,2.75,4.54,7.98,6.49,1.86,5.26,121.36,4.05,1.22,3.55,5.55,false
2025-09-11,"Breakfast",568.70,0.00,33.33,153.58,795.05,283.13,0.49,0.42,3.72,2.12,0.53,1.09,62.22,164.37,17.12,88.23,0.73,40.86,308.11,1.06,5.10,234.38,3.18,629.64,1299.81,21.96,149.35,4.07,82.98,97.38,14.36,9.39,4.97,39.53,37.64,5.03,14.09,16.22,4.29,2.00,6.24,0.15,0.13,0.12,0.00,0.00,1.87,0.01,1.86,0.41,0.59,0.96,1.80,1.35,0.39,1.14,23.00,0.85,0.29,0.84,1.24,false
2025-09-11,"Lunch",668.70,0.00,0.00,281.35,54.63,304.95,0.86,0.47,5.79,2.98,1.28,0.18,237.65,2572.78,59.37,12.80,4.09,18.17,242.07,1.84,10.66,159.24,3.69,517.22,2168.15,4.32,121.95,5.03,105.81,130.37,24.21,7.15,2.71,66.41,24.13,0.00,4.64,4.00,1.33,1.63,1.28,0.04,0.29,0.03,0.00,0.00,1.06,0.00,0.17,0.42,0.87,1.37,2.31,2.14,0.35,1.64,32.11,1.27,0.36,0.88,1.67,false
2025-09-11,"Dinner",925.54,0.00,0.00,2.12,230.11,267.28,0.25,1.26,3.25,5.18,0.71,2.22,233.25,310.70,14.36,174.00,5.21,34.87,121.22,0.30,3.38,67.33,0.30,432.13,1079.42,62.25,821.06,3.21,58.77,80.88,22.02,7.05,4.08,0.18,8.33,0.00,52.39,746.00,24.15,5.79,10.70,0.00,0.32,0.23,0.08,0.01,5.38,0.30,5.04,0.63,0.67,1.51,2.38,2.02,0.84,1.49,41.38,1.33,0.35,1.10,1.71,false
2025-09-11,"Snacks",770.10,0.00,0.00,63.91,11.04,587.92,0.39,1.02,1.77,1.97,0.43,2.10,133.00,44.25,196.18,0.00,0.95,0.00,485.00,0.25,0.91,71.40,0.18,462.72,1130.68,32.18,157.40,2.02,140.32,154.55,12.78,3.64,5.04,0.00,110.47,65.70,2.66,15.00,0.21,0.13,0.61,0.02,0.03,0.03,0.00,0.00,0.10,0.00,0.10,0.29,0.95,1.68,3.18,2.68,0.95,1.66,42.45,1.29,0.44,1.60,2.16,false
2025-09-11,"Bike",663.68,0.00,0.00,13.45,7.55,177.71,0.13,0.00,1.56,0.79,0.49,0.00,33.04,2.26,29.03,0.00,0.31,0.24,11.80,0.24,0.00,66.08,0.61,51.92,769.36,0.00,288.00,0.38,81.45,85.48,4.01,2.71,1.30,8.64,61.34,0.00,9.68,0.00,0.08,0.17,6.26,0.00,0.06,0.06,0.00,0.00,0.11,0.00,0.11,0.01,0.12,0.04,0.11,0.08,0.01,0.08,61.75,0.04,0.01,0.01,0.08,false
2025-09-11,"Total",3596.72,0.00,33.33,514.42,1098.39,1620.99,2.12,3.17,16.10,13.04,3.45,5.59,699.15,3094.36,316.06,275.03,11.29,94.14,1168.20,3.69,20.05,598.43,7.95,2093.63,6447.43,120.71,1537.75,14.71,469.33,548.66,77.38,29.95,18.10,114.75,241.90,70.73,83.47,781.22,30.06,9.73,25.10,0.20,0.82,0.48,0.08,0.01,8.52,0.31,7.28,1.76,3.20,5.57,9.78,8.26,2.55,6.02,200.69,4.78,1.44,4.43,6.85,false
2025-09-12,"Breakfast",568.70,0.00,33.33,153.58,795.05,283.13,0.49,0.42,3.72,2.12,0.53,1.09,62.22,164.37,17.12,88.23,0.73,40.86,308.11,1.06,5.10,234.38,3.18,629.64,1299.81,21.96,149.35,4.07,82.98,97.38,14.36,9.39,4.97,39.53,37.64,5.03,14.09,16.22,4.29,2.00,6.24,0.15,0.13,0.12,0.00,0.00,1.87,0.01,1.86,0.41,0.59,0.96,1.80,1.35,0.39,1.14,23.00,0.85,0.29,0.84,1.24,false
2025-09-12,"Lunch",699.93,0.00,0.00,83.78,179.38,567.85,0.49,0.17,8.11,3.13,1.49,0.85,102.90,69.94,32.98,3.03,1.78,23.54,134.83,1.02,5.41,172.20,1.23,438.18,2233.60,12.20,1380.10,3.87,108.21,127.17,18.95,4.64,4.33,90.00,9.55,0.00,10.93,27.23,4.28,1.40,3.90,0.50,0.40,0.39,0.00,0.00,0.72,0.01,0.70,0.10,0.17,0.31,0.45,0.46,0.12,0.33,25.03,0.27,0.12,0.28,0.42,false
2025-09-12,"Dinner",770.54,0.00,0.00,2.12,230.11,192.66,0.19,0.75,3.18,3.79,0.59,1.11,189.25,161.37,14.36,87.00,4.18,34.57,71.22,0.29,2.19,57.33,0.27,260.13,953.42,31.45,697.06,2.16,57.66,79.76,22.02,7.05,4.08,0.18,7.21,0.00,41.78,373.00,20.07,4.38,7.44,0.00,0.25,0.21,0.04,0.01,4.07,0.15,3.89,0.34,0.38,0.82,1.31,1.11,0.45,0.82,28.80,0.72,0.19,0.59,0.94,false
2025-09-12,"Snacks",551.54,0.00,0.00,1.31,0.00,266.12,0.07,0.87,0.71,1.04,0.21,2.10,22.30,3.00,0.33,0.00,0.03,0.00,336.90,0.07,0.48,34.30,0.08,410.60,456.80,30.22,156.80,1.73,94.59,98.95,4.10,0.00,0.00,0.00,63.74,53.38,2.22,15.00,0.13,0.03,0.55,0.02,0.00,0.00,0.00,0.00,0.03,0.00,0.03,0.25,0.88,1.59,3.10,2.50,0.88,1.55,38.95,1.23,0.40,1.54,2.01,false
2025-09-12,"Bike",846.36,0.00,0.00,80.66,106.79,914.43,0.52,0.90,5.29,3.41,0.65,1.11,186.55,279.74,232.69,87.00,6.94,15.41,248.30,0.62,4.28,106.45,0.55,343.27,2013.83,34.10,1265.25,2.24,96.50,117.85,18.55,9.48,9.17,0.44,93.45,0.00,18.51,373.00,4.43,2.04,7.49,0.00,0.12,0.08,0.04,0.01,1.65,0.15,1.49,0.39,0.45,0.88,1.32,1.25,0.51,0.92,61.13,0.79,0.23,0.65,1.04,false
2025-09-12,"Total",3437.07,0.00,33.33,321.44,1311.33,2224.19,1.75,3.11,21.02,13.48,3.48,6.26,563.21,678.42,297.47,265.26,13.65,114.38,1099.35,3.07,17.46,604.66,5.31,2081.81,6957.47,129.94,3648.56,14.08,439.94,521.10,77.98,30.56,22.55,130.15,211.60,58.41,87.54,804.44,33.20,9.85,25.62,0.66,0.90,0.80,0.08,0.01,8.34,0.32,7.98,1.48,2.46,4.56,7.97,6.67,2.35,4.77,176.90,3.86,1.23,3.90,5.65,false
2025-09-13,"Breakfast",568.70,0.00,33.33,153.58,795.05,283.13,0.49,0.42,3.72,2.12,0.53,1.09,62.22,164.37,17.12,88.23,0.73,40.86,308.11,1.06,5.10,234.38,3.18,629.64,1299.81,21.96,149.35,4.07,82.98,97.38,14.36,9.39,4.97,39.53,37.64,5.03,14.09,16.22,4.29,2.00,6.24,0.15,0.13,0.12,0.00,0.00,1.87,0.01,1.86,0.41,0.59,0.96,1.80,1.35,0.39,1.14,23.00,0.85,0.29,0.84,1.24,false
2025-09-13,"Lunch",668.70,0.00,0.00,281.35,54.63,304.95,0.86,0.47,5.79,2.98,1.28,0.18,237.65,2572.78,59.37,12.80,4.09,18.17,242.07,1.84,10.66,159.24,3.69,517.22,2168.15,4.32,121.95,5.03,105.81,130.37,24.21,7.15,2.71,66.41,24.13,0.00,4.64,4.00,1.33,1.63,1.28,0.04,0.29,0.03,0.00,0.00,1.06,0.00,0.17,0.42,0.87,1.37,2.31,2.14,0.35,1.64,32.11,1.27,0.36,0.88,1.67,false
2025-09-13,"Dinner",751.47,0.00,0.00,123.87,648.19,417.91,0.61,0.83,2.83,2.50,0.62,1.11,329.88,271.90,19.58,87.00,3.22,9.52,543.84,0.90,11.17,185.17,2.14,661.33,1486.61,53.15,2127.13,4.53,51.47,74.63,22.81,18.95,2.92,27.27,10.09,0.00,23.56,418.00,6.26,5.18,6.82,0.00,0.66,0.62,0.04,0.01,3.94,0.15,3.78,0.49,1.06,2.13,3.55,2.63,0.78,2.26,63.56,1.85,0.54,1.49,2.43,false
2025-09-13,"Total",1988.87,0.00,33.33,558.81,1497.87,1005.99,1.96,1.72,12.35,7.60,2.43,2.38,629.74,3009.05,96.07,188.03,8.05,68.55,1094.03,3.80,26.93,578.79,9.01,1808.19,4954.57,79.43,2398.42,13.63,240.26,302.38,61.37,35.49,10.60,133.20,71.86,5.03,42.30,438.22,11.88,8.82,14.33,0.18,1.07,0.77,0.04,0.01,6.87,0.16,5.81,1.32,2.52,4.47,7.65,6.11,1.52,5.05,118.68,3.97,1.19,3.21,5.34,false
2025-09-14,"Breakfast",568.70,0.00,33.33,153.58,795.05,283.13,0.49,0.42,3.72,2.12,0.53,1.09,62.22,164.37,17.12,88.23,0.73,40.86,308.11,1.06,5.10,234.38,3.18,629.64,1299.81,21.96,149.35,4.07,82.98,97.38,14.36,9.39,4.97,39.53,37.64,5.03,14.09,16.22,4.29,2.00,6.24,0.15,0.13,0.12,0.00,0.00,1.87,0.01,1.86,0.41,0.59,0.96,1.80,1.35,0.39,1.14,23.00,0.85,0.29,0.84,1.24,false
2025-09-14,"Lunch",684.40,0.00,0.00,38.52,139.33,354.87,0.71,0.31,8.48,1.24,0.57,0.00,108.51,129.59,72.00,0.00,6.26,35.64,280.34,0.54,4.60,147.37,3.61,390.68,1099.14,38.70,1212.02,3.17,68.19,83.97,15.56,7.55,2.03,43.10,19.77,6.15,18.38,0.00,2.85,4.71,7.10,0.02,0.22,0.22,0.00,0.00,2.38,0.01,2.37,0.24,0.26,0.39,0.69,0.34,0.16,0.51,49.05,0.35,0.16,0.31,0.47,false
2025-09-14,"Dinner",795.83,0.00,0.00,0.70,1.00,45.86,0.02,0.04,0.15,0.22,0.04,0.00,48.50,59.33,7.50,0.00,1.05,57.82,80.06,0.04,0.76,23.50,0.16,26.00,184.56,0.15,2269.62,0.24,94.24,95.05,0.80,0.69,0.11,0.00,11.03,0.00,22.96,0.00,4.29,0.78,9.13,0.01,0.13,0.13,0.00,0.00,0.57,0.00,0.57,0.00,0.00,0.00,0.00,0.00,0.00,0.00,49.19,0.00,0.00,0.00,0.00,false
2025-09-14,"Snacks",241.90,0.00,0.00,17.01,44.30,255.11,0.08,0.86,2.35,1.11,0.23,2.10,30.70,3.00,0.00,0.00,0.57,0.01,338.00,0.11,0.40,52.30,0.20,447.30,488.40,31.72,150.60,1.90,12.53,13.19,0.63,0.59,0.04,0.36,10.86,0.85,6.05,15.00,3.20,1.01,1.17,0.02,0.02,0.02,0.00,0.00,1.01,0.00,1.00,0.27,0.95,1.67,3.28,2.59,0.91,1.69,33.30,1.31,0.42,1.64,2.11,false
2025-09-14,"Bike",1064.41,0.00,188.25,31.96,203.68,382.28,0.91,0.87,9.82,1.53,0.24,1.53,168.13,159.19,0.56,115.20,1.65,6.96,393.42,0.16,6.50,123.50,0.55,366.37,748.97,15.45,1740.84,1.80,162.50,175.22,12.71,0.97,1.35,47.86,54.67,18.00,30.39,54.10,8.80,1.75,12.82,0.68,0.13,0.12,0.00,0.00,1.53,0.01,1.52,0.21,0.44,0.75,1.45,1.02,0.38,0.83,27.88,0.66,0.21,0.68,0.89,false
2025-09-14,"Total",3355.23,0.00,221.58,241.78,1183.36,1321.25,2.21,2.51,24.53,6.21,1.60,4.72,418.05,515.48,97.18,203.43,10.26,141.28,1399.93,1.90,17.36,581.05,7.69,1859.99,3820.88,107.98,5522.43,11.17,420.43,464.80,44.06,19.20,8.49,130.84,133.96,30.03,91.88,85.32,23.43,10.25,36.46,0.86,0.62,0.62,0.00,0.00,7.36,0.02,7.33,1.12,2.23,3.78,7.21,5.29,1.84,4.17,182.42,3.16,1.08,3.47,4.72,false
2025-09-15,"Total",,,,,,,,,,,,,,,,,,,,,,,,,,,,,,,,,,,,,,,,,,,,,,,,,,,,,,,,,,,,,,false
2025-09-16,"Total",,,,,,,,,,,,,,,,,,,,,,,,,,,,,,,,,,,,,,,,,,,,,,,,,,,,,,,,,,,,,,false
2025-09-17,"Total",,,,,,,,,,,,,,,,,,,,,,,,,,,,,,,,,,,,,,,,,,,,,,,,,,,,,,,,,,,,,,false
2025-09-18,"'-",1003.05,0.00,0.00,422.03,81.94,457.42,1.29,0.70,8.69,4.48,1.92,0.27,356.47,3859.17,89.06,19.20,6.14,27.26,363.11,2.76,15.98,238.87,5.53,775.83,3252.23,6.48,182.92,7.55,158.72,195.56,36.31,10.72,4.07,99.61,36.19,0.00,6.97,6.00,1.99,2.45,1.92,0.06,0.43,0.05,0.00,0.00,1.59,0.00,0.25,0.64,1.30,2.06,3.47,3.21,0.53,2.47,48.17,1.91,0.54,1.31,2.50,false
2025-09-18,"Breakfast",568.70,0.00,33.33,153.58,795.05,283.13,0.49,0.42,3.72,2.12,0.53,1.09,62.22,164.37,17.12,88.23,0.73,40.86,308.11,1.06,5.10,234.38,3.18,629.64,1299.81,21.96,149.35,4.07,82.98,97.38,14.36,9.39,4.97,39.53,37.64,5.03,14.09,16.22,4.29,2.00,6.24,0.15,0.13,0.12,0.00,0.00,1.87,0.01,1.86,0.41,0.59,0.96,1.80,1.35,0.39,1.14,23.00,0.85,0.29,0.84,1.24,false
2025-09-18,"Lunch",1267.79,0.00,0.00,34.03,458.77,550.06,0.58,1.24,4.75,5.22,1.24,1.67,692.68,305.28,108.18,130.50,5.45,94.67,319.49,1.20,10.71,209.72,3.10,806.49,2031.95,56.32,791.58,6.70,117.57,159.56,41.41,19.64,10.88,39.20,27.85,0.00,49.62,559.50,20.88,7.54,9.24,0.00,0.45,0.38,0.06,0.01,6.40,0.22,6.15,0.78,1.12,2.09,3.38,3.02,0.93,2.32,58.78,1.84,0.49,1.39,2.23,false
2025-09-18,"Snacks",171.77,0.00,0.00,44.18,7.73,339.00,0.26,0.14,1.77,0.84,0.19,0.00,82.48,50.05,145.62,0.00,1.57,3.38,110.84,0.20,0.58,37.46,0.14,62.06,713.26,1.42,0.00,0.40,33.57,42.67,8.00,3.60,4.43,0.00,34.99,0.00,0.63,0.00,0.15,0.18,0.06,0.00,0.02,0.02,0.00,0.00,0.16,0.00,0.16,0.04,0.06,0.09,0.09,0.16,0.06,0.10,3.60,0.06,0.04,0.06,0.13,false
2025-09-18,"Total",3011.31,0.00,33.33,653.83,1343.50,1629.61,2.61,2.51,18.93,12.66,3.88,3.03,1193.84,4378.87,359.98,237.93,13.89,166.16,1101.55,5.23,32.38,720.42,11.95,2274.02,7297.24,86.18,1123.85,18.72,392.83,495.17,100.08,43.36,24.34,178.33,136.67,5.03,71.31,581.72,27.31,12.18,17.46,0.20,1.02,0.58,0.06,0.01,10.02,0.23,8.42,1.86,3.08,5.20,8.73,7.74,1.91,6.03,133.55,4.65,1.35,3.61,6.11,false
2025-09-19,"Lunch",300.30,0.00,0.00,31.78,116.92,31.33,0.33,0.15,4.82,0.63,0.21,0.00,42.02,0.13,0.00,0.00,3.01,6.27,133.54,0.22,2.14,76.25,1.90,202.01,257.19,20.96,367.14,1.66,40.81,46.23,5.28,4.18,1.08,23.33,14.24,4.04,7.77,0.00,3.01,2.49,1.58,0.02,0.11,0.11,0.00,0.00,2.34,0.00,2.33,0.13,0.17,0.24,0.47,0.20,0.10,0.34,12.11,0.19,0.10,0.22,0.29,false
2025-09-19,"Total",300.30,0.00,0.00,31.78,116.92,31.33,0.33,0.15,4.82,0.63,0.21,0.00,42.02,0.13,0.00,0.00,3.01,6.27,133.54,0.22,2.14,76.25,1.90,202.01,257.19,20.96,367.14,1.66,40.81,46.23,5.28,4.18,1.08,23.33,14.24,4.04,7.77,0.00,3.01,2.49,1.58,0.02,0.11,0.11,0.00,0.00,2.34,0.00,2.33,0.13,0.17,0.24,0.47,0.20,0.10,0.34,12.11,0.19,0.10,0.22,0.29,false
2025-09-20,"Total",,,,,,,,,,,,,,,,,,,,,,,,,,,,,,,,,,,,,,,,,,,,,,,,,,,,,,,,,,,,,,false
2025-09-21,"Total",,,,,,,,,,,,,,,,,,,,,,,,,,,,,,,,,,,,,,,,,,,,,,,,,,,,,,,,,,,,,,false
2025-09-22,"Total",,,,,,,,,,,,,,,,,,,,,,,,,,,,,,,,,,,,,,,,,,,,,,,,,,,,,,,,,,,,,,false
2025-09-23,"Total",,,,,,,,,,,,,,,,,,,,,,,,,,,,,,,,,,,,,,,,,,,,,,,,,,,,,,,,,,,,,,false
2025-09-24,"Total",,,,,,,,,,,,,,,,,,,,,,,,,,,,,,,,,,,,,,,,,,,,,,,,,,,,,,,,,,,,,,false
2025-09-25,"Total",,,,,,,,,,,,,,,,,,,,,,,,,,,,,,,,,,,,,,,,,,,,,,,,,,,,,,,,,,,,,,false
2025-09-26,"Lunch",787.87,0.00,0.00,34.21,19.05,253.80,1.85,0.88,20.42,0.78,0.26,0.00,734.23,60.94,17.50,0.00,4.90,7.48,109.82,0.33,9.71,41.24,0.29,68.86,1688.92,1.81,1714.04,0.56,127.52,150.29,22.73,3.17,1.78,0.48,16.05,0.00,9.53,0.00,3.96,0.75,0.79,0.00,0.04,0.04,0.00,0.00,0.41,0.00,0.41,0.04,0.06,0.08,0.12,0.12,0.03,0.11,39.06,0.11,0.03,0.06,0.08,false
2025-09-26,"Total",787.87,0.00,0.00,34.21,19.05,253.80,1.85,0.88,20.42,0.78,0.26,0.00,734.23,60.94,17.50,0.00,4.90,7.48,109.82,0.33,9.71,41.24,0.29,68.86,1688.92,1.81,1714.04,0.56,127.52,150.29,22.73,3.17,1.78,0.48,16.05,0.00,9.53,0.00,3.96,0.75,0.79,0.00,0.04,0.04,0.00,0.00,0.41,0.00,0.41,0.04,0.06,0.08,0.12,0.12,0.03,0.11,39.06,0.11,0.03,0.06,0.08,false
2025-09-27,"Total",,,,,,,,,,,,,,,,,,,,,,,,,,,,,,,,,,,,,,,,,,,,,,,,,,,,,,,,,,,,,,false
2025-09-28,"Total",,,,,,,,,,,,,,,,,,,,,,,,,,,,,,,,,,,,,,,,,,,,,,,,,,,,,,,,,,,,,,false
2025-09-29,"Total",,,,,,,,,,,,,,,,,,,,,,,,,,,,,,,,,,,,,,,,,,,,,,,,,,,,,,,,,,,,,,false
2025-09-30,"Breakfast",1021.00,0.00,33.33,185.37,911.98,314.46,0.82,0.57,8.54,2.74,0.75,1.09,104.23,164.51,17.12,88.23,3.74,47.12,441.65,1.28,7.25,310.63,5.08,831.65,1557.00,42.92,612.50,5.73,134.19,154.00,19.64,13.58,6.05,62.86,59.88,9.07,24.86,16.22,7.30,4.49,9.82,0.16,0.24,0.24,0.00,0.00,4.21,0.01,4.20,0.54,0.76,1.20,2.27,1.54,0.49,1.49,55.11,1.04,0.38,1.06,1.54,false
2025-09-30,"Lunch",872.58,0.00,0.00,98.52,924.19,380.21,0.93,0.55,12.39,2.67,0.80,0.00,165.54,55.14,17.50,0.00,8.05,21.42,347.33,1.22,10.09,276.26,5.90,718.40,1808.09,49.45,2449.84,6.23,101.26,122.28,20.59,14.89,5.80,72.34,22.16,6.15,15.66,0.00,1.32,3.47,6.81,0.02,0.26,0.26,0.00,0.00,2.90,0.01,2.90,0.54,0.74,1.15,2.03,1.21,0.43,1.44,66.81,1.01,0.37,0.88,1.32,false
2025-09-30,"Dinner",668.70,0.00,0.00,281.35,54.63,304.95,0.86,0.47,5.79,2.98,1.28,0.18,237.65,2572.78,59.37,12.80,4.09,18.17,242.07,1.84,10.66,159.24,3.69,517.22,2168.15,4.32,121.95,5.03,105.81,130.37,24.21,7.15,2.71,66.41,24.13,0.00,4.64,4.00,1.33,1.63,1.28,0.04,0.29,0.03,0.00,0.00,1.06,0.00,0.17,0.42,0.87,1.37,2.31,2.14,0.35,1.64,32.11,1.27,0.36,0.88,1.67,false
2025-09-30,"Total",2562.27,0.00,33.33,565.24,1890.80,999.61,2.61,1.59,26.73,8.40,2.82,1.27,507.42,2792.43,93.99,101.03,15.88,86.71,1031.06,4.34,28.00,746.13,14.66,2067.27,5533.24,96.69,3184.29,16.99,341.26,406.66,64.44,35.61,14.56,201.60,106.17,15.22,45.17,20.22,9.95,9.60,17.90,0.21,0.79,0.54,0.00,0.00,8.17,0.02,7.26,1.50,2.36,3.72,6.61,4.89,1.28,4.57,154.03,3.32,1.12,2.82,4.52,false
2025-10-01,"Breakfast",568.70,0.00,33.33,153.58,795.05,283.13,0.49,0.42,3.72,2.12,0.53,1.09,62.22,164.37,17.12,88.23,0.73,40.86,308.11,1.06,5.10,234.38,3.18,629.64,1299.81,21.96,149.35,4.07,82.98,97.38,14.36,9.39,4.97,39.53,37.64,5.03,14.09,16.22,4.29,2.00,6.24,0.15,0.13,0.12,0.00,0.00,1.87,0.01,1.86,0.41,0.59,0.96,1.80,1.35,0.39,1.14,23.00,0.85,0.29,0.84,1.24,false
2025-10-01,"Lunch",848.04,0.00,0.00,2.12,230.11,229.97,0.22,1.00,3.22,4.48,0.65,1.67,211.25,236.04,14.36,130.50,4.69,34.72,96.22,0.30,2.78,62.33,0.28,346.13,1016.42,46.85,759.06,2.68,58.21,80.32,22.02,7.05,4.08,0.18,7.77,0.00,47.08,559.50,22.11,5.08,9.07,0.00,0.28,0.22,0.06,0.01,4.73,0.22,4.46,0.48,0.53,1.16,1.84,1.57,0.65,1.16,35.09,1.02,0.27,0.85,1.32,false
2025-10-01,"Dinner",501.27,0.00,0.00,31.07,632.89,529.75,0.31,0.36,3.03,1.16,0.71,0.00,236.55,218.23,147.43,0.00,3.66,24.91,712.68,1.16,6.00,163.35,2.33,458.77,1169.48,35.34,43.93,3.12,59.38,69.88,9.44,5.61,3.90,1.92,57.07,0.00,15.40,0.00,4.31,5.77,3.01,0.00,0.76,0.76,0.00,0.00,4.86,0.00,4.86,0.10,0.82,1.59,2.62,1.80,0.40,1.56,33.36,1.49,0.46,1.28,1.68,false
2025-10-01,"Total",1918.01,0.00,33.33,186.78,1658.06,1042.86,1.02,1.79,9.97,7.76,1.90,2.76,510.02,618.64,178.91,218.73,9.08,100.49,1117.01,2.51,13.88,460.05,5.79,1434.54,3485.71,104.15,952.34,9.88,200.57,247.58,45.82,22.06,12.95,41.63,102.48,5.03,76.58,575.72,30.71,12.86,18.32,0.15,1.17,1.11,0.06,0.01,11.46,0.23,11.19,0.99,1.94,3.72,6.26,4.71,1.44,3.86,91.45,3.37,1.02,2.98,4.25,false
2025-10-02,"Total",,,,,,,,,,,,,,,,,,,,,,,,,,,,,,,,,,,,,,,,,,,,,,,,,,,,,,,,,,,,,,false
2025-10-03,"Total",,,,,,,,,,,,,,,,,,,,,,,,,,,,,,,,,,,,,,,,,,,,,,,,,,,,,,,,,,,,,,false
2025-10-04,"Total",,,,,,,,,,,,,,,,,,,,,,,,,,,,,,,,,,,,,,,,,,,,,,,,,,,,,,,,,,,,,,false
2025-10-05,"Total",,,,,,,,,,,,,,,,,,,,,,,,,,,,,,,,,,,,,,,,,,,,,,,,,,,,,,,,,,,,,,false
2025-10-06,"Total",,,,,,,,,,,,,,,,,,,,,,,,,,,,,,,,,,,,,,,,,,,,,,,,,,,,,,,,,,,,,,false
2025-10-07,"Total",,,,,,,,,,,,,,,,,,,,,,,,,,,,,,,,,,,,,,,,,,,,,,,,,,,,,,,,,,,,,,false
2025-10-08,"Total",,,,,,,,,,,,,,,,,,,,,,,,,,,,,,,,,,,,,,,,,,,,,,,,,,,,,,,,,,,,,,false
2025-10-09,"Total",,,,,,,,,,,,,,,,,,,,,,,,,,,,,,,,,,,,,,,,,,,,,,,,,,,,,,,,,,,,,,false
2025-10-10,"Total",,,,,,,,,,,,,,,,,,,,,,,,,,,,,,,,,,,,,,,,,,,,,,,,,,,,,,,,,,,,,,false
2025-10-11,"Total",,,,,,,,,,,,,,,,,,,,,,,,,,,,,,,,,,,,,,,,,,,,,,,,,,,,,,,,,,,,,,false
2025-10-12,"Total",,,,,,,,,,,,,,,,,,,,,,,,,,,,,,,,,,,,,,,,,,,,,,,,,,,,,,,,,,,,,,false
2025-10-13,"Total",,,,,,,,,,,,,,,,,,,,,,,,,,,,,,,,,,,,,,,,,,,,,,,,,,,,,,,,,,,,,,false
2025-10-14,"Lunch",1087.59,0.00,0.00,26.47,271.11,502.19,0.30,1.94,4.76,5.42,0.95,1.87,225.25,236.62,26.36,130.50,4.75,35.25,132.97,0.52,4.61,117.08,0.59,456.88,1947.17,87.43,1198.56,3.56,79.01,103.53,24.42,8.85,4.68,13.22,10.35,0.00,50.26,559.50,22.11,5.13,10.90,0.00,0.29,0.23,0.06,0.01,4.73,0.22,4.46,1.15,1.14,2.60,4.23,3.51,1.77,2.86,64.06,2.36,0.72,1.96,3.16,false
2025-10-14,"Dinner",704.17,0.00,0.00,468.64,1174.63,498.59,1.03,0.70,8.48,4.77,1.59,0.00,374.17,3396.52,80.42,0.00,4.75,14.97,371.87,1.72,11.81,329.48,4.48,759.52,3801.70,15.73,1413.35,5.48,96.38,132.93,35.72,27.70,8.06,48.23,32.85,0.00,2.33,0.00,0.36,1.42,0.44,0.00,0.30,0.30,0.00,0.00,0.37,0.00,0.37,0.50,1.11,1.88,3.21,2.56,0.61,2.34,43.37,1.79,0.62,1.31,2.26,false
2025-10-14,"Total",1791.77,0.00,0.00,495.11,1445.75,1000.77,1.33,2.64,13.25,10.20,2.54,1.87,599.42,3633.14,106.78,130.50,9.50,50.22,504.84,2.23,16.42,446.56,5.07,1216.40,5748.87,103.15,2611.91,9.04,175.39,236.46,60.13,36.56,12.74,61.45,43.20,0.00,52.60,559.50,22.47,6.54,11.33,0.00,0.60,0.53,0.06,0.01,5.10,0.22,4.83,1.64,2.25,4.48,7.45,6.07,2.38,5.20,107.43,4.15,1.33,3.27,5.43,false
2025-10-15,"Total",,,,,,,,,,,,,,,,,,,,,,,,,,,,,,,,,,,,,,,,,,,,,,,,,,,,,,,,,,,,,,false
2025-10-16,"Total",,,,,,,,,,,,,,,,,,,,,,,,,,,,,,,,,,,,,,,,,,,,,,,,,,,,,,,,,,,,,,false
2025-10-17,"Total",,,,,,,,,,,,,,,,,,,,,,,,,,,,,,,,,,,,,,,,,,,,,,,,,,,,,,,,,,,,,,false
2025-10-18,"Total",,,,,,,,,,,,,,,,,,,,,,,,,,,,,,,,,,,,,,,,,,,,,,,,,,,,,,,,,,,,,,false
2025-10-19,"'-",568.70,0.00,33.33,153.58,795.05,283.13,0.49,0.42,3.72,2.12,0.53,1.09,62.22,164.37,17.12,88.23,0.73,40.86,308.11,1.06,5.10,234.38,3.18,629.64,1299.81,21.96,149.35,4.07,82.98,97.38,14.36,9.39,4.97,39.53,37.64,5.03,14.09,16.22,4.29,2.00,6.24,0.15,0.13,0.12,0.00,0.00,1.87,0.01,1.86,0.41,0.59,0.96,1.80,1.35,0.39,1.14,23.00,0.85,0.29,0.84,1.24,false
2025-10-19,"Breakfast",615.85,0.00,0.00,74.00,110.98,405.72,0.75,0.45,4.76,1.47,0.80,0.18,347.51,1075.86,19.68,12.80,3.75,61.07,231.02,1.52,10.22,140.08,2.78,519.30,1566.36,5.95,524.01,5.21,91.49,115.57,23.60,7.78,1.47,64.36,20.72,0.00,7.16,4.00,2.11,2.66,1.70,0.04,0.36,0.11,0.00,0.00,1.34,0.00,0.46,0.50,0.93,1.41,2.68,2.45,0.39,1.62,33.14,1.31,0.31,0.98,1.66,false
2025-10-19,"Lunch",394.47,0.00,0.00,116.86,758.70,89.55,0.48,0.16,1.36,0.83,0.32,0.00,267.63,0.50,1.24,0.00,2.00,9.98,160.08,0.66,5.82,147.93,1.73,375.64,1160.38,9.48,537.51,2.82,25.44,43.84,18.09,15.52,2.58,21.61,2.89,0.00,14.60,0.00,10.09,2.20,2.03,0.02,0.36,0.36,0.00,0.00,1.60,0.00,1.60,0.25,0.64,1.10,1.92,1.52,0.33,1.31,23.82,0.92,0.31,0.74,1.31,false
2025-10-19,"Dinner",276.96,0.00,0.00,66.36,141.04,490.36,0.35,0.20,1.22,1.04,0.30,0.00,116.40,46.66,204.98,0.00,1.34,4.40,159.20,0.22,0.61,46.80,0.16,73.52,880.08,1.84,2.00,0.34,54.67,70.86,13.45,6.98,6.50,0.10,55.19,0.00,0.78,0.00,0.10,0.19,0.11,0.00,0.04,0.04,0.00,0.00,0.15,0.00,0.15,0.04,0.08,0.10,0.11,0.20,0.08,0.13,3.98,0.07,0.04,0.06,0.17,false
2025-10-19,"Total",1855.98,0.00,33.33,410.80,1805.78,1268.77,2.07,1.23,11.06,5.45,1.96,1.27,793.76,1287.40,243.02,101.03,7.82,116.30,858.41,3.47,21.75,569.19,7.85,1598.09,4906.63,39.23,1212.87,12.44,254.58,327.65,69.50,39.68,15.51,125.59,116.45,5.03,36.64,20.22,16.59,7.06,10.08,0.21,0.89,0.64,0.00,0.00,4.97,0.01,4.07,1.20,2.24,3.58,6.51,5.52,1.18,4.20,83.94,3.15,0.94,2.62,4.38,false
2025-10-20,"Total",,,,,,,,,,,,,,,,,,,,,,,,,,,,,,,,,,,,,,,,,,,,,,,,,,,,,,,,,,,,,,false
2025-10-21,"Lunch",554.80,0.00,0.00,2317.78,274.84,565.69,0.55,0.74,3.06,1.48,1.01,0.54,664.65,659.15,75.71,38.40,5.62,977.68,407.60,1.11,9.80,332.45,3.53,632.95,2092.35,11.66,533.90,5.24,64.57,88.91,23.85,15.72,8.15,39.35,23.61,0.00,10.89,12.00,2.16,3.48,2.77,0.11,0.55,0.55,0.00,0.00,2.23,0.00,2.22,0.39,0.84,1.42,2.35,2.14,0.48,1.61,32.22,1.24,0.35,0.94,1.47,false
2025-10-21,"Total",554.80,0.00,0.00,2317.78,274.84,565.69,0.55,0.74,3.06,1.48,1.01,0.54,664.65,659.15,75.71,38.40,5.62,977.68,407.60,1.11,9.80,332.45,3.53,632.95,2092.35,11.66,533.90,5.24,64.57,88.91,23.85,15.72,8.15,39.35,23.61,0.00,10.89,12.00,2.16,3.48,2.77,0.11,0.55,0.55,0.00,0.00,2.23,0.00,2.22,0.39,0.84,1.42,2.35,2.14,0.48,1.61,32.22,1.24,0.35,0.94,1.47,false
2025-10-22,"Total",,,,,,,,,,,,,,,,,,,,,,,,,,,,,,,,,,,,,,,,,,,,,,,,,,,,,,,,,,,,,,false
2025-10-23,"Total",,,,,,,,,,,,,,,,,,,,,,,,,,,,,,,,,,,,,,,,,,,,,,,,,,,,,,,,,,,,,,false
2025-10-24,"Breakfast",568.70,0.00,33.33,153.58,795.05,283.13,0.49,0.42,3.72,2.12,0.53,1.09,62.22,164.37,17.12,88.23,0.73,40.86,308.11,1.06,5.10,234.38,3.18,629.64,1299.81,21.96,149.35,4.07,82.98,97.38,14.36,9.39,4.97,39.53,37.64,5.03,14.09,16.22,4.29,2.00,6.24,0.15,0.13,0.12,0.00,0.00,1.87,0.01,1.86,0.41,0.59,0.96,1.80,1.35,0.39,1.14,23.00,0.85,0.29,0.84,1.24,false
2025-10-24,"Lunch",710.86,0.00,0.00,55.12,798.74,647.12,0.51,1.12,9.40,4.16,0.69,1.67,132.64,299.73,26.55,130.50,6.75,14.80,153.60,0.96,8.30,195.72,3.50,733.00,1532.68,57.71,1881.49,6.15,87.94,104.07,15.69,11.65,4.10,57.29,30.88,0.00,19.68,559.50,6.82,3.92,5.47,0.00,0.19,0.13,0.06,0.01,3.43,0.22,3.19,0.84,0.90,1.70,2.86,1.93,0.89,1.89,38.32,1.49,0.41,1.23,1.96,false
2025-10-24,"Total",1279.56,0.00,33.33,208.70,1593.80,930.25,1.00,1.54,13.13,6.28,1.22,2.76,194.86,464.10,43.67,218.73,7.47,55.66,461.72,2.03,13.40,430.10,6.68,1362.64,2832.49,79.67,2030.84,10.22,170.92,201.45,30.05,21.05,9.07,96.82,68.53,5.03,33.77,575.72,11.11,5.92,11.71,0.15,0.32,0.25,0.06,0.01,5.30,0.23,5.05,1.24,1.49,2.66,4.66,3.27,1.28,3.04,61.32,2.34,0.69,2.08,3.20,false
2025-10-25,"Total",,,,,,,,,,,,,,,,,,,,,,,,,,,,,,,,,,,,,,,,,,,,,,,,,,,,,,,,,,,,,,false
2025-10-26,"Total",,,,,,,,,,,,,,,,,,,,,,,,,,,,,,,,,,,,,,,,,,,,,,,,,,,,,,,,,,,,,,false
2025-10-27,"Breakfast",568.70,0.00,33.33,153.58,795.05,283.13,0.49,0.42,3.72,2.12,0.53,1.09,62.22,164.37,17.12,88.23,0.73,40.86,308.11,1.06,5.10,234.38,3.18,629.64,1299.81,21.96,149.35,4.07,82.98,97.38,14.36,9.39,4.97,39.53,37.64,5.03,14.09,16.22,4.29,2.00,6.24,0.15,0.13,0.12,0.00,0.00,1.87,0.01,1.86,0.41,0.59,0.96,1.80,1.35,0.39,1.14,23.00,0.85,0.29,0.84,1.24,false
2025-10-27,"Lunch",659.95,0.00,0.00,50.42,121.35,467.91,0.65,0.78,7.63,2.14,0.63,1.00,125.70,293.97,63.60,0.00,6.48,118.54,491.79,0.58,4.83,155.80,3.38,626.80,1231.79,57.27,1164.99,3.91,59.75,73.05,13.12,6.28,1.85,37.50,17.70,5.33,22.13,24.00,7.72,4.89,6.50,0.03,0.31,0.31,0.00,0.00,2.82,0.01,2.81,0.33,0.85,1.49,2.75,2.08,0.65,1.55,45.07,1.26,0.43,1.43,1.83,false
2025-10-27,"Dinner",1199.60,0.00,0.00,119.91,287.34,996.09,0.95,2.06,6.79,4.66,1.67,2.47,319.17,747.00,56.97,99.80,5.43,19.72,464.47,2.16,15.90,236.33,3.40,1054.10,3625.47,77.47,472.67,8.71,164.77,195.29,28.66,10.51,3.80,81.95,65.44,18.00,16.27,384.50,5.50,3.04,4.77,0.04,0.39,0.10,0.04,0.01,2.48,0.15,1.43,1.26,2.01,3.80,6.49,5.66,1.90,4.11,76.96,3.26,0.97,2.95,4.62,false
2025-10-27,"Total",2428.25,0.00,33.33,323.91,1203.75,1747.13,2.09,3.26,18.15,8.92,2.84,4.57,507.08,1205.34,137.69,188.03,12.64,179.12,1264.37,3.80,25.84,626.51,9.96,2310.54,6157.07,156.70,1787.01,16.69,307.50,365.73,56.14,26.19,10.62,158.98,120.79,28.36,52.49,424.72,17.51,9.94,17.51,0.22,0.83,0.54,0.04,0.01,7.16,0.16,6.10,1.99,3.46,6.25,11.03,9.08,2.94,6.81,145.02,5.37,1.69,5.22,7.69,false
2025-10-28,"Lunch",70.00,,,,,324.28,0.12,0.30,1.26,0.57,0.30,,31.50,1071.00,63.00,,6.61,1145.55,203.00,0.57,7.91,301.00,1.17,115.50,1921.50,3.15,1452.50,1.16,7.11,14.46,7.35,,,3.26,3.85,,0.28,,,,,,,,,,,,,,0.13,0.54,0.47,0.36,0.07,0.40,6.58,0.30,0.06,,0.40,false
2025-10-28,"Total",70.00,,,,,324.28,0.12,0.30,1.26,0.57,0.30,,31.50,1071.00,63.00,,6.61,1145.55,203.00,0.57,7.91,301.00,1.17,115.50,1921.50,3.15,1452.50,1.16,7.11,14.46,7.35,,,3.26,3.85,,0.28,,,,,,,,,,,,,,0.13,0.54,0.47,0.36,0.07,0.40,6.58,0.30,0.06,,0.40,false
2025-10-29,"Total",,,,,,,,,,,,,,,,,,,,,,,,,,,,,,,,,,,,,,,,,,,,,,,,,,,,,,,,,,,,,,false
2025-10-30,"Breakfast",631.11,0.00,33.33,164.65,973.52,283.44,0.56,0.47,6.26,2.37,0.58,1.09,85.52,164.84,17.12,88.23,0.98,41.85,319.81,1.26,5.67,273.42,3.69,721.97,1473.13,23.20,253.40,4.63,87.21,103.18,15.91,10.53,5.38,40.15,40.84,7.45,15.83,16.22,5.25,2.37,6.52,0.15,0.14,0.13,0.00,0.00,2.22,0.01,2.22,0.48,0.77,1.25,2.28,1.66,0.48,1.52,29.92,1.10,0.35,1.11,1.56,false
2025-10-30,"Lunch",913.43,0.00,0.00,3.40,1.00,54.86,0.03,0.14,0.23,0.35,0.06,0.36,50.60,121.28,7.50,5.70,1.12,58.33,435.26,0.05,1.01,36.70,0.17,234.20,212.16,6.90,2622.12,1.06,95.21,96.02,0.80,0.69,0.11,0.00,11.99,0.00,30.46,20.40,6.55,0.95,13.85,0.25,0.22,0.22,0.00,0.00,0.58,0.00,0.58,0.07,0.42,0.57,1.04,0.99,0.29,0.58,59.92,0.40,0.14,0.60,0.74,false
2025-10-30,"Dinner",1044.20,0.00,0.00,23.58,297.75,872.76,1.13,2.05,5.29,3.58,0.98,2.97,331.70,934.00,28.29,99.80,3.00,41.58,451.20,1.51,10.88,157.40,2.39,935.61,1931.94,87.54,583.71,6.85,124.89,149.75,22.13,8.53,3.89,63.63,50.92,0.00,15.96,388.00,4.99,3.03,4.73,0.05,0.40,0.13,0.04,0.01,2.34,0.15,1.38,1.32,2.16,4.08,7.11,6.03,2.11,4.35,81.64,3.55,1.00,3.17,4.96,false
2025-10-30,"Snacks",399.02,0.00,0.00,17.05,345.13,6.04,0.09,0.06,1.23,0.53,0.12,0.00,18.25,0.19,18.13,0.00,0.37,1.67,17.29,0.26,1.73,59.47,1.41,226.01,215.51,4.65,247.12,1.73,62.32,66.96,4.42,3.76,0.61,25.07,34.61,20.53,4.21,0.00,0.22,0.62,2.20,0.00,0.03,0.03,0.00,0.00,0.58,0.00,0.58,0.15,0.17,0.26,0.50,0.19,0.12,0.34,26.85,0.21,0.06,0.18,0.32,false
2025-10-30,"Total",2987.76,0.00,33.33,208.69,1617.40,1217.09,1.81,2.72,13.02,6.84,1.75,4.42,486.06,1220.32,71.03,193.73,5.47,143.43,1223.56,3.08,19.29,526.99,7.65,2117.79,3832.74,122.29,3706.35,14.27,369.63,415.91,43.27,23.51,9.99,128.86,138.36,27.98,66.45,424.62,17.00,6.96,27.30,0.44,0.78,0.51,0.04,0.01,5.72,0.16,4.75,2.02,3.50,6.15,10.93,8.88,2.99,6.80,198.32,5.26,1.56,5.05,7.57,false
2025-10-31,"Total",,,,,,,,,,,,,,,,,,,,,,,,,,,,,,,,,,,,,,,,,,,,,,,,,,,,,,,,,,,,,,false
2025-11-01,"Total",,,,,,,,,,,,,,,,,,,,,,,,,,,,,,,,,,,,,,,,,,,,,,,,,,,,,,,,,,,,,,false
2025-11-02,"Total",,,,,,,,,,,,,,,,,,,,,,,,,,,,,,,,,,,,,,,,,,,,,,,,,,,,,,,,,,,,,,false
2025-11-03,"Total",,,,,,,,,,,,,,,,,,,,,,,,,,,,,,,,,,,,,,,,,,,,,,,,,,,,,,,,,,,,,,false
2025-11-04,"Total",,,,,,,,,,,,,,,,,,,,,,,,,,,,,,,,,,,,,,,,,,,,,,,,,,,,,,,,,,,,,,false
2025-11-05,"Total",,,,,,,,,,,,,,,,,,,,,,,,,,,,,,,,,,,,,,,,,,,,,,,,,,,,,,,,,,,,,,false
2025-11-06,"Lunch",221.67,0.00,0.00,2336.64,94.13,312.83,0.23,0.61,2.56,0.57,0.82,0.00,297.16,851.42,232.82,0.00,8.85,1062.72,186.07,0.32,3.36,221.43,1.32,143.94,1259.72,0.21,215.07,1.35,9.05,14.46,5.28,3.55,1.73,0.38,6.06,0.00,16.87,0.00,11.06,2.50,2.24,0.02,0.62,0.62,0.00,0.00,1.74,0.00,1.74,0.11,0.18,0.38,0.60,0.45,0.13,0.40,8.31,0.34,0.11,0.28,0.43,false
2025-11-06,"Total",221.67,0.00,0.00,2336.64,94.13,312.83,0.23,0.61,2.56,0.57,0.82,0.00,297.16,851.42,232.82,0.00,8.85,1062.72,186.07,0.32,3.36,221.43,1.32,143.94,1259.72,0.21,215.07,1.35,9.05,14.46,5.28,3.55,1.73,0.38,6.06,0.00,16.87,0.00,11.06,2.50,2.24,0.02,0.62,0.62,0.00,0.00,1.74,0.00,1.74,0.11,0.18,0.38,0.60,0.45,0.13,0.40,8.31,0.34,0.11,0.28,0.43,false
2025-11-07,"Total",,,,,,,,,,,,,,,,,,,,,,,,,,,,,,,,,,,,,,,,,,,,,,,,,,,,,,,,,,,,,,false
2025-11-08,"Snacks",764.20,0.00,0.00,2517.05,498.83,661.42,0.71,0.80,6.51,2.61,1.70,0.18,683.90,627.85,103.20,12.80,10.00,997.28,477.50,1.72,17.38,445.20,5.85,824.37,3529.40,18.90,273.87,7.89,100.22,140.61,39.91,19.94,9.32,73.18,21.67,0.00,11.65,4.00,3.43,4.06,1.90,0.04,0.61,0.61,0.00,0.00,2.59,0.00,2.59,0.46,0.91,1.58,2.53,2.31,0.52,1.78,36.40,1.33,0.40,1.05,1.70,false
2025-11-08,"Total",764.20,0.00,0.00,2517.05,498.83,661.42,0.71,0.80,6.51,2.61,1.70,0.18,683.90,627.85,103.20,12.80,10.00,997.28,477.50,1.72,17.38,445.20,5.85,824.37,3529.40,18.90,273.87,7.89,100.22,140.61,39.91,19.94,9.32,73.18,21.67,0.00,11.65,4.00,3.43,4.06,1.90,0.04,0.61,0.61,0.00,0.00,2.59,0.00,2.59,0.46,0.91,1.58,2.53,2.31,0.52,1.78,36.40,1.33,0.40,1.05,1.70,false
2025-11-09,"Total",,,,,,,,,,,,,,,,,,,,,,,,,,,,,,,,,,,,,,,,,,,,,,,,,,,,,,,,,,,,,,false
2025-11-10,"Total",,,,,,,,,,,,,,,,,,,,,,,,,,,,,,,,,,,,,,,,,,,,,,,,,,,,,,,,,,,,,,false
2025-11-11,"Total",,,,,,,,,,,,,,,,,,,,,,,,,,,,,,,,,,,,,,,,,,,,,,,,,,,,,,,,,,,,,,false
2025-11-12,"Total",,,,,,,,,,,,,,,,,,,,,,,,,,,,,,,,,,,,,,,,,,,,,,,,,,,,,,,,,,,,,,false
2025-11-13,"Total",,,,,,,,,,,,,,,,,,,,,,,,,,,,,,,,,,,,,,,,,,,,,,,,,,,,,,,,,,,,,,false
2025-11-14,"Total",,,,,,,,,,,,,,,,,,,,,,,,,,,,,,,,,,,,,,,,,,,,,,,,,,,,,,,,,,,,,,false
2025-11-15,"Total",,,,,,,,,,,,,,,,,,,,,,,,,,,,,,,,,,,,,,,,,,,,,,,,,,,,,,,,,,,,,,false
2025-11-16,"Total",,,,,,,,,,,,,,,,,,,,,,,,,,,,,,,,,,,,,,,,,,,,,,,,,,,,,,,,,,,,,,false
2025-11-17,"Total",,,,,,,,,,,,,,,,,,,,,,,,,,,,,,,,,,,,,,,,,,,,,,,,,,,,,,,,,,,,,,false
2025-11-18,"Total",,,,,,,,,,,,,,,,,,,,,,,,,,,,,,,,,,,,,,,,,,,,,,,,,,,,,,,,,,,,,,false
2025-11-19,"Total",,,,,,,,,,,,,,,,,,,,,,,,,,,,,,,,,,,,,,,,,,,,,,,,,,,,,,,,,,,,,,false
2025-11-20,"Breakfast",568.70,0.00,33.33,153.58,795.05,283.13,0.49,0.42,3.72,2.12,0.53,1.09,62.22,164.37,17.12,88.23,0.73,40.86,308.11,1.06,5.10,234.38,3.18,629.64,1299.81,21.96,149.35,4.07,82.98,97.38,14.36,9.39,4.97,39.53,37.64,5.03,14.09,16.22,4.29,2.00,6.24,0.15,0.13,0.12,0.00,0.00,1.87,0.01,1.86,0.41,0.59,0.96,1.80,1.35,0.39,1.14,23.00,0.85,0.29,0.84,1.24,false
2025-11-20,"Total",568.70,0.00,33.33,153.58,795.05,283.13,0.49,0.42,3.72,2.12,0.53,1.09,62.22,164.37,17.12,88.23,0.73,40.86,308.11,1.06,5.10,234.38,3.18,629.64,1299.81,21.96,149.35,4.07,82.98,97.38,14.36,9.39,4.97,39.53,37.64,5.03,14.09,16.22,4.29,2.00,6.24,0.15,0.13,0.12,0.00,0.00,1.87,0.01,1.86,0.41,0.59,0.96,1.80,1.35,0.39,1.14,23.00,0.85,0.29,0.84,1.24,false
2025-11-21,"Total",,,,,,,,,,,,,,,,,,,,,,,,,,,,,,,,,,,,,,,,,,,,,,,,,,,,,,,,,,,,,,false
2025-11-22,"Lunch",826.40,0.00,0.00,77.37,336.61,563.68,0.73,0.97,6.92,3.39,0.98,1.11,540.50,253.25,30.26,87.00,7.08,104.92,371.80,1.39,12.83,234.50,4.64,826.10,1875.20,59.60,1507.30,6.79,91.06,119.31,27.67,18.13,9.61,59.73,28.23,2.87,20.17,373.00,6.04,5.67,4.56,0.01,0.35,0.30,0.04,0.01,4.48,0.15,4.31,0.72,1.06,1.86,3.04,2.61,0.77,2.16,47.04,1.66,0.47,1.25,1.97,false
2025-11-22,"Total",826.40,0.00,0.00,77.37,336.61,563.68,0.73,0.97,6.92,3.39,0.98,1.11,540.50,253.25,30.26,87.00,7.08,104.92,371.80,1.39,12.83,234.50,4.64,826.10,1875.20,59.60,1507.30,6.79,91.06,119.31,27.67,18.13,9.61,59.73,28.23,2.87,20.17,373.00,6.04,5.67,4.56,0.01,0.35,0.30,0.04,0.01,4.48,0.15,4.31,0.72,1.06,1.86,3.04,2.61,0.77,2.16,47.04,1.66,0.47,1.25,1.97,false
2025-11-23,"Total",,,,,,,,,,,,,,,,,,,,,,,,,,,,,,,,,,,,,,,,,,,,,,,,,,,,,,,,,,,,,,false
2025-11-24,"Total",,,,,,,,,,,,,,,,,,,,,,,,,,,,,,,,,,,,,,,,,,,,,,,,,,,,,,,,,,,,,,false
2025-11-25,"Total",,,,,,,,,,,,,,,,,,,,,,,,,,,,,,,,,,,,,,,,,,,,,,,,,,,,,,,,,,,,,,false
2025-11-26,"Total",,,,,,,,,,,,,,,,,,,,,,,,,,,,,,,,,,,,,,,,,,,,,,,,,,,,,,,,,,,,,,false
2025-11-27,"Total",,,,,,,,,,,,,,,,,,,,,,,,,,,,,,,,,,,,,,,,,,,,,,,,,,,,,,,,,,,,,,false
2025-11-28,"Total",,,,,,,,,,,,,,,,,,,,,,,,,,,,,,,,,,,,,,,,,,,,,,,,,,,,,,,,,,,,,,false
2025-11-29,"Total",,,,,,,,,,,,,,,,,,,,,,,,,,,,,,,,,,,,,,,,,,,,,,,,,,,,,,,,,,,,,,false
2025-11-30,"Total",,,,,,,,,,,,,,,,,,,,,,,,,,,,,,,,,,,,,,,,,,,,,,,,,,,,,,,,,,,,,,false
2025-12-01,"Total",,,,,,,,,,,,,,,,,,,,,,,,,,,,,,,,,,,,,,,,,,,,,,,,,,,,,,,,,,,,,,false
2025-12-02,"Total",,,,,,,,,,,,,,,,,,,,,,,,,,,,,,,,,,,,,,,,,,,,,,,,,,,,,,,,,,,,,,false
2025-12-03,"Total",,,,,,,,,,,,,,,,,,,,,,,,,,,,,,,,,,,,,,,,,,,,,,,,,,,,,,,,,,,,,,false
2025-12-04,"Total",,,,,,,,,,,,,,,,,,,,,,,,,,,,,,,,,,,,,,,,,,,,,,,,,,,,,,,,,,,,,,false
2025-12-05,"Total",,,,,,,,,,,,,,,,,,,,,,,,,,,,,,,,,,,,,,,,,,,,,,,,,,,,,,,,,,,,,,false
2025-12-06,"Total",,,,,,,,,,,,,,,,,,,,,,,,,,,,,,,,,,,,,,,,,,,,,,,,,,,,,,,,,,,,,,false
2025-12-07,"Total",,,,,,,,,,,,,,,,,,,,,,,,,,,,,,,,,,,,,,,,,,,,,,,,,,,,,,,,,,,,,,false
2025-12-08,"Total",,,,,,,,,,,,,,,,,,,,,,,,,,,,,,,,,,,,,,,,,,,,,,,,,,,,,,,,,,,,,,false
2025-12-09,"Total",,,,,,,,,,,,,,,,,,,,,,,,,,,,,,,,,,,,,,,,,,,,,,,,,,,,,,,,,,,,,,false
2025-12-10,"Total",,,,,,,,,,,,,,,,,,,,,,,,,,,,,,,,,,,,,,,,,,,,,,,,,,,,,,,,,,,,,,false
2025-12-11,"Total",,,,,,,,,,,,,,,,,,,,,,,,,,,,,,,,,,,,,,,,,,,,,,,,,,,,,,,,,,,,,,false
2025-12-12,"Total",,,,,,,,,,,,,,,,,,,,,,,,,,,,,,,,,,,,,,,,,,,,,,,,,,,,,,,,,,,,,,false
2025-12-13,"Total",,,,,,,,,,,,,,,,,,,,,,,,,,,,,,,,,,,,,,,,,,,,,,,,,,,,,,,,,,,,,,false
2025-12-14,"Total",,,,,,,,,,,,,,,,,,,,,,,,,,,,,,,,,,,,,,,,,,,,,,,,,,,,,,,,,,,,,,false
2025-12-15,"Total",,,,,,,,,,,,,,,,,,,,,,,,,,,,,,,,,,,,,,,,,,,,,,,,,,,,,,,,,,,,,,false
2025-12-16,"Total",,,,,,,,,,,,,,,,,,,,,,,,,,,,,,,,,,,,,,,,,,,,,,,,,,,,,,,,,,,,,,false
2025-12-17,"Total",,,,,,,,,,,,,,,,,,,,,,,,,,,,,,,,,,,,,,,,,,,,,,,,,,,,,,,,,,,,,,false
2025-12-18,"Total",,,,,,,,,,,,,,,,,,,,,,,,,,,,,,,,,,,,,,,,,,,,,,,,,,,,,,,,,,,,,,false
2025-12-19,"Total",,,,,,,,,,,,,,,,,,,,,,,,,,,,,,,,,,,,,,,,,,,,,,,,,,,,,,,,,,,,,,false
2025-12-20,"Total",,,,,,,,,,,,,,,,,,,,,,,,,,,,,,,,,,,,,,,,,,,,,,,,,,,,,,,,,,,,,,false
2025-12-21,"Total",,,,,,,,,,,,,,,,,,,,,,,,,,,,,,,,,,,,,,,,,,,,,,,,,,,,,,,,,,,,,,false
2025-12-22,"Total",,,,,,,,,,,,,,,,,,,,,,,,,,,,,,,,,,,,,,,,,,,,,,,,,,,,,,,,,,,,,,false
2025-12-23,"Total",,,,,,,,,,,,,,,,,,,,,,,,,,,,,,,,,,,,,,,,,,,,,,,,,,,,,,,,,,,,,,false
2025-12-24,"Total",,,,,,,,,,,,,,,,,,,,,,,,,,,,,,,,,,,,,,,,,,,,,,,,,,,,,,,,,,,,,,false
2025-12-25,"Total",,,,,,,,,,,,,,,,,,,,,,,,,,,,,,,,,,,,,,,,,,,,,,,,,,,,,,,,,,,,,,false
2025-12-26,"Total",,,,,,,,,,,,,,,,,,,,,,,,,,,,,,,,,,,,,,,,,,,,,,,,,,,,,,,,,,,,,,false
2025-12-27,"Total",,,,,,,,,,,,,,,,,,,,,,,,,,,,,,,,,,,,,,,,,,,,,,,,,,,,,,,,,,,,,,false
2025-12-28,"Total",,,,,,,,,,,,,,,,,,,,,,,,,,,,,,,,,,,,,,,,,,,,,,,,,,,,,,,,,,,,,,false
2025-12-29,"Total",,,,,,,,,,,,,,,,,,,,,,,,,,,,,,,,,,,,,,,,,,,,,,,,,,,,,,,,,,,,,,false
2025-12-30,"Total",,,,,,,,,,,,,,,,,,,,,,,,,,,,,,,,,,,,,,,,,,,,,,,,,,,,,,,,,,,,,,false
2025-12-31,"Total",,,,,,,,,,,,,,,,,,,,,,,,,,,,,,,,,,,,,,,,,,,,,,,,,,,,,,,,,,,,,,false
2026-01-01,"Total",,,,,,,,,,,,,,,,,,,,,,,,,,,,,,,,,,,,,,,,,,,,,,,,,,,,,,,,,,,,,,false
2026-01-02,"Total",,,,,,,,,,,,,,,,,,,,,,,,,,,,,,,,,,,,,,,,,,,,,,,,,,,,,,,,,,,,,,false
2026-01-03,"Total",,,,,,,,,,,,,,,,,,,,,,,,,,,,,,,,,,,,,,,,,,,,,,,,,,,,,,,,,,,,,,false
2026-01-04,"Total",,,,,,,,,,,,,,,,,,,,,,,,,,,,,,,,,,,,,,,,,,,,,,,,,,,,,,,,,,,,,,false
2026-01-05,"Total",,,,,,,,,,,,,,,,,,,,,,,,,,,,,,,,,,,,,,,,,,,,,,,,,,,,,,,,,,,,,,false
2026-01-06,"Total",,,,,,,,,,,,,,,,,,,,,,,,,,,,,,,,,,,,,,,,,,,,,,,,,,,,,,,,,,,,,,false
2026-01-07,"Total",,,,,,,,,,,,,,,,,,,,,,,,,,,,,,,,,,,,,,,,,,,,,,,,,,,,,,,,,,,,,,false
2026-01-08,"Total",,,,,,,,,,,,,,,,,,,,,,,,,,,,,,,,,,,,,,,,,,,,,,,,,,,,,,,,,,,,,,false
2026-01-09,"Total",,,,,,,,,,,,,,,,,,,,,,,,,,,,,,,,,,,,,,,,,,,,,,,,,,,,,,,,,,,,,,false
2026-01-10,"Total",,,,,,,,,,,,,,,,,,,,,,,,,,,,,,,,,,,,,,,,,,,,,,,,,,,,,,,,,,,,,,false
2026-01-11,"Total",,,,,,,,,,,,,,,,,,,,,,,,,,,,,,,,,,,,,,,,,,,,,,,,,,,,,,,,,,,,,,false
2026-01-12,"Total",,,,,,,,,,,,,,,,,,,,,,,,,,,,,,,,,,,,,,,,,,,,,,,,,,,,,,,,,,,,,,false
2026-01-13,"Total",,,,,,,,,,,,,,,,,,,,,,,,,,,,,,,,,,,,,,,,,,,,,,,,,,,,,,,,,,,,,,false
2026-01-14,"Total",,,,,,,,,,,,,,,,,,,,,,,,,,,,,,,,,,,,,,,,,,,,,,,,,,,,,,,,,,,,,,false
2026-01-15,"Lunch",654.80,0.00,0.00,1465.14,356.43,666.97,0.61,0.67,6.28,2.62,1.63,0.24,522.68,407.62,85.90,17.28,4.70,592.34,338.51,1.41,12.62,318.50,3.65,698.93,3149.56,10.77,654.52,6.34,96.85,123.91,26.62,17.87,8.78,68.13,23.02,0.00,8.03,5.40,1.56,2.93,1.65,0.05,0.38,0.38,0.00,0.00,1.83,0.00,1.83,0.37,0.75,1.24,2.02,1.89,0.42,1.44,29.65,1.10,0.33,0.84,1.34,false
2026-01-15,"Total",654.80,0.00,0.00,1465.14,356.43,666.97,0.61,0.67,6.28,2.62,1.63,0.24,522.68,407.62,85.90,17.28,4.70,592.34,338.51,1.41,12.62,318.50,3.65,698.93,3149.56,10.77,654.52,6.34,96.85,123.91,26.62,17.87,8.78,68.13,23.02,0.00,8.03,5.40,1.56,2.93,1.65,0.05,0.38,0.38,0.00,0.00,1.83,0.00,1.83,0.37,0.75,1.24,2.02,1.89,0.42,1.44,29.65,1.10,0.33,0.84,1.34,false
2026-01-16,"Breakfast",328.00,0.00,0.00,18.00,205.32,120.42,0.23,0.13,1.05,0.57,0.28,0.00,344.00,2.67,2.60,0.00,0.70,8.00,98.00,0.70,5.78,96.00,2.06,336.00,582.00,7.40,14.00,3.06,39.40,54.84,15.20,9.86,5.34,32.54,9.60,0.00,5.18,0.00,1.17,2.31,0.54,0.00,0.09,0.09,0.00,0.00,1.78,0.00,1.78,0.24,0.49,0.76,1.26,1.19,0.23,0.95,17.72,0.66,0.17,0.44,0.74,false
2026-01-16,"Total",328.00,0.00,0.00,18.00,205.32,120.42,0.23,0.13,1.05,0.57,0.28,0.00,344.00,2.67,2.60,0.00,0.70,8.00,98.00,0.70,5.78,96.00,2.06,336.00,582.00,7.40,14.00,3.06,39.40,54.84,15.20,9.86,5.34,32.54,9.60,0.00,5.18,0.00,1.17,2.31,0.54,0.00,0.09,0.09,0.00,0.00,1.78,0.00,1.78,0.24,0.49,0.76,1.26,1.19,0.23,0.95,17.72,0.66,0.17,0.44,0.74,false
2026-01-17,"Total",,,,,,,,,,,,,,,,,,,,,,,,,,,,,,,,,,,,,,,,,,,,,,,,,,,,,,,,,,,,,,false
2026-01-18,"Total",,,,,,,,,,,,,,,,,,,,,,,,,,,,,,,,,,,,,,,,,,,,,,,,,,,,,,,,,,,,,,false
2026-01-19,"Total",,,,,,,,,,,,,,,,,,,,,,,,,,,,,,,,,,,,,,,,,,,,,,,,,,,,,,,,,,,,,,false
2026-01-20,"Total",,,,,,,,,,,,,,,,,,,,,,,,,,,,,,,,,,,,,,,,,,,,,,,,,,,,,,,,,,,,,,false
2026-01-21,"Breakfast",568.70,0.00,33.33,153.58,795.05,283.13,0.49,0.42,3.72,2.12,0.53,1.09,62.22,164.37,17.12,88.23,0.73,40.86,308.11,1.06,5.10,234.38,3.18,629.64,1299.81,21.96,149.35,4.07,82.98,97.38,14.36,9.39,4.97,39.53,37.64,5.03,14.09,16.22,4.29,2.00,6.24,0.15,0.13,0.12,0.00,0.00,1.87,0.01,1.86,0.41,0.59,0.96,1.80,1.35,0.39,1.14,23.00,0.85,0.29,0.84,1.24,false
2026-01-21,"Lunch",668.70,0.00,0.00,281.35,54.63,304.95,0.86,0.47,5.79,2.98,1.28,0.18,237.65,2572.78,59.37,12.80,4.09,18.17,242.07,1.84,10.66,159.24,3.69,517.22,2168.15,4.32,121.95,5.03,105.81,130.37,24.21,7.15,2.71,66.41,24.13,0.00,4.64,4.00,1.33,1.63,1.28,0.04,0.29,0.03,0.00,0.00,1.06,0.00,0.17,0.42,0.87,1.37,2.31,2.14,0.35,1.64,32.11,1.27,0.36,0.88,1.67,false
2026-01-21,"Snacks",364.28,0.00,0.00,3.10,137.69,260.70,0.15,0.88,0.86,1.24,0.22,2.10,27.90,3.00,0.11,0.00,0.12,0.40,343.59,0.15,1.18,58.94,0.70,487.21,504.89,35.01,110.10,2.19,49.70,51.94,2.15,1.11,0.99,10.90,36.92,17.40,2.33,15.00,0.53,0.50,0.55,0.02,0.02,0.02,0.00,0.00,0.48,0.00,0.48,0.34,0.93,1.68,3.29,2.63,0.92,1.68,33.74,1.31,0.44,1.61,2.14,false
2026-01-21,"Total",1601.68,0.00,33.33,438.03,987.37,848.78,1.50,1.77,10.38,6.34,2.04,3.37,327.77,2740.15,76.60,101.03,4.94,59.43,893.77,3.05,16.94,452.56,7.57,1634.07,3972.85,61.29,381.40,11.29,238.49,279.69,40.72,17.65,8.67,116.83,98.69,22.43,21.07,35.22,6.15,4.14,8.07,0.20,0.43,0.18,0.00,0.00,3.40,0.01,2.51,1.17,2.40,4.02,7.40,6.11,1.67,4.46,88.85,3.43,1.08,3.33,5.05,false
2026-01-22,"Total",,,,,,,,,,,,,,,,,,,,,,,,,,,,,,,,,,,,,,,,,,,,,,,,,,,,,,,,,,,,,,false
2026-01-23,"Dinner",871.28,0.00,0.00,1470.00,484.75,521.65,0.92,0.66,4.62,2.06,1.46,0.24,961.11,416.98,60.62,17.28,6.29,600.17,417.36,1.91,15.16,411.50,4.80,840.10,2590.18,18.71,698.37,7.38,106.31,142.13,35.07,21.19,11.56,71.57,32.51,0.00,15.19,5.40,3.20,5.88,2.68,0.05,0.53,0.53,0.00,0.00,4.62,0.00,4.62,0.61,1.27,2.03,3.36,3.13,0.64,2.46,48.08,1.78,0.49,1.24,2.05,false
2026-01-23,"Total",871.28,0.00,0.00,1470.00,484.75,521.65,0.92,0.66,4.62,2.06,1.46,0.24,961.11,416.98,60.62,17.28,6.29,600.17,417.36,1.91,15.16,411.50,4.80,840.10,2590.18,18.71,698.37,7.38,106.31,142.13,35.07,21.19,11.56,71.57,32.51,0.00,15.19,5.40,3.20,5.88,2.68,0.05,0.53,0.53,0.00,0.00,4.62,0.00,4.62,0.61,1.27,2.03,3.36,3.13,0.64,2.46,48.08,1.78,0.49,1.24,2.05,false
2026-01-24,"Total",,,,,,,,,,,,,,,,,,,,,,,,,,,,,,,,,,,,,,,,,,,,,,,,,,,,,,,,,,,,,,false
2026-01-25,"Breakfast",568.70,0.00,33.33,153.58,795.05,283.13,0.49,0.42,3.72,2.12,0.53,1.09,62.22,164.37,17.12,88.23,0.73,40.86,308.11,1.06,5.10,234.38,3.18,629.64,1299.81,21.96,149.35,4.07,82.98,97.38,14.36,9.39,4.97,39.53,37.64,5.03,14.09,16.22,4.29,2.00,6.24,0.15,0.13,0.12,0.00,0.00,1.87,0.01,1.86,0.41,0.59,0.96,1.80,1.35,0.39,1.14,23.00,0.85,0.29,0.84,1.24,false
2026-01-25,"Lunch",794.36,0.00,0.00,77.33,152.82,653.64,0.96,1.18,18.03,5.95,1.45,4.00,253.30,226.29,218.98,48.00,4.21,96.01,393.92,0.88,9.48,181.15,1.92,737.92,2162.45,44.69,717.48,8.25,75.00,94.21,17.03,9.89,6.18,19.91,42.21,2.66,22.66,122.00,10.26,2.88,7.19,0.42,0.30,0.30,0.00,0.00,1.84,0.00,1.84,0.14,0.20,0.29,0.43,0.36,0.16,0.36,60.19,0.24,0.12,0.20,0.49,false
2026-01-25,"Dinner",848.04,0.00,0.00,2.12,230.11,229.97,0.22,1.00,3.22,4.48,0.65,1.67,211.25,236.04,14.36,130.50,4.69,34.72,96.22,0.30,2.78,62.33,0.28,346.13,1016.42,46.85,759.06,2.68,58.21,80.32,22.02,7.05,4.08,0.18,7.77,0.00,47.08,559.50,22.11,5.08,9.07,0.00,0.28,0.22,0.06,0.01,4.73,0.22,4.46,0.48,0.53,1.16,1.84,1.57,0.65,1.16,35.09,1.02,0.27,0.85,1.32,false
2026-01-25,"Snacks",409.54,0.00,0.00,1.63,1.05,261.09,0.07,0.86,0.64,1.00,0.20,2.10,23.20,3.00,1.76,0.00,0.05,0.00,337.00,0.07,0.31,33.80,0.04,411.80,438.40,30.10,160.60,1.60,54.89,59.16,4.19,0.16,0.06,0.00,20.06,8.77,2.23,15.00,0.14,0.03,0.56,0.02,0.00,0.00,0.00,0.00,0.03,0.00,0.03,0.25,0.88,1.58,3.09,2.50,0.88,1.54,38.83,1.23,0.40,1.53,2.00,false
2026-01-25,"Total",2620.64,0.00,33.33,234.66,1179.04,1427.84,1.75,3.47,25.61,13.55,2.83,8.86,549.96,629.69,252.22,266.73,9.69,171.59,1135.25,2.31,17.67,511.66,5.41,2125.49,4917.08,143.60,1786.49,16.61,271.08,331.07,57.60,26.49,15.29,59.62,107.69,16.47,86.08,712.72,36.80,10.00,23.05,0.58,0.72,0.65,0.06,0.01,8.47,0.23,8.20,1.27,2.20,4.00,7.16,5.77,2.07,4.20,157.10,3.35,1.07,3.43,5.06,false
2026-01-26,"Total",,,,,,,,,,,,,,,,,,,,,,,,,,,,,,,,,,,,,,,,,,,,,,,,,,,,,,,,,,,,,,false
2026-01-27,"Total",,,,,,,,,,,,,,,,,,,,,,,,,,,,,,,,,,,,,,,,,,,,,,,,,,,,,,,,,,,,,,false
2026-01-28,"Total",,,,,,,,,,,,,,,,,,,,,,,,,,,,,,,,,,,,,,,,,,,,,,,,,,,,,,,,,,,,,,false
2026-01-29,"Total",,,,,,,,,,,,,,,,,,,,,,,,,,,,,,,,,,,,,,,,,,,,,,,,,,,,,,,,,,,,,,false
2026-01-30,"Dinner",647.37,0.00,0.00,40.75,181.73,378.33,0.63,0.51,8.03,1.71,0.96,0.00,153.01,264.23,234.35,0.00,7.10,20.18,241.78,0.49,4.70,133.02,3.07,355.07,1091.91,31.99,1696.40,2.84,98.88,127.52,28.18,8.14,4.01,34.67,21.13,4.92,5.53,0.00,0.81,2.16,0.99,0.01,0.21,0.21,0.00,0.00,1.74,0.00,1.73,0.21,0.23,0.34,0.60,0.33,0.13,0.48,34.82,0.33,0.15,0.26,0.42,false
2026-01-30,"Total",647.37,0.00,0.00,40.75,181.73,378.33,0.63,0.51,8.03,1.71,0.96,0.00,153.01,264.23,234.35,0.00,7.10,20.18,241.78,0.49,4.70,133.02,3.07,355.07,1091.91,31.99,1696.40,2.84,98.88,127.52,28.18,8.14,4.01,34.67,21.13,4.92,5.53,0.00,0.81,2.16,0.99,0.01,0.21,0.21,0.00,0.00,1.74,0.00,1.73,0.21,0.23,0.34,0.60,0.33,0.13,0.48,34.82,0.33,0.15,0.26,0.42,false
2026-01-31,"Total",,,,,,,,,,,,,,,,,,,,,,,,,,,,,,,,,,,,,,,,,,,,,,,,,,,,,,,,,,,,,,false
2026-02-01,"Lunch",862.17,0.00,0.00,21.69,246.38,401.86,0.49,0.29,4.26,1.96,0.51,0.24,457.80,17.41,3.12,17.28,1.25,10.04,196.95,0.97,8.08,144.60,2.72,514.65,939.90,92.24,200.90,4.64,120.02,142.75,22.44,11.83,6.41,104.21,18.10,0.00,10.14,5.40,1.77,3.02,2.97,0.05,0.12,0.11,0.00,0.00,2.36,0.00,2.17,0.62,0.86,1.43,2.44,1.78,0.50,1.76,50.11,1.16,0.37,0.90,1.47,false
2026-02-01,"Total",862.17,0.00,0.00,21.69,246.38,401.86,0.49,0.29,4.26,1.96,0.51,0.24,457.80,17.41,3.12,17.28,1.25,10.04,196.95,0.97,8.08,144.60,2.72,514.65,939.90,92.24,200.90,4.64,120.02,142.75,22.44,11.83,6.41,104.21,18.10,0.00,10.14,5.40,1.77,3.02,2.97,0.05,0.12,0.11,0.00,0.00,2.36,0.00,2.17,0.62,0.86,1.43,2.44,1.78,0.50,1.76,50.11,1.16,0.37,0.90,1.47,false
2026-02-02,"Total",,,,,,,,,,,,,,,,,,,,,,,,,,,,,,,,,,,,,,,,,,,,,,,,,,,,,,,,,,,,,,false
2026-02-03,"Total",,,,,,,,,,,,,,,,,,,,,,,,,,,,,,,,,,,,,,,,,,,,,,,,,,,,,,,,,,,,,,false
2026-02-04,"Total",,,,,,,,,,,,,,,,,,,,,,,,,,,,,,,,,,,,,,,,,,,,,,,,,,,,,,,,,,,,,,false
2026-02-05,"Total",,,,,,,,,,,,,,,,,,,,,,,,,,,,,,,,,,,,,,,,,,,,,,,,,,,,,,,,,,,,,,false
2026-02-06,"Total",,,,,,,,,,,,,,,,,,,,,,,,,,,,,,,,,,,,,,,,,,,,,,,,,,,,,,,,,,,,,,false
2026-02-07,"Total",,,,,,,,,,,,,,,,,,,,,,,,,,,,,,,,,,,,,,,,,,,,,,,,,,,,,,,,,,,,,,false
2026-02-08,"Lunch",363.40,0.00,0.00,64.69,193.85,33.50,0.44,0.12,1.54,0.66,0.53,0.00,382.63,10.34,5.40,0.00,1.85,8.63,113.86,0.79,5.69,151.80,1.46,274.17,790.64,7.24,56.68,2.54,41.88,53.79,11.65,6.03,3.28,30.83,10.12,0.00,8.07,0.00,2.64,2.77,1.22,0.00,0.17,0.17,0.00,0.00,2.60,0.00,2.60,0.25,0.52,0.81,1.34,1.26,0.25,1.01,19.04,0.70,0.19,0.47,0.79,false
2026-02-08,"Dinner",70.00,0.00,0.00,7.35,8.12,327.91,0.11,0.27,1.45,0.70,0.15,0.00,31.50,1007.27,16.45,0.00,2.80,2.80,52.50,0.32,1.99,31.50,0.31,105.00,805.00,0.70,3.50,0.80,13.10,17.15,3.85,3.19,0.67,0.56,7.28,0.00,0.25,0.00,0.03,0.01,0.13,0.00,0.01,0.01,0.00,0.00,0.01,0.00,0.01,0.01,0.04,0.08,0.12,0.14,0.03,0.08,2.52,0.07,0.03,0.11,0.09,false
2026-02-08,"Total",433.40,0.00,0.00,72.04,201.97,361.41,0.55,0.39,2.99,1.36,0.69,0.00,414.13,1017.62,21.85,0.00,4.65,11.43,166.36,1.11,7.68,183.30,1.77,379.17,1595.64,7.94,60.18,3.35,54.97,70.94,15.50,9.22,3.94,31.39,17.40,0.00,8.32,0.00,2.67,2.79,1.35,0.00,0.17,0.17,0.00,0.00,2.60,0.00,2.60,0.26,0.56,0.89,1.46,1.39,0.27,1.09,21.56,0.78,0.22,0.58,0.88,false
2026-02-09,"Dinner",229.60,0.00,0.00,12.60,143.72,84.29,0.16,0.09,0.74,0.40,0.19,0.00,240.80,1.87,1.82,0.00,0.49,5.60,68.60,0.49,4.05,67.20,1.44,235.20,407.40,5.18,9.80,2.14,27.58,38.39,10.64,6.90,3.74,22.78,6.72,0.00,3.63,0.00,0.82,1.62,0.38,0.00,0.06,0.06,0.00,0.00,1.25,0.00,1.25,0.17,0.34,0.53,0.88,0.83,0.16,0.67,12.40,0.46,0.12,0.31,0.52,false
2026-02-09,"Total",229.60,0.00,0.00,12.60,143.72,84.29,0.16,0.09,0.74,0.40,0.19,0.00,240.80,1.87,1.82,0.00,0.49,5.60,68.60,0.49,4.05,67.20,1.44,235.20,407.40,5.18,9.80,2.14,27.58,38.39,10.64,6.90,3.74,22.78,6.72,0.00,3.63,0.00,0.82,1.62,0.38,0.00,0.06,0.06,0.00,0.00,1.25,0.00,1.25,0.17,0.34,0.53,0.88,0.83,0.16,0.67,12.40,0.46,0.12,0.31,0.52,false
2026-02-10,"Total",,,,,,,,,,,,,,,,,,,,,,,,,,,,,,,,,,,,,,,,,,,,,,,,,,,,,,,,,,,,,,false
2026-02-11,"Total",,,,,,,,,,,,,,,,,,,,,,,,,,,,,,,,,,,,,,,,,,,,,,,,,,,,,,,,,,,,,,false
2026-02-12,"Total",,,,,,,,,,,,,,,,,,,,,,,,,,,,,,,,,,,,,,,,,,,,,,,,,,,,,,,,,,,,,,false
2026-02-13,"Dinner",522.80,0.00,0.00,1405.43,290.90,488.15,0.48,0.55,3.08,1.41,0.92,0.24,578.48,406.64,55.22,17.28,4.68,592.56,303.51,1.12,9.49,259.70,3.34,565.93,1799.56,11.47,641.72,4.84,64.43,88.34,23.42,15.16,8.29,40.74,22.39,0.00,8.81,5.40,1.79,3.28,1.69,0.05,0.37,0.37,0.00,0.00,2.19,0.00,2.19,0.36,0.75,1.23,2.02,1.87,0.40,1.45,29.03,1.08,0.30,0.77,1.25,false
2026-02-13,"Total",522.80,0.00,0.00,1405.43,290.90,488.15,0.48,0.55,3.08,1.41,0.92,0.24,578.48,406.64,55.22,17.28,4.68,592.56,303.51,1.12,9.49,259.70,3.34,565.93,1799.56,11.47,641.72,4.84,64.43,88.34,23.42,15.16,8.29,40.74,22.39,0.00,8.81,5.40,1.79,3.28,1.69,0.05,0.37,0.37,0.00,0.00,2.19,0.00,2.19,0.36,0.75,1.23,2.02,1.87,0.40,1.45,29.03,1.08,0.30,0.77,1.25,false
2026-02-14,"Total",,,,,,,,,,,,,,,,,,,,,,,,,,,,,,,,,,,,,,,,,,,,,,,,,,,,,,,,,,,,,,false
2026-02-15,"Total",,,,,,,,,,,,,,,,,,,,,,,,,,,,,,,,,,,,,,,,,,,,,,,,,,,,,,,,,,,,,,false
2026-02-16,"Lunch",873.25,0.00,0.00,72.37,1121.53,598.70,0.48,0.64,3.08,1.47,0.88,0.00,180.06,176.61,142.16,0.00,3.68,24.28,1331.09,1.59,12.21,272.76,4.35,850.68,1602.03,65.15,809.13,5.90,65.53,93.58,27.16,4.90,4.37,2.23,14.10,0.00,29.15,0.00,7.39,10.95,5.54,0.00,1.11,1.11,0.00,0.00,9.34,0.00,9.34,0.23,1.51,2.94,4.81,3.09,0.73,2.94,82.31,2.76,0.83,2.42,3.02,false
2026-02-16,"Total",873.25,0.00,0.00,72.37,1121.53,598.70,0.48,0.64,3.08,1.47,0.88,0.00,180.06,176.61,142.16,0.00,3.68,24.28,1331.09,1.59,12.21,272.76,4.35,850.68,1602.03,65.15,809.13,5.90,65.53,93.58,27.16,4.90,4.37,2.23,14.10,0.00,29.15,0.00,7.39,10.95,5.54,0.00,1.11,1.11,0.00,0.00,9.34,0.00,9.34,0.23,1.51,2.94,4.81,3.09,0.73,2.94,82.31,2.76,0.83,2.42,3.02,false
2026-02-17,"Total",,,,,,,,,,,,,,,,,,,,,,,,,,,,,,,,,,,,,,,,,,,,,,,,,,,,,,,,,,,,,,false
2026-02-18,"Total",,,,,,,,,,,,,,,,,,,,,,,,,,,,,,,,,,,,,,,,,,,,,,,,,,,,,,,,,,,,,,false
2026-02-19,"Total",,,,,,,,,,,,,,,,,,,,,,,,,,,,,,,,,,,,,,,,,,,,,,,,,,,,,,,,,,,,,,false
2026-02-20,"Total",,,,,,,,,,,,,,,,,,,,,,,,,,,,,,,,,,,,,,,,,,,,,,,,,,,,,,,,,,,,,,false
2026-02-21,"Total",,,,,,,,,,,,,,,,,,,,,,,,,,,,,,,,,,,,,,,,,,,,,,,,,,,,,,,,,,,,,,false
2026-02-22,"Dinner",366.07,0.00,0.00,20.17,696.42,258.22,0.48,0.48,7.00,3.69,0.52,0.00,452.40,1.00,7.60,8.00,1.24,8.14,51.67,1.11,9.77,98.40,1.30,519.00,1241.67,18.62,6.93,3.92,36.39,53.60,16.26,15.13,1.14,33.40,3.28,0.00,8.13,0.00,5.09,1.31,1.12,0.01,0.14,0.14,0.00,0.00,1.17,0.00,1.17,0.29,0.65,0.99,1.65,1.59,0.21,1.13,23.82,0.85,0.22,0.61,1.24,false
2026-02-22,"Total",366.07,0.00,0.00,20.17,696.42,258.22,0.48,0.48,7.00,3.69,0.52,0.00,452.40,1.00,7.60,8.00,1.24,8.14,51.67,1.11,9.77,98.40,1.30,519.00,1241.67,18.62,6.93,3.92,36.39,53.60,16.26,15.13,1.14,33.40,3.28,0.00,8.13,0.00,5.09,1.31,1.12,0.01,0.14,0.14,0.00,0.00,1.17,0.00,1.17,0.29,0.65,0.99,1.65,1.59,0.21,1.13,23.82,0.85,0.22,0.61,1.24,false
2026-02-23,"Total",,,,,,,,,,,,,,,,,,,,,,,,,,,,,,,,,,,,,,,,,,,,,,,,,,,,,,,,,,,,,,false
2026-02-24,"Total",,,,,,,,,,,,,,,,,,,,,,,,,,,,,,,,,,,,,,,,,,,,,,,,,,,,,,,,,,,,,,false
2026-02-25,"Total",,,,,,,,,,,,,,,,,,,,,,,,,,,,,,,,,,,,,,,,,,,,,,,,,,,,,,,,,,,,,,false
2026-02-26,"Total",,,,,,,,,,,,,,,,,,,,,,,,,,,,,,,,,,,,,,,,,,,,,,,,,,,,,,,,,,,,,,false
2026-02-27,"Total",,,,,,,,,,,,,,,,,,,,,,,,,,,,,,,,,,,,,,,,,,,,,,,,,,,,,,,,,,,,,,false
2026-02-28,"Total",,,,,,,,,,,,,,,,,,,,,,,,,,,,,,,,,,,,,,,,,,,,,,,,,,,,,,,,,,,,,,false
2026-03-01,"Total",,,,,,,,,,,,,,,,,,,,,,,,,,,,,,,,,,,,,,,,,,,,,,,,,,,,,,,,,,,,,,false
2026-03-02,"Total",,,,,,,,,,,,,,,,,,,,,,,,,,,,,,,,,,,,,,,,,,,,,,,,,,,,,,,,,,,,,,false
2026-03-03,"Total",,,,,,,,,,,,,,,,,,,,,,,,,,,,,,,,,,,,,,,,,,,,,,,,,,,,,,,,,,,,,,false
2026-03-04,"Total",,,,,,,,,,,,,,,,,,,,,,,,,,,,,,,,,,,,,,,,,,,,,,,,,,,,,,,,,,,,,,false
2026-03-05,"Total",,,,,,,,,,,,,,,,,,,,,,,,,,,,,,,,,,,,,,,,,,,,,,,,,,,,,,,,,,,,,,false
2026-03-06,"Total",,,,,,,,,,,,,,,,,,,,,,,,,,,,,,,,,,,,,,,,,,,,,,,,,,,,,,,,,,,,,,false
2026-03-07,"Total",,,,,,,,,,,,,,,,,,,,,,,,,,,,,,,,,,,,,,,,,,,,,,,,,,,,,,,,,,,,,,false
2026-03-08,"Total",,,,,,,,,,,,,,,,,,,,,,,,,,,,,,,,,,,,,,,,,,,,,,,,,,,,,,,,,,,,,,false
2026-03-09,"Total",,,,,,,,,,,,,,,,,,,,,,,,,,,,,,,,,,,,,,,,,,,,,,,,,,,,,,,,,,,,,,false
2026-03-10,"Total",,,,,,,,,,,,,,,,,,,,,,,,,,,,,,,,,,,,,,,,,,,,,,,,,,,,,,,,,,,,,,false
2026-03-11,"Total",,,,,,,,,,,,,,,,,,,,,,,,,,,,,,,,,,,,,,,,,,,,,,,,,,,,,,,,,,,,,,false
2026-03-12,"Total",,,,,,,,,,,,,,,,,,,,,,,,,,,,,,,,,,,,,,,,,,,,,,,,,,,,,,,,,,,,,,false
2026-03-13,"Total",,,,,,,,,,,,,,,,,,,,,,,,,,,,,,,,,,,,,,,,,,,,,,,,,,,,,,,,,,,,,,false
2026-03-14,"Total",,,,,,,,,,,,,,,,,,,,,,,,,,,,,,,,,,,,,,,,,,,,,,,,,,,,,,,,,,,,,,false
2026-03-15,"Total",,,,,,,,,,,,,,,,,,,,,,,,,,,,,,,,,,,,,,,,,,,,,,,,,,,,,,,,,,,,,,false
2026-03-16,"Total",,,,,,,,,,,,,,,,,,,,,,,,,,,,,,,,,,,,,,,,,,,,,,,,,,,,,,,,,,,,,,false
2026-03-17,"Total",,,,,,,,,,,,,,,,,,,,,,,,,,,,,,,,,,,,,,,,,,,,,,,,,,,,,,,,,,,,,,false
2026-03-18,"Total",,,,,,,,,,,,,,,,,,,,,,,,,,,,,,,,,,,,,,,,,,,,,,,,,,,,,,,,,,,,,,false
2026-03-19,"Total",,,,,,,,,,,,,,,,,,,,,,,,,,,,,,,,,,,,,,,,,,,,,,,,,,,,,,,,,,,,,,false
2026-03-20,"Total",,,,,,,,,,,,,,,,,,,,,,,,,,,,,,,,,,,,,,,,,,,,,,,,,,,,,,,,,,,,,,false
2026-03-21,"Total",,,,,,,,,,,,,,,,,,,,,,,,,,,,,,,,,,,,,,,,,,,,,,,,,,,,,,,,,,,,,,false
2026-03-22,"Total",,,,,,,,,,,,,,,,,,,,,,,,,,,,,,,,,,,,,,,,,,,,,,,,,,,,,,,,,,,,,,false
2026-03-23,"Total",,,,,,,,,,,,,,,,,,,,,,,,,,,,,,,,,,,,,,,,,,,,,,,,,,,,,,,,,,,,,,false
2026-03-24,"Breakfast",896.04,0.00,0.00,4.92,235.31,607.33,0.40,1.23,3.65,5.29,0.79,1.67,243.25,251.20,23.56,130.50,5.17,103.92,324.22,0.41,3.82,90.33,0.53,410.13,1484.42,46.85,3995.06,3.08,63.51,89.96,26.02,11.05,4.08,1.54,12.05,0.00,48.28,559.50,22.13,5.57,9.39,0.00,0.56,0.50,0.06,0.01,4.93,0.22,4.67,0.50,0.56,1.24,1.95,1.67,0.67,1.23,37.09,1.09,0.29,0.89,1.40,false
2026-03-24,"Total",896.04,0.00,0.00,4.92,235.31,607.33,0.40,1.23,3.65,5.29,0.79,1.67,243.25,251.20,23.56,130.50,5.17,103.92,324.22,0.41,3.82,90.33,0.53,410.13,1484.42,46.85,3995.06,3.08,63.51,89.96,26.02,11.05,4.08,1.54,12.05,0.00,48.28,559.50,22.13,5.57,9.39,0.00,0.56,0.50,0.06,0.01,4.93,0.22,4.67,0.50,0.56,1.24,1.95,1.67,0.67,1.23,37.09,1.09,0.29,0.89,1.40,false
2026-03-25,"Total",,,,,,,,,,,,,,,,,,,,,,,,,,,,,,,,,,,,,,,,,,,,,,,,,,,,,,,,,,,,,,false
2026-03-26,"Total",,,,,,,,,,,,,,,,,,,,,,,,,,,,,,,,,,,,,,,,,,,,,,,,,,,,,,,,,,,,,,false
2026-03-27,"Total",,,,,,,,,,,,,,,,,,,,,,,,,,,,,,,,,,,,,,,,,,,,,,,,,,,,,,,,,,,,,,false
2026-03-28,"Total",,,,,,,,,,,,,,,,,,,,,,,,,,,,,,,,,,,,,,,,,,,,,,,,,,,,,,,,,,,,,,false
2026-03-29,"Total",,,,,,,,,,,,,,,,,,,,,,,,,,,,,,,,,,,,,,,,,,,,,,,,,,,,,,,,,,,,,,false
2026-03-30,"Total",,,,,,,,,,,,,,,,,,,,,,,,,,,,,,,,,,,,,,,,,,,,,,,,,,,,,,,,,,,,,,false
2026-03-31,"Total",,,,,,,,,,,,,,,,,,,,,,,,,,,,,,,,,,,,,,,,,,,,,,,,,,,,,,,,,,,,,,false
2026-04-01,"Total",,,,,,,,,,,,,,,,,,,,,,,,,,,,,,,,,,,,,,,,,,,,,,,,,,,,,,,,,,,,,,false
2026-04-02,"Total",,,,,,,,,,,,,,,,,,,,,,,,,,,,,,,,,,,,,,,,,,,,,,,,,,,,,,,,,,,,,,false
2026-04-03,"Total",,,,,,,,,,,,,,,,,,,,,,,,,,,,,,,,,,,,,,,,,,,,,,,,,,,,,,,,,,,,,,false
2026-04-04,"Total",,,,,,,,,,,,,,,,,,,,,,,,,,,,,,,,,,,,,,,,,,,,,,,,,,,,,,,,,,,,,,false
2026-04-05,"Total",,,,,,,,,,,,,,,,,,,,,,,,,,,,,,,,,,,,,,,,,,,,,,,,,,,,,,,,,,,,,,false
2026-04-06,"Total",,,,,,,,,,,,,,,,,,,,,,,,,,,,,,,,,,,,,,,,,,,,,,,,,,,,,,,,,,,,,,false
2026-04-07,"Total",,,,,,,,,,,,,,,,,,,,,,,,,,,,,,,,,,,,,,,,,,,,,,,,,,,,,,,,,,,,,,false
2026-04-08,"Total",,,,,,,,,,,,,,,,,,,,,,,,,,,,,,,,,,,,,,,,,,,,,,,,,,,,,,,,,,,,,,false
2026-04-09,"Total",,,,,,,,,,,,,,,,,,,,,,,,,,,,,,,,,,,,,,,,,,,,,,,,,,,,,,,,,,,,,,false
2026-04-10,"Total",,,,,,,,,,,,,,,,,,,,,,,,,,,,,,,,,,,,,,,,,,,,,,,,,,,,,,,,,,,,,,false
2026-04-11,"Total",,,,,,,,,,,,,,,,,,,,,,,,,,,,,,,,,,,,,,,,,,,,,,,,,,,,,,,,,,,,,,false
2026-04-12,"Total",,,,,,,,,,,,,,,,,,,,,,,,,,,,,,,,,,,,,,,,,,,,,,,,,,,,,,,,,,,,,,false
2026-04-13,"Total",,,,,,,,,,,,,,,,,,,,,,,,,,,,,,,,,,,,,,,,,,,,,,,,,,,,,,,,,,,,,,false
2026-04-14,"Total",,,,,,,,,,,,,,,,,,,,,,,,,,,,,,,,,,,,,,,,,,,,,,,,,,,,,,,,,,,,,,false
2026-04-15,"Total",,,,,,,,,,,,,,,,,,,,,,,,,,,,,,,,,,,,,,,,,,,,,,,,,,,,,,,,,,,,,,false
2026-04-16,"Total",,,,,,,,,,,,,,,,,,,,,,,,,,,,,,,,,,,,,,,,,,,,,,,,,,,,,,,,,,,,,,false
2026-04-17,"Total",,,,,,,,,,,,,,,,,,,,,,,,,,,,,,,,,,,,,,,,,,,,,,,,,,,,,,,,,,,,,,false
2026-04-18,"Total",,,,,,,,,,,,,,,,,,,,,,,,,,,,,,,,,,,,,,,,,,,,,,,,,,,,,,,,,,,,,,false
2026-04-19,"Total",,,,,,,,,,,,,,,,,,,,,,,,,,,,,,,,,,,,,,,,,,,,,,,,,,,,,,,,,,,,,,false
2026-04-20,"Total",,,,,,,,,,,,,,,,,,,,,,,,,,,,,,,,,,,,,,,,,,,,,,,,,,,,,,,,,,,,,,false
2026-04-21,"Total",,,,,,,,,,,,,,,,,,,,,,,,,,,,,,,,,,,,,,,,,,,,,,,,,,,,,,,,,,,,,,false
2026-04-22,"Total",,,,,,,,,,,,,,,,,,,,,,,,,,,,,,,,,,,,,,,,,,,,,,,,,,,,,,,,,,,,,,false
2026-04-23,"Total",,,,,,,,,,,,,,,,,,,,,,,,,,,,,,,,,,,,,,,,,,,,,,,,,,,,,,,,,,,,,,false
2026-04-24,"Total",,,,,,,,,,,,,,,,,,,,,,,,,,,,,,,,,,,,,,,,,,,,,,,,,,,,,,,,,,,,,,false
2026-04-25,"Total",,,,,,,,,,,,,,,,,,,,,,,,,,,,,,,,,,,,,,,,,,,,,,,,,,,,,,,,,,,,,,false
2026-04-26,"Total",,,,,,,,,,,,,,,,,,,,,,,,,,,,,,,,,,,,,,,,,,,,,,,,,,,,,,,,,,,,,,false
2026-04-27,"Total",,,,,,,,,,,,,,,,,,,,,,,,,,,,,,,,,,,,,,,,,,,,,,,,,,,,,,,,,,,,,,false
2026-04-28,"Total",,,,,,,,,,,,,,,,,,,,,,,,,,,,,,,,,,,,,,,,,,,,,,,,,,,,,,,,,,,,,,false
2026-04-29,"Total",,,,,,,,,,,,,,,,,,,,,,,,,,,,,,,,,,,,,,,,,,,,,,,,,,,,,,,,,,,,,,false
2026-04-30,"Total",,,,,,,,,,,,,,,,,,,,,,,,,,,,,,,,,,,,,,,,,,,,,,,,,,,,,,,,,,,,,,false
2026-05-01,"Total",,,,,,,,,,,,,,,,,,,,,,,,,,,,,,,,,,,,,,,,,,,,,,,,,,,,,,,,,,,,,,false
2026-05-02,"Total",,,,,,,,,,,,,,,,,,,,,,,,,,,,,,,,,,,,,,,,,,,,,,,,,,,,,,,,,,,,,,false
2026-05-03,"Total",,,,,,,,,,,,,,,,,,,,,,,,,,,,,,,,,,,,,,,,,,,,,,,,,,,,,,,,,,,,,,false
2026-05-04,"'-",519.56,0.00,100.40,81.28,129.60,338.28,0.47,0.54,7.83,1.52,0.40,1.09,124.83,204.19,11.04,82.01,3.12,6.93,395.03,0.32,3.36,160.72,2.25,443.45,921.24,25.36,836.43,2.87,72.95,81.41,8.28,5.68,1.70,23.86,32.56,4.04,12.21,17.14,3.94,2.73,4.09,0.16,0.13,0.13,0.00,0.00,2.45,0.01,2.44,0.19,0.38,0.63,1.20,0.84,0.29,0.71,22.35,0.55,0.20,0.58,0.76,false
2026-05-04,"Breakfast",568.70,0.00,33.33,153.58,795.05,283.13,0.49,0.42,3.72,2.12,0.53,1.09,62.22,164.37,17.12,88.23,0.73,40.86,308.11,1.06,5.10,234.38,3.18,629.64,1299.81,21.96,149.35,4.07,82.98,97.38,14.36,9.39,4.97,39.53,37.64,5.03,14.09,16.22,4.29,2.00,6.24,0.15,0.13,0.12,0.00,0.00,1.87,0.01,1.86,0.41,0.59,0.96,1.80,1.35,0.39,1.14,23.00,0.85,0.29,0.84,1.24,false
2026-05-04,"Lunch",659.95,0.00,0.00,50.42,121.35,467.91,0.65,0.78,7.63,2.14,0.63,1.00,125.70,293.97,63.60,0.00,6.48,118.54,491.79,0.58,4.83,155.80,3.38,626.80,1231.79,57.27,1164.99,3.91,59.75,73.05,13.12,6.28,1.85,37.50,17.70,5.33,22.13,24.00,7.72,4.89,6.50,0.03,0.31,0.31,0.00,0.00,2.82,0.01,2.81,0.33,0.85,1.49,2.75,2.08,0.65,1.55,45.07,1.26,0.43,1.43,1.83,false
2026-05-04,"Dinner",668.70,0.00,0.00,281.35,54.63,304.95,0.86,0.47,5.79,2.98,1.28,0.18,237.65,2572.78,59.37,12.80,4.09,18.17,242.07,1.84,10.66,159.24,3.69,517.22,2168.15,4.32,121.95,5.03,105.81,130.37,24.21,7.15,2.71,66.41,24.13,0.00,4.64,4.00,1.33,1.63,1.28,0.04,0.29,0.03,0.00,0.00,1.06,0.00,0.17,0.42,0.87,1.37,2.31,2.14,0.35,1.64,32.11,1.27,0.36,0.88,1.67,false
2026-05-04,"Snacks",1023.31,0.00,0.00,58.07,108.68,745.45,0.34,1.36,7.17,2.98,1.15,3.15,113.31,9.18,51.36,0.00,1.93,4.78,544.95,0.67,1.09,198.71,1.38,793.97,2075.95,49.79,305.89,3.73,157.42,174.18,14.29,7.92,3.07,13.72,102.59,19.36,14.41,22.50,7.01,2.50,2.91,0.03,0.13,0.13,0.00,0.00,2.40,0.00,2.39,0.45,1.65,2.65,5.23,4.10,1.40,2.76,61.18,2.10,0.67,2.55,3.38,false
2026-05-04,"Total",3440.22,0.00,133.73,624.70,1209.32,2139.71,2.81,3.58,32.15,11.74,3.99,6.51,663.71,3244.49,202.50,183.04,16.35,189.27,1981.97,4.48,25.04,908.86,13.88,3011.08,7696.95,158.70,2578.61,19.61,478.91,556.39,74.26,36.42,14.30,181.01,214.62,33.76,67.49,83.85,24.28,13.77,21.02,0.40,0.99,0.74,0.00,0.00,10.60,0.03,9.68,1.80,4.34,7.10,13.29,10.50,3.09,7.82,183.71,6.03,1.95,6.28,8.88,false
2026-05-05,"Total",,,,,,,,,,,,,,,,,,,,,,,,,,,,,,,,,,,,,,,,,,,,,,,,,,,,,,,,,,,,,,false
2026-05-06,"Total",,,,,,,,,,,,,,,,,,,,,,,,,,,,,,,,,,,,,,,,,,,,,,,,,,,,,,,,,,,,,,false
2026-05-07,"Total",,,,,,,,,,,,,,,,,,,,,,,,,,,,,,,,,,,,,,,,,,,,,,,,,,,,,,,,,,,,,,false
2026-05-08,"Total",,,,,,,,,,,,,,,,,,,,,,,,,,,,,,,,,,,,,,,,,,,,,,,,,,,,,,,,,,,,,,false
2026-05-09,"Total",,,,,,,,,,,,,,,,,,,,,,,,,,,,,,,,,,,,,,,,,,,,,,,,,,,,,,,,,,,,,,false
2026-05-10,"Total",,,,,,,,,,,,,,,,,,,,,,,,,,,,,,,,,,,,,,,,,,,,,,,,,,,,,,,,,,,,,,false
2026-05-11,"Total",,,,,,,,,,,,,,,,,,,,,,,,,,,,,,,,,,,,,,,,,,,,,,,,,,,,,,,,,,,,,,false
2026-05-12,"Total",,,,,,,,,,,,,,,,,,,,,,,,,,,,,,,,,,,,,,,,,,,,,,,,,,,,,,,,,,,,,,false
2026-05-13,"Total",,,,,,,,,,,,,,,,,,,,,,,,,,,,,,,,,,,,,,,,,,,,,,,,,,,,,,,,,,,,,,false
2026-05-14,"Total",,,,,,,,,,,,,,,,,,,,,,,,,,,,,,,,,,,,,,,,,,,,,,,,,,,,,,,,,,,,,,false
2026-05-15,"Total",,,,,,,,,,,,,,,,,,,,,,,,,,,,,,,,,,,,,,,,,,,,,,,,,,,,,,,,,,,,,,false
2026-05-16,"Total",,,,,,,,,,,,,,,,,,,,,,,,,,,,,,,,,,,,,,,,,,,,,,,,,,,,,,,,,,,,,,false
2026-05-17,"Total",,,,,,,,,,,,,,,,,,,,,,,,,,,,,,,,,,,,,,,,,,,,,,,,,,,,,,,,,,,,,,false
2026-05-18,"Total",,,,,,,,,,,,,,,,,,,,,,,,,,,,,,,,,,,,,,,,,,,,,,,,,,,,,,,,,,,,,,false
2026-05-19,"Total",,,,,,,,,,,,,,,,,,,,,,,,,,,,,,,,,,,,,,,,,,,,,,,,,,,,,,,,,,,,,,false
2026-05-20,"Breakfast",1484.53,0.00,33.33,213.65,920.76,1094.92,1.27,1.28,13.55,4.99,1.52,2.09,222.66,482.76,112.48,88.23,8.63,169.51,828.01,1.99,10.53,450.46,7.06,1330.36,3395.97,79.51,1315.84,8.57,196.58,236.96,36.48,21.67,9.84,82.00,102.39,10.36,37.15,40.22,12.27,7.25,12.95,0.17,0.48,0.48,0.00,0.00,5.00,0.01,4.98,0.76,1.53,2.51,4.67,3.53,1.06,2.78,70.79,2.18,0.74,2.30,3.18,false
2026-05-20,"Total",1484.53,0.00,33.33,213.65,920.76,1094.92,1.27,1.28,13.55,4.99,1.52,2.09,222.66,482.76,112.48,88.23,8.63,169.51,828.01,1.99,10.53,450.46,7.06,1330.36,3395.97,79.51,1315.84,8.57,196.58,236.96,36.48,21.67,9.84,82.00,102.39,10.36,37.15,40.22,12.27,7.25,12.95,0.17,0.48,0.48,0.00,0.00,5.00,0.01,4.98,0.76,1.53,2.51,4.67,3.53,1.06,2.78,70.79,2.18,0.74,2.30,3.18,false
2026-05-21,"Total",,,,,,,,,,,,,,,,,,,,,,,,,,,,,,,,,,,,,,,,,,,,,,,,,,,,,,,,,,,,,,false
2026-05-22,"Total",,,,,,,,,,,,,,,,,,,,,,,,,,,,,,,,,,,,,,,,,,,,,,,,,,,,,,,,,,,,,,false
2026-05-23,"Total",,,,,,,,,,,,,,,,,,,,,,,,,,,,,,,,,,,,,,,,,,,,,,,,,,,,,,,,,,,,,,false
2026-05-24,"Total",,,,,,,,,,,,,,,,,,,,,,,,,,,,,,,,,,,,,,,,,,,,,,,,,,,,,,,,,,,,,,false
2026-05-25,"Total",,,,,,,,,,,,,,,,,,,,,,,,,,,,,,,,,,,,,,,,,,,,,,,,,,,,,,,,,,,,,,false
2026-05-26,"Total",,,,,,,,,,,,,,,,,,,,,,,,,,,,,,,,,,,,,,,,,,,,,,,,,,,,,,,,,,,,,,false
2026-05-27,"Total",,,,,,,,,,,,,,,,,,,,,,,,,,,,,,,,,,,,,,,,,,,,,,,,,,,,,,,,,,,,,,false
2026-05-28,"Total",,,,,,,,,,,,,,,,,,,,,,,,,,,,,,,,,,,,,,,,,,,,,,,,,,,,,,,,,,,,,,false
2026-05-29,"Total",,,,,,,,,,,,,,,,,,,,,,,,,,,,,,,,,,,,,,,,,,,,,,,,,,,,,,,,,,,,,,false
2026-05-30,"Total",,,,,,,,,,,,,,,,,,,,,,,,,,,,,,,,,,,,,,,,,,,,,,,,,,,,,,,,,,,,,,false
2026-05-31,"Total",,,,,,,,,,,,,,,,,,,,,,,,,,,,,,,,,,,,,,,,,,,,,,,,,,,,,,,,,,,,,,false
2026-06-01,"Total",,,,,,,,,,,,,,,,,,,,,,,,,,,,,,,,,,,,,,,,,,,,,,,,,,,,,,,,,,,,,,false
2026-06-02,"Total",,,,,,,,,,,,,,,,,,,,,,,,,,,,,,,,,,,,,,,,,,,,,,,,,,,,,,,,,,,,,,false
2026-06-03,"Total",,,,,,,,,,,,,,,,,,,,,,,,,,,,,,,,,,,,,,,,,,,,,,,,,,,,,,,,,,,,,,false
2026-06-04,"Total",,,,,,,,,,,,,,,,,,,,,,,,,,,,,,,,,,,,,,,,,,,,,,,,,,,,,,,,,,,,,,false
2026-06-05,"Total",,,,,,,,,,,,,,,,,,,,,,,,,,,,,,,,,,,,,,,,,,,,,,,,,,,,,,,,,,,,,,false
2026-06-06,"Dinner",703.03,0.00,0.00,243.76,452.60,598.45,0.75,0.82,7.10,3.78,0.98,0.83,374.96,1571.03,33.72,65.25,4.74,122.60,275.01,0.82,9.43,173.78,3.19,638.92,1674.03,47.33,1461.55,4.56,93.00,111.83,18.46,15.54,2.92,69.82,14.58,2.87,13.68,279.75,4.13,3.99,3.48,0.02,0.39,0.35,0.03,0.00,3.42,0.11,3.30,0.54,0.77,1.38,2.28,1.89,0.54,1.56,35.25,1.24,0.37,0.95,1.63,false
2026-06-06,"Total",703.03,0.00,0.00,243.76,452.60,598.45,0.75,0.82,7.10,3.78,0.98,0.83,374.96,1571.03,33.72,65.25,4.74,122.60,275.01,0.82,9.43,173.78,3.19,638.92,1674.03,47.33,1461.55,4.56,93.00,111.83,18.46,15.54,2.92,69.82,14.58,2.87,13.68,279.75,4.13,3.99,3.48,0.02,0.39,0.35,0.03,0.00,3.42,0.11,3.30,0.54,0.77,1.38,2.28,1.89,0.54,1.56,35.25,1.24,0.37,0.95,1.63,false
2026-06-07,"Total",,,,,,,,,,,,,,,,,,,,,,,,,,,,,,,,,,,,,,,,,,,,,,,,,,,,,,,,,,,,,,false
2026-06-08,"'-",829.10,0.00,0.00,2888.52,297.77,346.65,0.81,1.04,3.68,1.54,1.28,1.23,813.59,949.59,75.77,14.00,6.28,1219.01,510.12,1.32,8.65,459.74,3.00,699.73,2472.69,18.22,648.37,5.16,68.88,86.19,16.95,11.43,5.50,45.09,16.99,0.00,31.03,68.60,5.57,4.84,14.56,0.47,0.74,0.72,0.00,0.01,3.79,0.00,3.79,0.53,1.15,2.04,3.58,3.16,0.72,2.15,52.97,1.86,0.52,1.29,1.99,false
2026-06-08,"Total",829.10,0.00,0.00,2888.52,297.77,346.65,0.81,1.04,3.68,1.54,1.28,1.23,813.59,949.59,75.77,14.00,6.28,1219.01,510.12,1.32,8.65,459.74,3.00,699.73,2472.69,18.22,648.37,5.16,68.88,86.19,16.95,11.43,5.50,45.09,16.99,0.00,31.03,68.60,5.57,4.84,14.56,0.47,0.74,0.72,0.00,0.01,3.79,0.00,3.79,0.53,1.15,2.04,3.58,3.16,0.72,2.15,52.97,1.86,0.52,1.29,1.99,false
2026-06-09,"Total",,,,,,,,,,,,,,,,,,,,,,,,,,,,,,,,,,,,,,,,,,,,,,,,,,,,,,,,,,,,,,false
2026-06-10,"Breakfast",568.70,0.00,33.33,153.58,795.05,283.13,0.49,0.42,3.72,2.12,0.53,1.09,62.22,164.37,17.12,88.23,0.73,40.86,308.11,1.06,5.10,234.38,3.18,629.64,1299.81,21.96,149.35,4.07,82.98,97.38,14.36,9.39,4.97,39.53,37.64,5.03,14.09,16.22,4.29,2.00,6.24,0.15,0.13,0.12,0.00,0.00,1.87,0.01,1.86,0.41,0.59,0.96,1.80,1.35,0.39,1.14,23.00,0.85,0.29,0.84,1.24,false
2026-06-10,"Lunch",355.47,0.00,0.00,133.46,479.14,511.35,0.34,0.22,2.33,1.30,0.42,0.00,380.20,142.11,7.85,0.00,1.39,142.12,89.52,0.53,7.31,94.98,1.19,357.40,920.92,7.45,1249.57,2.61,52.91,65.12,12.05,11.10,0.95,49.80,2.03,0.00,3.83,0.00,0.79,2.11,0.57,0.02,0.29,0.29,0.00,0.00,1.78,0.00,1.78,0.23,0.50,0.77,1.28,1.23,0.16,0.87,17.85,0.64,0.16,0.48,0.88,false
2026-06-10,"Dinner",848.04,0.00,0.00,2.12,230.11,229.97,0.22,1.00,3.22,4.48,0.65,1.67,211.25,236.04,14.36,130.50,4.69,34.72,96.22,0.30,2.78,62.33,0.28,346.13,1016.42,46.85,759.06,2.68,58.21,80.32,22.02,7.05,4.08,0.18,7.77,0.00,47.08,559.50,22.11,5.08,9.07,0.00,0.28,0.22,0.06,0.01,4.73,0.22,4.46,0.48,0.53,1.16,1.84,1.57,0.65,1.16,35.09,1.02,0.27,0.85,1.32,false
2026-06-10,"Bike",1099.40,0.00,0.00,104.60,108.21,1053.85,0.61,1.48,8.90,3.94,1.34,3.15,193.69,110.56,204.33,0.00,3.67,5.49,653.73,0.80,1.60,232.27,1.50,846.19,2814.88,50.35,279.53,4.14,175.60,196.59,19.47,9.76,7.03,13.67,135.28,22.23,14.18,22.50,6.69,2.49,2.80,0.03,0.15,0.15,0.00,0.00,2.36,0.00,2.35,0.49,1.72,2.74,5.32,4.28,1.47,2.87,63.59,2.16,0.71,2.61,3.50,false
2026-06-10,"Total",2871.61,0.00,33.33,393.76,1612.51,2078.31,1.67,3.13,18.17,11.84,2.94,5.91,847.35,653.07,243.66,218.73,10.48,223.19,1147.57,2.70,16.79,623.96,6.15,2179.36,6052.03,126.61,2437.50,13.50,369.70,439.41,67.89,37.31,17.03,103.18,182.72,27.26,79.19,598.22,33.88,11.68,18.68,0.19,0.85,0.79,0.06,0.01,10.74,0.23,10.46,1.60,3.33,5.63,10.24,8.42,2.66,6.04,139.53,4.68,1.43,4.78,6.95,false
2026-06-11,"Breakfast",1416.74,0.00,33.33,155.70,1025.17,513.10,0.71,1.42,6.94,6.60,1.18,2.76,273.46,400.41,31.48,218.73,5.42,75.58,404.33,1.36,7.89,296.71,3.46,975.77,2316.24,68.81,908.41,6.76,141.19,177.70,36.38,16.44,9.05,39.71,45.41,5.03,61.18,575.72,26.40,7.09,15.31,0.15,0.41,0.34,0.06,0.01,6.60,0.23,6.33,0.89,1.12,2.13,3.64,2.91,1.04,2.30,58.09,1.87,0.56,1.69,2.57,false
2026-06-11,"Lunch",648.08,0.00,0.00,93.54,387.36,500.32,0.77,0.69,6.36,2.38,0.79,0.83,357.27,287.05,110.39,65.25,5.24,29.37,283.62,0.76,6.68,171.73,2.60,547.06,1563.79,46.09,952.92,3.93,77.95,103.75,25.34,18.42,2.94,41.69,35.34,2.87,13.50,279.75,3.92,4.37,3.45,0.01,0.48,0.44,0.03,0.00,2.22,0.11,2.09,0.44,0.66,1.29,2.19,1.67,0.54,1.45,32.65,1.08,0.35,0.83,1.56,false
2026-06-11,"Dinner",668.70,0.00,0.00,281.35,54.63,304.95,0.86,0.47,5.79,2.98,1.28,0.18,237.65,2572.78,59.37,12.80,4.09,18.17,242.07,1.84,10.66,159.24,3.69,517.22,2168.15,4.32,121.95,5.03,105.81,130.37,24.21,7.15,2.71,66.41,24.13,0.00,4.64,4.00,1.33,1.63,1.28,0.04,0.29,0.03,0.00,0.00,1.06,0.00,0.17,0.42,0.87,1.37,2.31,2.14,0.35,1.64,32.11,1.27,0.36,0.88,1.67,false
2026-06-11,"Snacks",356.98,0.00,0.00,1750.28,17.52,424.21,0.29,0.40,1.53,0.63,0.47,0.00,235.20,481.81,149.79,0.00,3.72,730.95,187.60,0.32,2.03,168.40,0.76,105.26,1197.04,1.07,258.00,0.91,43.43,58.83,11.45,7.01,4.47,0.15,40.46,0.00,4.33,0.00,0.19,0.57,2.21,0.00,0.33,0.33,0.00,0.00,0.17,0.00,0.17,0.08,0.13,0.29,0.41,0.38,0.12,0.27,26.63,0.23,0.08,0.20,0.35,false
2026-06-11,"Total",3090.51,0.00,33.33,2280.87,1484.67,1742.58,2.64,2.99,20.62,12.59,3.73,3.77,1103.58,3742.04,351.03,296.78,18.47,854.07,1117.62,4.29,27.25,796.08,10.51,2145.30,7245.21,120.29,2241.27,16.63,368.39,470.64,97.37,49.02,19.17,147.95,145.33,7.90,83.65,859.47,31.84,13.66,22.24,0.19,1.51,1.16,0.09,0.01,10.04,0.35,8.76,1.83,2.78,5.08,8.55,7.10,2.05,5.66,149.49,4.45,1.35,3.60,6.14,false
2026-06-12,"Breakfast",739.70,0.00,33.33,156.58,795.05,535.01,0.53,0.50,4.21,2.26,0.62,1.09,83.22,168.25,30.02,88.23,1.36,54.06,335.11,1.31,5.64,255.38,3.32,665.64,1647.81,22.26,152.35,4.37,112.48,143.07,23.84,16.14,7.73,39.53,66.89,5.03,14.51,16.22,4.54,2.29,6.31,0.15,0.13,0.13,0.00,0.00,2.15,0.01,2.14,0.41,0.60,0.99,1.85,1.40,0.40,1.18,24.08,0.88,0.29,0.85,1.29,false
2026-06-12,"Lunch",1022.40,0.00,0.00,116.03,396.99,354.89,1.27,1.05,11.00,3.81,1.28,1.11,588.31,203.72,19.40,87.00,9.92,27.59,457.32,1.56,13.59,340.85,5.47,895.02,2065.07,81.81,1867.85,7.36,117.27,143.99,26.14,16.36,7.52,83.72,27.20,6.56,24.36,373.00,6.83,7.32,5.61,0.02,0.47,0.43,0.04,0.01,6.56,0.16,6.40,0.85,1.19,2.07,3.42,2.77,0.85,2.42,57.86,1.81,0.54,1.40,2.21,false
2026-06-12,"Dinner",1969.54,0.00,0.00,281.76,54.63,304.95,0.86,0.47,5.79,2.98,1.28,0.18,237.65,2787.07,59.37,12.80,4.93,21.69,777.85,1.84,10.69,159.24,3.69,517.22,2168.21,4.32,3101.64,5.03,245.54,270.10,24.21,7.15,2.71,66.41,39.13,0.00,53.20,75.43,5.60,2.25,26.45,0.05,0.33,0.08,0.00,0.00,1.63,0.00,0.74,0.42,0.87,1.37,2.31,2.14,0.35,1.64,106.37,1.27,0.36,0.88,1.67,false
2026-06-12,"Snacks",1551.09,0.00,24.73,231.95,438.94,904.01,0.55,1.22,12.19,3.61,1.17,2.36,183.31,139.41,140.61,55.14,4.21,38.34,693.65,1.32,3.84,312.89,2.15,920.98,2656.99,40.39,544.97,5.63,214.88,247.82,25.15,17.39,7.62,11.76,194.38,86.36,34.42,22.32,16.93,5.77,9.27,0.10,0.20,0.19,0.00,0.00,5.64,0.01,5.61,0.82,1.77,3.23,6.24,5.05,1.42,3.15,89.61,2.90,1.02,2.60,3.80,false
2026-06-12,"Bike",907.92,0.00,0.00,63.57,233.85,62.65,0.66,0.30,9.64,1.25,0.43,0.00,84.03,0.27,0.00,0.00,6.02,12.54,267.08,0.44,4.29,152.51,3.80,404.02,514.37,41.91,784.49,3.32,127.51,142.32,14.54,8.36,2.16,46.66,42.03,8.08,24.35,0.00,6.01,4.97,8.28,0.03,0.22,0.22,0.00,0.00,4.68,0.01,4.67,0.27,0.33,0.48,0.95,0.40,0.20,0.69,33.47,0.38,0.19,0.44,0.58,false
2026-06-12,"Total",6190.64,0.00,58.05,849.89,1919.46,2161.52,3.87,3.54,42.82,13.92,4.78,4.74,1176.52,3298.71,249.41,243.17,26.44,154.22,2531.02,6.48,38.05,1220.86,18.44,3402.88,9052.46,190.70,6451.30,25.71,817.67,947.29,113.89,65.40,27.74,248.07,369.62,106.03,150.84,486.96,39.91,22.60,55.93,0.34,1.35,1.05,0.04,0.01,20.66,0.19,19.56,2.77,4.76,8.14,14.77,11.76,3.23,9.07,311.39,7.24,2.41,6.17,9.56,false
2026-06-13,"Breakfast",654.20,0.00,33.33,155.08,795.05,409.07,0.51,0.46,3.97,2.19,0.58,1.09,72.72,166.31,23.57,88.23,1.04,47.46,321.61,1.19,5.37,244.88,3.25,647.64,1473.81,22.11,150.85,4.22,97.73,120.22,19.10,12.77,6.35,39.53,52.27,5.03,14.30,16.22,4.42,2.15,6.27,0.15,0.13,0.13,0.00,0.00,2.01,0.01,2.00,0.41,0.60,0.98,1.82,1.37,0.39,1.16,23.54,0.87,0.29,0.85,1.27,false
2026-06-13,"Lunch",1022.40,0.00,0.00,116.03,396.99,354.89,1.27,1.05,11.00,3.81,1.28,1.11,588.31,203.72,19.40,87.00,9.92,27.59,457.32,1.56,13.59,340.85,5.47,895.02,2065.07,81.81,1867.85,7.36,117.27,143.99,26.14,16.36,7.52,83.72,27.20,6.56,24.36,373.00,6.83,7.32,5.61,0.02,0.47,0.43,0.04,0.01,6.56,0.16,6.40,0.85,1.19,2.07,3.42,2.77,0.85,2.42,57.86,1.81,0.54,1.40,2.21,false
2026-06-13,"Dinner",668.70,0.00,0.00,281.35,54.63,304.95,0.86,0.47,5.79,2.98,1.28,0.18,237.65,2572.78,59.37,12.80,4.09,18.17,242.07,1.84,10.66,159.24,3.69,517.22,2168.15,4.32,121.95,5.03,105.81,130.37,24.21,7.15,2.71,66.41,24.13,0.00,4.64,4.00,1.33,1.63,1.28,0.04,0.29,0.03,0.00,0.00,1.06,0.00,0.17,0.42,0.87,1.37,2.31,2.14,0.35,1.64,32.11,1.27,0.36,0.88,1.67,false
2026-06-13,"Snacks",323.98,0.00,0.00,32.78,5.52,285.56,0.18,0.11,0.76,0.53,0.15,0.00,65.70,22.56,104.34,0.00,0.78,6.60,87.10,0.21,0.45,28.90,0.12,43.76,507.04,1.07,97.50,0.28,41.88,54.87,9.06,5.20,3.90,0.00,39.83,0.00,3.43,0.00,0.17,0.19,2.06,0.00,0.01,0.01,0.00,0.00,0.17,0.00,0.17,0.02,0.04,0.06,0.07,0.11,0.04,0.07,22.27,0.04,0.02,0.03,0.10,false
2026-06-13,"Bike",1209.74,0.00,0.00,64.68,233.85,266.75,0.71,0.96,10.22,2.05,0.59,1.54,101.43,2.47,0.50,0.00,6.04,12.54,517.28,0.52,4.86,178.71,3.90,707.22,876.57,64.49,863.69,4.70,201.93,217.33,14.74,8.36,2.16,46.66,118.34,90.20,17.46,11.00,6.11,5.00,3.62,0.04,0.23,0.23,0.00,0.00,4.70,0.01,4.69,0.45,0.98,1.64,3.22,2.24,0.85,1.82,55.03,1.28,0.49,1.57,2.06,false
2026-06-13,"Total",3879.02,0.00,33.33,649.93,1486.04,1621.23,3.52,3.05,31.74,11.57,3.89,3.92,1065.81,2967.84,207.18,188.03,21.87,112.36,1625.39,5.31,34.94,952.58,16.43,2810.86,7090.65,173.80,3101.84,21.59,564.63,666.77,93.26,49.83,22.64,236.31,261.76,101.79,64.20,404.22,18.85,16.28,18.85,0.24,1.12,0.83,0.04,0.01,14.51,0.17,13.43,2.15,3.67,6.13,10.85,8.63,2.49,7.13,190.81,5.28,1.70,4.73,7.31,false
2026-06-14,"Total",,,,,,,,,,,,,,,,,,,,,,,,,,,,,,,,,,,,,,,,,,,,,,,,,,,,,,,,,,,,,,false
2026-06-15,"Total",,,,,,,,,,,,,,,,,,,,,,,,,,,,,,,,,,,,,,,,,,,,,,,,,,,,,,,,,,,,,,false
2026-06-16,"Total",,,,,,,,,,,,,,,,,,,,,,,,,,,,,,,,,,,,,,,,,,,,,,,,,,,,,,,,,,,,,,false
2026-06-17,"Lunch",769.80,0.00,0.00,24.08,124.61,551.41,0.82,0.42,15.69,2.71,1.19,0.06,160.92,126.08,76.46,0.17,5.10,25.33,259.60,0.65,5.12,179.04,2.88,558.11,1690.73,37.42,626.75,3.55,104.59,116.80,12.08,5.04,1.59,53.33,39.29,2.87,15.84,55.50,3.73,3.95,5.63,0.01,0.14,0.14,0.00,0.00,1.14,0.00,1.14,0.20,0.27,0.37,0.68,0.35,0.16,0.48,45.30,0.33,0.13,0.28,0.48,false
2026-06-17,"Total",769.80,0.00,0.00,24.08,124.61,551.41,0.82,0.42,15.69,2.71,1.19,0.06,160.92,126.08,76.46,0.17,5.10,25.33,259.60,0.65,5.12,179.04,2.88,558.11,1690.73,37.42,626.75,3.55,104.59,116.80,12.08,5.04,1.59,53.33,39.29,2.87,15.84,55.50,3.73,3.95,5.63,0.01,0.14,0.14,0.00,0.00,1.14,0.00,1.14,0.20,0.27,0.37,0.68,0.35,0.16,0.48,45.30,0.33,0.13,0.28,0.48,false
2026-06-18,"Lunch",633.60,0.00,0.00,1416.18,314.64,491.37,0.71,0.64,5.98,1.75,1.02,0.24,539.08,406.22,54.70,17.28,6.40,596.42,396.61,1.13,10.06,293.00,4.45,647.13,1860.96,27.98,957.42,5.47,82.15,107.26,24.58,16.45,8.16,54.34,23.51,2.87,10.22,5.40,1.99,3.93,2.09,0.06,0.45,0.45,0.00,0.00,2.85,0.00,2.84,0.41,0.75,1.23,2.05,1.75,0.42,1.46,34.21,1.07,0.33,0.81,1.29,false
2026-06-18,"Total",633.60,0.00,0.00,1416.18,314.64,491.37,0.71,0.64,5.98,1.75,1.02,0.24,539.08,406.22,54.70,17.28,6.40,596.42,396.61,1.13,10.06,293.00,4.45,647.13,1860.96,27.98,957.42,5.47,82.15,107.26,24.58,16.45,8.16,54.34,23.51,2.87,10.22,5.40,1.99,3.93,2.09,0.06,0.45,0.45,0.00,0.00,2.85,0.00,2.84,0.41,0.75,1.23,2.05,1.75,0.42,1.46,34.21,1.07,0.33,0.81,1.29,false
2026-06-19,"Total",,,,,,,,,,,,,,,,,,,,,,,,,,,,,,,,,,,,,,,,,,,,,,,,,,,,,,,,,,,,,,false
2026-06-20,"Total",,,,,,,,,,,,,,,,,,,,,,,,,,,,,,,,,,,,,,,,,,,,,,,,,,,,,,,,,,,,,,false
2026-06-21,"Breakfast",854.07,0.00,0.00,23.87,246.21,436.46,0.33,0.84,5.30,3.26,0.91,1.81,140.30,87.52,35.01,57.46,2.28,15.61,289.07,0.55,1.45,144.62,1.14,494.89,1603.18,29.56,694.70,2.75,109.45,128.76,19.23,6.56,3.33,9.21,52.98,1.93,24.39,163.78,9.60,2.34,5.10,0.08,0.19,0.17,0.02,0.00,2.13,0.06,2.06,0.35,0.91,1.50,2.77,2.21,0.76,1.58,42.19,1.25,0.37,1.32,1.83,false
2026-06-21,"Total",854.07,0.00,0.00,23.87,246.21,436.46,0.33,0.84,5.30,3.26,0.91,1.81,140.30,87.52,35.01,57.46,2.28,15.61,289.07,0.55,1.45,144.62,1.14,494.89,1603.18,29.56,694.70,2.75,109.45,128.76,19.23,6.56,3.33,9.21,52.98,1.93,24.39,163.78,9.60,2.34,5.10,0.08,0.19,0.17,0.02,0.00,2.13,0.06,2.06,0.35,0.91,1.50,2.77,2.21,0.76,1.58,42.19,1.25,0.37,1.32,1.83,false
2026-06-22,"Total",,,,,,,,,,,,,,,,,,,,,,,,,,,,,,,,,,,,,,,,,,,,,,,,,,,,,,,,,,,,,,false
2026-06-23,"Breakfast",568.70,0.00,33.33,153.58,795.05,283.13,0.49,0.42,3.72,2.12,0.53,1.09,62.22,164.37,17.12,88.23,0.73,40.86,308.11,1.06,5.10,234.38,3.18,629.64,1299.81,21.96,149.35,4.07,82.98,97.38,14.36,9.39,4.97,39.53,37.64,5.03,14.09,16.22,4.29,2.00,6.24,0.15,0.13,0.12,0.00,0.00,1.87,0.01,1.86,0.41,0.59,0.96,1.80,1.35,0.39,1.14,23.00,0.85,0.29,0.84,1.24,false
2026-06-23,"Lunch",385.00,0.00,0.00,180.45,12.20,460.41,0.36,0.92,4.07,3.67,0.80,1.11,78.50,2790.56,50.95,87.00,4.45,6.90,163.50,0.56,3.99,86.50,1.24,355.00,1651.00,31.70,198.50,2.27,45.10,54.79,9.35,7.14,2.22,14.50,19.28,0.00,11.09,373.00,4.10,1.61,3.46,0.00,0.08,0.04,0.04,0.01,1.32,0.15,1.16,0.35,0.40,0.88,1.40,1.17,0.49,0.95,18.40,0.87,0.26,0.68,1.05,false
2026-06-23,"Dinner",725.30,0.00,0.00,1602.53,298.10,658.66,0.72,0.78,6.43,3.40,1.57,0.24,591.98,2568.61,99.32,17.28,6.28,597.73,389.01,1.48,11.04,320.45,4.46,687.43,2868.31,11.92,722.72,5.56,103.40,134.93,30.84,20.63,10.24,56.60,36.97,0.00,9.15,5.40,1.79,3.49,1.81,0.05,0.38,0.38,0.00,0.00,2.19,0.00,2.19,0.42,0.84,1.38,2.29,2.06,0.48,1.71,33.56,1.32,0.39,0.87,1.50,false
2026-06-23,"Total",1679.00,0.00,33.33,1936.56,1105.35,1402.19,1.57,2.13,14.22,9.18,2.90,2.44,732.70,5523.54,167.39,192.51,11.46,645.49,860.62,3.10,20.14,641.33,8.88,1672.07,5819.12,65.58,1070.57,11.90,231.48,287.10,54.55,37.16,17.42,110.63,93.89,5.03,34.33,394.62,10.19,7.10,11.51,0.20,0.59,0.55,0.04,0.01,5.38,0.16,5.21,1.18,1.84,3.23,5.48,4.58,1.36,3.80,74.96,3.04,0.93,2.39,3.79,false
2026-06-24,"Total",,,,,,,,,,,,,,,,,,,,,,,,,,,,,,,,,,,,,,,,,,,,,,,,,,,,,,,,,,,,,,false
2026-06-25,"Breakfast",69.30,0.00,0.00,25.34,137.01,177.54,0.15,0.04,1.19,0.15,0.17,0.00,27.72,3.63,2.57,0.00,0.81,5.74,11.88,0.12,0.49,21.78,0.22,29.70,243.53,0.20,1.98,0.24,12.08,17.29,4.95,3.72,0.83,1.33,6.34,0.00,0.46,0.00,0.04,0.18,0.09,0.00,0.03,0.03,0.00,0.00,0.00,0.00,0.00,0.01,0.04,0.07,0.10,0.08,0.02,0.07,1.64,0.06,0.02,0.04,0.09,false
2026-06-25,"Lunch",109.88,0.00,0.00,2.95,39.33,133.51,0.06,0.15,1.65,0.34,0.06,0.00,63.96,3.69,2.95,0.00,0.15,0.00,4.92,0.05,0.44,21.32,0.11,75.44,216.47,0.98,336.19,0.52,20.16,23.52,3.28,3.08,0.20,13.22,7.28,0.00,2.00,0.00,0.61,0.85,0.40,0.00,0.03,0.03,0.00,0.00,0.23,0.00,0.23,0.06,0.10,0.12,0.47,0.35,0.09,0.17,3.76,0.11,0.03,0.14,0.18,false
2026-06-25,"Total",179.18,0.00,0.00,28.30,176.34,311.05,0.21,0.19,2.84,0.49,0.23,0.00,91.68,7.32,5.53,0.00,0.96,5.74,16.80,0.17,0.94,43.10,0.33,105.14,460.01,1.18,338.17,0.76,32.24,40.80,8.23,6.81,1.03,14.54,13.62,0.00,2.46,0.00,0.65,1.04,0.49,0.00,0.06,0.06,0.00,0.00,0.23,0.00,0.23,0.07,0.14,0.19,0.57,0.43,0.10,0.24,5.40,0.17,0.05,0.19,0.26,false
2026-06-26,"Total",,,,,,,,,,,,,,,,,,,,,,,,,,,,,,,,,,,,,,,,,,,,,,,,,,,,,,,,,,,,,,false
2026-06-27,"Total",,,,,,,,,,,,,,,,,,,,,,,,,,,,,,,,,,,,,,,,,,,,,,,,,,,,,,,,,,,,,,false
2026-06-28,"Total",,,,,,,,,,,,,,,,,,,,,,,,,,,,,,,,,,,,,,,,,,,,,,,,,,,,,,,,,,,,,,false
2026-06-29,"Total",,,,,,,,,,,,,,,,,,,,,,,,,,,,,,,,,,,,,,,,,,,,,,,,,,,,,,,,,,,,,,false
2026-06-30,"Total",,,,,,,,,,,,,,,,,,,,,,,,,,,,,,,,,,,,,,,,,,,,,,,,,,,,,,,,,,,,,,false
2026-07-01,"Total",,,,,,,,,,,,,,,,,,,,,,,,,,,,,,,,,,,,,,,,,,,,,,,,,,,,,,,,,,,,,,false
2026-07-02,"Total",,,,,,,,,,,,,,,,,,,,,,,,,,,,,,,,,,,,,,,,,,,,,,,,,,,,,,,,,,,,,,false
2026-07-03,"Breakfast",7.20,0.00,0.00,2.70,2.98,12.76,0.00,0.00,0.06,0.01,0.01,0.00,8.55,0.01,3.73,0.00,0.00,0.19,8.40,0.01,0.06,4.05,0.02,4.65,36.90,0.42,63.00,0.12,1.20,1.69,0.49,0.43,0.07,0.00,0.72,0.00,0.10,0.00,0.02,0.05,0.01,0.00,0.01,0.01,0.00,0.00,0.04,0.00,0.04,0.00,0.00,0.01,0.01,0.01,0.00,0.01,0.18,0.01,0.00,0.00,0.01,false
2026-07-03,"Total",7.20,0.00,0.00,2.70,2.98,12.76,0.00,0.00,0.06,0.01,0.01,0.00,8.55,0.01,3.73,0.00,0.00,0.19,8.40,0.01,0.06,4.05,0.02,4.65,36.90,0.42,63.00,0.12,1.20,1.69,0.49,0.43,0.07,0.00,0.72,0.00,0.10,0.00,0.02,0.05,0.01,0.00,0.01,0.01,0.00,0.00,0.04,0.00,0.04,0.00,0.00,0.01,0.01,0.01,0.00,0.01,0.18,0.01,0.00,0.00,0.01,false
2026-07-04,"Total",,,,,,,,,,,,,,,,,,,,,,,,,,,,,,,,,,,,,,,,,,,,,,,,,,,,,,,,,,,,,,false
2026-07-05,"Total",,,,,,,,,,,,,,,,,,,,,,,,,,,,,,,,,,,,,,,,,,,,,,,,,,,,,,,,,,,,,,false
2026-07-06,"Total",,,,,,,,,,,,,,,,,,,,,,,,,,,,,,,,,,,,,,,,,,,,,,,,,,,,,,,,,,,,,,false
2026-07-07,"Total",,,,,,,,,,,,,,,,,,,,,,,,,,,,,,,,,,,,,,,,,,,,,,,,,,,,,,,,,,,,,,false
2026-07-08,"Breakfast",244.34,0.00,0.00,22.63,48.08,88.96,0.08,0.02,2.50,0.51,0.28,0.00,26.22,1.13,14.51,0.00,0.69,0.13,10.90,0.17,0.19,52.34,0.47,65.26,450.08,2.02,164.20,0.49,37.30,39.97,2.64,1.95,0.69,4.67,30.28,0.85,5.45,0.00,3.11,1.06,1.05,0.00,0.05,0.05,0.00,0.00,1.03,0.00,1.03,0.03,0.13,0.11,0.24,0.14,0.03,0.19,11.75,0.10,0.03,0.11,0.15,false
2026-07-08,"Total",244.34,0.00,0.00,22.63,48.08,88.96,0.08,0.02,2.50,0.51,0.28,0.00,26.22,1.13,14.51,0.00,0.69,0.13,10.90,0.17,0.19,52.34,0.47,65.26,450.08,2.02,164.20,0.49,37.30,39.97,2.64,1.95,0.69,4.67,30.28,0.85,5.45,0.00,3.11,1.06,1.05,0.00,0.05,0.05,0.00,0.00,1.03,0.00,1.03,0.03,0.13,0.11,0.24,0.14,0.03,0.19,11.75,0.10,0.03,0.11,0.15,false
2026-07-09,"Total",,,,,,,,,,,,,,,,,,,,,,,,,,,,,,,,,,,,,,,,,,,,,,,,,,,,,,,,,,,,,,false
2026-07-10,"Total",,,,,,,,,,,,,,,,,,,,,,,,,,,,,,,,,,,,,,,,,,,,,,,,,,,,,,,,,,,,,,false
2026-07-11,"Total",,,,,,,,,,,,,,,,,,,,,,,,,,,,,,,,,,,,,,,,,,,,,,,,,,,,,,,,,,,,,,false
2026-07-12,"Total",,,,,,,,,,,,,,,,,,,,,,,,,,,,,,,,,,,,,,,,,,,,,,,,,,,,,,,,,,,,,,false
2026-07-13,"Total",,,,,,,,,,,,,,,,,,,,,,,,,,,,,,,,,,,,,,,,,,,,,,,,,,,,,,,,,,,,,,false
2026-07-14,"Dinner",373.78,0.00,0.00,39.68,813.53,191.41,0.33,0.16,5.99,1.17,0.26,0.00,41.65,0.46,0.00,0.00,0.87,3.95,39.14,0.60,4.13,137.72,3.23,396.80,383.68,10.41,678.32,3.95,67.28,77.52,10.24,8.81,1.43,59.10,7.48,0.00,2.78,0.00,0.51,1.44,0.47,0.00,0.08,0.08,0.00,0.00,1.37,0.00,1.37,0.36,0.39,0.60,1.16,0.45,0.28,0.80,15.87,0.48,0.14,0.41,0.74,false
2026-07-14,"Total",373.78,0.00,0.00,39.68,813.53,191.41,0.33,0.16,5.99,1.17,0.26,0.00,41.65,0.46,0.00,0.00,0.87,3.95,39.14,0.60,4.13,137.72,3.23,396.80,383.68,10.41,678.32,3.95,67.28,77.52,10.24,8.81,1.43,59.10,7.48,0.00,2.78,0.00,0.51,1.44,0.47,0.00,0.08,0.08,0.00,0.00,1.37,0.00,1.37,0.36,0.39,0.60,1.16,0.45,0.28,0.80,15.87,0.48,0.14,0.41,0.74,false
2026-07-15,"Total",,,,,,,,,,,,,,,,,,,,,,,,,,,,,,,,,,,,,,,,,,,,,,,,,,,,,,,,,,,,,,false
2026-07-16,"Lunch",815.35,0.00,0.00,94.43,1300.68,69.95,0.54,0.26,9.73,1.88,0.43,0.00,68.54,134.07,0.00,0.00,3.97,7.25,307.86,1.01,6.93,224.48,5.16,636.22,961.06,17.24,1381.58,6.31,115.76,134.37,18.59,16.31,2.28,94.36,17.96,0.00,19.86,50.00,8.51,3.19,5.12,0.00,0.18,0.18,0.00,0.00,3.01,0.00,3.01,0.57,0.65,0.99,1.90,0.74,0.46,1.31,38.04,0.79,0.23,0.68,1.22,false
2026-07-16,"Total",815.35,0.00,0.00,94.43,1300.68,69.95,0.54,0.26,9.73,1.88,0.43,0.00,68.54,134.07,0.00,0.00,3.97,7.25,307.86,1.01,6.93,224.48,5.16,636.22,961.06,17.24,1381.58,6.31,115.76,134.37,18.59,16.31,2.28,94.36,17.96,0.00,19.86,50.00,8.51,3.19,5.12,0.00,0.18,0.18,0.00,0.00,3.01,0.00,3.01,0.57,0.65,0.99,1.90,0.74,0.46,1.31,38.04,0.79,0.23,0.68,1.22,false
2026-07-17,"Total",,,,,,,,,,,,,,,,,,,,,,,,,,,,,,,,,,,,,,,,,,,,,,,,,,,,,,,,,,,,,,false
2026-07-18,"Total",,,,,,,,,,,,,,,,,,,,,,,,,,,,,,,,,,,,,,,,,,,,,,,,,,,,,,,,,,,,,,false
2026-07-19,"Lunch",864.17,0.00,0.00,1376.51,544.62,620.71,1.06,0.80,10.40,3.47,1.61,0.00,262.51,2229.36,92.63,0.00,7.04,503.94,864.69,1.37,9.73,377.12,6.19,772.13,2639.79,58.06,803.63,5.72,121.21,143.82,21.76,15.69,6.10,56.59,43.79,5.33,15.89,0.00,3.58,6.56,3.22,0.01,0.83,0.83,0.00,0.00,5.38,0.01,5.37,0.36,0.94,1.68,2.81,1.75,0.52,1.84,46.84,1.59,0.56,1.33,1.89,false
2026-07-19,"Total",864.17,0.00,0.00,1376.51,544.62,620.71,1.06,0.80,10.40,3.47,1.61,0.00,262.51,2229.36,92.63,0.00,7.04,503.94,864.69,1.37,9.73,377.12,6.19,772.13,2639.79,58.06,803.63,5.72,121.21,143.82,21.76,15.69,6.10,56.59,43.79,5.33,15.89,0.00,3.58,6.56,3.22,0.01,0.83,0.83,0.00,0.00,5.38,0.01,5.37,0.36,0.94,1.68,2.81,1.75,0.52,1.84,46.84,1.59,0.56,1.33,1.89,false
2026-07-20,"Lunch",799.95,0.00,0.00,30.35,519.21,283.21,0.61,0.49,3.35,2.59,0.73,0.51,543.80,123.11,7.83,577.43,2.51,36.02,444.23,1.07,6.14,145.62,1.79,660.29,2296.86,13.79,653.39,4.83,66.65,90.72,24.08,12.36,1.00,49.00,8.00,0.00,26.52,43.69,11.64,2.25,10.17,0.22,0.25,0.24,0.00,0.00,1.47,0.00,1.47,0.50,1.10,1.74,3.02,2.84,0.40,1.89,53.17,1.49,0.38,1.08,1.93,false
2026-07-20,"Total",799.95,0.00,0.00,30.35,519.21,283.21,0.61,0.49,3.35,2.59,0.73,0.51,543.80,123.11,7.83,577.43,2.51,36.02,444.23,1.07,6.14,145.62,1.79,660.29,2296.86,13.79,653.39,4.83,66.65,90.72,24.08,12.36,1.00,49.00,8.00,0.00,26.52,43.69,11.64,2.25,10.17,0.22,0.25,0.24,0.00,0.00,1.47,0.00,1.47,0.50,1.10,1.74,3.02,2.84,0.40,1.89,53.17,1.49,0.38,1.08,1.93,false
2026-07-21,"Total",,,,,,,,,,,,,,,,,,,,,,,,,,,,,,,,,,,,,,,,,,,,,,,,,,,,,,,,,,,,,,false
2026-07-22,"'-",510.52,0.00,125.50,16.48,147.19,380.05,0.18,0.93,3.84,1.52,0.28,2.29,21.46,112.06,2.36,76.80,1.05,1.76,660.64,0.17,0.66,120.90,0.28,505.67,765.46,22.33,243.93,2.74,46.00,49.74,3.67,1.57,0.25,1.43,33.76,8.21,15.76,25.35,2.28,2.97,6.27,0.15,0.42,0.42,0.00,0.00,2.48,0.00,2.48,0.42,0.96,1.89,3.66,3.09,0.92,1.66,43.63,1.66,0.58,1.54,2.23,false
2026-07-22,"Breakfast",668.71,0.00,158.83,154.92,804.38,503.75,0.60,0.78,7.01,2.82,0.64,2.11,65.01,269.66,17.38,165.03,0.80,41.30,538.56,1.09,5.18,303.84,3.21,821.39,1653.45,25.43,228.57,4.88,92.80,107.21,14.36,9.39,4.97,39.53,46.42,5.03,18.12,32.28,5.13,2.19,8.58,0.29,0.14,0.14,0.00,0.00,1.98,0.01,1.96,0.44,0.77,1.28,2.41,1.89,0.56,1.44,29.17,1.14,0.37,1.14,1.63,false
2026-07-22,"Lunch",824.54,0.00,0.00,2.43,195.60,339.98,0.23,1.33,3.09,4.38,0.66,2.61,191.46,202.33,12.21,110.93,4.01,29.51,270.48,0.28,2.48,71.68,0.26,525.41,1103.66,56.65,706.40,3.18,55.67,74.46,18.71,5.99,3.47,0.15,12.16,0.00,40.65,484.08,18.86,4.34,7.89,0.01,0.24,0.19,0.05,0.01,4.03,0.19,3.81,0.55,0.94,1.89,3.32,2.75,1.05,1.86,47.34,1.57,0.46,1.59,2.26,false
2026-07-22,"Dinner",668.90,0.00,0.00,88.15,519.92,595.29,0.81,0.73,7.18,2.62,0.88,0.00,304.25,293.86,192.39,0.00,6.18,278.72,713.03,1.31,12.24,246.11,2.93,641.32,2656.90,30.74,1457.24,4.50,76.32,97.60,20.78,14.95,4.51,5.84,25.90,0.00,18.18,0.00,6.71,5.16,3.21,0.00,0.64,0.64,0.00,0.00,3.91,0.00,3.91,0.22,0.83,1.51,2.47,1.86,0.46,1.59,43.23,1.49,0.42,1.15,1.67,false
2026-07-22,"Snacks",622.43,0.00,125.50,59.04,380.44,380.95,0.57,0.62,9.81,1.67,0.48,1.02,66.58,109.48,8.03,76.80,5.19,12.20,423.95,0.46,3.37,199.17,2.77,498.92,908.87,31.28,558.90,3.69,79.40,92.29,11.68,9.09,2.56,31.82,41.18,5.25,19.13,16.07,6.06,6.13,4.93,0.16,0.57,0.56,0.00,0.00,5.46,0.01,5.45,0.23,0.45,0.72,1.40,0.92,0.33,0.85,24.21,0.61,0.23,0.66,0.90,false
2026-07-22,"Total",3295.10,0.00,409.84,321.03,2047.51,2200.02,2.38,4.39,30.93,13.01,2.95,8.02,648.75,987.38,232.37,429.56,17.23,363.49,2606.66,3.32,23.93,941.71,9.45,2992.71,7088.34,166.43,3195.04,19.00,350.18,421.30,69.21,40.99,15.76,78.78,159.42,18.50,111.84,557.77,39.05,20.80,30.88,0.60,2.02,1.95,0.05,0.01,17.87,0.22,17.62,1.86,3.97,7.30,13.25,10.51,3.31,7.41,187.58,6.46,2.05,6.09,8.69,false
2026-07-23,"'-",18.75,0.00,0.00,0.45,1.50,68.78,0.03,0.06,0.23,0.33,0.05,0.00,72.75,89.00,11.25,0.00,0.32,81.45,120.00,0.06,1.10,35.25,0.24,39.00,276.75,0.23,20.25,0.35,1.52,2.74,1.20,1.03,0.17,0.00,1.54,0.00,0.50,0.00,0.04,0.24,0.06,0.00,0.13,0.13,0.00,0.00,0.00,0.00,0.00,,,,,,,,1.94,,,,,false
2026-07-23,"Total",18.75,0.00,0.00,0.45,1.50,68.78,0.03,0.06,0.23,0.33,0.05,0.00,72.75,89.00,11.25,0.00,0.32,81.45,120.00,0.06,1.10,35.25,0.24,39.00,276.75,0.23,20.25,0.35,1.52,2.74,1.20,1.03,0.17,0.00,1.54,0.00,0.50,0.00,0.04,0.24,0.06,0.00,0.13,0.13,0.00,0.00,0.00,0.00,0.00,,,,,,,,1.94,,,,,false
2026-07-24,"Dinner",337.48,0.00,0.00,64.11,191.73,8.99,0.43,0.11,1.51,0.62,0.50,0.00,377.41,10.32,3.37,0.00,1.60,7.51,107.52,0.78,5.62,149.05,1.42,266.20,750.47,7.10,55.55,2.50,39.75,51.22,11.25,5.78,3.13,30.83,8.95,0.00,6.36,0.00,1.41,2.59,0.98,0.00,0.15,0.15,0.00,0.00,2.43,0.00,2.43,0.25,0.51,0.80,1.34,1.25,0.25,1.00,18.74,0.70,0.18,0.47,0.79,false
2026-07-24,"Total",337.48,0.00,0.00,64.11,191.73,8.99,0.43,0.11,1.51,0.62,0.50,0.00,377.41,10.32,3.37,0.00,1.60,7.51,107.52,0.78,5.62,149.05,1.42,266.20,750.47,7.10,55.55,2.50,39.75,51.22,11.25,5.78,3.13,30.83,8.95,0.00,6.36,0.00,1.41,2.59,0.98,0.00,0.15,0.15,0.00,0.00,2.43,0.00,2.43,0.25,0.51,0.80,1.34,1.25,0.25,1.00,18.74,0.70,0.18,0.47,0.79,false
2026-07-25,"Total",,,,,,,,,,,,,,,,,,,,,,,,,,,,,,,,,,,,,,,,,,,,,,,,,,,,,,,,,,,,,,false
2026-07-26,"Total",,,,,,,,,,,,,,,,,,,,,,,,,,,,,,,,,,,,,,,,,,,,,,,,,,,,,,,,,,,,,,false
2026-07-27,"Lunch",725.91,0.00,0.00,38.06,621.64,359.01,0.55,0.96,7.15,2.97,0.40,1.39,164.33,208.35,8.78,108.75,2.97,7.07,133.70,0.61,6.07,138.85,2.74,576.22,751.20,61.24,1014.71,4.82,83.67,95.23,11.22,8.53,2.69,61.21,22.27,0.47,22.15,466.25,6.19,3.27,8.34,0.01,0.17,0.12,0.05,0.01,3.06,0.19,2.86,0.72,0.75,1.45,2.47,1.59,0.76,1.62,40.57,1.24,0.35,1.05,1.69,false
2026-07-27,"Total",725.91,0.00,0.00,38.06,621.64,359.01,0.55,0.96,7.15,2.97,0.40,1.39,164.33,208.35,8.78,108.75,2.97,7.07,133.70,0.61,6.07,138.85,2.74,576.22,751.20,61.24,1014.71,4.82,83.67,95.23,11.22,8.53,2.69,61.21,22.27,0.47,22.15,466.25,6.19,3.27,8.34,0.01,0.17,0.12,0.05,0.01,3.06,0.19,2.86,0.72,0.75,1.45,2.47,1.59,0.76,1.62,40.57,1.24,0.35,1.05,1.69,false
2026-07-28,"Total",,,,,,,,,,,,,,,,,,,,,,,,,,,,,,,,,,,,,,,,,,,,,,,,,,,,,,,,,,,,,,false
2026-07-29,"Total",,,,,,,,,,,,,,,,,,,,,,,,,,,,,,,,,,,,,,,,,,,,,,,,,,,,,,,,,,,,,,false
2026-07-30,"Total",,,,,,,,,,,,,,,,,,,,,,,,,,,,,,,,,,,,,,,,,,,,,,,,,,,,,,,,,,,,,,false
2026-07-31,"Total",,,,,,,,,,,,,,,,,,,,,,,,,,,,,,,,,,,,,,,,,,,,,,,,,,,,,,,,,,,,,,false
2026-08-01,"Total",,,,,,,,,,,,,,,,,,,,,,,,,,,,,,,,,,,,,,,,,,,,,,,,,,,,,,,,,,,,,,false
2026-08-02,"Total",,,,,,,,,,,,,,,,,,,,,,,,,,,,,,,,,,,,,,,,,,,,,,,,,,,,,,,,,,,,,,false
2026-08-03,"Total",,,,,,,,,,,,,,,,,,,,,,,,,,,,,,,,,,,,,,,,,,,,,,,,,,,,,,,,,,,,,,false
2026-08-04,"Total",,,,,,,,,,,,,,,,,,,,,,,,,,,,,,,,,,,,,,,,,,,,,,,,,,,,,,,,,,,,,,false
2026-08-05,"Total",,,,,,,,,,,,,,,,,,,,,,,,,,,,,,,,,,,,,,,,,,,,,,,,,,,,,,,,,,,,,,false
2026-08-06,"'-",57.00,0.00,0.00,1.00,0.00,83.96,0.01,0.03,0.16,0.05,0.03,0.00,7.00,1.29,4.30,0.00,0.21,4.40,9.00,0.08,0.18,7.00,0.05,12.00,116.00,0.10,1.00,0.10,9.84,15.23,3.16,2.25,0.92,0.00,9.75,0.00,0.14,0.00,0.08,0.09,0.02,0.00,0.00,0.00,0.00,0.00,0.09,0.00,0.09,0.00,0.00,0.01,0.02,0.02,0.00,0.01,0.36,0.01,0.00,0.00,0.02,false
2026-08-06,"Breakfast",568.70,0.00,33.33,153.58,795.05,283.13,0.49,0.42,3.72,2.12,0.53,1.09,62.22,164.37,17.12,88.23,0.73,40.86,308.11,1.06,5.10,234.38,3.18,629.64,1299.81,21.96,149.35,4.07,82.98,97.38,14.36,9.39,4.97,39.53,37.64,5.03,14.09,16.22,4.29,2.00,6.24,0.15,0.13,0.12,0.00,0.00,1.87,0.01,1.86,0.41,0.59,0.96,1.80,1.35,0.39,1.14,23.00,0.85,0.29,0.84,1.24,false
2026-08-06,"Lunch",837.54,0.00,0.00,290.46,139.65,500.75,0.95,0.50,6.69,3.45,1.58,0.18,257.92,2577.30,79.64,12.80,4.51,21.04,255.47,1.99,10.81,198.53,4.04,556.93,2686.58,4.32,123.20,5.27,144.19,174.77,29.21,10.59,4.27,70.79,55.78,0.00,5.20,4.00,1.38,1.78,1.45,0.04,0.33,0.08,0.00,0.00,1.17,0.00,0.28,0.43,0.94,1.40,2.38,2.19,0.36,1.69,33.31,1.30,0.37,0.88,1.72,false
2026-08-06,"Dinner",521.75,0.00,0.00,87.05,132.50,650.00,0.38,1.25,5.61,3.69,1.24,1.48,111.50,292.48,70.25,108.75,2.82,21.72,157.50,0.69,7.19,141.00,1.17,521.00,2605.00,57.30,351.50,4.20,56.94,67.19,10.20,8.08,2.13,39.12,11.63,0.00,14.14,466.25,5.18,2.10,4.23,0.00,0.12,0.07,0.05,0.01,1.64,0.19,1.44,0.74,0.77,1.71,2.71,2.31,1.07,1.84,33.43,1.56,0.47,1.32,2.05,false
2026-08-06,"Total",1984.99,0.00,33.33,532.09,1067.21,1517.84,1.83,2.20,16.18,9.31,3.37,2.75,438.63,3035.44,171.31,209.78,8.27,88.01,730.09,3.83,23.28,580.91,8.43,1719.57,6707.39,83.68,625.05,13.64,293.94,354.57,56.93,30.31,12.29,149.43,114.80,5.03,33.58,486.47,10.93,5.99,11.94,0.18,0.58,0.27,0.05,0.01,4.77,0.19,3.68,1.58,2.30,4.08,6.91,5.87,1.82,4.69,90.10,3.72,1.13,3.05,5.03,false
2026-08-07,"Total",,,,,,,,,,,,,,,,,,,,,,,,,,,,,,,,,,,,,,,,,,,,,,,,,,,,,,,,,,,,,,false
2026-08-08,"Total",,,,,,,,,,,,,,,,,,,,,,,,,,,,,,,,,,,,,,,,,,,,,,,,,,,,,,,,,,,,,,false
2026-08-09,"Total",,,,,,,,,,,,,,,,,,,,,,,,,,,,,,,,,,,,,,,,,,,,,,,,,,,,,,,,,,,,,,false
2026-08-10,"Total",,,,,,,,,,,,,,,,,,,,,,,,,,,,,,,,,,,,,,,,,,,,,,,,,,,,,,,,,,,,,,false
2026-08-11,"Total",,,,,,,,,,,,,,,,,,,,,,,,,,,,,,,,,,,,,,,,,,,,,,,,,,,,,,,,,,,,,,false
2026-08-12,"Total",,,,,,,,,,,,,,,,,,,,,,,,,,,,,,,,,,,,,,,,,,,,,,,,,,,,,,,,,,,,,,false
