Day,Group,Food Name,Amount,Category
2024-06-04,"'-","Apple, Fresh, With Skin","100.00 g","Fruits and Fruit Juices"
2024-06-04,"'-","Greek Yogurt, Plain, Nonfat","150.00 g","Dairy and Egg Products"
2024-06-04,"'-","Probios, Bran Sticks","40.00 g","Breakfast Cereals"
2024-06-04,"Breakfast","Probios, Bran Sticks","40.00 g","Breakfast Cereals"
2024-06-04,"Breakfast","Angel Hair Pasta, White, Cooked in Salted Water","140.00 g","Cereal Grains and Pasta"
2024-06-04,"Breakfast","Cashews, Raw","40.00 g","Nut and Seed Products"
2024-06-04,"Lunch","Curry di Ceci","1.00 full recipe",""
2024-06-04,"Lunch","Rigamonti, Carpaccio di Bresaola","1.00 Package","Beef Products"
2024-06-04,"Dinner","Cappuccino","1.00 short - each 8 fl oz","Beverages"
2024-06-04,"Dinner","Whey Protein Powder, 24 Grams of Protein per Scoop","0.75 scoop","Supplements"
2024-06-04,"Dinner","Pasta, Whole Wheat, Cooked","200.00 g","Cereal Grains and Pasta"
2024-06-04,"Dinner","Arugula, Raw","50.00 g","Vegetables and Vegetable Products"
2024-06-04,"Dinner","Apple Strudel","80.00 g","Sweets"
2024-06-04,"Dinner","Peanut Butter and Jelly Sandwich","0.70 sandwich","Cereal Grains and Pasta"
2024-06-04,"Dinner","Cappuccino","1.00 short - each 8 fl oz","Beverages"
2024-06-04,"Dinner","Sunflower Seeds, Raw","1.00 tbsp, whole pieces","Nut and Seed Products"
2024-06-04,"Dinner","Chia Seeds","10.00 g","Nut and Seed Products"
2024-06-04,"Dinner","Banane, Crue","1.00 medium - 7"" to 7 7/8"" long","Fruits and Fruit Juices"
2024-06-05,"'-","Honey","15.00 g","Sweets"
2024-06-05,"'-","Baklava","0.60 piece - 2"" x 2""","Sweets"
2024-06-05,"'-","Fage, Total 2% Greek Yogurt, Plain","0.70 container - each 7 oz","Dairy and Egg Products"
2024-06-05,"'-","Burrata, Triumph of Cheese","125.00 g","Dairy and Egg Products"
2024-06-05,"'-","Gelato, Vanilla or Other Flavors","1.80 cup","Dairy and Egg Products"
2024-06-05,"'-","Smoothie Frutti di Bosco","1.00 full recipe",""
2024-06-05,"Breakfast","Porridge Banana Cioccolato Peanut","1.00 full recipe",""
2024-06-05,"Breakfast","Probios, Bran Sticks","40.00 g","Breakfast Cereals"
2024-06-05,"Breakfast","Chia Seeds","10.00 g","Nut and Seed Products"
2024-06-05,"Breakfast","Danone, HiPro Yogurt, Banana Peanut Butter","1.00 Pot","Snacks"
2024-06-05,"Breakfast","Probios, Bran Sticks","40.00 g","Breakfast Cereals"
2024-06-05,"Lunch","Avocado toast 3 uova","1.00 full recipe",""
2024-06-05,"Dinner","Whey Protein Powder, 24 Grams of Protein per Scoop","0.75 scoop","Supplements"
2024-06-05,"Dinner","Sunflower Seeds, Raw","1.00 tbsp, whole pieces","Nut and Seed Products"
2024-06-05,"Dinner","Banane, Crue","2.00 medium - 7"" to 7 7/8"" long","Fruits and Fruit Juices"
2024-06-05,"Dinner","Pizza Bresaola Rucola e Grana","1.00 full recipe",""
2024-06-05,"Snacks","Greek Yogurt, Plain, Nonfat","150.00 g","Dairy and Egg Products"
2024-06-05,"Snacks","Cappuccino","1.00 short - each 8 fl oz","Beverages"
2024-06-05,"Snacks","Apple, Fresh, With Skin","100.00 g","Fruits and Fruit Juices"
2024-06-05,"Snacks","Certossa, Gallette di Farro","1.00 oz","Snacks"
2024-06-05,"Snacks","Cappuccino","1.00 short - each 8 fl oz","Beverages"
2024-06-06,"'-","Fage, Total 2% Greek Yogurt, Plain","0.70 container - each 7 oz","Dairy and Egg Products"
2024-06-06,"'-","Vitality mix","0.40 full recipe",""
2024-06-06,"'-","Banane, Crue","1.00 medium - 7"" to 7 7/8"" long","Fruits and Fruit Juices"
2024-06-06,"'-","Peanut Butter, Unsalted","1.00 tbsp","Fats and Oils"
2024-06-06,"Breakfast","Cappuccino","1.60 short - each 8 fl oz","Beverages"
2024-06-06,"Breakfast","Probios, Bran Sticks","40.00 g","Breakfast Cereals"
2024-06-06,"Breakfast","Eggs, Cooked","100.00 g","Dairy and Egg Products"
2024-06-06,"Breakfast","Principe, Prosciutto Cotto","2.50 Slice","Pork Products"
2024-06-06,"Breakfast","Porridge Banana Cioccolato Peanut","1.00 full recipe",""
2024-06-06,"Lunch","Curry di Ceci","1.00 full recipe",""
2024-06-06,"Lunch","Mango, Fresh","1.00 each","Fruits and Fruit Juices"
2024-06-06,"Lunch","Honey","10.00 g","Sweets"
2024-06-06,"Dinner","Basil, Fresh","20.00 g","Vegetables and Vegetable Products"
2024-06-06,"Dinner","Exquisa, Fiocchi di Latte","1.60 Serving","Dairy and Egg Products"
2024-06-06,"Dinner","Spelt, Cooked","1.50 cup","Cereal Grains and Pasta"
2024-06-06,"Dinner","Green Olives","15.00 medium","Vegetables and Vegetable Products"
2024-06-06,"Dinner","Ah, Cherry Tomatoes","250.00 g","Fruits and Fruit Juices"
2024-06-06,"Dinner","Frieda's, Stokes Purple Sweet Potatoes","75.00 g","Vegetables and Vegetable Products"
2024-06-06,"Snacks","Whey Protein Powder, 24 Grams of Protein per Scoop","0.75 scoop","Supplements"
2024-06-06,"Snacks","Whey Protein Powder, 24 Grams of Protein per Scoop","0.75 scoop","Supplements"
2024-06-06,"Snacks","Peanut Butter and Jelly Sandwich","0.70 sandwich","Cereal Grains and Pasta"
2024-06-06,"Snacks","Certossa, Gallette di Farro","0.60 oz","Snacks"
2024-06-07,"'-","Smoothie Frutti di Bosco","1.00 full recipe",""
2024-06-07,"'-","Corn, Yellow, Canned, Drained","2.00 cup, whole pieces","Vegetables and Vegetable Products"
2024-06-07,"'-","Latte soia proteine e crusca","1.00 full recipe",""
2024-06-07,"Breakfast","Porridge Banana Cioccolato Peanut","1.00 full recipe",""
2024-06-07,"Breakfast","Eggs, Cooked","100.00 g","Dairy and Egg Products"
2024-06-07,"Lunch","HEB, Meal Simple, Zuppa Toscano Soup","1.65 container","Soups, Sauces, and Gravies"
2024-06-07,"Lunch","Heinz, Yellow Mustard, Suave Delicada","10.00 g","Soups, Sauces, and Gravies"
2024-06-07,"Lunch","Heinz, Tomato Ketchup, European","10.00 g","Soups, Sauces, and Gravies"
2024-06-07,"Dinner","Pizza Bresaola Rucola e Grana","1.00 full recipe",""
2024-06-07,"Dinner","Spinach, Raw","150.00 g","Vegetables and Vegetable Products"
2024-06-07,"Dinner","Bragg, Nutritional Yeast Seasoning","3.00 tablespoon","Spices and Herbs"
2024-06-07,"Dinner","Ki, Flax Seed Flour","10.00 g","Cereal Grains and Pasta"
2024-06-07,"Snacks","Probios, Bran Sticks","40.00 g","Breakfast Cereals"
2024-06-07,"Snacks","Cappuccino","1.60 short - each 8 fl oz","Beverages"
2024-06-07,"Snacks","Peanut Butter and Jelly Sandwich","0.50 sandwich","Cereal Grains and Pasta"
2024-06-08,"'-","Mixed Vegetables, Broccoli, Cauliflower and Carrots","2.00 cup, cut pieces","Vegetables and Vegetable Products"
2024-06-08,"'-","Isostar, Isotonic Drink, Long Distance Energy, Orange","50.00 g","Supplements"
2024-06-08,"'-","Scarpone's, Polenta","1.40 x 2.0 1/2 slices","Meals, Entrees, and Sidedishes"
2024-06-08,"Breakfast","Eggs, Cooked","100.00 g","Dairy and Egg Products"
2024-06-08,"Breakfast","Porridge Banana Cioccolato Peanut","1.40 full recipe",""
2024-06-08,"Lunch","Honey","10.00 g","Sweets"
2024-06-08,"Dinner","Spelt, Cooked","1.50 cup","Cereal Grains and Pasta"
2024-06-08,"Snacks","Cappuccino","3.00 short - each 8 fl oz","Beverages"
2024-06-08,"Snacks","Peanut Butter and Jelly Sandwich","2.00 sandwich","Cereal Grains and Pasta"
2024-06-08,"Snacks","Ribs, Beef, Short, No Visible Fat Eaten","3.00 oz","Beef Products"
2024-06-08,"Snacks","Apple Strudel","200.00 g","Sweets"
2024-06-08,"Snacks","Custard Pie","1.00 piece - single crust - 1/8 of 9"" pie","Sweets"
2024-06-08,"Snacks","Bread, Whole Wheat, Commercially Prepared","180.00 g","Baked Products"
2024-06-08,"Snacks","Sausage, Beef, Fresh","1.50 cup, cut pieces","Sausages and Luncheon Meats"
2024-06-08,"Snacks","West End Cuisine, Chicken Skewers","1.50 x 2.0 Skewers","Poultry Products"
2024-06-08,"Snacks","Banane, Crue","2.50 medium - 7"" to 7 7/8"" long","Fruits and Fruit Juices"
2024-06-08,"Snacks","Apple, Fresh, With Skin","130.00 g","Fruits and Fruit Juices"
2024-06-09,"'-","Scarpone's, Polenta","2.00 x 2.0 1/2 slices","Meals, Entrees, and Sidedishes"
2024-06-09,"'-","Mortadella","2.00 slice - each 0.5 oz","Sausages and Luncheon Meats"
2024-06-09,"'-","Ice Cream, Vanilla or Other Flavors, Includes Chocolate Chip","75.00 g","Dairy and Egg Products"
2024-06-09,"'-","Blueberry, Raw","125.00 g","Fruits and Fruit Juices"
2024-06-09,"'-","Bread, Whole Wheat, Commercially Prepared","130.00 g","Baked Products"
2024-06-09,"'-","Olive Oil","0.70 tbsp","Fats and Oils"
2024-06-09,"'-","Basil, Fresh","20.00 g","Vegetables and Vegetable Products"
2024-06-09,"'-","Ah, Cherry Tomatoes","250.00 g","Fruits and Fruit Juices"
2024-06-09,"'-","Conad, Fiocchi di Latte, 3% di Grassi","1.00 Serving","Dairy and Egg Products"
2024-06-09,"'-","Soy Milk, Plain or Original, Unsweetened, Ready-to-Drink, Fortified","0.50 cup","Beverages"
2024-06-09,"Breakfast","Porridge Banana Cioccolato Peanut","1.40 full recipe",""
2024-06-09,"Lunch","Stirred spaghetti with soy","1.00 full recipe",""
2024-06-09,"Lunch","Focaccia Bread","1.00 slice - 1/8 of 12"" diameter","Baked Products"
2024-06-09,"Snacks","Banane, Crue","2.50 medium - 7"" to 7 7/8"" long","Fruits and Fruit Juices"
2024-06-09,"Snacks","Apple, Fresh, With Skin","130.00 g","Fruits and Fruit Juices"
2024-06-09,"Snacks","Cappuccino","3.00 short - each 8 fl oz","Beverages"
2024-06-09,"Snacks","Bread, Whole Wheat, Commercially Prepared","180.00 g","Baked Products"
2024-06-09,"Snacks","Sausage, Beef, Fresh","0.50 cup, cut pieces","Sausages and Luncheon Meats"
2024-06-09,"Snacks","Custard Pie","1.00 piece - single crust - 1/8 of 9"" pie","Sweets"
2024-06-09,"Snacks","Ribs, Beef, Short, No Visible Fat Eaten","2.00 oz","Beef Products"
2024-06-09,"Snacks","Peanut Butter and Jelly Sandwich","0.90 sandwich","Cereal Grains and Pasta"
2024-06-09,"Snacks","Burrata, Triumph of Cheese","0.20 g","Dairy and Egg Products"
2024-06-09,"Snacks","Asda, Lasagne","1.00 serving","Soups, Sauces, and Gravies"
2024-06-09,"Snacks","Beer","0.70 bottle - each 12 fl oz","Beverages"
2024-06-09,"Snacks","Strawberries, Raw","0.70 cup, halves","Fruits and Fruit Juices"
2024-06-10,"'-","Apple, Fresh, With Skin","125.00 g","Fruits and Fruit Juices"
2024-06-10,"'-","Soy Milk, Plain or Original, Unsweetened, Ready-to-Drink, Fortified","0.50 cup","Beverages"
2024-06-10,"'-","Banane, Crue","0.50 medium - 7"" to 7 7/8"" long","Fruits and Fruit Juices"
2024-06-10,"'-","Walnuts","10.00 g","Nut and Seed Products"
2024-06-10,"'-","Raisins, Uncooked","10.00 g","Fruits and Fruit Juices"
2024-06-10,"'-","Croissant, Fruit","1.50 medium - 4 1/2"" diameter","Baked Products"
2024-06-10,"'-","Vitality mix","0.20 full recipe",""
2024-06-10,"'-","Greek Yogurt, Plain, Nonfat","170.00 g","Dairy and Egg Products"
2024-06-10,"'-","Honey","25.00 g","Sweets"
2024-06-10,"'-","Muller, Yogurt","2.00 serving","Dairy and Egg Products"
2024-06-10,"'-","Vitality mix","0.20 full recipe",""
2024-06-10,"'-","Abetone Frutti di Bosco, Blueberries","2.00 serving","Fruits and Fruit Juices"
2024-06-10,"'-","Whey Protein Powder, 24 Grams of Protein per Scoop","0.50 scoop","Supplements"
2024-06-10,"'-","Gelato, Vanilla or Other Flavors","0.50 cup","Dairy and Egg Products"
2024-06-10,"Breakfast","Porridge mirtilli proteico","1.00 full recipe",""
2024-06-10,"Lunch","Lentil Soup, Ready-to-serve Can, Fat Free","4.00 cup","Soups, Sauces, and Gravies"
2024-06-10,"Dinner","Pizza Bresaola Rucola e Grana","1.00 full recipe",""
2024-06-10,"Snacks","Mango, Fresh","1.00 each","Fruits and Fruit Juices"
2024-06-11,"'-","Soy Milk, Plain or Original, Unsweetened, Ready-to-Drink, Fortified","2.00 cup","Beverages"
2024-06-11,"Breakfast","Porridge mirtilli proteico","1.00 full recipe",""
2024-06-11,"Lunch","Tofu alla pizzaiola","1.00 full recipe",""
2024-06-11,"Lunch","Sweet Potato, Baked","175.00 g","Vegetables and Vegetable Products"
2024-06-11,"Dinner","Curry di Ceci","1.00 full recipe",""
2024-06-11,"Snacks","Honey","25.00 g","Sweets"
2024-06-11,"Snacks","Apple, Fresh, With Skin","125.00 g","Fruits and Fruit Juices"
2024-06-11,"Snacks","Oranges, Raw","1.00 large - 3 1/16"" diameter","Fruits and Fruit Juices"
2024-06-11,"Snacks","Banane, Crue","1.00 medium - 7"" to 7 7/8"" long","Fruits and Fruit Juices"
2024-06-11,"Snacks","Apple, Fresh, With Skin","125.00 g","Fruits and Fruit Juices"
2024-06-11,"Snacks","Greek Yogurt, Plain, Nonfat","170.00 g","Dairy and Egg Products"
2024-06-12,"'-","Cappuccino","1.00 short - each 8 fl oz","Beverages"
2024-06-12,"'-","Honey","10.00 g","Sweets"
2024-06-12,"'-","Soy Milk, Plain or Original, Unsweetened, Ready-to-Drink, Fortified","2.00 cup","Beverages"
2024-06-12,"'-","Greek Yogurt, Plain, Nonfat","170.00 g","Dairy and Egg Products"
2024-06-12,"'-","Vitality mix","0.20 full recipe",""
2024-06-12,"'-","Whey Protein Powder, 24 Grams of Protein per Scoop","0.50 scoop","Supplements"
2024-06-12,"'-","Crenshaw Melon","3.00 cup","Fruits and Fruit Juices"
2024-06-12,"'-","Green Peas, Cooked from Frozen","125.00 g","Vegetables and Vegetable Products"
2024-06-12,"'-","Tomato Sauce","150.00 g","Vegetables and Vegetable Products"
2024-06-12,"Breakfast","Porridge Banana Cioccolato Peanut","1.00 full recipe",""
2024-06-12,"Lunch","Curry di Ceci","1.00 full recipe",""
2024-06-12,"Dinner","Pizza Bresaola Rucola e Grana","1.00 full recipe",""
2024-06-12,"Snacks","Apple, Fresh, With Skin","125.00 g","Fruits and Fruit Juices"
2024-06-12,"Snacks","Banane, Crue","1.00 medium - 7"" to 7 7/8"" long","Fruits and Fruit Juices"
2024-06-12,"Snacks","Whole Wheat Bread, Store Bought","150.00 g","Baked Products"
2024-06-12,"Snacks","Peanut Butter, Unsalted","1.00 tbsp","Fats and Oils"
2024-06-12,"Snacks","Pams, Strawberry Jam, 50% Fruit","1.50 portion","Sweets"
2024-06-12,"Snacks","Mango, Fresh","0.80 each","Fruits and Fruit Juices"
2024-06-13,"'-","Honey","10.00 g","Sweets"
2024-06-13,"'-","Vitality mix","0.20 full recipe",""
2024-06-13,"'-","Greek Yogurt, Plain, Nonfat","170.00 g","Dairy and Egg Products"
2024-06-13,"'-","Cappuccino","1.00 short - each 8 fl oz","Beverages"
2024-06-13,"'-","Whey Protein Powder, 24 Grams of Protein per Scoop","0.50 scoop","Supplements"
2024-06-13,"'-","Yo & O, Yogurt and Oats, Mango","1.20 serving","Dairy and Egg Products"
2024-06-13,"Breakfast","Cappuccino","1.00 short - each 8 fl oz","Beverages"
2024-06-13,"Breakfast","Porridge Banana Cioccolato Peanut","1.00 full recipe",""
2024-06-13,"Lunch","Avocado toast (2 pane, 3 uova)","0.85 full recipe",""
2024-06-13,"Lunch","Greek Yogurt, Plain, Nonfat","170.00 g","Dairy and Egg Products"
2024-06-13,"Dinner","Arugula, Raw","50.00 g","Vegetables and Vegetable Products"
2024-06-13,"Dinner","Sun-Dried Tomato, Dry Pack","15.00 piece","Vegetables and Vegetable Products"
2024-06-13,"Dinner","Broccoli, Raw","170.00 g","Vegetables and Vegetable Products"
2024-06-13,"Dinner","Tomato Sauce","150.00 g","Vegetables and Vegetable Products"
2024-06-13,"Dinner","Tofu, Not Silken, Cooked, Firm","0.70 block - 7"" x 1 9/16"" x 1 5/8""","Legumes and Legume Products"
2024-06-13,"Dinner","Forbidden, Black Rice","50.00 g","Cereal Grains and Pasta"
2024-06-13,"Dinner","Green Peas, Cooked from Frozen","125.00 g","Vegetables and Vegetable Products"
2024-06-13,"Dinner","Green Olives","10.00 medium","Vegetables and Vegetable Products"
2024-06-13,"Snacks","Cappuccino","1.00 short - each 8 fl oz","Beverages"
2024-06-13,"Snacks","Panino Peanut and Marmellata","1.30 full recipe",""
2024-06-13,"Snacks","Vitality mix","0.20 full recipe",""
2024-06-13,"Snacks","Apple, Fresh, With Skin","125.00 g","Fruits and Fruit Juices"
2024-06-14,"'-","Onion, White, Yellow or Red, Raw","0.50 medium - 2 1/2"" diameter","Vegetables and Vegetable Products"
2024-06-14,"'-","Yellow Bell Pepper, Raw","0.50 medium - 2 1/2"" diameter x 2 3/4""","Vegetables and Vegetable Products"
2024-06-14,"'-","Avocado, Black Skin","0.80 each","Fruits and Fruit Juices"
2024-06-14,"'-","Goya, Chick Peas","1.00 x 0.5 cup","Legumes and Legume Products"
2024-06-14,"'-","Olive Oil","1.00 tbsp","Fats and Oils"
2024-06-14,"'-","Green Olives","10.00 medium","Vegetables and Vegetable Products"
2024-06-14,"'-","Gorgonzola Cheese","10.00 g","Dairy and Egg Products"
2024-06-14,"'-","Melissa's Produce, Dried Porcini Mushrooms","10.00 g","Vegetables and Vegetable Products"
2024-06-14,"Breakfast","Porridge Banana Cioccolato Peanut","1.40 full recipe",""
2024-06-14,"Lunch","Spelt, Cooked","0.80 cup","Cereal Grains and Pasta"
2024-06-14,"Lunch","Tomato Sauce","150.00 g","Vegetables and Vegetable Products"
2024-06-14,"Lunch","Soyappétit, Soy Strips","40.00 g","Legumes and Legume Products"
2024-06-14,"Lunch","Onion, White, Yellow or Red, Raw","0.50 medium - 2 1/2"" diameter","Vegetables and Vegetable Products"
2024-06-14,"Lunch","Olive Oil","1.00 tbsp","Fats and Oils"
2024-06-14,"Lunch","Grana Padano, Mantova Grated Cheese","15.00 g","Dairy and Egg Products"
2024-06-14,"Lunch","Black Beans, Canned, Drained","0.60 cup, whole pieces","Legumes and Legume Products"
2024-06-14,"Dinner","Pizza Bresaola Rucola e Grana","1.00 full recipe",""
2024-06-14,"Snacks","Eggs, Cooked","100.00 g","Dairy and Egg Products"
2024-06-14,"Snacks","Greek Yogurt, Plain, Nonfat","170.00 g","Dairy and Egg Products"
2024-06-14,"Snacks","Banane, Crue","0.50 medium - 7"" to 7 7/8"" long","Fruits and Fruit Juices"
2024-06-14,"Snacks","Honey","25.00 g","Sweets"
2024-06-14,"Snacks","Apple, Fresh, With Skin","220.00 g","Fruits and Fruit Juices"
2024-06-14,"Snacks","Peanut Butter and Jelly Sandwich","0.90 sandwich","Cereal Grains and Pasta"
2024-06-14,"Snacks","Muller Pudding Proteico Antiossidante e Frutta Secca","1.00 full recipe",""
2024-06-14,"Snacks","Bread, Whole Wheat, Commercially Prepared","75.00 g","Baked Products"
2024-06-15,"'-","Whey Protein Powder, 24 Grams of Protein per Scoop","0.50 scoop","Supplements"
2024-06-15,"'-","Potato, Boiled with Skin","0.80 medium - 2 1/4"" to 3 1/4"" diameter","Vegetables and Vegetable Products"
2024-06-15,"'-","Bran Flakes (Store Brand (e.g. Great Value))","3.00 cup, whole pieces","Breakfast Cereals"
2024-06-15,"'-","Croissant, Plain","60.00 g","Baked Products"
2024-06-15,"'-","Scarpone's, Polenta","1.00 x 2.0 1/2 slices","Meals, Entrees, and Sidedishes"
2024-06-15,"'-","Pulled Pork","2.50 oz","Pork Products"
2024-06-15,"'-","French Fries, Cooked from Frozen","0.65 order - from a restaurant","Vegetables and Vegetable Products"
2024-06-15,"'-","Hamburger Bun, White","1.00 large - 4"" diameter","Baked Products"
2024-06-15,"Breakfast","Cappuccino","3.00 short - each 8 fl oz","Beverages"
2024-06-15,"Lunch","Polpette di lenticchie","4.00 Polpette",""
2024-06-15,"Lunch","Potato, Boiled with Skin","2.00 medium - 2 1/4"" to 3 1/4"" diameter","Vegetables and Vegetable Products"
2024-06-15,"Lunch","Giant Eagle, Lorraine A Savory Combination Of Eggs, Swiss Cheese, Bacon Pieces And A Dash Of Hot Sauce Cooked In A Tender Pie Shell Quiche, Lorraine","0.30 x 136.0 grm",""
2024-06-15,"Dinner","Mixed Vegetables, Broccoli, Cauliflower and Carrots","2.00 cup, cut pieces","Vegetables and Vegetable Products"
2024-06-15,"Dinner","Spelt, Cooked","1.50 cup","Cereal Grains and Pasta"
2024-06-15,"Dinner","Eggs, Cooked","100.00 g","Dairy and Egg Products"
2024-06-15,"Dinner","Soy Sauce","1.00 tbsp","Soups, Sauces, and Gravies"
2024-06-15,"Dinner","Olive Oil","10.00 g","Fats and Oils"
2024-06-15,"Snacks","Greek Yogurt, Plain, Nonfat","350.00 g","Dairy and Egg Products"
2024-06-15,"Snacks","Honey","25.00 g","Sweets"
2024-06-15,"Snacks","Porridge mirtilli proteico","1.00 full recipe",""
2024-06-15,"Snacks","Mango, Fresh","1.00 each","Fruits and Fruit Juices"
2024-06-15,"Snacks","Vitality mix","0.20 full recipe",""
2024-06-15,"Snacks","Apple, Fresh, With Skin","150.00 g","Fruits and Fruit Juices"
2024-06-16,"'-","Greek Yogurt, Plain, Nonfat","170.00 g","Dairy and Egg Products"
2024-06-16,"'-","Vitality mix","0.20 full recipe",""
2024-06-16,"'-","Honey","25.00 g","Sweets"
2024-06-16,"Breakfast","Porridge Banana Cioccolato Peanut","1.40 full recipe",""
2024-06-16,"Dinner","Avocado, Black Skin","1.20 each","Fruits and Fruit Juices"
2024-06-16,"Dinner","Taho Cereal, Whole Wheat Bread, 5 Cereals and Seeds","2.00 x 100.0 grams","Baked Products"
2024-06-16,"Dinner","Rigamonti, Carpaccio di Bresaola","1.20 Package","Beef Products"
2024-06-16,"Dinner","Ghiotti, Prosciutto Crudo","1.50 oz","Sausages and Luncheon Meats"
2024-06-16,"Dinner","Crenshaw Melon","2.00 cup","Fruits and Fruit Juices"
2024-06-16,"Dinner","Oranges, Raw","1.00 large - 3 1/16"" diameter","Fruits and Fruit Juices"
2024-06-16,"Snacks","Banane, Crue","6.00 medium - 7"" to 7 7/8"" long","Fruits and Fruit Juices"
2024-06-16,"Snacks","Apple, Fresh, With Skin","500.00 g","Fruits and Fruit Juices"
2024-06-16,"Snacks","Whey Protein Powder, 24 Grams of Protein per Scoop","0.40 scoop","Supplements"
2024-06-16,"Snacks","Peanut butter, powder","2.50 tbsp","Fats and Oils"
2024-06-16,"Snacks","Prosciutto, Cotto Di Modena","100.00 g","Sausages and Luncheon Meats"
2024-06-16,"Snacks","Bread, Whole Wheat, Commercially Prepared","250.00 g","Baked Products"
2024-06-16,"Snacks","Deleted Trustwell Food","325.00 g","Dairy and Egg Products"
2024-06-16,"Snacks","Pop Tarts, Frosted Strawberry","2.50 x 2.0 Pastries","Baked Products"
2024-06-16,"Snacks","Coca-Cola Classic","400.00 g","Beverages"
2024-06-16,"Snacks","Polpette di lenticchie","3.00 Polpette",""
2024-06-16,"Snacks","Tomato Sauce","125.00 g","Vegetables and Vegetable Products"
2024-06-16,"Snacks","Scarpone's, Polenta","1.50 x 2.0 1/2 slices","Meals, Entrees, and Sidedishes"
2024-06-17,"'-","Whey Protein Powder, 24 Grams of Protein per Scoop","0.40 scoop","Supplements"
2024-06-17,"'-","Soy Milk, Plain or Original, Unsweetened, Ready-to-Drink, Fortified","0.85 cup","Beverages"
2024-06-17,"'-","Bran Flakes (Store Brand (e.g. Great Value))","1.20 cup, whole pieces","Breakfast Cereals"
2024-06-17,"Breakfast","Apple, Fresh, With Skin","150.00 g","Fruits and Fruit Juices"
2024-06-17,"Breakfast","Bananas, Raw","2.00 medium - 7"" to 7 7/8"" long","Fruits and Fruit Juices"
2024-06-17,"Breakfast","Peanut Butter, Unsalted","0.65 tbsp","Fats and Oils"
2024-06-17,"Lunch","Lentil Soup, Ready-to-serve Can, Fat Free","4.00 cup","Soups, Sauces, and Gravies"
2024-06-17,"Lunch","Giant Eagle, Lorraine A Savory Combination Of Eggs, Swiss Cheese, Bacon Pieces And A Dash Of Hot Sauce Cooked In A Tender Pie Shell Quiche, Lorraine","0.30 x 136.0 grm",""
2024-06-17,"Dinner","Avocado, Black Skin","1.30 each","Fruits and Fruit Juices"
2024-06-17,"Dinner","Sweet Potato, Baked","300.00 g","Vegetables and Vegetable Products"
2024-06-17,"Dinner","Goya, Chick Peas","2.50 x 0.5 cup","Legumes and Legume Products"
2024-06-17,"Snacks","Crenshaw Melon","4.00 cup","Fruits and Fruit Juices"
2024-06-17,"Snacks","Rigamonti, Carpaccio di Bresaola","0.80 Package","Beef Products"
2024-06-17,"Snacks","Oranges, Raw","1.00 large - 3 1/16"" diameter","Fruits and Fruit Juices"
2024-06-17,"Snacks","Blueberry, Raw","50.00 g","Fruits and Fruit Juices"
2024-06-17,"Snacks","Strawberries, Raw","0.30 cup, halves","Fruits and Fruit Juices"
2024-06-17,"Snacks","Vitality mix","0.60 full recipe",""
2024-06-17,"Snacks","Whey Protein Powder, 24 Grams of Protein per Scoop","0.60 scoop","Supplements"
2024-06-17,"Snacks","Pop Tarts, Frosted Strawberry","0.50 x 2.0 Pastries","Baked Products"
2024-06-17,"Snacks","Greek Yogurt, Plain, Nonfat","650.00 g","Dairy and Egg Products"
2024-06-17,"Snacks","Soy Milk, Plain or Original, Unsweetened, Ready-to-Drink, Fortified","2.20 cup","Beverages"
2024-06-17,"Snacks","Sweet Potato, Baked","150.00 g","Vegetables and Vegetable Products"
2024-06-18,"'-","Vitality mix","0.60 full recipe",""
2024-06-18,"'-","Cappuccino","1.00 short - each 8 fl oz","Beverages"
2024-06-18,"Breakfast","Porridge Banana Cioccolato Peanut","1.00 full recipe",""
2024-06-18,"Breakfast","Fior di Frutta, Frutti di Bosco","2.00 Serving","Sweets"
2024-06-18,"Breakfast","Whey Protein Powder, 24 Grams of Protein per Scoop","0.40 scoop","Supplements"
2024-06-18,"Breakfast","Milk, Whole","100.00 g","Dairy and Egg Products"
2024-06-18,"Breakfast","Cocoa Powder, Unsweetened","10.00 g","Nut and Seed Products"
2024-06-18,"Breakfast","Oatmeal, Regular or Quick, Dry","35.00 g","Breakfast Cereals"
2024-06-18,"Lunch","Rigamonti, Carpaccio di Bresaola","0.80 Package","Beef Products"
2024-06-18,"Lunch","Bacon, Pork","2.50 g","Pork Products"
2024-06-18,"Lunch","Bread, Whole Wheat, Commercially Prepared","300.00 g","Baked Products"
2024-06-18,"Lunch","Chicken Breast, Skinless, Cooked","100.00 g","Poultry Products"
2024-06-18,"Lunch","Arugula, Raw","50.00 g","Vegetables and Vegetable Products"
2024-06-18,"Lunch","Mozzarella Cheese, Part Skim Milk","1.20 oz","Dairy and Egg Products"
2024-06-18,"Lunch","Crenshaw Melon","2.00 cup","Fruits and Fruit Juices"
2024-06-18,"Lunch","Eggs, Cooked","50.00 g","Dairy and Egg Products"
2024-06-18,"Lunch","Egg Whites Only, Cooked","4.00 large","Dairy and Egg Products"
2024-06-18,"Lunch","Prosciutto, Cotto Di Modena","40.00 g","Sausages and Luncheon Meats"
2024-06-18,"Lunch","Grana Padano, Mantova Grated Cheese","15.00 g","Dairy and Egg Products"
2024-06-18,"Dinner","Crepe, Plain","2.50 small - 6"" diameter","Baked Products"
2024-06-18,"Dinner","Onion, White, Yellow or Red, Raw","0.50 medium - 2 1/2"" diameter","Vegetables and Vegetable Products"
2024-06-18,"Dinner","Tomato, Red, Raw","25.00 g","Vegetables and Vegetable Products"
2024-06-18,"Dinner","Eggs, Cooked","50.00 g","Dairy and Egg Products"
2024-06-18,"Dinner","Potato, Boiled with Skin","2.00 medium - 2 1/4"" to 3 1/4"" diameter","Vegetables and Vegetable Products"
2024-06-18,"Dinner","Woolworths, Lamb Mince, 85% Meat 15% Fat","2.50 serving","Lamb, Veal, and Game Products"
2024-06-18,"Snacks","Bananas, Raw","2.00 medium - 7"" to 7 7/8"" long","Fruits and Fruit Juices"
2024-06-18,"Snacks","Mango, Fresh","0.80 each","Fruits and Fruit Juices"
2024-06-18,"Snacks","Apple, Fresh, With Skin","150.00 g","Fruits and Fruit Juices"
2024-06-19,"'-","Vitality mix","0.60 full recipe",""
2024-06-19,"'-","Grapefruit, Raw, Pink or Red","0.39 small - 3 1/2"" diameter","Fruits and Fruit Juices"
2024-06-19,"'-","Amy's, Vegetable Lasagna","1.20 package - each 9.5 oz","Meals, Entrees, and Sidedishes"
2024-06-19,"'-","Chicken with Curry Sauce","0.68 cup","Meals, Entrees, and Sidedishes"
2024-06-19,"'-","Rice, White, Long-Grain, Regular, Enriched, Cooked","100.00 g","Cereal Grains and Pasta"
2024-06-19,"'-","Coles Beef, Lean Mince, 10% Fat","180.00 g","Beef Products"
2024-06-19,"'-","Bread, Rye","1.50 thin slice - 4 3/4"" x 3 3/4"" x 7/16""","Baked Products"
2024-06-19,"'-","Mayo Type Salad Dressing","20.00 g","Fats and Oils"
2024-06-19,"'-","Eggs, Cooked","50.00 g","Dairy and Egg Products"
2024-06-19,"'-","Oranges, Raw","1.00 large - 3 1/16"" diameter","Fruits and Fruit Juices"
2024-06-19,"'-","Chocolate Cake, Not Frosted, Homemade","50.00 g","Sweets"
2024-06-19,"'-","Rice Pudding, Fruit","0.80 cup","Sweets"
2024-06-19,"Breakfast","Eggs, Cooked","180.00 g","Dairy and Egg Products"
2024-06-19,"Breakfast","Cappuccino","1.00 short - each 8 fl oz","Beverages"
2024-06-19,"Breakfast","Bread, Whole Wheat, Commercially Prepared","175.00 g","Baked Products"
2024-06-19,"Breakfast","Chicken Breast, Skinless, Cooked","20.00 g","Poultry Products"
2024-06-19,"Breakfast","Yogurt, Plain, Lowfat","1.00 container - each 6 oz","Dairy and Egg Products"
2024-06-19,"Breakfast","Chia Seeds","7.00 g","Nut and Seed Products"
2024-06-19,"Breakfast","Ananas, Cru","1.00 slice - 3 1/2"" diameter x 3/4""","Fruits and Fruit Juices"
2024-06-19,"Breakfast","Parma, Prosciutto di Parma","3.00 Slice","Sausages and Luncheon Meats"
2024-06-20,"'-","Apple, Fresh, With Skin","220.00 g","Fruits and Fruit Juices"
2024-06-20,"'-","Vitality mix","0.75 full recipe",""
2024-06-20,"'-","Coconut Flour","1.30 tbsp","Baked Products"
2024-06-20,"'-","Healthy Choice, Hearty Chicken Soup, Hearty Chicken","4.00 cup",""
2024-06-20,"'-","Siggi's, Skyr, 0% Non-Fat Yogurt, Plain","160.00 g","Dairy and Egg Products"
2024-06-20,"'-","Continente, Macedonia","1.00 serving","Vegetables and Vegetable Products"
2024-06-20,"'-","Vit Hit, Sparkling, Mango Pineapple with Rooibos Tea","5.00 x 100.0 ml","Beverages"
2024-06-20,"Breakfast","Bread, Whole Wheat, Commercially Prepared","175.00 g","Baked Products"
2024-06-20,"Breakfast","Parma, Prosciutto di Parma","3.00 Slice","Sausages and Luncheon Meats"
2024-06-20,"Breakfast","Eggs, Cooked","160.00 g","Dairy and Egg Products"
2024-06-20,"Breakfast","Oatmeal, Regular or Quick, Dry","50.00 g","Breakfast Cereals"
2024-06-20,"Breakfast","Milk, 2% Fat, Reduced Fat","4.00 oz","Dairy and Egg Products"
2024-06-20,"Breakfast","Hazelnut Spread","0.10 Measure","Sweets"
2024-06-20,"Lunch","Mixed Vegetables, Broccoli, Cauliflower and Carrots","1.00 cup, cut pieces","Vegetables and Vegetable Products"
2024-06-20,"Lunch","Cereal Party Mix, Store Bought","1.50 cup, whole pieces","Snacks"
2024-06-20,"Lunch","Risotto","0.65 cup","Cereal Grains and Pasta"
2024-06-20,"Lunch","Spelt, Cooked","1.00 cup","Cereal Grains and Pasta"
2024-06-20,"Lunch","Pulled Pork","3.00 oz","Pork Products"
2024-06-20,"Snacks","Oranges, Raw","1.00 large - 3 1/16"" diameter","Fruits and Fruit Juices"
2024-06-21,"'-","Stroopwafels, Waffles, Caramel Filled","0.80 cookie","Sweets"
2024-06-21,"'-","Apple, Fresh, With Skin","280.00 g","Fruits and Fruit Juices"
2024-06-21,"'-","Strawberries, Raw","0.40 cup, halves","Fruits and Fruit Juices"
2024-06-21,"'-","Zen, Soy on the Go, Cappuccino","0.41 Cup","Beverages"
2024-06-21,"'-","Pizza, Homemade or Restaurant, One Meat Topping, Thin Crust","125.00 g","Meals, Entrees, and Sidedishes"
2024-06-21,"Breakfast","Oranges, Raw","1.00 large - 3 1/16"" diameter","Fruits and Fruit Juices"
2024-06-21,"Breakfast","Porridge Banana Cioccolato Peanut","0.85 full recipe",""
2024-06-21,"Breakfast","Cocoa Powder, Unsweetened","15.00 g","Nut and Seed Products"
2024-06-21,"Lunch","Eggs, Cooked","50.00 g","Dairy and Egg Products"
2024-06-21,"Lunch","Arugula, Raw","125.00 g","Vegetables and Vegetable Products"
2024-06-21,"Lunch","Bread, Whole Wheat, Commercially Prepared","75.00 g","Baked Products"
2024-06-21,"Lunch","Avocado, Black Skin","0.75 each","Fruits and Fruit Juices"
2024-06-21,"Lunch","Goya, Chick Peas","2.00 x 0.5 cup","Legumes and Legume Products"
2024-06-21,"Lunch","Egg Whites Only, Cooked","125.00 g","Dairy and Egg Products"
2024-06-21,"Dinner","Curry di Ceci","1.00 full recipe",""
2024-06-21,"Dinner","Sweet Potato, Baked","60.00 g","Vegetables and Vegetable Products"
2024-06-21,"Snacks","Whey Protein Powder, 24 Grams of Protein per Scoop","0.80 scoop","Supplements"
2024-06-21,"Snacks","Soy Milk, Plain or Original, Unsweetened, Ready-to-Drink, Fortified","1.80 cup","Beverages"
2024-06-21,"Snacks","Bran Flakes (Store Brand (e.g. Great Value))","2.00 cup, whole pieces","Breakfast Cereals"
2024-06-21,"Snacks","Vitality mix","0.30 full recipe",""
2024-06-21,"Snacks","Greek Yogurt, Plain, Nonfat","300.00 g","Dairy and Egg Products"
2024-06-21,"Snacks","Croissant, Plain","65.00 g","Baked Products"
2024-06-21,"Snacks","Panino Peanut and Marmellata","0.50 full recipe",""
2024-06-22,"'-","Rice, White, Long-Grain, Regular, Enriched, Cooked","150.00 g","Cereal Grains and Pasta"
2024-06-22,"'-","Green Olives","5.00 medium","Vegetables and Vegetable Products"
2024-06-22,"'-","Focaccia Bread","1.00 slice - 1/8 of 12"" diameter","Baked Products"
2024-06-22,"'-","Mortadella","3.00 slice - each 0.5 oz","Sausages and Luncheon Meats"
2024-06-22,"'-","Fruit Pie Filling, with Fat","2.00 piece - 1/8 of 9"" pie","Sweets"
2024-06-22,"Breakfast","Porridge Banana Cioccolato Peanut","1.60 full recipe",""
2024-06-22,"Lunch","Bread, Whole Wheat, Commercially Prepared","75.00 g","Baked Products"
2024-06-22,"Dinner","Curry di Ceci","1.00 full recipe",""
2024-06-22,"Snacks","Whey Protein Powder, 24 Grams of Protein per Scoop","0.80 scoop","Supplements"
2024-06-22,"Snacks","Sausage, Beef, Fresh","1.50 cup, cut pieces","Sausages and Luncheon Meats"
2024-06-22,"Bike","Coca-Cola Classic","330.00 g","Beverages"
2024-06-22,"Bike","Panino Peanut and Marmellata","1.80 full recipe",""
2024-06-22,"Bike","Moon Pie, Strawberry Pies, Mini","2.00 pie","Snacks"
2024-06-22,"Bike","Pizza, Homemade or Restaurant, One Meat Topping, Thin Crust","300.00 g","Meals, Entrees, and Sidedishes"
2024-06-22,"Bike","Stroopwafels, Waffles, Caramel Filled","2.00 cookie","Sweets"
2024-06-23,"'-","Bread, Whole Wheat, Commercially Prepared","75.00 g","Baked Products"
2024-06-23,"'-","Smucker's, Strawberry Jam","2.00 tbsp","Fruits and Fruit Juices"
2024-06-23,"'-","Oranges, Raw","0.80 large - 3 1/16"" diameter","Fruits and Fruit Juices"
2024-06-23,"'-","Zen, Soy on the Go, Cappuccino","0.67 Cup","Beverages"
2024-06-23,"'-","Apple, Fresh, With Skin","130.00 g","Fruits and Fruit Juices"
2024-06-23,"'-","Mango, Fresh","0.69 each","Fruits and Fruit Juices"
2024-06-23,"'-","Milk, Whole","100.00 g","Dairy and Egg Products"
2024-06-23,"'-","Cereal Party Mix, Store Bought","0.40 cup, whole pieces","Snacks"
2024-06-23,"Breakfast","Porridge Banana Cioccolato Peanut","0.70 full recipe",""
2024-06-23,"Lunch","Curry di Ceci","1.00 full recipe",""
2024-06-23,"Lunch","Scarpone's, Polenta","1.00 x 2.0 1/2 slices","Meals, Entrees, and Sidedishes"
2024-06-23,"Lunch","Polpette di lenticchie mediterranee","1.50 Polpette",""
2024-06-23,"Dinner","Pane e caprese fiocchi di latte","1.00 full recipe",""
2024-06-23,"Snacks","Kirkland, Mixed Frozen Berries","200.00 g","Fruits and Fruit Juices"
2024-06-23,"Snacks","Whey Protein Powder, 24 Grams of Protein per Scoop","1.80 scoop","Supplements"
2024-06-24,"'-","Apple Strudel","75.00 g","Sweets"
2024-06-24,"'-","Vitality mix","0.20 full recipe",""
2024-06-24,"'-","Honey","15.00 g","Sweets"
2024-06-24,"'-","Corn, Yellow, Canned, Drained","0.60 cup, whole pieces","Vegetables and Vegetable Products"
2024-06-24,"'-","Apple, Fresh, With Skin","130.00 g","Fruits and Fruit Juices"
2024-06-24,"Breakfast","Porridge Banana Cioccolato Peanut","1.30 full recipe",""
2024-06-24,"Lunch","Polpette di lenticchie","5.00 Polpette",""
2024-06-24,"Lunch","Arugula, Raw","50.00 g","Vegetables and Vegetable Products"
2024-06-24,"Lunch","Scarpone's, Polenta","1.00 x 2.0 1/2 slices","Meals, Entrees, and Sidedishes"
2024-06-24,"Lunch","Ah, Cherry Tomatoes","100.00 g","Fruits and Fruit Juices"
2024-06-24,"Dinner","Pizza Bresaola Rucola e Grana","1.00 full recipe",""
2024-06-24,"Snacks","Greek Yogurt, Plain, Nonfat","300.00 g","Dairy and Egg Products"
2024-06-24,"Bike","Milk, Whole","100.00 g","Dairy and Egg Products"
2024-06-24,"Bike","Panino Peanut and Marmellata","1.00 full recipe",""
2024-06-24,"Bike","Panino Peanut and Marmellata","1.80 full recipe",""
2024-06-24,"Bike","Stroopwafels, Waffles, Caramel Filled","2.00 cookie","Sweets"
2024-06-24,"Bike","Soy Milk, Plain or Original, Unsweetened, Ready-to-Drink, Fortified","1.00 cup","Beverages"
2024-06-25,"'-","Vitality mix","0.20 full recipe",""
2024-06-25,"'-","Apple, Fresh, With Skin","130.00 g","Fruits and Fruit Juices"
2024-06-25,"'-","Pasta, Whole Wheat, Cooked","75.00 g","Cereal Grains and Pasta"
2024-06-25,"'-","Crenshaw Melon","2.00 cup","Fruits and Fruit Juices"
2024-06-25,"Breakfast","Cocoa Powder, Unsweetened","4.00 tbsp","Nut and Seed Products"
2024-06-25,"Breakfast","Peanut butter, powder","20.00 g","Fats and Oils"
2024-06-25,"Breakfast","Dark Chocolate Bar, 60%-69% Cacao","20.00 g","Sweets"
2024-06-25,"Breakfast","Bananas, Raw","2.00 large - 8"" to 8 7/8"" long","Fruits and Fruit Juices"
2024-06-25,"Breakfast","Milk, 2% Fat, Reduced Fat","1.60 cup","Dairy and Egg Products"
2024-06-25,"Breakfast","Rolled Oats, dry","120.00 g","Breakfast Cereals"
2024-06-25,"Lunch","Polpette di lenticchie peperoni e carote","200.00 g",""
2024-06-25,"Lunch","Okinawan Sweet Potatoes","1.00 cup","Vegetables and Vegetable Products"
2024-06-25,"Lunch","Arugula, Raw","50.00 g","Vegetables and Vegetable Products"
2024-06-25,"Lunch","Ah, Cherry Tomatoes","25.00 g","Fruits and Fruit Juices"
2024-06-25,"Dinner","Soia alla messicana","0.40 full recipe",""
2024-06-25,"Dinner","Polpette di lenticchie peperoni e carote","200.00 g",""
2024-06-25,"Dinner","Sweet Potato, Baked","200.00 g","Vegetables and Vegetable Products"
2024-06-25,"Snacks","Greek Yogurt, Plain, Nonfat","300.00 g","Dairy and Egg Products"
2024-06-25,"Bike","Croissant, Chocolate","1.00 small","Baked Products"
2024-06-25,"Bike","Cappuccino","2.00 short - each 8 fl oz","Beverages"
2024-06-25,"Bike","Greek Yogurt, Plain, Nonfat","150.00 g","Dairy and Egg Products"
2024-06-25,"Bike","Smucker's, Strawberry Jam","3.00 tbsp","Fruits and Fruit Juices"
2024-06-25,"Bike","Bread, Whole Wheat, Commercially Prepared","100.00 g","Baked Products"
2024-06-26,"'-","Apple, Fresh, With Skin","130.00 g","Fruits and Fruit Juices"
2024-06-26,"'-","Danone, HiPro Yogurt, Banana Peanut Butter","1.00 Pot","Snacks"
2024-06-26,"'-","San Benedetto, Red Juice in Natural Mineral Water, Fruit","2.00 x 200.0 ml","Beverages"
2024-06-26,"'-","Bananas, Raw","1.00 medium - 7"" to 7 7/8"" long","Fruits and Fruit Juices"
2024-06-26,"'-","Dr. Oetker, Ristorante Vegan, Pizza Margherita Pomodori","0.70 x 0.5 Pizza","Meals, Entrees, and Sidedishes"
2024-06-26,"'-","Squash or Pumpkin Ravioli, Without Sauce","1.50 cup, whole pieces","Cereal Grains and Pasta"
2024-06-26,"'-","Ragu, Original","2.00 x 0.5 Cup (125 mL)","Soups, Sauces, and Gravies"
2024-06-26,"'-","Chicken with Curry Sauce","0.85 cup","Meals, Entrees, and Sidedishes"
2024-06-26,"'-","Rice, White, Long-Grain, Regular, Enriched, Cooked","100.00 g","Cereal Grains and Pasta"
2024-06-26,"Breakfast","Porridge Banana Cioccolato Peanut","1.00 full recipe",""
2024-06-26,"Breakfast","Greek Yogurt, Plain, Nonfat","300.00 g","Dairy and Egg Products"
2024-06-26,"Breakfast","Vitality mix","0.40 full recipe",""
2024-06-26,"Breakfast","Honey","25.00 g","Sweets"
2024-06-26,"Lunch","Sweet Potato, Baked","200.00 g","Vegetables and Vegetable Products"
2024-06-26,"Lunch","Polpette di lenticchie peperoni e carote","200.00 g",""
2024-06-26,"Lunch","Soia alla messicana","0.40 full recipe",""
2024-06-26,"Bike","Cappuccino","1.00 short - each 8 fl oz","Beverages"
2024-06-26,"Bike","Muller Pudding Proteico Antiossidante e Frutta Secca","0.75 full recipe",""
2024-06-26,"Bike","Croissant, Chocolate","1.00 small","Baked Products"
2024-06-27,"'-","Crenshaw Melon","3.00 cup","Fruits and Fruit Juices"
2024-06-27,"'-","Arugula, Raw","50.00 g","Vegetables and Vegetable Products"
2024-06-27,"'-","Apple, Fresh, With Skin","130.00 g","Fruits and Fruit Juices"
2024-06-27,"'-","Strawberry, Raw","0.30 cup, halves","Fruits and Fruit Juices"
2024-06-27,"Breakfast","Eggs, Cooked","150.00 g","Dairy and Egg Products"
2024-06-27,"Breakfast","Cappuccino","2.00 short - each 8 fl oz","Beverages"
2024-06-27,"Breakfast","Bread, Whole Wheat, Commercially Prepared","135.00 g","Baked Products"
2024-06-27,"Breakfast","Yogurt, Plain, Lowfat","2.00 container - each 6 oz","Dairy and Egg Products"
2024-06-27,"Breakfast","Ananas, Cru","2.00 slice - 3 1/2"" diameter x 3/4""","Fruits and Fruit Juices"
2024-06-27,"Breakfast","Parma, Prosciutto di Parma","3.00 Slice","Sausages and Luncheon Meats"
2024-06-27,"Breakfast","Rigamonti, Carpaccio di Bresaola","0.20 Package","Beef Products"
2024-06-27,"Breakfast","Vitality mix","0.15 full recipe",""
2024-06-27,"Breakfast","Smucker's, Strawberry Jam","3.00 tbsp","Fruits and Fruit Juices"
2024-06-27,"Breakfast","Bananas, Raw","1.50 medium - 7"" to 7 7/8"" long","Fruits and Fruit Juices"
2024-06-27,"Lunch","Mission, Pizza Base","0.80 Package","Baked Products"
2024-06-27,"Lunch","Grana Padano, Mantova Grated Cheese","1.00 portion","Dairy and Egg Products"
2024-06-27,"Lunch","Mozzarella Cheese, Part Skim Milk","2.00 oz","Dairy and Egg Products"
2024-06-27,"Lunch","Prosciutto, Cotto Di Modena","70.00 g","Sausages and Luncheon Meats"
2024-06-27,"Lunch","Potato, Boiled with Skin","0.35 medium - 2 1/4"" to 3 1/4"" diameter","Vegetables and Vegetable Products"
2024-06-27,"Dinner","Eggs, Cooked","50.00 g","Dairy and Egg Products"
2024-06-27,"Dinner","Egg Whites Only, Cooked","6.00 large","Dairy and Egg Products"
2024-06-27,"Dinner","Onion, White, Yellow or Red, Raw","1.00 medium - 2 1/2"" diameter","Vegetables and Vegetable Products"
2024-06-27,"Dinner","Red Bell Peppers, Raw","250.00 g","Vegetables and Vegetable Products"
2024-06-27,"Dinner","Grana Padano, Mantova Grated Cheese","20.00 g","Dairy and Egg Products"
2024-06-27,"Dinner","Bragg, Nutritional Yeast Seasoning","2.00 tablespoon","Spices and Herbs"
2024-06-27,"Snacks","Oranges, Raw","1.00 large - 3 1/16"" diameter","Fruits and Fruit Juices"
2024-06-27,"Snacks","Bread, Whole Wheat, Commercially Prepared","55.00 g","Baked Products"
2024-06-28,"Breakfast","Porridge Banana Cioccolato Peanut","1.00 full recipe",""
2024-06-28,"Lunch","Mixed Vegetables, Broccoli, Cauliflower and Carrots","2.00 cup, cut pieces","Vegetables and Vegetable Products"
2024-06-28,"Lunch","Spelt, Cooked","420.00 g","Cereal Grains and Pasta"
2024-06-28,"Lunch","Eggs, Cooked","100.00 g","Dairy and Egg Products"
2024-06-28,"Lunch","Soy Sauce","1.00 tbsp","Soups, Sauces, and Gravies"
2024-06-28,"Lunch","Olive Oil","10.00 g","Fats and Oils"
2024-06-28,"Lunch","Sweet Potato, Baked","35.00 g","Vegetables and Vegetable Products"
2024-06-28,"Lunch","Scarpone's, Polenta","0.50 x 2.0 1/2 slices","Meals, Entrees, and Sidedishes"
2024-06-28,"Dinner","Ceci Naturali, Chickpeas","2.00 portion (1/2 cup)","Legumes and Legume Products"
2024-06-28,"Dinner","Milk, Whole","80.00 g","Dairy and Egg Products"
2024-06-28,"Dinner","Onion, White, Yellow or Red, Raw","0.50 medium - 2 1/2"" diameter","Vegetables and Vegetable Products"
2024-06-28,"Dinner","Arugula, Raw","50.00 g","Vegetables and Vegetable Products"
2024-06-28,"Dinner","Curry Powder","10.00 g","Spices and Herbs"
2024-06-28,"Dinner","Tomato Sauce","150.00 g","Vegetables and Vegetable Products"
2024-06-28,"Dinner","Veganz, Soy Strips","0.30 serving","Legumes and Legume Products"
2024-06-28,"Dinner","Sweet Potato, Baked","250.00 g","Vegetables and Vegetable Products"
2024-06-28,"Snacks","Bananas, Raw","1.00 medium - 7"" to 7 7/8"" long","Fruits and Fruit Juices"
2024-06-28,"Snacks","Cappuccino","1.00 short - each 8 fl oz","Beverages"
2024-06-28,"Snacks","Honey","20.00 g","Sweets"
2024-06-28,"Snacks","Bread, Whole Wheat, Commercially Prepared","65.00 g","Baked Products"
2024-06-28,"Bike","Cappuccino","1.00 short - each 8 fl oz","Beverages"
2024-06-28,"Bike","Bread, Whole Wheat, Commercially Prepared","65.00 g","Baked Products"
2024-06-28,"Bike","Apple, Fresh, With Skin","130.00 g","Fruits and Fruit Juices"
2024-06-28,"Bike","Greek Yogurt, Plain, Nonfat","325.00 g","Dairy and Egg Products"
2024-06-29,"'-","Honey","15.00 g","Sweets"
2024-06-29,"'-","Danone, HiPro Yogurt, Banana Peanut Butter","1.00 Pot","Snacks"
2024-06-29,"Breakfast","Porridge Banana Cioccolato Peanut","1.30 full recipe",""
2024-06-29,"Lunch","Pasta, Whole Wheat, Cooked","230.00 g","Cereal Grains and Pasta"
2024-06-29,"Lunch","Eggs, Cooked","100.00 g","Dairy and Egg Products"
2024-06-29,"Lunch","Rigamonti, Carpaccio di Bresaola","1.00 Package","Beef Products"
2024-06-29,"Lunch","Arugula, Raw","60.00 g","Vegetables and Vegetable Products"
2024-06-29,"Lunch","Grana Padano, Mantova Grated Cheese","25.00 g","Dairy and Egg Products"
2024-06-29,"Lunch","Bacon, Pork","10.00 g","Pork Products"
2024-06-29,"Dinner","Soy Chips","0.65 cup, crushed","Snacks"
2024-06-29,"Dinner","Black Beans, Canned, Drained","0.50 cup, whole pieces","Legumes and Legume Products"
2024-06-29,"Dinner","Corn, Yellow, Canned, Drained","0.50 cup, whole pieces","Vegetables and Vegetable Products"
2024-06-29,"Dinner","Olive Oil","0.40 tbsp","Fats and Oils"
2024-06-29,"Dinner","Tomato Sauce","100.00 g","Vegetables and Vegetable Products"
2024-06-29,"Dinner","Mission, Pizza Base","0.75 Package","Baked Products"
2024-06-29,"Snacks","Mango, Fresh","0.40 each","Fruits and Fruit Juices"
2024-06-29,"Snacks","Apple, Fresh, With Skin","130.00 g","Fruits and Fruit Juices"
2024-06-29,"Snacks","Vitality mix","0.25 full recipe",""
2024-06-29,"Snacks","Greek Yogurt, Plain, Nonfat","250.00 g","Dairy and Egg Products"
2024-06-29,"Snacks","Honey","30.00 g","Sweets"
2024-06-29,"Snacks","Carrefour Bio, Spelt Cakes","2.00 Piece","Snacks"
2024-06-29,"Bike","Muller Pudding Proteico Antiossidante e Frutta Secca","0.80 full recipe",""
2024-06-29,"Bike","Stroopwafels, Waffles, Caramel Filled","2.00 cookie","Sweets"
2024-06-29,"Bike","Milk, Whole","100.00 g","Dairy and Egg Products"
2024-06-29,"Bike","Panino Peanut and Marmellata","1.50 full recipe",""
2024-06-29,"Bike","Apple Strudel","80.00 g","Sweets"
2024-06-29,"Bike","Bananas, Raw","2.00 medium - 7"" to 7 7/8"" long","Fruits and Fruit Juices"
2024-06-29,"Bike","Cappuccino","1.00 short - each 8 fl oz","Beverages"
2024-06-29,"Bike","Moon Pie, Strawberry Pies, Mini","4.00 pie","Snacks"
2024-06-30,"Breakfast","Porridge Banana Cioccolato Peanut","1.30 full recipe",""
2024-06-30,"Lunch","Avocado toast 3 uova","1.00 full recipe",""
2024-06-30,"Dinner","Soy Chips","0.65 cup, crushed","Snacks"
2024-06-30,"Dinner","Black Beans, Canned, Drained","0.50 cup, whole pieces","Legumes and Legume Products"
2024-06-30,"Dinner","Corn, Yellow, Canned, Drained","0.50 cup, whole pieces","Vegetables and Vegetable Products"
2024-06-30,"Dinner","Olive Oil","0.40 tbsp","Fats and Oils"
2024-06-30,"Dinner","Tomato Sauce","100.00 g","Vegetables and Vegetable Products"
2024-06-30,"Dinner","Sweet Potato, Baked","200.00 g","Vegetables and Vegetable Products"
2024-06-30,"Dinner","Scarpone's, Polenta","1.00 x 2.0 1/2 slices","Meals, Entrees, and Sidedishes"
2024-06-30,"Dinner","Crenshaw Melon","2.00 cup","Fruits and Fruit Juices"
2024-06-30,"Dinner","Rigamonti, Carpaccio di Bresaola","1.00 Package","Beef Products"
2024-06-30,"Dinner","Arugula, Raw","60.00 g","Vegetables and Vegetable Products"
2024-06-30,"Snacks","Mango, Fresh","1.00 each","Fruits and Fruit Juices"
2024-06-30,"Snacks","Greek Yogurt, Plain, Nonfat","250.00 g","Dairy and Egg Products"
2024-06-30,"Bike","Bananas, Raw","2.00 medium - 7"" to 7 7/8"" long","Fruits and Fruit Juices"
2024-06-30,"Bike","Bread, Whole Wheat, Commercially Prepared","125.00 g","Baked Products"
2024-06-30,"Bike","Cappuccino","1.00 short - each 8 fl oz","Beverages"
2024-06-30,"Bike","Croissant, Plain","75.00 g","Baked Products"
2024-06-30,"Bike","Whey Protein Powder, 24 Grams of Protein per Scoop","0.80 scoop","Supplements"
2024-06-30,"Bike","Blueberry, Raw","50.00 g","Fruits and Fruit Juices"
2024-06-30,"Bike","Strawberries, Raw","0.56 cup, halves","Fruits and Fruit Juices"
2024-06-30,"Bike","Vitality mix","0.30 full recipe",""
2024-06-30,"Bike","Muller, Mullermilch, Pistachio","1.60 serving","Beverages"
2024-06-30,"Bike","Chia Seeds","4.00 g","Nut and Seed Products"
2024-06-30,"Bike","Sunflower Seeds, Raw","0.40 tbsp, whole pieces","Nut and Seed Products"
2024-07-01,"Breakfast","Porridge Banana Cioccolato Peanut","1.30 full recipe",""
2024-07-01,"Lunch","Lentil Soup, Ready-to-serve Can, Fat Free","2.00 cup","Soups, Sauces, and Gravies"
2024-07-01,"Lunch","Spelt Flakes","1.50 cup, whole pieces","Breakfast Cereals"
2024-07-01,"Lunch","Candies, sugar-coated almonds","2.00 piece","Sweets"
2024-07-01,"Lunch","Oranges, Raw","3.00 large - 3 1/16"" diameter","Fruits and Fruit Juices"
2024-07-01,"Dinner","Farro, Cooked","1.50 cup","Cereal Grains and Pasta"
2024-07-01,"Dinner","Olive Oil","0.70 tbsp","Fats and Oils"
2024-07-01,"Dinner","Basil, Fresh","20.00 g","Vegetables and Vegetable Products"
2024-07-01,"Dinner","Conad, Fiocchi di Latte, 3% di Grassi","0.50 Serving","Dairy and Egg Products"
2024-07-01,"Dinner","Sun-Dried Tomato, Dry Pack","5.00 piece","Vegetables and Vegetable Products"
2024-07-01,"Dinner","Crenshaw Melon","1.75 cup","Fruits and Fruit Juices"
2024-07-01,"Snacks","Greek Yogurt, Plain, Nonfat","250.00 g","Dairy and Egg Products"
2024-07-01,"Bike","Bananas, Raw","1.00 medium - 7"" to 7 7/8"" long","Fruits and Fruit Juices"
2024-07-01,"Bike","Peanut Butter, Unsalted","0.80 tbsp","Fats and Oils"
2024-07-01,"Bike","Honey","25.00 g","Sweets"
2024-07-06,"Lunch","Spelt, Cooked","1.00 cup","Cereal Grains and Pasta"
2024-07-06,"Lunch","Angel Hair Pasta, White, Cooked in Salted Water","200.00 g","Cereal Grains and Pasta"
2024-07-18,"Breakfast","Corn, Yellow, Canned, Drained","1.40 cup, whole pieces","Vegetables and Vegetable Products"
2024-07-18,"Breakfast","Apple, Fresh, With Skin","150.00 g","Fruits and Fruit Juices"
2024-07-18,"Breakfast","Bread, Whole Wheat, Commercially Prepared","135.00 g","Baked Products"
2024-07-18,"Breakfast","Bananas, Raw","1.50 medium - 7"" to 7 7/8"" long","Fruits and Fruit Juices"
2024-07-18,"Breakfast","Avocado toast 3 uova","1.00 full recipe",""
2024-07-18,"Breakfast","Spelt, Cooked","0.80 cup","Cereal Grains and Pasta"
2024-07-18,"Breakfast","Porridge Banana Cioccolato Peanut","1.00 full recipe",""
2024-07-19,"Breakfast","Quinoa, Cooked","140.00 g","Cereal Grains and Pasta"
2024-07-19,"Breakfast","Eggs, Cooked","50.00 g","Dairy and Egg Products"
2024-07-19,"Lunch","Ceci Naturali, Chickpeas","2.00 portion (1/2 cup)","Legumes and Legume Products"
2024-07-19,"Lunch","Potato, Boiled with Skin","300.00 g","Vegetables and Vegetable Products"
2024-07-19,"Lunch","Milk, Whole","80.00 g","Dairy and Egg Products"
2024-07-19,"Lunch","Onion, White, Yellow or Red, Raw","0.50 medium - 2 1/2"" diameter","Vegetables and Vegetable Products"
2024-07-19,"Lunch","Arugula, Raw","50.00 g","Vegetables and Vegetable Products"
2024-07-19,"Lunch","Curry Powder","10.00 g","Spices and Herbs"
2024-07-19,"Lunch","Tomato Sauce","150.00 g","Vegetables and Vegetable Products"
2024-07-19,"Lunch","Veganz, Soy Strips","0.35 serving","Legumes and Legume Products"
2024-07-19,"Lunch","Scarpone's, Polenta","1.00 x 2.0 1/2 slices","Meals, Entrees, and Sidedishes"
2024-07-19,"Lunch","Green Beans, Cooked from Fresh","1.00 cup, cut pieces","Vegetables and Vegetable Products"
2024-07-21,"Breakfast","Apple, Fresh, With Skin","130.00 g","Fruits and Fruit Juices"
2024-07-21,"Breakfast","Cocoa Powder, Unsweetened","2.00 tbsp","Nut and Seed Products"
2024-07-21,"Breakfast","PB2, Organic Powdered Peanut Butter","1.30 x 2.0 tbsp","Nut and Seed Products"
2024-07-23,"Breakfast","Soy Chips","0.80 cup, crushed","Snacks"
2024-07-23,"Breakfast","Black Beans, Canned, Drained","1.36 cup, whole pieces","Legumes and Legume Products"
2024-07-23,"Breakfast","Olive Oil","0.80 tbsp","Fats and Oils"
2024-07-23,"Breakfast","Tomato Sauce","120.00 g","Vegetables and Vegetable Products"
2024-07-23,"Breakfast","Scarpone's, Polenta","1.00 x 2.0 1/2 slices","Meals, Entrees, and Sidedishes"
2024-07-23,"Breakfast","Sweet Potato, Baked","200.00 g","Vegetables and Vegetable Products"
2024-07-23,"Breakfast","Broccoli, Raw","100.00 g","Vegetables and Vegetable Products"
2024-07-23,"Breakfast","Bragg, Nutritional Yeast, Cheesy","2.50 tbsp","Spices and Herbs"
2024-07-23,"Breakfast","Green Beans, Cooked from Fresh","0.80 cup, cut pieces","Vegetables and Vegetable Products"
2024-07-24,"Lunch","Quinoa, Cooked","240.00 g","Cereal Grains and Pasta"
2024-07-24,"Lunch","Eggs, Cooked","150.00 g","Dairy and Egg Products"
2024-07-25,"Breakfast","Greek Yogurt, Plain, Nonfat","170.00 g","Dairy and Egg Products"
2024-07-25,"Breakfast","Strawberries, Raw","0.50 cup, halves","Fruits and Fruit Juices"
2024-07-25,"Breakfast","Blueberry, Raw","40.00 g","Fruits and Fruit Juices"
2024-07-25,"Breakfast","Cocoa Powder, Unsweetened","1.00 tbsp","Nut and Seed Products"
2024-07-27,"Dinner","Carrots, Raw","0.80 cup","Vegetables and Vegetable Products"
2024-07-27,"Dinner","Grapefruit, Raw, Pink or Red","1.00 small - 3 1/2"" diameter","Fruits and Fruit Juices"
2024-07-27,"Dinner","Dates, Dried","3.00 each","Fruits and Fruit Juices"
2024-07-28,"Breakfast","Farro, Cooked","1.30 cup","Cereal Grains and Pasta"
2024-07-28,"Lunch","Rice, White, Long-Grain, Regular, Enriched, Cooked","150.00 g","Cereal Grains and Pasta"
2024-07-29,"Breakfast","Oranges, Raw","2.00 medium - 2 5/8"" diameter","Fruits and Fruit Juices"
2024-07-29,"Breakfast","Bananas, Raw","1.00 medium - 7"" to 7 7/8"" long","Fruits and Fruit Juices"
2024-07-29,"Breakfast","Peanut Butter, Unsalted","1.00 tbsp","Fats and Oils"
2024-07-30,"Breakfast","Eggs, Cooked","110.00 g","Dairy and Egg Products"
2024-07-30,"Breakfast","Bragg, Nutritional Yeast, Cheesy","1.50 tbsp","Spices and Herbs"
2024-07-30,"Breakfast","Onion, White, Yellow or Red, Raw","0.30 medium - 2 1/2"" diameter","Vegetables and Vegetable Products"
2024-07-30,"Breakfast","Milk, Whole","39.00 g","Dairy and Egg Products"
2024-07-30,"Breakfast","Peppers, Sweet, Green, Raw","100.00 g","Vegetables and Vegetable Products"
2024-07-30,"Breakfast","Flax Seeds, Not Fortified","10.00 g","Nut and Seed Products"
2024-07-30,"Breakfast","Porridge Banana Cioccolato Peanut","1.00 full recipe",""
2024-07-30,"Lunch","Pasta, Whole Wheat, Cooked","225.00 g","Cereal Grains and Pasta"
2024-07-30,"Lunch","Black Beans, Canned, Drained","2.00 cup, whole pieces","Legumes and Legume Products"
2024-07-30,"Lunch","Veganz, Soy Strips","0.35 serving","Legumes and Legume Products"
2024-07-30,"Lunch","Corn, Yellow, Canned, Drained","1.40 cup, whole pieces","Vegetables and Vegetable Products"
2024-07-30,"Lunch","Hot Pepper Sauce","14.00 tsp","Soups, Sauces, and Gravies"
2024-07-30,"Lunch","Tomato Sauce","125.00 g","Vegetables and Vegetable Products"
2024-07-30,"Dinner","Sweet Potato, Baked","350.00 g","Vegetables and Vegetable Products"
2024-07-30,"Dinner","Arugula, Raw","85.00 g","Vegetables and Vegetable Products"
2024-07-30,"Dinner","Balsamic Vinegar","2.00 tbsp","Spices and Herbs"
2024-07-30,"Dinner","Tomato, Red, Raw","59.00 g","Vegetables and Vegetable Products"
2024-07-30,"Dinner","Cuisine Solutions, Sliced Grass-Fed Beef Sirloin","2.50 x 3.0 oz","Beef Products"
2024-07-31,"'-","Garden Salad A Blend Of Iceberg Lettuce Tossed With Carrots And Red Cabbage","1.00 x 1.5 cups | about",""
2024-07-31,"Breakfast","Whey Protein Powder, 24 Grams of Protein per Scoop","1.00 scoop","Supplements"
2024-07-31,"Breakfast","Blueberry, Raw","50.00 g","Fruits and Fruit Juices"
2024-07-31,"Breakfast","Strawberries, Raw","0.50 cup, halves","Fruits and Fruit Juices"
2024-07-31,"Breakfast","Chia Seeds","5.00 g","Nut and Seed Products"
2024-07-31,"Breakfast","Sunflower Seeds, Raw","0.50 tbsp, whole pieces","Nut and Seed Products"
2024-07-31,"Breakfast","Oatmeal, Regular or Quick, Dry","45.00 g","Breakfast Cereals"
2024-07-31,"Breakfast","Peanut butter, powder","2.50 tbsp","Fats and Oils"
2024-07-31,"Breakfast","Cocoa Powder, Unsweetened","2.00 tbsp","Nut and Seed Products"
2024-08-01,"Breakfast","Strawberries, Raw","0.50 cup, halves","Fruits and Fruit Juices"
2024-08-01,"Breakfast","Blueberry, Raw","50.00 g","Fruits and Fruit Juices"
2024-08-01,"Breakfast","Whey Protein Powder, 24 Grams of Protein per Scoop","0.55 scoop","Supplements"
2024-08-01,"Breakfast","Bio Planete, Flax Seed Powder","8.00 g","Supplements"
2024-08-05,"'-","Sweet Potato, Baked","350.00 g","Vegetables and Vegetable Products"
2024-08-06,"'-","Mango, Fresh","0.85 each","Fruits and Fruit Juices"
2024-08-06,"'-","Sunflower Seeds, Raw","1.00 tbsp, whole pieces","Nut and Seed Products"
2024-08-06,"'-","Chia Seeds","8.00 g","Nut and Seed Products"
2024-08-06,"'-","Flax Seeds, Not Fortified","10.00 g","Nut and Seed Products"
2024-08-07,"'-","Torta Carote Proteica","1.00 Serving",""
2024-08-07,"Breakfast","Probios, Bran Sticks","55.00 g","Breakfast Cereals"
2024-08-07,"Lunch","Avocado toast 3 uova","1.00 full recipe",""
2024-08-07,"Lunch","Oat Bran, Dry","75.00 g","Breakfast Cereals"
2024-08-07,"Dinner","Green Beans, Cooked from Fresh","1.00 cup, cut pieces","Vegetables and Vegetable Products"
2024-08-07,"Dinner","Spelt, Cooked","1.00 cup","Cereal Grains and Pasta"
2024-08-07,"Dinner","Carrots, Cooked From Fresh","200.00 g","Vegetables and Vegetable Products"
2024-08-07,"Dinner","Tofu, Not Silken, Cooked, Firm","0.50 block - 7"" x 1 9/16"" x 1 5/8""","Legumes and Legume Products"
2024-08-07,"Snacks","Kirkland, Mixed Frozen Berries","100.00 g","Fruits and Fruit Juices"
2024-08-07,"Snacks","Whey Protein Powder, 24 Grams of Protein per Scoop","1.20 scoop","Supplements"
2024-08-07,"Snacks","Pistachio Nuts, Roasted, Salted","1.00 tbsp, whole pieces","Nut and Seed Products"
2024-08-07,"Snacks","Peanuts, Raw","1.50 tbsp, chopped","Nut and Seed Products"
2024-08-07,"Snacks","Crenshaw Melon","1.50 cup","Fruits and Fruit Juices"
2024-08-07,"Snacks","Raisins, Uncooked","10.00 g","Fruits and Fruit Juices"
2024-08-07,"Snacks","Cocoa Powder, Unsweetened","2.00 tbsp","Nut and Seed Products"
2024-08-12,"Lunch","Veganz, Soy Strips","0.80 serving","Legumes and Legume Products"
2024-08-12,"Lunch","Sweet Potato, Baked","350.00 g","Vegetables and Vegetable Products"
2024-08-12,"Lunch","Tomato Sauce","70.00 g","Vegetables and Vegetable Products"
2024-08-13,"Breakfast","Eggs, Cooked","110.00 g","Dairy and Egg Products"
2024-08-13,"Breakfast","Bragg, Nutritional Yeast, Cheesy","2.00 tbsp","Spices and Herbs"
2024-08-13,"Breakfast","Tomato, Red, Raw","75.00 g","Vegetables and Vegetable Products"
2024-08-13,"Breakfast","Onion, White, Yellow or Red, Raw","0.30 medium - 2 1/2"" diameter","Vegetables and Vegetable Products"
2024-08-13,"Breakfast","Belle Grove, Dried Porcini Bolets","1.00 oz","Vegetables and Vegetable Products"
2024-08-13,"Snacks","Cocoa Powder, Unsweetened","2.00 tbsp","Nut and Seed Products"
2024-08-13,"Snacks","Peanut butter, powder","10.00 g","Fats and Oils"
2024-08-13,"Snacks","Bananas, Raw","1.00 large - 8"" to 8 7/8"" long","Fruits and Fruit Juices"
2024-08-13,"Snacks","Greek Yogurt, Plain, Nonfat","6.00 tbsp","Dairy and Egg Products"
2024-08-14,"Snacks","Mango, Fresh","1.00 each","Fruits and Fruit Juices"
2024-08-14,"Snacks","Soy Chips","1.00 cup, crushed","Snacks"
2024-08-14,"Snacks","Scarpone's, Polenta","3.00 x 2.0 1/2 slices","Meals, Entrees, and Sidedishes"
2024-08-14,"Snacks","Oat Bran, Dry","60.00 g","Breakfast Cereals"
2024-08-14,"Snacks","Greek Yogurt, Plain, Nonfat","16.00 tbsp","Dairy and Egg Products"
2024-08-14,"Snacks","Whey Protein Powder, 24 Grams of Protein per Scoop","1.00 scoop","Supplements"
2024-08-14,"Snacks","Cocoa Powder, Unsweetened","4.00 tbsp","Nut and Seed Products"
2024-08-14,"Snacks","Sweet Potato, Baked","350.00 g","Vegetables and Vegetable Products"
2024-08-15,"Breakfast","Onion, White, Yellow or Red, Raw","1.00 medium - 2 1/2"" diameter","Vegetables and Vegetable Products"
2024-08-15,"Breakfast","Scarpone's, Polenta","4.50 x 2.0 1/2 slices","Meals, Entrees, and Sidedishes"
2024-08-15,"Breakfast","Textured Vegetable Protein, TVP, Dry, Not Fortified","120.00 g","Vegetables and Vegetable Products"
2024-08-15,"Breakfast","Red Bell Peppers, Raw","1.00 medium - 2 1/2"" diameter x 2 3/4""","Vegetables and Vegetable Products"
2024-08-28,"Breakfast","Soy Chips","0.50 cup, crushed","Snacks"
2024-08-28,"Breakfast","Black Beans, Canned, Drained","0.70 cup, whole pieces","Legumes and Legume Products"
2024-08-28,"Breakfast","Corn, Yellow, Canned, Drained","1.00 cup, whole pieces","Vegetables and Vegetable Products"
2024-08-28,"Breakfast","Olive Oil","0.50 tbsp","Fats and Oils"
2024-08-28,"Breakfast","Tomato Sauce","75.00 g","Vegetables and Vegetable Products"
2024-08-28,"Breakfast","Potato, Boiled with Skin","1.70 medium - 2 1/4"" to 3 1/4"" diameter","Vegetables and Vegetable Products"
2024-08-29,"Breakfast","Super Protein Pudding","1.00 Serving",""
2024-08-30,"'-","Pane e caprese fiocchi di latte","1.00 full recipe",""
2024-08-30,"Snacks","Pecans, Raw","15.00 g","Nut and Seed Products"
2024-08-30,"Snacks","Peanuts, Raw","15.00 g","Nut and Seed Products"
2024-08-30,"Snacks","Macadamia Nuts, Raw","15.00 g","Nut and Seed Products"
2024-08-31,"Breakfast","Hemp Seeds, Hulled","3.00 tsp, whole pieces","Fats and Oils"
2024-08-31,"Lunch","Granita Frutti di Bosco Rucola Acqua","1.00 full recipe",""
2024-08-31,"Dinner","Chia Seeds","10.00 g","Nut and Seed Products"
2024-09-01,"Breakfast","Oatmeal, Regular or Quick, Dry","27.00 g","Breakfast Cereals"
2024-09-01,"Breakfast","Whey Protein Powder, 24 Grams of Protein per Scoop","0.90 scoop","Supplements"
2024-09-01,"Breakfast","Chia Seeds","5.00 g","Nut and Seed Products"
2024-09-01,"Breakfast","Cocoa Powder, Unsweetened","1.00 tbsp","Nut and Seed Products"
2024-09-01,"Lunch","Sweet Potato, Baked","400.00 g","Vegetables and Vegetable Products"
2024-09-01,"Lunch","Textured Vegetable Protein, TVP, Dry, Not Fortified","75.00 g","Vegetables and Vegetable Products"
2024-09-01,"Lunch","Onion, White, Yellow or Red, Raw","0.50 medium - 2 1/2"" diameter","Vegetables and Vegetable Products"
2024-09-01,"Lunch","Tomato Sauce","70.00 g","Vegetables and Vegetable Products"
2024-09-01,"Lunch","Garlic, Cooked","1.00 clove","Vegetables and Vegetable Products"
2024-09-01,"Lunch","Olive Oil","0.50 tbsp","Fats and Oils"
2024-09-01,"Lunch","Basil, Fresh","10.00 g","Vegetables and Vegetable Products"
2024-09-01,"Lunch","Oregano, Dried","5.00 tsp","Spices and Herbs"
2024-09-02,"Breakfast","Orange, Fresh","3.00 medium - 2 5/8"" diameter","Fruits and Fruit Juices"
2024-09-03,"'-","Cocoa Powder, Unsweetened","1.00 tbsp","Nut and Seed Products"
2024-09-03,"'-","Peanut butter, powder","12.00 g","Fats and Oils"
2024-09-03,"'-","Dark Chocolate Bar, 60%-69% Cacao","8.00 g","Sweets"
2024-09-03,"'-","Bananas, Raw","1.00 large - 8"" to 8 7/8"" long","Fruits and Fruit Juices"
2024-09-03,"'-","Milk, 2% Fat, Reduced Fat","0.80 cup","Dairy and Egg Products"
2024-09-03,"'-","Rolled Oats, dry","50.00 g","Breakfast Cereals"
2024-09-03,"'-","Chia Seeds","5.00 g","Nut and Seed Products"
2024-09-03,"'-","Sunflower Seeds, Raw","0.60 tbsp, whole pieces","Nut and Seed Products"
2024-09-03,"Breakfast","Oatmeal, Regular or Quick, Dry","27.00 g","Breakfast Cereals"
2024-09-03,"Breakfast","Whey Protein Powder, 24 Grams of Protein per Scoop","0.90 scoop","Supplements"
2024-09-03,"Breakfast","Chia Seeds","5.00 g","Nut and Seed Products"
2024-09-03,"Breakfast","Cocoa Powder, Unsweetened","2.00 tbsp","Nut and Seed Products"
2024-09-03,"Breakfast","Wheat Germ, Crude","10.00 g","Cereal Grains and Pasta"
2024-09-03,"Breakfast","Peanut butter, powder","1.00 tbsp","Fats and Oils"
2024-09-03,"Lunch","Bread, Whole Wheat, Commercially Prepared","130.00 g","Baked Products"
2024-09-03,"Lunch","Olive Oil","0.70 tbsp","Fats and Oils"
2024-09-03,"Lunch","Basil, Fresh","20.00 g","Vegetables and Vegetable Products"
2024-09-03,"Lunch","Ah, Cherry Tomatoes","250.00 g","Fruits and Fruit Juices"
2024-09-03,"Lunch","Conad, Fiocchi di Latte, 3% di Grassi","1.00 Serving","Dairy and Egg Products"
2024-09-04,"Lunch","MyProtein, Glycine","9.00 g","Supplements"
2024-09-05,"Lunch","Spelt, Cooked","0.65 cup","Cereal Grains and Pasta"
2024-09-05,"Lunch","Eggs, Cooked","100.00 g","Dairy and Egg Products"
2024-09-05,"Lunch","Soy Sauce","1.00 tbsp","Soups, Sauces, and Gravies"
2024-09-05,"Lunch","Cabbage, Red, Raw","120.00 g","Vegetables and Vegetable Products"
2024-09-05,"Lunch","Peas, Green, Frozen, Cooked, Boiled, Drained, Without Salt","250.00 g","Vegetables and Vegetable Products"
2024-09-05,"Lunch","Textured Vegetable Protein, TVP, Dry, Not Fortified","40.00 g","Vegetables and Vegetable Products"
2024-09-07,"Lunch","Textured Vegetable Protein, TVP, Dry, Not Fortified","55.00 g","Vegetables and Vegetable Products"
2024-09-07,"Lunch","Sweet Potato, Baked","250.00 g","Vegetables and Vegetable Products"
2024-09-07,"Lunch","Red Bell Peppers, Raw","1.00 medium - 2 1/2"" diameter x 2 3/4""","Vegetables and Vegetable Products"
2024-09-07,"Lunch","Scarpone's, Polenta","1.00 x 2.0 1/2 slices","Meals, Entrees, and Sidedishes"
2024-09-07,"Lunch","Grana Padano Tre Strelle, Hard Ripened Cheese","10.00 g","Dairy and Egg Products"
2024-09-07,"Lunch","Onion, White, Yellow or Red, Raw","1.00 medium - 2 1/2"" diameter","Vegetables and Vegetable Products"
2024-09-08,"Breakfast","Oatmeal, Regular or Quick, Dry","27.00 g","Breakfast Cereals"
2024-09-08,"Breakfast","Whey Protein Powder, 24 Grams of Protein per Scoop","0.90 scoop","Supplements"
2024-09-08,"Breakfast","Chia Seeds","5.00 g","Nut and Seed Products"
2024-09-08,"Breakfast","Cocoa Powder, Unsweetened","2.00 tbsp","Nut and Seed Products"
2024-09-08,"Dinner","Avocado, Black Skin","1.00 each","Fruits and Fruit Juices"
2024-09-08,"Dinner","Eggs, Cooked","2.00 large","Dairy and Egg Products"
2024-09-08,"Dinner","Taho Cereal, Whole Wheat Bread, 5 Cereals and Seeds","1.20 x 100.0 grams","Baked Products"
2024-09-11,"Breakfast","Peanut butter, powder","10.00 g","Fats and Oils"
2024-09-11,"Breakfast","Dark Chocolate Bar, 60%-69% Cacao","10.00 g","Sweets"
2024-09-11,"Breakfast","Bananas, Raw","1.00 medium - 7"" to 7 7/8"" long","Fruits and Fruit Juices"
2024-09-11,"Breakfast","Cocoa Powder, Unsweetened","2.00 tbsp","Nut and Seed Products"
2024-09-11,"Breakfast","Milk, 2% Fat, Reduced Fat","0.80 cup","Dairy and Egg Products"
2024-09-11,"Breakfast","Rolled Oats, dry","50.00 g","Breakfast Cereals"
2024-09-11,"Breakfast","Chia Seeds","5.00 g","Nut and Seed Products"
2024-09-11,"Breakfast","Sunflower Seeds, Raw","0.60 tbsp, whole pieces","Nut and Seed Products"
2024-09-11,"Lunch","Apple, Fresh, With Skin","200.00 g","Fruits and Fruit Juices"
2024-09-11,"Lunch","Bread, Whole Wheat, Commercially Prepared","130.00 g","Baked Products"
2024-09-11,"Lunch","Basil, Fresh","20.00 g","Vegetables and Vegetable Products"
2024-09-11,"Lunch","Ah, Cherry Tomatoes","250.00 g","Fruits and Fruit Juices"
2024-09-11,"Lunch","Conad, Fiocchi di Latte, 3% di Grassi","1.00 Serving","Dairy and Egg Products"
2024-09-11,"Dinner","Mission, Pizza Base","1.00 Package","Baked Products"
2024-09-11,"Dinner","Rigamonti, Carpaccio di Bresaola","1.00 Package","Beef Products"
2024-09-11,"Dinner","Arugula, Raw","50.00 g","Vegetables and Vegetable Products"
2024-09-11,"Dinner","Grana Padano, Mantova Grated Cheese","1.00 portion","Dairy and Egg Products"
2024-09-11,"Snacks","Oranges, Raw","2.00 medium - 2 5/8"" diameter","Fruits and Fruit Juices"
2024-09-11,"Snacks","Cheesecake, Plain or Flavored, Graham Cracker Crust, Homemade","0.07 pie - 9"" diameter","Sweets"
2024-09-12,"Breakfast","Peanut butter, powder","10.00 g","Fats and Oils"
2024-09-12,"Breakfast","Dark Chocolate Bar, 60%-69% Cacao","10.00 g","Sweets"
2024-09-12,"Breakfast","Bananas, Raw","1.00 medium - 7"" to 7 7/8"" long","Fruits and Fruit Juices"
2024-09-12,"Breakfast","Cocoa Powder, Unsweetened","3.00 tbsp","Nut and Seed Products"
2024-09-12,"Breakfast","Milk, 2% Fat, Reduced Fat","0.80 cup","Dairy and Egg Products"
2024-09-12,"Breakfast","Rolled Oats, dry","50.00 g","Breakfast Cereals"
2024-09-12,"Breakfast","Chia Seeds","5.00 g","Nut and Seed Products"
2024-09-12,"Lunch","Sweet Potato, Baked","250.00 g","Vegetables and Vegetable Products"
2024-09-12,"Lunch","Textured Vegetable Protein, TVP, Dry, Not Fortified","70.00 g","Vegetables and Vegetable Products"
2024-09-12,"Lunch","Tomato Sauce","100.00 g","Vegetables and Vegetable Products"
2024-09-12,"Dinner","Sweet Potato, Baked","350.00 g","Vegetables and Vegetable Products"
2024-09-12,"Dinner","Textured Vegetable Protein, TVP, Dry, Not Fortified","60.00 g","Vegetables and Vegetable Products"
2024-09-12,"Dinner","Corn, Yellow, Canned, Drained","0.80 cup, whole pieces","Vegetables and Vegetable Products"
2024-09-12,"Dinner","Onion, White, Yellow or Red, Raw","1.00 medium - 2 1/2"" diameter","Vegetables and Vegetable Products"
2024-09-12,"Dinner","Red Bell Peppers, Raw","1.00 medium - 2 1/2"" diameter x 2 3/4""","Vegetables and Vegetable Products"
2024-09-12,"Snacks","Apple, Fresh, With Skin","200.00 g","Fruits and Fruit Juices"
2024-09-12,"Snacks","Greek Yogurt, Plain, Nonfat","150.00 g","Dairy and Egg Products"
2024-09-12,"Snacks","Whey Protein Powder, 24 Grams of Protein per Scoop","0.50 scoop","Supplements"
2024-09-13,"Breakfast","Peanut butter, powder","10.00 g","Fats and Oils"
2024-09-13,"Breakfast","Dark Chocolate Bar, 60%-69% Cacao","10.00 g","Sweets"
2024-09-13,"Breakfast","Bananas, Raw","1.00 medium - 7"" to 7 7/8"" long","Fruits and Fruit Juices"
2024-09-13,"Breakfast","Cocoa Powder, Unsweetened","3.00 tbsp","Nut and Seed Products"
2024-09-13,"Breakfast","Milk, 2% Fat, Reduced Fat","0.80 cup","Dairy and Egg Products"
2024-09-13,"Breakfast","Rolled Oats, dry","50.00 g","Breakfast Cereals"
2024-09-13,"Breakfast","Chia Seeds","5.00 g","Nut and Seed Products"
2024-09-13,"Lunch","Bread, Whole Wheat, Commercially Prepared","130.00 g","Baked Products"
2024-09-13,"Lunch","Ah, Cherry Tomatoes","250.00 g","Fruits and Fruit Juices"
2024-09-13,"Lunch","Conad, Fiocchi di Latte, 3% di Grassi","1.00 Serving","Dairy and Egg Products"
2024-09-13,"Snacks","Apple, Fresh, With Skin","150.00 g","Fruits and Fruit Juices"
2024-09-13,"Snacks","Oranges, Raw","2.00 medium - 2 5/8"" diameter","Fruits and Fruit Juices"
2024-09-13,"Snacks","Greek Yogurt, Plain, Nonfat","150.00 g","Dairy and Egg Products"
2024-09-14,"'-","Bananas, Raw","1.00 medium - 7"" to 7 7/8"" long","Fruits and Fruit Juices"
2024-09-14,"Breakfast","Dark Chocolate Bar, 60%-69% Cacao","10.00 g","Sweets"
2024-09-14,"Breakfast","Peanut butter, powder","10.00 g","Fats and Oils"
2024-09-14,"Breakfast","Bananas, Raw","1.00 medium - 7"" to 7 7/8"" long","Fruits and Fruit Juices"
2024-09-14,"Breakfast","Cocoa Powder, Unsweetened","3.00 tbsp","Nut and Seed Products"
2024-09-14,"Breakfast","Milk, 2% Fat, Reduced Fat","0.80 cup","Dairy and Egg Products"
2024-09-14,"Breakfast","Rolled Oats, dry","50.00 g","Breakfast Cereals"
2024-09-14,"Breakfast","Chia Seeds","5.00 g","Nut and Seed Products"
2024-09-14,"Snacks","Bananas, Raw","1.00 medium - 7"" to 7 7/8"" long","Fruits and Fruit Juices"
2024-09-14,"Snacks","Greek Yogurt, Plain, Nonfat","150.00 g","Dairy and Egg Products"
2024-09-14,"Snacks","Whey Protein Powder, 24 Grams of Protein per Scoop","0.50 scoop","Supplements"
2024-09-14,"Snacks","Apple, Fresh, With Skin","150.00 g","Fruits and Fruit Juices"
2024-09-14,"Snacks","Strawberries, Raw","1.00 cup, halves","Fruits and Fruit Juices"
2024-09-14,"Snacks","Cocoa Powder, Unsweetened","1.00 tbsp","Nut and Seed Products"
2024-09-15,"Dinner","Ceci Naturali, Chickpeas","1.50 portion (1/2 cup)","Legumes and Legume Products"
2024-09-15,"Dinner","Potato, Boiled with Skin","175.00 g","Vegetables and Vegetable Products"
2024-09-15,"Dinner","Milk, Whole","80.00 g","Dairy and Egg Products"
2024-09-15,"Dinner","Onion, White, Yellow or Red, Raw","0.50 medium - 2 1/2"" diameter","Vegetables and Vegetable Products"
2024-09-15,"Dinner","Arugula, Raw","50.00 g","Vegetables and Vegetable Products"
2024-09-15,"Dinner","Peppers, Sweet Yellow, Raw","0.75 large - 3"" diameter x 3 3/4""","Vegetables and Vegetable Products"
2024-09-15,"Dinner","Curry Powder","10.00 g","Spices and Herbs"
2024-09-15,"Dinner","Tomato Sauce","150.00 g","Vegetables and Vegetable Products"
2024-09-15,"Dinner","Veganz, Soy Strips","0.50 serving","Legumes and Legume Products"
2024-09-16,"Dinner","Mixed Vegetables, Broccoli, Cauliflower and Carrots","2.00 cup, cut pieces","Vegetables and Vegetable Products"
2024-09-16,"Dinner","Soy Sauce","1.00 tbsp","Soups, Sauces, and Gravies"
2024-09-16,"Dinner","Potato, Boiled with Skin","1.00 medium - 2 1/4"" to 3 1/4"" diameter","Vegetables and Vegetable Products"
2024-09-16,"Dinner","Scarpone's, Polenta","1.80 x 2.0 1/2 slices","Meals, Entrees, and Sidedishes"
2024-09-16,"Dinner","Chicken Breast, Skinless, Cooked","150.00 g","Poultry Products"
2024-09-16,"Dinner","Eggs, Cooked","50.00 g","Dairy and Egg Products"
2024-09-16,"Dinner","Spaghetti Noodles, White, Cooked in Unsalted Water","0.35 cup","Cereal Grains and Pasta"
2024-09-19,"Breakfast","Porridge Banana Cioccolato Peanut","1.00 full recipe",""
2024-09-19,"Lunch","Pane e caprese fiocchi di latte","1.00 full recipe",""
2024-09-19,"Dinner","Textured Vegetable Protein, TVP, Dry, Not Fortified","75.00 g","Vegetables and Vegetable Products"
2024-09-19,"Dinner","Corn, Yellow, Canned, Drained","0.80 cup, whole pieces","Vegetables and Vegetable Products"
2024-09-19,"Dinner","Onion, White, Yellow or Red, Raw","1.00 medium - 2 1/2"" diameter","Vegetables and Vegetable Products"
2024-09-19,"Dinner","Red Bell Peppers, Raw","1.00 medium - 2 1/2"" diameter x 2 3/4""","Vegetables and Vegetable Products"
2024-09-19,"Dinner","Scarpone's, Polenta","2.50 x 2.0 1/2 slices","Meals, Entrees, and Sidedishes"
2024-09-19,"Dinner","Black Beans, Canned, Drained","0.75 cup, whole pieces","Legumes and Legume Products"
2024-09-19,"Snacks","Bananas, Raw","1.00 medium - 7"" to 7 7/8"" long","Fruits and Fruit Juices"
2024-09-19,"Snacks","Greek Yogurt, Plain, Nonfat","300.00 g","Dairy and Egg Products"
2024-09-19,"Snacks","Bran Flakes (Store Brand (e.g. Great Value))","2.00 cup, whole pieces","Breakfast Cereals"
2024-09-19,"Snacks","Apple, Fresh, With Skin","300.00 g","Fruits and Fruit Juices"
2024-09-20,"Breakfast","Cocoa Powder, Unsweetened","2.00 tbsp","Nut and Seed Products"
2024-09-20,"Breakfast","Peanut butter, powder","10.00 g","Fats and Oils"
2024-09-20,"Breakfast","Dark Chocolate Bar, 60%-69% Cacao","10.00 g","Sweets"
2024-09-20,"Breakfast","Bananas, Raw","1.00 large - 8"" to 8 7/8"" long","Fruits and Fruit Juices"
2024-09-20,"Breakfast","Milk, 2% Fat, Reduced Fat","0.80 cup","Dairy and Egg Products"
2024-09-20,"Breakfast","Rolled Oats, dry","60.00 g","Breakfast Cereals"
2024-09-20,"Lunch","Pane e caprese fiocchi di latte","1.00 full recipe",""
2024-09-20,"Dinner","Spelt, Cooked","125.00 g","Cereal Grains and Pasta"
2024-09-20,"Dinner","Lentils, Boiled","150.00 g","Legumes and Legume Products"
2024-09-20,"Dinner","Eggs, Cooked","50.00 g","Dairy and Egg Products"
2024-09-20,"Dinner","Egg Whites Only, Cooked","100.00 g","Dairy and Egg Products"
2024-09-20,"Dinner","Grana Padano, Mantova Grated Cheese","25.00 g","Dairy and Egg Products"
2024-09-20,"Dinner","Tomato, Red, Raw","200.00 g","Vegetables and Vegetable Products"
2024-09-20,"Snacks","Apple, Fresh, With Skin","130.00 g","Fruits and Fruit Juices"
2024-09-20,"Snacks","Oranges, Raw","1.00 medium - 2 5/8"" diameter","Fruits and Fruit Juices"
2024-09-20,"Bike","Bio Pane, di Segale Integrale","140.00 g","Baked Products"
2024-09-20,"Bike","Honey","20.00 g","Sweets"
2024-09-20,"Bike","Milk, 2% Fat, Reduced Fat","2.00 cup","Dairy and Egg Products"
2024-09-22,"Snacks","Greek Yogurt, Plain, Nonfat","170.00 g","Dairy and Egg Products"
2024-09-22,"Snacks","Carrefour Bio, Spelt Cakes","1.00 Piece","Snacks"
2024-09-22,"Snacks","Bran Flakes (Store Brand (e.g. Great Value))","1.00 cup, whole pieces","Breakfast Cereals"
2024-09-22,"Snacks","Chia Seeds","5.00 g","Nut and Seed Products"
2024-09-22,"Snacks","Jam or Preserves, Sugar Free with Sucralose","1.20 tbsp","Sweets"
2024-09-23,"'-","Cocoa Powder, Unsweetened","2.00 tbsp","Nut and Seed Products"
2024-09-23,"'-","Peanut butter, powder","20.00 g","Fats and Oils"
2024-09-23,"'-","Dark Chocolate Bar, 60%-69% Cacao","10.00 g","Sweets"
2024-09-23,"'-","Bananas, Raw","1.00 large - 8"" to 8 7/8"" long","Fruits and Fruit Juices"
2024-09-23,"'-","Milk, 2% Fat, Reduced Fat","0.80 cup","Dairy and Egg Products"
2024-09-23,"'-","Rolled Oats, dry","53.00 g","Breakfast Cereals"
2024-09-23,"'-","Chia Seeds","5.00 g","Nut and Seed Products"
2024-09-23,"'-","Sunflower Seeds, Raw","0.60 tbsp, whole pieces","Nut and Seed Products"
2024-09-23,"Lunch","Broccoli, Raw","75.00 g","Vegetables and Vegetable Products"
2024-09-23,"Lunch","Potato, Boiled with Skin","1.50 medium - 2 1/4"" to 3 1/4"" diameter","Vegetables and Vegetable Products"
2024-09-23,"Lunch","Carrots, Cooked From Fresh","180.00 g","Vegetables and Vegetable Products"
2024-09-23,"Lunch","Turkey Breast, Skin Removed Before Cooking","145.00 g","Poultry Products"
2024-09-23,"Lunch","Egg Whites Only, Cooked","100.00 g","Dairy and Egg Products"
2024-09-23,"Lunch","Soy Sauce","1.00 tbsp","Soups, Sauces, and Gravies"
2024-09-28,"Lunch","Ceci Naturali, Chickpeas","1.00 portion (1/2 cup)","Legumes and Legume Products"
2024-09-28,"Lunch","Milk, Whole","70.00 g","Dairy and Egg Products"
2024-09-28,"Lunch","Onion, White, Yellow or Red, Raw","0.50 medium - 2 1/2"" diameter","Vegetables and Vegetable Products"
2024-09-28,"Lunch","Peppers, Sweet Yellow, Raw","0.75 large - 3"" diameter x 3 3/4""","Vegetables and Vegetable Products"
2024-09-28,"Lunch","Curry Powder","10.00 g","Spices and Herbs"
2024-09-28,"Lunch","Tomato Sauce","150.00 g","Vegetables and Vegetable Products"
2024-09-28,"Lunch","Sweet Potato, Baked","250.00 g","Vegetables and Vegetable Products"
2024-09-28,"Lunch","Spinach, Raw","150.00 g","Vegetables and Vegetable Products"
2024-09-28,"Lunch","Textured Vegetable Protein, TVP, Dry, Not Fortified","45.00 g","Vegetables and Vegetable Products"
2024-09-30,"Lunch","Spelt, Cooked","140.00 g","Cereal Grains and Pasta"
2024-09-30,"Lunch","Corn, Yellow, Canned, Drained","70.00 g","Vegetables and Vegetable Products"
2024-09-30,"Lunch","Green Peas, Cooked from Frozen","50.00 g","Vegetables and Vegetable Products"
2024-10-01,"Lunch","Lenticchie e melanzane alla pizzaiola","0.40 full recipe",""
2024-10-05,"Breakfast","Porridge Banana Cioccolato Peanut","1.00 full recipe",""
2024-10-05,"Lunch","Carrefour, Mexican Beans","2.00 portion","Legumes and Legume Products"
2024-10-05,"Lunch","Carrots, Cooked From Fresh","3.00 medium - 6"" to 7"" long","Vegetables and Vegetable Products"
2024-10-05,"Lunch","Sweet Potato, Baked","1.00 medium - 2"" diameter x 5""","Vegetables and Vegetable Products"
2024-10-05,"Lunch","Onion, White, Yellow or Red, Raw","1.00 medium - 2 1/2"" diameter","Vegetables and Vegetable Products"
2024-10-06,"Breakfast","Spelt, Cooked","280.00 g","Cereal Grains and Pasta"
2024-10-06,"Breakfast","Eggs, Cooked","75.00 g","Dairy and Egg Products"
2024-10-06,"Breakfast","Corn, Yellow, Canned, Drained","120.00 g","Vegetables and Vegetable Products"
2024-10-06,"Breakfast","Green Peas, Cooked from Frozen","80.00 g","Vegetables and Vegetable Products"
2024-10-09,"Breakfast","Eggs, Cooked","100.00 g","Dairy and Egg Products"
2024-10-09,"Breakfast","Coop, Gli Spesotti, Lentils","2.40 serving (drained)","Legumes and Legume Products"
2024-10-09,"Breakfast","Corn, Yellow, Canned, Drained","200.00 g","Vegetables and Vegetable Products"
2024-10-09,"Breakfast","Green Peas, Cooked from Frozen","140.00 g","Vegetables and Vegetable Products"
2024-10-10,"Breakfast","Probios, Bran Sticks","25.00 g","Breakfast Cereals"
2024-10-10,"Breakfast","Greek Yogurt, Plain, Nonfat","170.00 g","Dairy and Egg Products"
2024-10-10,"Breakfast","Whey Protein Powder, 24 Grams of Protein per Scoop","0.50 scoop","Supplements"
2024-10-10,"Breakfast","Chia Seeds","5.00 g","Nut and Seed Products"
2024-10-10,"Breakfast","Cocoa Powder, Unsweetened","2.00 tbsp","Nut and Seed Products"
2024-10-10,"Lunch","Oatmeal, Regular or Quick, Dry","25.00 g","Breakfast Cereals"
2024-10-10,"Lunch","Eggs, Cooked","15.00 g","Dairy and Egg Products"
2024-10-10,"Lunch","Whey Protein Powder, 24 Grams of Protein per Scoop","0.50 scoop","Supplements"
2024-10-10,"Lunch","Greek Yogurt, Plain, Nonfat","25.00 g","Dairy and Egg Products"
2024-10-10,"Lunch","Cocoa Powder, Unsweetened","0.75 tbsp","Nut and Seed Products"
2024-10-10,"Lunch","Cinnamon, Ground","0.25 tsp","Spices and Herbs"
2024-10-10,"Lunch","Milk, Whole","25.00 g","Dairy and Egg Products"
2024-10-10,"Lunch","Honey","5.00 g","Sweets"
2024-10-10,"Lunch","Carrots, Raw","0.33 cup","Vegetables and Vegetable Products"
2024-10-11,"Breakfast","Avocado, Black Skin","1.50 each","Fruits and Fruit Juices"
2024-10-11,"Breakfast","Eggs, Cooked","2.00 large","Dairy and Egg Products"
2024-10-11,"Breakfast","Taho Cereal, Whole Wheat Bread, 5 Cereals and Seeds","1.40 x 100.0 grams","Baked Products"
2024-10-11,"Breakfast","Chickpeas, Boiled without Salt","150.00 g","Legumes and Legume Products"
2024-10-11,"Dinner","Corn, Yellow, Canned, Drained","280.00 g","Vegetables and Vegetable Products"
2024-10-11,"Dinner","Scarpone's, Polenta","1.70 x 2.0 1/2 slices","Meals, Entrees, and Sidedishes"
2024-10-11,"Dinner","Clementines, Raw","2.00 each","Fruits and Fruit Juices"
2024-10-11,"Dinner","Textured Vegetable Protein, TVP, Dry, Not Fortified","75.00 g","Vegetables and Vegetable Products"
2024-10-14,"'-","Valfrutta, Kahuna Na Pari, Mediteranska Salata","1.00 can 140g","Vegetables and Vegetable Products"
2024-10-14,"'-","Bonduelle, Steamed Lentils","2.00 Serving","Legumes and Legume Products"
2024-10-14,"'-","Spelt, Cooked","140.00 g","Cereal Grains and Pasta"
2024-10-17,"Breakfast","Porridge Banana Cioccolato Peanut","1.00 full recipe",""
2024-10-17,"Breakfast","Pane e caprese fiocchi di latte","1.00 full recipe",""
2024-10-17,"Breakfast","Corn, Yellow, Canned, Drained","150.00 g","Vegetables and Vegetable Products"
2024-10-17,"Breakfast","Eggs, Cooked","100.00 g","Dairy and Egg Products"
2024-10-17,"Breakfast","Greek Yogurt, Plain, Nonfat","350.00 g","Dairy and Egg Products"
2024-10-17,"Breakfast","Meat Ravioli, with Tomato Sauce","250.00 g","Meals, Entrees, and Sidedishes"
2024-10-17,"Breakfast","Oranges, Raw","2.00 medium - 2 5/8"" diameter","Fruits and Fruit Juices"
2024-10-17,"Breakfast","Apple, Fresh, With Skin","130.00 g","Fruits and Fruit Juices"
2024-10-17,"Breakfast","Textured Vegetable Protein, TVP, Dry, Not Fortified","25.00 g","Vegetables and Vegetable Products"
2024-10-17,"Breakfast","Honey","45.00 g","Sweets"
2024-10-18,"Dinner","Carrots, Cooked From Fresh","3.00 medium - 6"" to 7"" long","Vegetables and Vegetable Products"
2024-10-18,"Dinner","Ceci Naturali, Chickpeas","2.20 portion (1/2 cup)","Legumes and Legume Products"
2024-10-18,"Dinner","Bragg, Nutritional Yeast, Cheesy","5.00 tbsp","Spices and Herbs"
2024-10-18,"Dinner","Bread Crumbs, Plain","25.00 g","Baked Products"
2024-10-18,"Dinner","Potato, Boiled with Skin","1.00 medium - 2 1/4"" to 3 1/4"" diameter","Vegetables and Vegetable Products"
2024-10-18,"Dinner","Milk, Whole","50.00 g","Dairy and Egg Products"
2024-10-18,"Dinner","Onion, White, Yellow or Red, Raw","0.50 medium - 2 1/2"" diameter","Vegetables and Vegetable Products"
2024-10-28,"Breakfast","Mixed Vegetables, Peas and Corn","140.00 g","Vegetables and Vegetable Products"
2024-10-28,"Breakfast","Corn, Yellow, Canned, Drained","140.00 g","Vegetables and Vegetable Products"
2024-10-28,"Breakfast","Bragg, Nutritional Yeast, Cheesy","2.00 tbsp","Spices and Herbs"
2024-10-28,"Lunch","Probios, Bran Sticks","25.00 g","Breakfast Cereals"
2024-10-28,"Lunch","Greek Yogurt, Plain, Nonfat","100.00 g","Dairy and Egg Products"
2024-10-28,"Lunch","Whey Protein Powder, 24 Grams of Protein per Scoop","0.50 scoop","Supplements"
2024-10-28,"Lunch","Cocoa Powder, Unsweetened","2.00 tbsp","Nut and Seed Products"
2024-10-29,"Dinner","Sweet Potato, Baked","1.00 medium - 2"" diameter x 5""","Vegetables and Vegetable Products"
2024-10-29,"Dinner","Chickpeas, Boiled without Salt","240.00 g","Legumes and Legume Products"
2024-10-29,"Dinner","Textured Vegetable Protein, TVP, Dry, Not Fortified","35.00 g","Vegetables and Vegetable Products"
2024-10-29,"Dinner","Tomato, Red, Raw","100.00 g","Vegetables and Vegetable Products"
2024-10-29,"Dinner","Onion, White, Yellow or Red, Raw","0.50 medium - 2 1/2"" diameter","Vegetables and Vegetable Products"
2024-10-29,"Dinner","Milk, Whole","50.00 g","Dairy and Egg Products"
2024-10-30,"Breakfast","Cocoa Powder, Unsweetened","2.00 tbsp","Nut and Seed Products"
2024-10-30,"Breakfast","Peanut butter, powder","20.00 g","Fats and Oils"
2024-10-30,"Breakfast","Dark Chocolate Bar, 60%-69% Cacao","10.00 g","Sweets"
2024-10-30,"Breakfast","Bananas, Raw","2.00 large - 8"" to 8 7/8"" long","Fruits and Fruit Juices"
2024-10-30,"Breakfast","Milk, 2% Fat, Reduced Fat","0.60 cup","Dairy and Egg Products"
2024-10-30,"Breakfast","Rolled Oats, dry","55.00 g","Breakfast Cereals"
2024-10-30,"Lunch","Spelt, Cooked","230.00 g","Cereal Grains and Pasta"
2024-10-30,"Lunch","Bragg, Nutritional Yeast, Cheesy","4.00 tbsp","Spices and Herbs"
2024-10-30,"Lunch","Grana Padano, Mantova Grated Cheese","10.00 g","Dairy and Egg Products"
2024-10-30,"Lunch","Lentil Soup, Homemade","2.00 cup","Soups, Sauces, and Gravies"
2024-10-30,"Dinner","Ceci Naturali, Chickpeas","1.50 portion (1/2 cup)","Legumes and Legume Products"
2024-10-30,"Dinner","Potato, Boiled with Skin","175.00 g","Vegetables and Vegetable Products"
2024-10-30,"Dinner","Milk, Whole","50.00 g","Dairy and Egg Products"
2024-10-30,"Dinner","Onion, White, Yellow or Red, Raw","0.50 medium - 2 1/2"" diameter","Vegetables and Vegetable Products"
2024-10-30,"Dinner","Curry Powder","10.00 g","Spices and Herbs"
2024-10-30,"Dinner","Tomato Sauce","150.00 g","Vegetables and Vegetable Products"
2024-10-30,"Dinner","Veganz, Soy Strips","0.50 serving","Legumes and Legume Products"
2024-10-30,"Snacks","Oranges, Raw","1.50 large - 3 1/16"" diameter","Fruits and Fruit Juices"
2024-10-31,"Lunch","Probios, Bran Sticks","25.00 g","Breakfast Cereals"
2024-10-31,"Lunch","Whey Protein Powder, 24 Grams of Protein per Scoop","18.00 g","Supplements"
2024-10-31,"Lunch","Cocoa Powder, Unsweetened","12.00 g","Nut and Seed Products"
2024-10-31,"Dinner","Spelt, uncooked","100.00 g","Cereal Grains and Pasta"
2024-11-01,"Breakfast","Cocoa Powder, Unsweetened","2.00 tbsp","Nut and Seed Products"
2024-11-01,"Breakfast","Peanut butter, powder","10.00 g","Fats and Oils"
2024-11-01,"Breakfast","Dark Chocolate Bar, 60%-69% Cacao","10.00 g","Sweets"
2024-11-01,"Breakfast","Bananas, Raw","1.00 large - 8"" to 8 7/8"" long","Fruits and Fruit Juices"
2024-11-01,"Breakfast","Milk, 2% Fat, Reduced Fat","0.80 cup","Dairy and Egg Products"
2024-11-01,"Breakfast","Rolled Oats, dry","60.00 g","Breakfast Cereals"
2024-11-03,"Dinner","Cocoa Powder, Unsweetened","2.00 tbsp","Nut and Seed Products"
2024-11-03,"Dinner","Peanut butter, powder","10.00 g","Fats and Oils"
2024-11-03,"Dinner","Dark Chocolate Bar, 60%-69% Cacao","10.00 g","Sweets"
2024-11-03,"Dinner","Bananas, Raw","1.00 large - 8"" to 8 7/8"" long","Fruits and Fruit Juices"
2024-11-03,"Dinner","Milk, 2% Fat, Reduced Fat","0.60 cup","Dairy and Egg Products"
2024-11-03,"Dinner","Rolled Oats, dry","40.00 g","Breakfast Cereals"
2024-11-05,"Dinner","Avocado, Black Skin","1.00 each","Fruits and Fruit Juices"
2024-11-05,"Dinner","Eggs, Cooked","3.00 large","Dairy and Egg Products"
2024-11-05,"Dinner","Taho Cereal, Whole Wheat Bread, 5 Cereals and Seeds","1.40 x 100.0 grams","Baked Products"
2024-11-05,"Dinner","Bragg, Nutritional Yeast, Cheesy","3.00 tbsp","Spices and Herbs"
2024-11-05,"Dinner","Corn, Yellow, Canned, Drained","140.00 g","Vegetables and Vegetable Products"
2024-11-07,"Dinner","Lentils, Boiled","240.00 g","Legumes and Legume Products"
2024-11-07,"Dinner","Pepper, Sweet, Red, Raw","1.00 medium - 2 1/2"" diameter x 2 3/4""","Vegetables and Vegetable Products"
2024-11-07,"Dinner","Sweet Potato, Baked","1.00 medium - 2"" diameter x 5""","Vegetables and Vegetable Products"
2024-11-07,"Dinner","Greek Yogurt, Plain, Nonfat","100.00 g","Dairy and Egg Products"
2024-11-09,"Lunch","Turkey Breast, Skin Removed Before Cooking","300.00 g","Poultry Products"
2024-11-09,"Lunch","Potato, Boiled with Skin","4.00 medium - 2 1/4"" to 3 1/4"" diameter","Vegetables and Vegetable Products"
2024-11-09,"Lunch","Peppers, Sweet Yellow, Raw","1.00 large - 3"" diameter x 3 3/4""","Vegetables and Vegetable Products"
2024-11-09,"Lunch","Milk, Whole","125.00 g","Dairy and Egg Products"
2024-11-09,"Lunch","Curry Powder","15.00 g","Spices and Herbs"
2024-11-09,"Lunch","Textured Vegetable Protein, TVP, Dry, Not Fortified","25.00 g","Vegetables and Vegetable Products"
2024-11-21,"'-","Clementines, Raw","2.00 each","Fruits and Fruit Juices"
2024-11-23,"Lunch","Tofu, Not Silken, Cooked, Firm","0.75 block - 7"" x 1 9/16"" x 1 5/8""","Legumes and Legume Products"
2024-11-23,"Lunch","Whole Wheat Bread, Store Bought","60.00 g","Baked Products"
2024-11-23,"Lunch","Tomato, Red, Raw","40.00 g","Vegetables and Vegetable Products"
2024-11-23,"Lunch","Bragg, Nutritional Yeast, Cheesy","2.00 tbsp","Spices and Herbs"
2024-11-23,"Lunch","Arborea, A+ Pro, Long Life UHT Skimmed Milk, Lactose Free","60.00 ml","Dairy and Egg Products"
2024-11-29,"Lunch","Sweet Potato, Baked","300.00 g","Vegetables and Vegetable Products"
2024-11-29,"Lunch","Textured Vegetable Protein, TVP, Dry, Not Fortified","75.00 g","Vegetables and Vegetable Products"
2024-11-29,"Lunch","Corn, Yellow, Canned, Drained","140.00 g","Vegetables and Vegetable Products"
2024-12-02,"Lunch","Spelt, Cooked","300.00 g","Cereal Grains and Pasta"
2024-12-02,"Lunch","Eggs, Cooked","4.00 medium","Dairy and Egg Products"
2024-12-02,"Lunch","Lentils, Boiled","240.00 g","Legumes and Legume Products"
2024-12-02,"Lunch","Bragg, Nutritional Yeast, Cheesy","4.00 tbsp","Spices and Herbs"
2024-12-07,"Lunch","Ragu, Wheat Pasta, Fusilli","0.35 serving","Cereal Grains and Pasta"
2024-12-07,"Lunch","Peppers, Sweet Yellow, Raw","1.00 large - 3"" diameter x 3 3/4""","Vegetables and Vegetable Products"
2024-12-07,"Lunch","Sweet Potato, Baked","300.00 g","Vegetables and Vegetable Products"
2024-12-07,"Lunch","Black Beans, Canned, Drained","1.50 cup, whole pieces","Legumes and Legume Products"
2024-12-09,"Breakfast","Tea, Green, Matcha, Dry","10.00 g","Beverages"
2024-12-12,"Lunch","Avocado, Black Skin","1.00 each","Fruits and Fruit Juices"
2024-12-12,"Lunch","Tofu, Not Silken, Cooked, Firm","0.80 block - 7"" x 1 9/16"" x 1 5/8""","Legumes and Legume Products"
2024-12-12,"Lunch","Green Peas, Raw","1.70 cup, whole pieces","Vegetables and Vegetable Products"
2024-12-12,"Lunch","Bread, Whole Wheat, Commercially Prepared","85.00 g","Baked Products"
2024-12-12,"Lunch","Oranges, Raw","1.00 large - 3 1/16"" diameter","Fruits and Fruit Juices"
2024-12-12,"Lunch","Hemp Seeds, Hulled","1.50 tsp, whole pieces","Fats and Oils"
2024-12-12,"Dinner","Corn, Yellow, Canned, Drained","1.00 cup, whole pieces","Vegetables and Vegetable Products"
2024-12-14,"Dinner","Mango, Fresh","0.80 each","Fruits and Fruit Juices"
2024-12-14,"Dinner","Avocado, Black Skin","1.00 each","Fruits and Fruit Juices"
2024-12-14,"Dinner","Eggs, Cooked","3.00 medium","Dairy and Egg Products"
2024-12-14,"Dinner","Bread, Whole Wheat, Commercially Prepared","125.00 g","Baked Products"
2024-12-15,"'-","Porridge Banana Cioccolato Peanut","2.00 full recipe",""
2024-12-15,"'-","Clementines, Raw","2.30 each","Fruits and Fruit Juices"
2024-12-15,"'-","Oranges, Raw","1.00 large - 3 1/16"" diameter","Fruits and Fruit Juices"
2024-12-15,"Lunch","Spaghetti, with Carbonara Sauce","10.00 oz","Cereal Grains and Pasta"
2024-12-15,"Lunch","Avocado toast 3 uova","1.00 full recipe",""
2024-12-22,"Breakfast","Porridge Banana Cioccolato Peanut","1.00 full recipe",""
2024-12-22,"Lunch","Carrots, Cooked From Fresh","2.00 medium - 6"" to 7"" long","Vegetables and Vegetable Products"
2024-12-30,"Lunch","Tacchino, Turkey Breast, Sliced","1.70 Serving","Poultry Products"
2024-12-30,"Lunch","Scarpone's, Polenta","1.00 x 2.0 1/2 slices","Meals, Entrees, and Sidedishes"
2024-12-30,"Lunch","Carrots, Cooked From Fresh","2.00 medium - 6"" to 7"" long","Vegetables and Vegetable Products"
2024-12-30,"Lunch","Black Beans, Canned, Drained","0.60 cup, whole pieces","Legumes and Legume Products"
2024-12-30,"Dinner","Soy Chips","1.00 cup, crushed","Snacks"
2024-12-30,"Dinner","Black Beans, Canned, Drained","1.00 cup, whole pieces","Legumes and Legume Products"
2024-12-30,"Dinner","Corn, Yellow, Canned, Drained","1.00 cup, whole pieces","Vegetables and Vegetable Products"
2024-12-30,"Dinner","Tomato Sauce","150.00 g","Vegetables and Vegetable Products"
2024-12-30,"Dinner","Onion, White, Yellow or Red, Raw","0.50 medium - 2 1/2"" diameter","Vegetables and Vegetable Products"
2024-12-30,"Dinner","Peppers, Sweet Yellow, Raw","1.00 large - 3"" diameter x 3 3/4""","Vegetables and Vegetable Products"
2024-12-30,"Snacks","Peanut butter, powder","14.00 g","Fats and Oils"
2024-12-30,"Snacks","Cocoa Powder, Unsweetened","1.50 tbsp","Nut and Seed Products"
2024-12-30,"Snacks","Bananas, Raw","1.00 medium - 7"" to 7 7/8"" long","Fruits and Fruit Juices"
2024-12-30,"Snacks","Strawberries, Raw","0.80 cup, halves","Fruits and Fruit Juices"
2024-12-31,"'-","Oranges, Raw","2.00 large - 3 1/16"" diameter","Fruits and Fruit Juices"
2024-12-31,"'-","Clementines, Raw","2.30 each","Fruits and Fruit Juices"
2024-12-31,"'-","Apple, Fresh, With Skin","100.00 g","Fruits and Fruit Juices"
2024-12-31,"'-","Strawberries, Raw","0.80 cup, halves","Fruits and Fruit Juices"
2024-12-31,"'-","Blueberry, Raw","50.00 g","Fruits and Fruit Juices"
2024-12-31,"Breakfast","Porridge Banana Cioccolato Peanut","1.00 full recipe",""
2024-12-31,"Lunch","Soy Chips","0.70 cup, crushed","Snacks"
2024-12-31,"Lunch","Black Beans, Canned, Drained","0.50 cup, whole pieces","Legumes and Legume Products"
2024-12-31,"Lunch","Corn, Yellow, Canned, Drained","0.50 cup, whole pieces","Vegetables and Vegetable Products"
2024-12-31,"Lunch","Tomato Sauce","150.00 g","Vegetables and Vegetable Products"
2024-12-31,"Lunch","Carrots, Cooked From Fresh","2.00 medium - 6"" to 7"" long","Vegetables and Vegetable Products"
2024-12-31,"Dinner","Bio Pane, di Segale Integrale","85.00 g","Baked Products"
2024-12-31,"Dinner","Smucker's, Strawberry Jam","2.00 tbsp","Fruits and Fruit Juices"
2024-12-31,"Snacks","Peanut butter, powder","14.00 g","Fats and Oils"
2024-12-31,"Snacks","Cocoa Powder, Unsweetened","1.50 tbsp","Nut and Seed Products"
2024-12-31,"Snacks","Bananas, Raw","1.00 medium - 7"" to 7 7/8"" long","Fruits and Fruit Juices"
2024-12-31,"Snacks","Strawberries, Raw","0.80 cup, halves","Fruits and Fruit Juices"
2025-01-01,"'-","Brioche Bread","45.00 g","Baked Products"
2025-01-01,"'-","Clementines, Raw","2.30 each","Fruits and Fruit Juices"
2025-01-01,"Breakfast","Porridge Banana Cioccolato Peanut","1.00 full recipe",""
2025-01-01,"Lunch","Spelt, Cooked","300.00 g","Cereal Grains and Pasta"
2025-01-01,"Lunch","Tomato Sauce","150.00 g","Vegetables and Vegetable Products"
2025-01-01,"Lunch","Grana Padano, Mantova Grated Cheese","35.00 g","Dairy and Egg Products"
2025-01-01,"Lunch","Scarpone's, Polenta","2.00 x 2.0 1/2 slices","Meals, Entrees, and Sidedishes"
2025-01-01,"Lunch","Bananas, Raw","1.00 medium - 7"" to 7 7/8"" long","Fruits and Fruit Juices"
2025-01-01,"Lunch","Milk, 2% Fat, Reduced Fat","1.00 cup","Dairy and Egg Products"
2025-01-01,"Lunch","Eggs, Cooked","3.00 medium","Dairy and Egg Products"
2025-01-01,"Lunch","Lentils, Boiled","100.00 g","Legumes and Legume Products"
2025-01-01,"Lunch","Onion, White, Yellow or Red, Raw","0.50 medium - 2 1/2"" diameter","Vegetables and Vegetable Products"
2025-01-01,"Lunch","Peppers, Sweet Yellow, Raw","0.50 large - 3"" diameter x 3 3/4""","Vegetables and Vegetable Products"
2025-01-01,"Lunch","Basil, Fresh","10.00 g","Vegetables and Vegetable Products"
2025-01-01,"Dinner","Bio Pane, di Segale Integrale","85.00 g","Baked Products"
2025-01-01,"Dinner","Smucker's, Strawberry Jam","2.00 tbsp","Fruits and Fruit Juices"
2025-01-01,"Snacks","Peanut butter, powder","50.00 g","Fats and Oils"
2025-01-01,"Snacks","Cocoa Powder, Unsweetened","3.00 tbsp","Nut and Seed Products"
2025-01-01,"Snacks","Bananas, Raw","1.00 medium - 7"" to 7 7/8"" long","Fruits and Fruit Juices"
2025-01-01,"Snacks","Strawberries, Raw","0.80 cup, halves","Fruits and Fruit Juices"
2025-01-02,"Dinner","Lentils Dahl Curry","1.00 full recipe",""
2025-01-03,"Breakfast","Porridge Banana Cioccolato Peanut","1.00 full recipe",""
2025-01-03,"Lunch","Tomato Sauce","325.00 g","Vegetables and Vegetable Products"
2025-01-03,"Lunch","Bananas, Raw","1.00 medium - 7"" to 7 7/8"" long","Fruits and Fruit Juices"
2025-01-03,"Lunch","Onion, White, Yellow or Red, Raw","0.50 medium - 2 1/2"" diameter","Vegetables and Vegetable Products"
2025-01-03,"Lunch","Basil, Fresh","10.00 g","Vegetables and Vegetable Products"
2025-01-03,"Lunch","Eden, Organic Cannellini, White Kidney Beans, No Salt Added","450.00 g","Legumes and Legume Products"
2025-01-03,"Lunch","Bragg, Nutritional Yeast, Cheesy","2.50 tbsp","Spices and Herbs"
2025-01-03,"Lunch","Sweet Potato, Baked","250.00 g","Vegetables and Vegetable Products"
2025-01-03,"Lunch","Turkey Breast, Skin Removed Before Cooking","120.00 g","Poultry Products"
2025-01-03,"Lunch","Green Olives","13.00 medium","Vegetables and Vegetable Products"
2025-01-03,"Lunch","Kirkland Signature, Parmigiano Reggiano","20.00 g","Dairy and Egg Products"
2025-01-03,"Dinner","Mission, Pizza Base","1.00 Package","Baked Products"
2025-01-03,"Dinner","Murgella, Burrata","1.50 Serving","Dairy and Egg Products"
2025-01-03,"Dinner","Ghiotti, Prosciutto Crudo","2.50 oz","Sausages and Luncheon Meats"
2025-01-03,"Snacks","Smucker's, Strawberry Jam","4.00 tbsp","Fruits and Fruit Juices"
2025-01-03,"Snacks","Bio Pane, di Segale Integrale","165.00 g","Baked Products"
2025-01-03,"Snacks","Raisins, Uncooked","10.00 g","Fruits and Fruit Juices"
2025-01-03,"Snacks","Milk, Whole","250.00 g","Dairy and Egg Products"
2025-01-03,"Snacks","Apple, Fresh, With Skin","150.00 g","Fruits and Fruit Juices"
2025-01-03,"Snacks","Oranges, Raw","1.00 large - 3 1/16"" diameter","Fruits and Fruit Juices"
2025-01-03,"Bike","Cocoa Powder, Unsweetened","2.00 tbsp","Nut and Seed Products"
2025-01-03,"Bike","Peanut butter, powder","30.00 g","Fats and Oils"
2025-01-03,"Bike","Dark Chocolate Bar, 60%-69% Cacao","10.00 g","Sweets"
2025-01-03,"Bike","Bananas, Raw","1.00 large - 8"" to 8 7/8"" long","Fruits and Fruit Juices"
2025-01-03,"Bike","Milk, 2% Fat, Reduced Fat","0.80 cup","Dairy and Egg Products"
2025-01-03,"Bike","Rolled Oats, dry","60.00 g","Breakfast Cereals"
2025-01-04,"Lunch","Mushrooms, Cooked from Fresh","125.00 g","Vegetables and Vegetable Products"
2025-01-04,"Lunch","Lentils, Boiled","200.00 g","Legumes and Legume Products"
2025-01-04,"Lunch","Tomato Raw, Includes Cherry, Grape, Roma","200.00 g","Vegetables and Vegetable Products"
2025-01-04,"Lunch","Basil, Fresh","10.00 g","Vegetables and Vegetable Products"
2025-01-04,"Lunch","Oregano, Dried","3.00 tsp","Spices and Herbs"
2025-01-04,"Lunch","Rye Bread","1.50 large slice","Baked Products"
2025-01-04,"Lunch","Scarpone's, Polenta","1.00 x 2.0 1/2 slices","Meals, Entrees, and Sidedishes"
2025-01-04,"Lunch","Carrots, Cooked From Fresh","2.00 medium - 6"" to 7"" long","Vegetables and Vegetable Products"
2025-01-04,"Snacks","Strawberries, Raw","0.80 cup, halves","Fruits and Fruit Juices"
2025-01-04,"Snacks","Apple, Fresh, With Skin","75.00 g","Fruits and Fruit Juices"
2025-01-04,"Snacks","Oranges, Raw","2.00 large - 3 1/16"" diameter","Fruits and Fruit Juices"
2025-01-04,"Snacks","Tangerine, Raw","1.00 medium - 2 1/2"" diameter","Fruits and Fruit Juices"
2025-01-04,"Snacks","Greek Yogurt, Plain, Nonfat","200.00 g","Dairy and Egg Products"
2025-01-04,"Bike","Cocoa Powder, Unsweetened","2.00 tbsp","Nut and Seed Products"
2025-01-04,"Bike","Peanut butter, powder","30.00 g","Fats and Oils"
2025-01-04,"Bike","Dark Chocolate Bar, 60%-69% Cacao","10.00 g","Sweets"
2025-01-04,"Bike","Bananas, Raw","1.00 large - 8"" to 8 7/8"" long","Fruits and Fruit Juices"
2025-01-04,"Bike","Milk, 2% Fat, Reduced Fat","2.00 cup","Dairy and Egg Products"
2025-01-04,"Bike","Rolled Oats, dry","60.00 g","Breakfast Cereals"
2025-01-04,"Bike","Whey Protein Powder, 24 Grams of Protein per Scoop","1.00 scoop","Supplements"
2025-01-04,"Bike","Croissant, Chocolate","1.00 small","Baked Products"
2025-01-05,"Dinner","Black Beans, Canned, Drained","1.00 cup, whole pieces","Legumes and Legume Products"
2025-01-05,"Dinner","Corn, Yellow, Canned, Drained","1.00 cup, whole pieces","Vegetables and Vegetable Products"
2025-01-05,"Dinner","Textured Vegetable Protein, TVP, Dry, Not Fortified","60.00 g","Vegetables and Vegetable Products"
2025-01-05,"Dinner","Sweet Potato, Baked","250.00 g","Vegetables and Vegetable Products"
2025-01-05,"Dinner","Tangerine, Raw","1.00 medium - 2 1/2"" diameter","Fruits and Fruit Juices"
2025-01-06,"Dinner","Onion, White, Yellow or Red, Raw","1.00 medium - 2 1/2"" diameter","Vegetables and Vegetable Products"
2025-01-06,"Dinner","Lentils, Boiled","400.00 g","Legumes and Legume Products"
2025-01-06,"Dinner","Sweet Potato, Baked","200.00 g","Vegetables and Vegetable Products"
2025-01-06,"Dinner","Peppers, Sweet Yellow, Raw","0.50 large - 3"" diameter x 3 3/4""","Vegetables and Vegetable Products"
2025-01-06,"Dinner","Milk, Whole","100.00 g","Dairy and Egg Products"
2025-01-06,"Dinner","Garlic, Cooked","1.00 clove","Vegetables and Vegetable Products"
2025-01-06,"Dinner","Curry Powder","8.00 g","Spices and Herbs"
2025-01-06,"Dinner","Tomato Raw, Includes Cherry, Grape, Roma","40.00 g","Vegetables and Vegetable Products"
2025-01-06,"Dinner","Arugula, Raw","25.00 g","Vegetables and Vegetable Products"
2025-01-07,"Breakfast","Cocoa Powder, Unsweetened","2.00 tbsp","Nut and Seed Products"
2025-01-07,"Breakfast","Peanut butter, powder","20.00 g","Fats and Oils"
2025-01-07,"Breakfast","Dark Chocolate Bar, 60%-69% Cacao","10.00 g","Sweets"
2025-01-07,"Breakfast","Bananas, Raw","1.00 large - 8"" to 8 7/8"" long","Fruits and Fruit Juices"
2025-01-07,"Breakfast","Milk, 2% Fat, Reduced Fat","0.80 cup","Dairy and Egg Products"
2025-01-07,"Breakfast","Rolled Oats, dry","60.00 g","Breakfast Cereals"
2025-01-07,"Breakfast","Chia Seeds","5.00 g","Nut and Seed Products"
2025-01-07,"Breakfast","Hemp Seeds, Hulled","2.00 tsp, whole pieces","Fats and Oils"
2025-01-08,"Breakfast","Porridge Banana Cioccolato Peanut","1.00 full recipe",""
2025-01-08,"Lunch","Farinata rosmarino e cipolla - 10 ml olio","1.00 Serving",""
2025-01-08,"Lunch","Tangerine, Raw","3.00 medium - 2 1/2"" diameter","Fruits and Fruit Juices"
2025-01-08,"Lunch","Greek Yogurt, Plain, Nonfat","200.00 g","Dairy and Egg Products"
2025-01-08,"Dinner","Farinata rosmarino e cipolla - 10 ml olio","1.00 Serving",""
2025-01-08,"Dinner","Milbona, Mozzarella, High Protein","100.00 g","Dairy and Egg Products"
2025-01-08,"Dinner","Avocado, Black Skin","1.00 each","Fruits and Fruit Juices"
2025-01-08,"Dinner","Bread, Whole Wheat, Commercially Prepared","55.00 g","Baked Products"
2025-01-08,"Dinner","Eggs, Cooked","100.00 g","Dairy and Egg Products"
2025-01-08,"Snacks","Milk, 2% Fat, Reduced Fat","0.50 cup","Dairy and Egg Products"
2025-01-08,"Snacks","Bread, Whole Wheat, Commercially Prepared","100.00 g","Baked Products"
2025-01-08,"Snacks","Smucker's, Strawberry Jam","2.50 tbsp","Fruits and Fruit Juices"
2025-01-08,"Snacks","Cocoa Powder, Unsweetened","2.00 tbsp","Nut and Seed Products"
2025-01-08,"Snacks","Whey Protein Powder, 24 Grams of Protein per Scoop","1.00 scoop","Supplements"
2025-01-08,"Snacks","Apple, Fresh, With Skin","150.00 g","Fruits and Fruit Juices"
2025-01-09,"Breakfast","Cocoa Powder, Unsweetened","2.00 tbsp","Nut and Seed Products"
2025-01-09,"Breakfast","Hemp Seeds, Hulled","2.00 tsp, whole pieces","Fats and Oils"
2025-01-09,"Breakfast","Root Vitality, Collage Powder","0.80 Scoop","Supplements"
2025-01-09,"Breakfast","Whey Protein Powder, 24 Grams of Protein per Scoop","0.75 scoop","Supplements"
2025-01-09,"Breakfast","Bananas, Raw","0.80 large - 8"" to 8 7/8"" long","Fruits and Fruit Juices"
2025-01-09,"Breakfast","Porridge Banana Cioccolato Peanut","1.00 full recipe",""
2025-01-09,"Breakfast","Clementines, Raw","6.00 each","Fruits and Fruit Juices"
2025-01-09,"Lunch","Tomato Raw, Includes Cherry, Grape, Roma","220.00 g","Vegetables and Vegetable Products"
2025-01-09,"Lunch","Farinata rosmarino e cipolla - 10 ml olio","1.00 Serving",""
2025-01-09,"Lunch","Bread, Whole Wheat, Commercially Prepared","90.00 g","Baked Products"
2025-01-09,"Lunch","Ah, Cherry Tomatoes","250.00 g","Fruits and Fruit Juices"
2025-01-09,"Dinner","Pizza Bresaola Rucola e Grana","1.00 full recipe",""
2025-01-09,"Dinner","Grana Padano, Mantova Grated Cheese","50.00 g","Dairy and Egg Products"
2025-01-09,"Dinner","Pesto Sauce, Store Bought","2.50 tbsp","Soups, Sauces, and Gravies"
2025-01-09,"Snacks","Greek Yogurt, Plain, Nonfat","250.00 g","Dairy and Egg Products"
2025-01-09,"Snacks","Cocoa Powder, Unsweetened","2.00 tbsp","Nut and Seed Products"
2025-01-09,"Snacks","Oat Bran, Dry","20.00 g","Breakfast Cereals"
2025-01-10,"Breakfast","Porridge Banana Cioccolato Peanut","1.00 full recipe",""
2025-01-10,"Breakfast","Oranges, Raw","1.00 large - 3 1/16"" diameter","Fruits and Fruit Juices"
2025-01-10,"Breakfast","Clementines, Raw","3.00 each","Fruits and Fruit Juices"
2025-01-10,"Breakfast","Greek Yogurt, Plain, Nonfat","200.00 g","Dairy and Egg Products"
2025-01-10,"Breakfast","Farinata rosmarino e cipolla - 10 ml olio","0.60 Serving",""
2025-01-10,"Lunch","Iglo, Tagliatelle Mushroom Pan","1.00 Serving","Meals, Entrees, and Sidedishes"
2025-01-10,"Lunch","Brownie, Chocolate","1.00 regular - approx 2"" x 2""","Sweets"
2025-01-10,"Lunch","Apple, Fresh, With Skin","150.00 g","Fruits and Fruit Juices"
2025-01-10,"Dinner","Textured Vegetable Protein, TVP, Dry, Not Fortified","120.00 g","Vegetables and Vegetable Products"
2025-01-10,"Dinner","Sweet Potato, Baked","300.00 g","Vegetables and Vegetable Products"
2025-01-14,"Breakfast","Oranges, Raw","2.50 large - 3 1/16"" diameter","Fruits and Fruit Juices"
2025-01-14,"Breakfast","Apple, Fresh, With Skin","85.00 g","Fruits and Fruit Juices"
2025-01-14,"Breakfast","Porridge Banana Cioccolato Peanut","1.00 full recipe",""
2025-01-14,"Lunch","Textured Vegetable Protein, TVP, Dry, Not Fortified","55.00 g","Vegetables and Vegetable Products"
2025-01-14,"Lunch","Sweet Potato, Baked","250.00 g","Vegetables and Vegetable Products"
2025-01-14,"Lunch","Mais, Gelb, Dose, entwässert","1.40 cup, whole pieces","Vegetables and Vegetable Products"
2025-01-14,"Dinner","Pumpkin, Cooked from Fresh","250.00 g","Vegetables and Vegetable Products"
2025-01-14,"Dinner","Mushrooms, Cooked from Fresh","125.00 g","Vegetables and Vegetable Products"
2025-01-14,"Snacks","Bio Pane, di Segale Integrale","75.00 g","Baked Products"
2025-01-14,"Snacks","Smucker's, Strawberry Jam","2.00 tbsp","Fruits and Fruit Juices"
2025-01-18,"'-","Croissant, Plain","68.00 g","Baked Products"
2025-01-18,"Breakfast","Oranges, Raw","2.50 large - 3 1/16"" diameter","Fruits and Fruit Juices"
2025-01-18,"Breakfast","Apple, Fresh, With Skin","85.00 g","Fruits and Fruit Juices"
2025-01-18,"Breakfast","Porridge Banana Cioccolato Peanut","1.00 full recipe",""
2025-01-18,"Lunch","Textured Vegetable Protein, TVP, Dry, Not Fortified","55.00 g","Vegetables and Vegetable Products"
2025-01-18,"Lunch","Sweet Potato, Baked","250.00 g","Vegetables and Vegetable Products"
2025-01-18,"Lunch","Mushrooms, Cooked from Fresh","125.00 g","Vegetables and Vegetable Products"
2025-01-18,"Dinner","Pumpkin, Cooked from Fresh","250.00 g","Vegetables and Vegetable Products"
2025-01-18,"Dinner","Lentils, Boiled","200.00 g","Legumes and Legume Products"
2025-01-18,"Dinner","Carrots, Cooked From Fresh","3.00 medium - 6"" to 7"" long","Vegetables and Vegetable Products"
2025-01-18,"Dinner","Heat. Eat. Done., Braised Beef Stew With Potatoes & Carrots","1.50 serving",""
2025-01-18,"Snacks","Bio Pane, di Segale Integrale","75.00 g","Baked Products"
2025-01-18,"Snacks","Bio Pane, di Segale Integrale","75.00 g","Baked Products"
2025-01-18,"Snacks","Smucker's, Strawberry Jam","2.00 tbsp","Fruits and Fruit Juices"
2025-01-18,"Snacks","Smucker's, Strawberry Jam","2.00 tbsp","Fruits and Fruit Juices"
2025-01-18,"Snacks","Bread, Whole Wheat, Commercially Prepared","100.00 g","Baked Products"
2025-01-18,"Snacks","Apple, Fresh, With Skin","150.00 g","Fruits and Fruit Juices"
2025-01-18,"Bike","Whey Protein Powder, 24 Grams of Protein per Scoop","2.00 scoop","Supplements"
2025-01-18,"Bike","Milk, 2% Fat, Reduced Fat","0.50 cup","Dairy and Egg Products"
2025-01-18,"Bike","Cocoa Powder, Unsweetened","4.00 tbsp","Nut and Seed Products"
2025-01-18,"Bike","Strawberries, Raw","0.50 cup, halves","Fruits and Fruit Juices"
2025-01-18,"Bike","Blueberry, Raw","50.00 g","Fruits and Fruit Juices"
2025-01-18,"Bike","Arugula, Raw","40.00 g","Vegetables and Vegetable Products"
2025-01-18,"Bike","Bananas, Raw","1.00 large - 8"" to 8 7/8"" long","Fruits and Fruit Juices"
2025-01-20,"Breakfast","Sweet Potato, Baked","250.00 g","Vegetables and Vegetable Products"
2025-01-20,"Breakfast","Lentils, Boiled","175.00 g","Legumes and Legume Products"
2025-01-20,"Breakfast","Carrots, Cooked From Fresh","1.00 medium - 6"" to 7"" long","Vegetables and Vegetable Products"
2025-01-20,"Breakfast","Onion, White, Yellow or Red, Raw","0.50 medium - 2 1/2"" diameter","Vegetables and Vegetable Products"
2025-01-20,"Breakfast","Peppers, Sweet Yellow, Raw","0.50 large - 3"" diameter x 3 3/4""","Vegetables and Vegetable Products"
2025-01-20,"Breakfast","Milk, Whole","50.00 g","Dairy and Egg Products"
2025-01-20,"Breakfast","Curry Powder","15.00 g","Spices and Herbs"
2025-01-20,"Lunch","Avocado toast 3 uova","1.00 full recipe",""
2025-01-20,"Dinner","Super Protein Pudding","1.00 Serving",""
2025-01-20,"Dinner","Bananas, Raw","1.00 large - 8"" to 8 7/8"" long","Fruits and Fruit Juices"
2025-01-20,"Snacks","Greek Yogurt, Plain, Nonfat","350.00 g","Dairy and Egg Products"
2025-01-20,"Snacks","Tangerine, Raw","4.00 medium - 2 1/2"" diameter","Fruits and Fruit Juices"
2025-01-20,"Snacks","Oranges, Raw","2.00 large - 3 1/16"" diameter","Fruits and Fruit Juices"
2025-01-20,"Snacks","Apple, Fresh, With Skin","150.00 g","Fruits and Fruit Juices"
2025-01-21,"Breakfast","Porridge Banana Cioccolato Peanut","1.00 full recipe",""
2025-01-21,"Lunch","Chickpea Flour","99.00 g","Legumes and Legume Products"
2025-01-21,"Lunch","Onion, White, Yellow or Red, Raw","0.30 medium - 2 1/2"" diameter","Vegetables and Vegetable Products"
2025-01-21,"Lunch","Rosemary, Dried","6.00 tsp","Spices and Herbs"
2025-01-21,"Lunch","Ah, Cherry Tomatoes","15.00 g","Fruits and Fruit Juices"
2025-01-21,"Lunch","Spelt, Cooked","1.50 cup","Cereal Grains and Pasta"
2025-01-21,"Lunch","Bragg, Nutritional Yeast, Cheesy","3.00 tbsp","Spices and Herbs"
2025-01-21,"Dinner","Textured Vegetable Protein, TVP, Dry, Not Fortified","125.00 g","Vegetables and Vegetable Products"
2025-01-21,"Dinner","Mushrooms, Cooked from Fresh","150.00 g","Vegetables and Vegetable Products"
2025-01-21,"Dinner","Scarpone's, Polenta","1.50 x 2.0 1/2 slices","Meals, Entrees, and Sidedishes"
2025-01-21,"Dinner","Sweet Potato, Baked","1.00 large","Vegetables and Vegetable Products"
2025-01-21,"Snacks","Bio Pane, di Segale Integrale","75.00 g","Baked Products"
2025-01-21,"Snacks","Smucker's, Strawberry Jam","2.00 tbsp","Fruits and Fruit Juices"
2025-01-21,"Snacks","Apple, Fresh, With Skin","150.00 g","Fruits and Fruit Juices"
2025-01-21,"Snacks","Bran Flakes (Store Brand (e.g. Great Value))","1.00 cup, whole pieces","Breakfast Cereals"
2025-01-21,"Snacks","Whey Protein Powder, 24 Grams of Protein per Scoop","2.00 scoop","Supplements"
2025-01-21,"Snacks","Cocoa Powder, Unsweetened","2.00 tbsp","Nut and Seed Products"
2025-01-22,"Breakfast","Mango, Fresh","1.00 each","Fruits and Fruit Juices"
2025-01-23,"Breakfast","Porridge Banana Cioccolato Peanut","1.00 full recipe",""
2025-01-23,"Lunch","Spelt, uncooked","140.00 g","Cereal Grains and Pasta"
2025-01-23,"Lunch","Bragg, Nutritional Yeast, Cheesy","3.00 tbsp","Spices and Herbs"
2025-01-23,"Lunch","Eggs, Cooked","100.00 g","Dairy and Egg Products"
2025-01-23,"Lunch","Olive Oil","0.70 tbsp","Fats and Oils"
2025-01-23,"Lunch","Grana Padano, Mantova Grated Cheese","15.00 g","Dairy and Egg Products"
2025-01-23,"Dinner","Greek Yogurt, Plain, Nonfat","500.00 g","Dairy and Egg Products"
2025-01-23,"Dinner","Smucker's, Strawberry Jam","2.00 tbsp","Fruits and Fruit Juices"
2025-01-23,"Snacks","Apple, Fresh, With Skin","150.00 g","Fruits and Fruit Juices"
2025-01-25,"'-","Oranges, Raw","2.00 large - 3 1/16"" diameter","Fruits and Fruit Juices"
2025-01-26,"'-","Mushrooms, Cooked from Fresh","200.00 g","Vegetables and Vegetable Products"
2025-01-28,"Breakfast","Porridge Banana Cioccolato Peanut","1.00 full recipe",""
2025-01-28,"Breakfast","Onion, White, Yellow or Red, Raw","0.50 medium - 2 1/2"" diameter","Vegetables and Vegetable Products"
2025-01-28,"Breakfast","Peppers, Sweet Yellow, Raw","0.50 large - 3"" diameter x 3 3/4""","Vegetables and Vegetable Products"
2025-01-28,"Breakfast","Milk, Whole","50.00 g","Dairy and Egg Products"
2025-01-28,"Lunch","Avocado, Black Skin","1.00 each","Fruits and Fruit Juices"
2025-01-28,"Lunch","Eggs, Cooked","3.00 large","Dairy and Egg Products"
2025-01-28,"Lunch","Taho Cereal, Whole Wheat Bread, 5 Cereals and Seeds","1.40 x 100.0 grams","Baked Products"
2025-01-28,"Dinner","Lentils, Boiled","175.00 g","Legumes and Legume Products"
2025-01-28,"Dinner","Oranges, Raw","2.00 large - 3 1/16"" diameter","Fruits and Fruit Juices"
2025-01-28,"Dinner","Sweet Potato, Baked","1.00 large","Vegetables and Vegetable Products"
2025-01-28,"Dinner","Tomato Raw, Includes Cherry, Grape, Roma","250.00 g","Vegetables and Vegetable Products"
2025-01-28,"Dinner","Conad, Fiocchi di Latte, 3% di Grassi","0.75 Serving","Dairy and Egg Products"
2025-01-28,"Snacks","Greek Yogurt, Plain, Nonfat","175.00 g","Dairy and Egg Products"
2025-01-28,"Bike","Bio Pane, di Segale Integrale","150.00 g","Baked Products"
2025-01-28,"Bike","Whey Protein Powder, 24 Grams of Protein per Scoop","1.00 scoop","Supplements"
2025-01-28,"Bike","Smucker's, Strawberry Jam","3.00 tbsp","Fruits and Fruit Juices"
2025-01-28,"Bike","Smucker's, Strawberry Jam","2.00 tbsp","Fruits and Fruit Juices"
2025-01-28,"Bike","Cocoa Powder, Unsweetened","2.00 tbsp","Nut and Seed Products"
2025-02-15,"Dinner","Lentils, Boiled","325.00 g","Legumes and Legume Products"
2025-02-15,"Dinner","Sweet Potato, Baked","1.50 large","Vegetables and Vegetable Products"
2025-02-15,"Dinner","Onion, White, Yellow or Red, Raw","1.00 medium - 2 1/2"" diameter","Vegetables and Vegetable Products"
2025-02-21,"'-","Scarpone's, Polenta","1.00 x 2.0 1/2 slices","Meals, Entrees, and Sidedishes"
2025-02-27,"Lunch","Bread, Whole Wheat, Commercially Prepared","110.00 g","Baked Products"
2025-02-27,"Lunch","Basil, Fresh","20.00 g","Vegetables and Vegetable Products"
2025-02-27,"Lunch","Ah, Cherry Tomatoes","250.00 g","Fruits and Fruit Juices"
2025-02-27,"Lunch","Conad, Fiocchi di Latte, 3% di Grassi","1.00 Serving","Dairy and Egg Products"
2025-02-27,"Lunch","Green Olives","5.00 medium","Vegetables and Vegetable Products"
2025-02-27,"Lunch","Oranges, Raw","1.00 large - 3 1/16"" diameter","Fruits and Fruit Juices"
2025-02-27,"Lunch","Carrots, Cooked From Fresh","1.00 medium - 6"" to 7"" long","Vegetables and Vegetable Products"
2025-03-03,"'-","Chickpea Flour","125.00 g","Legumes and Legume Products"
2025-03-03,"'-","Tomato Raw, Includes Cherry, Grape, Roma","120.00 g","Vegetables and Vegetable Products"
2025-03-03,"'-","Bragg, Nutritional Yeast, Cheesy","2.50 tbsp","Spices and Herbs"
2025-03-03,"'-","Rosemary, Dried","15.00 tsp","Spices and Herbs"
2025-03-03,"'-","Onion, White, Yellow or Red, Raw","0.50 medium - 2 1/2"" diameter","Vegetables and Vegetable Products"
2025-03-03,"'-","Rigamonti, Carpaccio di Bresaola","1.00 Package","Beef Products"
2025-03-03,"'-","Arugula, Raw","70.00 g","Vegetables and Vegetable Products"
2025-03-04,"Lunch","Onion, White, Yellow or Red, Raw","0.50 medium - 2 1/2"" diameter","Vegetables and Vegetable Products"
2025-03-04,"Lunch","Lentils, Boiled","200.00 g","Legumes and Legume Products"
2025-03-04,"Lunch","Sweet Potato, Baked","100.00 g","Vegetables and Vegetable Products"
2025-03-04,"Lunch","Milk, Whole","50.00 g","Dairy and Egg Products"
2025-03-04,"Lunch","Curry Powder","4.00 g","Spices and Herbs"
2025-03-04,"Lunch","Tomato Raw, Includes Cherry, Grape, Roma","20.00 g","Vegetables and Vegetable Products"
2025-03-04,"Lunch","Arugula, Raw","12.50 g","Vegetables and Vegetable Products"
2025-03-04,"Lunch","Carrots, Cooked From Fresh","3.00 medium - 6"" to 7"" long","Vegetables and Vegetable Products"
2025-03-04,"Dinner","Mais, Gelb, Dose, entwässert","0.80 cup, whole pieces","Vegetables and Vegetable Products"
2025-03-04,"Dinner","Black Beans, Canned, Drained","0.80 cup, whole pieces","Legumes and Legume Products"
2025-03-04,"Dinner","Scarpone's, Polenta","1.20 x 2.0 1/2 slices","Meals, Entrees, and Sidedishes"
2025-03-04,"Dinner","Turkey Breast, Skin Removed Before Cooking","200.00 g","Poultry Products"
2025-03-04,"Dinner","Tomato Sauce","100.00 g","Vegetables and Vegetable Products"
2025-03-04,"Dinner","Onion, White, Yellow or Red, Raw","0.50 medium - 2 1/2"" diameter","Vegetables and Vegetable Products"
2025-03-04,"Dinner","Peppers, Sweet Yellow, Raw","0.50 large - 3"" diameter x 3 3/4""","Vegetables and Vegetable Products"
2025-03-06,"Breakfast","Cocoa Powder, Unsweetened","2.00 tbsp","Nut and Seed Products"
2025-03-06,"Breakfast","Peanut butter, powder","30.00 g","Fats and Oils"
2025-03-06,"Breakfast","Bananas, Raw","1.00 large - 8"" to 8 7/8"" long","Fruits and Fruit Juices"
2025-03-06,"Dinner","Black Beans, Canned, Drained","0.70 cup, whole pieces","Legumes and Legume Products"
2025-03-06,"Dinner","Nature's Promise, Ground White Chicken Meat, 92% Lean 8% Fat","1.75 x 4.0 oz","Poultry Products"
2025-03-06,"Dinner","Sweet Potato, Baked","0.75 large","Vegetables and Vegetable Products"
2025-03-06,"Dinner","Mais, Gelb, Dose, entwässert","0.80 cup, whole pieces","Vegetables and Vegetable Products"
2025-03-06,"Dinner","Oranges, Raw","1.00 large - 3 1/16"" diameter","Fruits and Fruit Juices"
2025-03-06,"Bike","Porridge Banana Cioccolato Peanut","1.00 full recipe",""
2025-03-08,"Dinner","Black Beans, Canned, Drained","0.70 cup, whole pieces","Legumes and Legume Products"
2025-03-08,"Dinner","Nature's Promise, Ground White Chicken Meat, 92% Lean 8% Fat","1.75 x 4.0 oz","Poultry Products"
2025-03-08,"Dinner","Mais, Gelb, Dose, entwässert","0.80 cup, whole pieces","Vegetables and Vegetable Products"
2025-03-08,"Dinner","Oranges, Raw","1.00 large - 3 1/16"" diameter","Fruits and Fruit Juices"
2025-03-08,"Dinner","Carrots, Cooked From Fresh","5.00 medium - 6"" to 7"" long","Vegetables and Vegetable Products"
2025-03-08,"Dinner","Scarpone's, Polenta","1.20 x 2.0 1/2 slices","Meals, Entrees, and Sidedishes"
2025-03-08,"Snacks","Cabbage, Green, Cooked","1.00 cup, shredded","Vegetables and Vegetable Products"
2025-03-09,"Lunch","Dahl Lenticchie 300g patate dolci 800g","0.33 full recipe",""
2025-03-09,"Dinner","Avocado, Black Skin","1.20 each","Fruits and Fruit Juices"
2025-03-09,"Dinner","Eggs, Cooked","2.50 large","Dairy and Egg Products"
2025-03-09,"Dinner","Taho Cereal, Whole Wheat Bread, 5 Cereals and Seeds","1.30 x 100.0 grams","Baked Products"
2025-03-09,"Dinner","Onion, White, Yellow or Red, Raw","0.10 medium - 2 1/2"" diameter","Vegetables and Vegetable Products"
2025-03-09,"Dinner","Tomato Raw, Includes Cherry, Grape, Roma","45.00 g","Vegetables and Vegetable Products"
2025-03-13,"Lunch","Tofu, Not Silken, Cooked, Firm","1.00 block - 7"" x 1 9/16"" x 1 5/8""","Legumes and Legume Products"
2025-03-13,"Lunch","Sweet Potato, Baked","1.50 large","Vegetables and Vegetable Products"
2025-03-13,"Lunch","Bananas, Raw","0.50 medium - 7"" to 7 7/8"" long","Fruits and Fruit Juices"
2025-03-13,"Lunch","Oranges, Raw","1.00 large - 3 1/16"" diameter","Fruits and Fruit Juices"
2025-03-14,"Lunch","Tofu, Not Silken, Cooked, Firm","1.00 block - 7"" x 1 9/16"" x 1 5/8""","Legumes and Legume Products"
2025-03-14,"Lunch","Curry Powder","15.00 g","Spices and Herbs"
2025-03-14,"Lunch","Bread, Whole Wheat, Commercially Prepared","65.00 g","Baked Products"
2025-03-14,"Dinner","Mission, Pizza Base","1.00 Package","Baked Products"
2025-03-14,"Dinner","Grana Padano, Mantova Grated Cheese","1.00 portion","Dairy and Egg Products"
2025-03-14,"Dinner","Olive Oil","1.30 tsp","Fats and Oils"
2025-03-14,"Dinner","Eggs, Cooked","50.00 g","Dairy and Egg Products"
2025-03-14,"Dinner","Egg Whites Only, Cooked","80.00 g","Dairy and Egg Products"
2025-03-14,"Dinner","Prosciutto, Cotto Di Modena","45.00 g","Sausages and Luncheon Meats"
2025-03-14,"Dinner","Mushrooms, Cooked from Fresh","60.00 g","Vegetables and Vegetable Products"
2025-03-14,"Dinner","Bragg, Nutritional Yeast, Cheesy","2.00 tbsp","Spices and Herbs"
2025-03-14,"Dinner","Potato, Boiled with Skin","1.00 medium - 2 1/4"" to 3 1/4"" diameter","Vegetables and Vegetable Products"
2025-03-16,"Lunch","Spelt, uncooked","100.00 g","Cereal Grains and Pasta"
2025-03-17,"Lunch","Oranges, Raw","0.80 large - 3 1/16"" diameter","Fruits and Fruit Juices"
2025-03-17,"Lunch","Bananas, Raw","1.00 medium - 7"" to 7 7/8"" long","Fruits and Fruit Juices"
2025-03-17,"Lunch","Apple, Fresh, With Skin","0.80 medium - 3"" diameter","Fruits and Fruit Juices"
2025-03-17,"Dinner","Avocado toast 3 uova","1.00 full recipe",""
2025-03-18,"Breakfast","Porridge Banana Cioccolato Peanut","1.00 full recipe",""
2025-03-18,"Lunch","Pane e caprese fiocchi di latte","1.00 full recipe",""
2025-03-18,"Dinner","Soy Chips","1.10 cup, crushed","Snacks"
2025-03-18,"Dinner","Black Beans, Canned, Drained","1.00 cup, whole pieces","Legumes and Legume Products"
2025-03-18,"Dinner","Corn, Yellow, Canned, Drained","1.00 cup, whole pieces","Vegetables and Vegetable Products"
2025-03-18,"Dinner","Tomato Sauce","150.00 g","Vegetables and Vegetable Products"
2025-03-18,"Dinner","Apple, Fresh, With Skin","1.00 medium - 3"" diameter","Fruits and Fruit Juices"
2025-03-18,"Dinner","Bread, Whole Wheat, Commercially Prepared","50.00 g","Baked Products"
2025-03-18,"Snacks","Apple, Fresh, With Skin","1.00 medium - 3"" diameter","Fruits and Fruit Juices"
2025-03-18,"Snacks","Oranges, Raw","0.80 large - 3 1/16"" diameter","Fruits and Fruit Juices"
2025-03-18,"Snacks","Bread, Whole Wheat, Commercially Prepared","85.00 g","Baked Products"
2025-03-18,"Snacks","Smucker's, Strawberry Jam","2.00 tbsp","Fruits and Fruit Juices"
2025-03-18,"Bike","Whey Protein Powder, 24 Grams of Protein per Scoop","1.50 scoop","Supplements"
2025-03-18,"Bike","Vitality mix","0.33 full recipe",""
2025-03-18,"Bike","Chia Seeds","8.33 g","Nut and Seed Products"
2025-03-18,"Bike","Amla","3.33 g","Fruits and Fruit Juices"
2025-03-18,"Bike","Cocoa Powder, Unsweetened","1.00 tbsp","Nut and Seed Products"
2025-03-18,"Bike","Bran Flakes (Store Brand (e.g. Great Value))","1.00 cup, whole pieces","Breakfast Cereals"
2025-03-22,"Lunch","Dahl Lenticchie 300g patate dolci 800g","0.33 full recipe",""
2025-03-22,"Lunch","Scarpone's, Polenta","1.00 x 2.0 1/2 slices","Meals, Entrees, and Sidedishes"
2025-03-22,"Dinner","Avocado, Black Skin","0.50 each","Fruits and Fruit Juices"
2025-03-22,"Dinner","Spelt, Dry, Unprepared","50.00 g","Cereal Grains and Pasta"
2025-03-22,"Dinner","Chickpeas, Boiled without Salt","75.00 g","Legumes and Legume Products"
2025-03-22,"Dinner","Tofu, Not Silken, Cooked, Firm","0.50 block - 7"" x 1 9/16"" x 1 5/8""","Legumes and Legume Products"
2025-03-22,"Dinner","Apple, Fresh, With Skin","1.00 medium - 3"" diameter","Fruits and Fruit Juices"
2025-03-22,"Dinner","Scarpone's, Polenta","0.70 x 2.0 1/2 slices","Meals, Entrees, and Sidedishes"
2025-03-22,"Dinner","Mushrooms, Cooked from Fresh","60.00 g","Vegetables and Vegetable Products"
2025-03-22,"Dinner","Latte cioccolato proteico","1.00 full recipe",""
2025-03-23,"Lunch","Textured Vegetable Protein, TVP, Dry, Not Fortified","60.00 g","Vegetables and Vegetable Products"
2025-03-23,"Lunch","Carrots, Cooked From Fresh","2.00 medium - 6"" to 7"" long","Vegetables and Vegetable Products"
2025-03-23,"Lunch","Spinach, Raw","60.00 g","Vegetables and Vegetable Products"
2025-03-23,"Lunch","Soy Sauce","1.50 tbsp","Soups, Sauces, and Gravies"
2025-03-23,"Lunch","Onion, White, Yellow or Red, Raw","1.00 medium - 2 1/2"" diameter","Vegetables and Vegetable Products"
2025-03-23,"Lunch","Bread, Spelt, Commercial","1.00 slice","Baked Products"
2025-03-23,"Lunch","Scarpone's, Polenta","0.70 x 2.0 1/2 slices","Meals, Entrees, and Sidedishes"
2025-03-24,"Lunch","Dahl Lenticchie 300g patate dolci 800g","1.00 Serving",""
2025-03-25,"Breakfast","Cocoa Powder, Unsweetened","2.00 tbsp","Nut and Seed Products"
2025-03-25,"Breakfast","Peanut butter, powder","45.00 g","Fats and Oils"
2025-03-25,"Breakfast","Dark Chocolate Bar, 60%-69% Cacao","10.00 g","Sweets"
2025-03-25,"Breakfast","Bananas, Raw","1.00 large - 8"" to 8 7/8"" long","Fruits and Fruit Juices"
2025-03-25,"Breakfast","Milk, 2% Fat, Reduced Fat","0.80 cup","Dairy and Egg Products"
2025-03-25,"Breakfast","Rolled Oats, dry","60.00 g","Breakfast Cereals"
2025-03-25,"Breakfast","Tomato Sauce","100.00 g","Vegetables and Vegetable Products"
2025-03-25,"Breakfast","Bragg, Nutritional Yeast, Cheesy","3.50 tbsp","Spices and Herbs"
2025-03-25,"Lunch","Chickpea Flour","82.50 g","Legumes and Legume Products"
2025-03-25,"Lunch","Onion, White, Yellow or Red, Raw","0.25 medium - 2 1/2"" diameter","Vegetables and Vegetable Products"
2025-03-25,"Lunch","Rosemary, Dried","5.00 tsp","Spices and Herbs"
2025-03-25,"Dinner","Spelt, Cooked","0.70 cup","Cereal Grains and Pasta"
2025-03-25,"Dinner","Chickpeas, Boiled without Salt","75.00 g","Legumes and Legume Products"
2025-03-25,"Dinner","Bread, Whole Wheat, Commercially Prepared","140.00 g","Baked Products"
2025-03-25,"Dinner","Scarpone's, Polenta","0.70 x 2.0 1/2 slices","Meals, Entrees, and Sidedishes"
2025-03-25,"Dinner","Smucker's, Strawberry Jam","2.50 tbsp","Fruits and Fruit Juices"
2025-03-25,"Dinner","Peanut Butter, Salted","15.00 g","Fats and Oils"
2025-03-25,"Dinner","Eggs, Cooked","2.00 g","Dairy and Egg Products"
2025-03-25,"Dinner","Sweet Potato, Baked","1.00 large","Vegetables and Vegetable Products"
2025-03-25,"Snacks","Whey Protein Powder, 24 Grams of Protein per Scoop","0.80 scoop","Supplements"
2025-03-25,"Snacks","Milk, Whole","0.20 cup","Dairy and Egg Products"
2025-03-25,"Snacks","Cocoa Powder, Unsweetened","12.00 g","Nut and Seed Products"
2025-03-25,"Snacks","Strawberries, Raw","0.50 cup, halves","Fruits and Fruit Juices"
2025-03-25,"Snacks","Blueberry, Raw","50.00 g","Fruits and Fruit Juices"
2025-03-25,"Snacks","Raspberries, Raw","2.00 oz","Fruits and Fruit Juices"
2025-03-25,"Snacks","Greek Yogurt, Plain, Nonfat","125.00 g","Dairy and Egg Products"
2025-03-25,"Snacks","Apple, Fresh, With Skin","0.70 medium - 3"" diameter","Fruits and Fruit Juices"
2025-03-25,"Snacks","Oranges, Raw","0.80 large - 3 1/16"" diameter","Fruits and Fruit Juices"
2025-03-27,"Snacks","Whey Protein Powder, 24 Grams of Protein per Scoop","0.75 scoop","Supplements"
2025-03-27,"Snacks","Cocoa Powder, Unsweetened","8.00 g","Nut and Seed Products"
2025-03-27,"Snacks","Greek Yogurt, Plain, Nonfat","135.00 g","Dairy and Egg Products"
2025-03-27,"Snacks","Carrefour Bio, Spelt Cakes","2.00 Piece","Snacks"
2025-03-28,"Breakfast","Porridge Banana Cioccolato Peanut","1.00 full recipe",""
2025-03-28,"Breakfast","Bananas, Raw","1.00 medium - 7"" to 7 7/8"" long","Fruits and Fruit Juices"
2025-03-28,"Breakfast","Oranges, Raw","0.80 large - 3 1/16"" diameter","Fruits and Fruit Juices"
2025-03-28,"Breakfast","Scarpone's, Polenta","1.50 x 2.0 1/2 slices","Meals, Entrees, and Sidedishes"
2025-03-28,"Lunch","Spinach, Raw","125.00 g","Vegetables and Vegetable Products"
2025-03-28,"Lunch","Chickpea Flour","82.50 g","Legumes and Legume Products"
2025-03-28,"Lunch","Onion, White, Yellow or Red, Raw","0.25 medium - 2 1/2"" diameter","Vegetables and Vegetable Products"
2025-03-28,"Lunch","Rosemary, Dried","5.00 tsp","Spices and Herbs"
2025-03-28,"Dinner","Eggs, Cooked","2.00 g","Dairy and Egg Products"
2025-03-28,"Dinner","Eggs, Cooked","2.00 g","Dairy and Egg Products"
2025-03-28,"Dinner","Bread, Whole Wheat, Commercially Prepared","140.00 g","Baked Products"
2025-03-28,"Dinner","Avocado, Black Skin","1.75 each","Fruits and Fruit Juices"
2025-03-28,"Dinner","Dahl Lenticchie 300g patate dolci 800g","1.00 Serving",""
2025-03-28,"Snacks","Whey Protein Powder, 24 Grams of Protein per Scoop","0.75 scoop","Supplements"
2025-03-28,"Snacks","Whey Protein Powder, 24 Grams of Protein per Scoop","0.75 scoop","Supplements"
2025-03-28,"Snacks","Cocoa Powder, Unsweetened","8.00 g","Nut and Seed Products"
2025-03-28,"Snacks","Cocoa Powder, Unsweetened","8.00 g","Nut and Seed Products"
2025-03-28,"Snacks","Greek Yogurt, Plain, Nonfat","135.00 g","Dairy and Egg Products"
2025-03-28,"Snacks","Greek Yogurt, Plain, Nonfat","135.00 g","Dairy and Egg Products"
2025-03-28,"Snacks","Carrefour Bio, Spelt Cakes","2.00 Piece","Snacks"
2025-03-28,"Snacks","Carrefour Bio, Spelt Cakes","2.00 Piece","Snacks"
2025-03-28,"Bike","Spinach, Raw","125.00 g","Vegetables and Vegetable Products"
2025-03-28,"Bike","Egg Whites Only, Cooked","80.00 g","Dairy and Egg Products"
2025-03-28,"Bike","Bragg, Nutritional Yeast, Cheesy","3.50 tbsp","Spices and Herbs"
2025-03-28,"Bike","Protein Bread","2.00 large slice","Baked Products"
2025-03-29,"Lunch","Milk, Whole","80.00 g","Dairy and Egg Products"
2025-03-29,"Lunch","Onion, White, Yellow or Red, Raw","0.50 medium - 2 1/2"" diameter","Vegetables and Vegetable Products"
2025-03-29,"Lunch","Arugula, Raw","50.00 g","Vegetables and Vegetable Products"
2025-03-29,"Lunch","Curry Powder","10.00 g","Spices and Herbs"
2025-03-29,"Lunch","Sweet Potato, Baked","1.50 large","Vegetables and Vegetable Products"
2025-03-29,"Lunch","Textured Vegetable Protein, TVP, Dry, Not Fortified","75.00 g","Vegetables and Vegetable Products"
2025-03-29,"Lunch","Carrots, Cooked From Fresh","2.00 medium - 6"" to 7"" long","Vegetables and Vegetable Products"
2025-03-29,"Lunch","Tomato Raw, Includes Cherry, Grape, Roma","85.00 g","Vegetables and Vegetable Products"
2025-03-29,"Dinner","Mission, Pizza Base","0.85 Package","Baked Products"
2025-03-29,"Dinner","Eggs, Cooked","1.00 medium","Dairy and Egg Products"
2025-03-29,"Dinner","Ham Loaf","8.00 tsp, cut pieces","Sausages and Luncheon Meats"
2025-03-29,"Dinner","Grana Padano, Mantova Grated Cheese","25.00 g","Dairy and Egg Products"
2025-03-30,"Dinner","Spelt, Cooked","250.00 g","Cereal Grains and Pasta"
2025-03-30,"Dinner","Mushrooms, Cooked from Fresh","60.00 g","Vegetables and Vegetable Products"
2025-03-30,"Dinner","Spinach, Raw","125.00 g","Vegetables and Vegetable Products"
2025-03-30,"Dinner","Bragg, Nutritional Yeast, Cheesy","3.50 tbsp","Spices and Herbs"
2025-03-30,"Dinner","Olive Oil","1.00 tbsp","Fats and Oils"
2025-03-30,"Dinner","Granarolo, High Protein Ricotta","0.40 Pot","Dairy and Egg Products"
2025-03-31,"Dinner","Black Beans, Canned, Drained","0.90 cup, whole pieces","Legumes and Legume Products"
2025-03-31,"Dinner","Corn, Yellow, Canned, Drained","1.00 cup, whole pieces","Vegetables and Vegetable Products"
2025-03-31,"Dinner","Olive Oil","0.60 tbsp","Fats and Oils"
2025-03-31,"Dinner","Tomato Sauce","150.00 g","Vegetables and Vegetable Products"
2025-03-31,"Dinner","Textured Vegetable Protein, TVP, Dry, Not Fortified","75.00 g","Vegetables and Vegetable Products"
2025-03-31,"Dinner","Sweet Potato, Baked","1.50 large","Vegetables and Vegetable Products"
2025-03-31,"Snacks","Oranges, Raw","2.00 medium - 2 5/8"" diameter","Fruits and Fruit Juices"
2025-04-03,"'-","Porridge Banana Cioccolato Peanut","1.00 full recipe",""
2025-04-03,"Breakfast","Whey Protein Powder, 24 Grams of Protein per Scoop","1.00 scoop","Supplements"
2025-04-03,"Breakfast","Cocoa Powder, Unsweetened","1.00 tbsp","Nut and Seed Products"
2025-04-03,"Breakfast","Dm Bio, Lentil Cakes, Salted","20.00 g","Snacks"
2025-04-03,"Breakfast","Bananas, Raw","1.00 medium - 7"" to 7 7/8"" long","Fruits and Fruit Juices"
2025-04-03,"Breakfast","Peanut Butter, Salted","10.00 g","Fats and Oils"
2025-04-03,"Lunch","Dahl Lenticchie 300g patate dolci 800g","1.00 Serving",""
2025-04-03,"Dinner","Mixed Vegetables, Broccoli, Cauliflower and Carrots","2.00 cup, cut pieces","Vegetables and Vegetable Products"
2025-04-03,"Dinner","Spelt, Cooked","1.20 cup","Cereal Grains and Pasta"
2025-04-03,"Dinner","Eggs, Cooked","50.00 g","Dairy and Egg Products"
2025-04-03,"Dinner","Soy Sauce","1.00 tbsp","Soups, Sauces, and Gravies"
2025-04-03,"Dinner","Olive Oil","10.00 g","Fats and Oils"
2025-04-03,"Dinner","Egg Whites Only, Cooked","80.00 g","Dairy and Egg Products"
2025-04-03,"Dinner","Green Beans, Cooked from Fresh","2.00 cup, cut pieces","Vegetables and Vegetable Products"
2025-04-03,"Dinner","Oranges, Raw","0.65 medium - 2 5/8"" diameter","Fruits and Fruit Juices"
2025-04-03,"Snacks","Oranges, Raw","0.65 medium - 2 5/8"" diameter","Fruits and Fruit Juices"
2025-04-03,"Snacks","Greek Yogurt, Plain, Nonfat","150.00 g","Dairy and Egg Products"
2025-04-03,"Snacks","Honey","15.00 g","Sweets"
2025-04-03,"Bike","Whole Earth, Organic No Caf, Coffee Alternative, Barley & Chicory","5.00 g","Beverages"
2025-04-04,"Dinner","Eggs, Cooked","2.00 medium","Dairy and Egg Products"
2025-04-04,"Dinner","Sweet Potato, Baked","1.50 large","Vegetables and Vegetable Products"
2025-04-04,"Dinner","Carrots, Cooked From Fresh","2.00 medium - 6"" to 7"" long","Vegetables and Vegetable Products"
2025-04-04,"Dinner","Bread, Whole Wheat, Commercially Prepared","60.00 g","Baked Products"
2025-04-04,"Dinner","Avocado, green skin","1.00 cup, cut pieces","Fruits and Fruit Juices"
2025-04-04,"Dinner","Egg Whites Only, Cooked","80.00 g","Dairy and Egg Products"
2025-04-04,"Dinner","Scarpone's, Polenta","0.70 x 2.0 1/2 slices","Meals, Entrees, and Sidedishes"
2025-04-05,"Lunch","Lentils, Pink or Red, Raw","100.00 g","Legumes and Legume Products"
2025-04-05,"Lunch","Onion, White, Yellow or Red, Raw","0.67 medium - 2 1/2"" diameter","Vegetables and Vegetable Products"
2025-04-05,"Lunch","Sweet Potato, Baked","1.65 large","Vegetables and Vegetable Products"
2025-04-05,"Lunch","Milk, Whole","33.33 g","Dairy and Egg Products"
2025-04-05,"Lunch","Curry Powder","6.67 g","Spices and Herbs"
2025-04-05,"Lunch","Tomato Sauce","100.00 g","Vegetables and Vegetable Products"
2025-04-05,"Lunch","Arugula, Raw","60.00 g","Vegetables and Vegetable Products"
2025-04-06,"Lunch","Bread, Whole Wheat, Commercially Prepared","130.00 g","Baked Products"
2025-04-06,"Lunch","Basil, Fresh","20.00 g","Vegetables and Vegetable Products"
2025-04-06,"Lunch","Ah, Cherry Tomatoes","250.00 g","Fruits and Fruit Juices"
2025-04-06,"Lunch","Conad, Fiocchi di Latte, 3% di Grassi","1.00 Serving","Dairy and Egg Products"
2025-04-06,"Lunch","Carrots, Cooked From Fresh","1.00 medium - 6"" to 7"" long","Vegetables and Vegetable Products"
2025-04-06,"Dinner","Chickpeas, Boiled without Salt","110.00 g","Legumes and Legume Products"
2025-04-06,"Dinner","Bragg, Nutritional Yeast, Cheesy","3.00 tbsp","Spices and Herbs"
2025-04-06,"Dinner","Curry Powder","10.00 g","Spices and Herbs"
2025-04-07,"Lunch","Spelt, Dry, Unprepared","120.00 g","Cereal Grains and Pasta"
2025-04-07,"Lunch","Sausage with tomato base","0.30 cup","Meals, Entrees, and Sidedishes"
2025-04-10,"Dinner","Mixed Vegetables, Broccoli, Cauliflower and Carrots","2.50 cup, cut pieces","Vegetables and Vegetable Products"
2025-04-10,"Dinner","Soy Sauce","1.00 tbsp","Soups, Sauces, and Gravies"
2025-04-10,"Dinner","PB2, Organic Powdered Peanut Butter","2.50 x 2.0 tbsp","Nut and Seed Products"
2025-04-10,"Dinner","Eggs, Cooked","1.00 medium","Dairy and Egg Products"
2025-04-10,"Dinner","Textured Vegetable Protein, TVP, Dry, Not Fortified","60.00 g","Vegetables and Vegetable Products"
2025-04-10,"Dinner","Chickpeas, Canned, Drained and Rinsed","125.00 g","Legumes and Legume Products"
2025-04-10,"Dinner","Bragg, Nutritional Yeast, Cheesy","2.00 tbsp","Spices and Herbs"
2025-04-10,"Dinner","Soybean Sprouts, Raw","1.30 cup, whole pieces","Vegetables and Vegetable Products"
2025-04-11,"Lunch","Spelt, Cooked","280.00 g","Cereal Grains and Pasta"
2025-04-11,"Lunch","Milbona, Mozzarella, High Protein","1.00 serving","Dairy and Egg Products"
2025-04-11,"Lunch","Tomato Sauce","100.00 g","Vegetables and Vegetable Products"
2025-04-11,"Lunch","Apple, Fresh, With Skin","150.00 g","Fruits and Fruit Juices"
2025-04-11,"Lunch","Greek Yogurt, Plain, Nonfat","150.00 g","Dairy and Egg Products"
2025-04-15,"Breakfast","Tofu, Not Silken, Cooked, Firm","1.00 block - 7"" x 1 9/16"" x 1 5/8""","Legumes and Legume Products"
2025-04-15,"Dinner","Mixed Vegetables, Broccoli, Cauliflower and Carrots","2.00 cup, cut pieces","Vegetables and Vegetable Products"
2025-04-15,"Dinner","Soy Sauce","1.00 tbsp","Soups, Sauces, and Gravies"
2025-04-15,"Dinner","Avocado, green skin","0.70 cup, cut pieces","Fruits and Fruit Juices"
2025-04-15,"Dinner","Black Beans, Canned, Drained","1.00 cup, whole pieces","Legumes and Legume Products"
2025-04-15,"Dinner","Peanut butter, powder","15.00 g","Fats and Oils"
2025-04-15,"Dinner","Scarpone's, Polenta","0.70 x 2.0 1/2 slices","Meals, Entrees, and Sidedishes"
2025-04-16,"Dinner","Tofu, Not Silken, Cooked, Firm","1.00 block - 7"" x 1 9/16"" x 1 5/8""","Legumes and Legume Products"
2025-04-16,"Dinner","Black Beans, Canned, Drained","242.00 g","Legumes and Legume Products"
2025-04-16,"Dinner","Bragg, Nutritional Yeast, Cheesy","3.00 tbsp","Spices and Herbs"
2025-04-16,"Dinner","Tomato Sauce","325.00 g","Vegetables and Vegetable Products"
2025-04-16,"Dinner","Garofalo, Legumi Grano Saraceno Teff Sorgo Amaranto Mais, Pennoni","1.00 serving","Cereal Grains and Pasta"
2025-04-17,"Breakfast","Porridge Banana Cioccolato Peanut","1.00 full recipe",""
2025-04-17,"Breakfast","Chia Seeds","5.00 g","Nut and Seed Products"
2025-04-17,"Lunch","Avocado toast 3 uova","1.00 full recipe",""
2025-04-17,"Dinner","Spinach, Raw","200.00 g","Vegetables and Vegetable Products"
2025-04-17,"Dinner","Scarpone's, Polenta","2.00 x 2.0 1/2 slices","Meals, Entrees, and Sidedishes"
2025-04-17,"Dinner","Sweet Potato, Baked","2.00 large","Vegetables and Vegetable Products"
2025-04-17,"Dinner","Bragg, Nutritional Yeast, Cheesy","3.00 tbsp","Spices and Herbs"
2025-04-17,"Dinner","Black Beans, Canned, Drained","125.00 g","Legumes and Legume Products"
2025-04-17,"Snacks","Oat Bran, Dry","100.00 g","Breakfast Cereals"
2025-04-20,"Snacks","Torta cioccolato tofu e ceci","1.00 Serving",""
2025-04-21,"Dinner","Mixed Vegetables, Broccoli, Cauliflower and Carrots","2.00 cup, cut pieces","Vegetables and Vegetable Products"
2025-04-21,"Dinner","Soy Sauce","1.00 tbsp","Soups, Sauces, and Gravies"
2025-04-21,"Dinner","Textured Vegetable Protein, TVP, Dry, Not Fortified","60.00 g","Vegetables and Vegetable Products"
2025-04-21,"Dinner","Peanut butter, powder","20.00 g","Fats and Oils"
2025-04-22,"Breakfast","Porridge Banana Cioccolato Peanut","1.00 full recipe",""
2025-04-22,"Breakfast","Latte cioccolato proteico","2.00 full recipe",""
2025-04-22,"Lunch","Gluten Free Pasta, Lentil, Cooked in Salted Water","2.50 cup","Legumes and Legume Products"
2025-04-22,"Lunch","Italiamo, Scamorza Affumicata","0.70 serving","Dairy and Egg Products"
2025-04-22,"Lunch","Spinach, Raw","150.00 g","Vegetables and Vegetable Products"
2025-04-22,"Lunch","Bragg, Nutritional Yeast, Cheesy","1.00 tbsp","Spices and Herbs"
2025-04-22,"Lunch","Granarolo, High Protein Ricotta","1.00 Pot","Dairy and Egg Products"
2025-04-22,"Lunch","Dahl Lenticchie 300g patate dolci 800g","1.00 Serving",""
2025-04-22,"Dinner","Avocado, Black Skin","1.30 each","Fruits and Fruit Juices"
2025-04-22,"Dinner","Eggs, Cooked","3.00 large","Dairy and Egg Products"
2025-04-22,"Dinner","Taho Cereal, Whole Wheat Bread, 5 Cereals and Seeds","2.00 x 100.0 grams","Baked Products"
2025-04-22,"Dinner","Sweet Potato, Baked","1.00 large","Vegetables and Vegetable Products"
2025-04-22,"Snacks","Jam or Preserves","4.00 tbsp","Sweets"
2025-04-23,"Lunch","Turkey Breast, Skin Removed Before Cooking","200.00 g","Poultry Products"
2025-04-23,"Lunch","Sweet Potato, Baked","2.00 large","Vegetables and Vegetable Products"
2025-04-23,"Lunch","Onion, White, Yellow or Red, Raw","0.50 medium - 2 1/2"" diameter","Vegetables and Vegetable Products"
2025-04-23,"Lunch","Green Olives","5.00 medium","Vegetables and Vegetable Products"
2025-04-23,"Lunch","Tomato Sauce","150.00 g","Vegetables and Vegetable Products"
2025-04-24,"Lunch","Basil, Fresh","20.00 g","Vegetables and Vegetable Products"
2025-04-24,"Lunch","Exquisa, Fiocchi di Latte","1.60 Serving","Dairy and Egg Products"
2025-04-24,"Lunch","Spelt, Cooked","360.00 g","Cereal Grains and Pasta"
2025-04-24,"Lunch","Ah, Cherry Tomatoes","250.00 g","Fruits and Fruit Juices"
2025-04-24,"Dinner","Oranges, Raw","1.00 large - 3 1/16"" diameter","Fruits and Fruit Juices"
2025-04-28,"Dinner","Lemons, Raw","1.00 small - 1 7/8"" diameter","Fruits and Fruit Juices"
2025-04-29,"Lunch","Chickpeas, Boiled without Salt","240.00 g","Legumes and Legume Products"
2025-04-29,"Lunch","Bragg, Nutritional Yeast, Cheesy","2.00 tbsp","Spices and Herbs"
2025-04-29,"Lunch","Whole Wheat Bread, Store Bought","100.00 g","Baked Products"
2025-04-29,"Lunch","Arugula, Raw","60.00 g","Vegetables and Vegetable Products"
2025-04-29,"Lunch","Apple, Fresh, With Skin","150.00 g","Fruits and Fruit Juices"
2025-04-29,"Lunch","Ah, Cherry Tomatoes","200.00 g","Fruits and Fruit Juices"
2025-05-02,"'-","Black Beans, Canned, Drained","0.90 cup, whole pieces","Legumes and Legume Products"
2025-05-02,"'-","Tomato Sauce","150.00 g","Vegetables and Vegetable Products"
2025-05-02,"'-","Textured Vegetable Protein, TVP, Dry, Not Fortified","60.00 g","Vegetables and Vegetable Products"
2025-05-02,"'-","Yellow Bell Peppers, Sweet, Cooked","1.00 small","Vegetables and Vegetable Products"
2025-05-02,"'-","Onion, White, Yellow or Red, Raw","0.50 medium - 2 1/2"" diameter","Vegetables and Vegetable Products"
2025-05-03,"Lunch","Textured Vegetable Protein, TVP, Dry, Not Fortified","60.00 g","Vegetables and Vegetable Products"
2025-05-03,"Lunch","Oranges, Raw","1.00 large - 3 1/16"" diameter","Fruits and Fruit Juices"
2025-05-03,"Lunch","Avocado, Black Skin","1.00 each","Fruits and Fruit Juices"
2025-05-03,"Lunch","Tomato Sauce","250.00 g","Vegetables and Vegetable Products"
2025-05-06,"Lunch","Lentils, Boiled","300.00 g","Legumes and Legume Products"
2025-05-06,"Lunch","Eggs, Cooked","2.00 medium","Dairy and Egg Products"
2025-05-06,"Lunch","Pumpkin, Cooked from Fresh","350.00 g","Vegetables and Vegetable Products"
2025-05-06,"Lunch","Grana Padano, Mantova Grated Cheese","30.00 g","Dairy and Egg Products"
2025-05-06,"Lunch","Roast Beef, Chuck, Visible Fat Eaten","0.30 cup, cut pieces","Beef Products"
2025-05-06,"Lunch","Green Peas, Cooked from Frozen","60.00 g","Vegetables and Vegetable Products"
2025-05-06,"Lunch","Scarpone's, Polenta","0.50 x 2.0 1/2 slices","Meals, Entrees, and Sidedishes"
2025-05-06,"Dinner","Tofu, Not Silken, Cooked, Extra Firm","200.00 g","Legumes and Legume Products"
2025-05-06,"Dinner","Sweet Potato, Baked","1.00 large","Vegetables and Vegetable Products"
2025-05-06,"Dinner","Whole Wheat Bread, Store Bought","50.00 g","Baked Products"
2025-05-06,"Dinner","Apple, Fresh, With Skin","100.00 g","Fruits and Fruit Juices"
2025-05-08,"Dinner","Lentils, Pink or Red, Raw","100.00 g","Legumes and Legume Products"
2025-05-08,"Dinner","Onion, White, Yellow or Red, Raw","0.67 medium - 2 1/2"" diameter","Vegetables and Vegetable Products"
2025-05-08,"Dinner","Sweet Potato, Baked","1.13 large","Vegetables and Vegetable Products"
2025-05-08,"Dinner","Milk, Whole","33.33 g","Dairy and Egg Products"
2025-05-08,"Dinner","Curry Powder","6.67 g","Spices and Herbs"
2025-05-08,"Dinner","Spinach, Raw","100.00 g","Vegetables and Vegetable Products"
2025-05-08,"Snacks","Oranges, Raw","1.00 large - 3 1/16"" diameter","Fruits and Fruit Juices"
2025-05-08,"Snacks","Apple, Fresh, With Skin","120.00 g","Fruits and Fruit Juices"
2025-05-08,"Snacks","Whey Protein Powder, 24 Grams of Protein per Scoop","1.50 scoop","Supplements"
2025-05-08,"Snacks","Cocoa Powder, Unsweetened","3.00 tbsp","Nut and Seed Products"
2025-05-09,"Dinner","Bragg, Nutritional Yeast, Cheesy","2.00 tbsp","Spices and Herbs"
2025-05-10,"Breakfast","Whey Protein Powder, 24 Grams of Protein per Scoop","0.50 scoop","Supplements"
2025-05-10,"Breakfast","Milk, 2% Fat, Reduced Fat","0.50 cup","Dairy and Egg Products"
2025-05-10,"Breakfast","Cocoa Powder, Unsweetened","2.00 tbsp","Nut and Seed Products"
2025-05-10,"Breakfast","Dates, Dried","25.00 g","Fruits and Fruit Juices"
2025-05-10,"Breakfast","Oatmeal, Regular or Quick, Dry","25.00 g","Breakfast Cereals"
2025-05-29,"Breakfast","Porridge Banana Cioccolato Peanut","1.00 full recipe",""
2025-05-29,"Lunch","Avocado, Black Skin","1.20 each","Fruits and Fruit Juices"
2025-05-29,"Lunch","Eggs, Cooked","3.00 large","Dairy and Egg Products"
2025-05-29,"Lunch","Crenshaw Melon","2.00 cup","Fruits and Fruit Juices"
2025-05-29,"Dinner","Ceci Naturali, Chickpeas","2.00 portion (1/2 cup)","Legumes and Legume Products"
2025-05-29,"Dinner","Onion, White, Yellow or Red, Raw","0.50 medium - 2 1/2"" diameter","Vegetables and Vegetable Products"
2025-05-29,"Dinner","Arugula, Raw","50.00 g","Vegetables and Vegetable Products"
2025-05-29,"Dinner","Peppers, Sweet Yellow, Raw","0.75 large - 3"" diameter x 3 3/4""","Vegetables and Vegetable Products"
2025-05-29,"Dinner","Curry Powder","10.00 g","Spices and Herbs"
2025-05-29,"Dinner","Textured Vegetable Protein, TVP, Dry, Not Fortified","30.00 g","Vegetables and Vegetable Products"
2025-05-29,"Dinner","Sweet Potato, Baked","1.00 large","Vegetables and Vegetable Products"
2025-06-01,"Lunch","Chickpea Flour","100.00 g","Legumes and Legume Products"
2025-06-01,"Lunch","Onion, White, Yellow or Red, Raw","0.50 medium - 2 1/2"" diameter","Vegetables and Vegetable Products"
2025-06-01,"Lunch","Rosemary, Dried","5.00 tsp","Spices and Herbs"
2025-06-01,"Lunch","Bragg, Nutritional Yeast, Cheesy","2.00 tbsp","Spices and Herbs"
2025-06-01,"Lunch","Spinach, Raw","200.00 g","Vegetables and Vegetable Products"
2025-06-02,"Lunch","Farinata lievito nutrizionale spinaci","150.00 g",""
2025-06-03,"Lunch","Green Beans, Cooked from Fresh","1.30 cup, cut pieces","Vegetables and Vegetable Products"
2025-06-04,"Dinner","Ceci Naturali, Chickpeas","260.00 g","Legumes and Legume Products"
2025-06-04,"Dinner","Milk, Whole","45.00 g","Dairy and Egg Products"
2025-06-04,"Dinner","Onion, White, Yellow or Red, Raw","0.50 medium - 2 1/2"" diameter","Vegetables and Vegetable Products"
2025-06-04,"Dinner","Arugula, Raw","50.00 g","Vegetables and Vegetable Products"
2025-06-04,"Dinner","Peppers, Sweet Yellow, Raw","0.75 large - 3"" diameter x 3 3/4""","Vegetables and Vegetable Products"
2025-06-04,"Dinner","Curry Powder","10.00 g","Spices and Herbs"
2025-06-04,"Dinner","Tomato Sauce","100.00 g","Vegetables and Vegetable Products"
2025-06-04,"Dinner","Sweet Potato, Baked","350.00 g","Vegetables and Vegetable Products"
2025-06-08,"Breakfast","Porridge Banana Cioccolato Peanut","1.30 full recipe",""
2025-06-08,"Lunch","Whole Wheat Bread, Store Bought","250.00 g","Baked Products"
2025-06-08,"Lunch","Green Peas, Cooked from Frozen","700.00 g","Vegetables and Vegetable Products"
2025-06-08,"Lunch","Eggs, Cooked","2.00 medium","Dairy and Egg Products"
2025-06-08,"Lunch","Grana Padano, Mantova Grated Cheese","30.00 g","Dairy and Egg Products"
2025-06-08,"Lunch","Chicken Breast, Skinless, Cooked","200.00 g","Poultry Products"
2025-06-08,"Lunch","Scarpone's, Polenta","1.00 x 2.0 1/2 slices","Meals, Entrees, and Sidedishes"
2025-06-08,"Lunch","Mycological, Oregon Porcini Mushrooms","1.00 oz","Vegetables and Vegetable Products"
2025-06-08,"Dinner","Eden, Organic Cannellini, White Kidney Beans, No Salt Added","240.00 g","Legumes and Legume Products"
2025-06-08,"Dinner","Peanut butter, powder","25.00 g","Fats and Oils"
2025-06-08,"Dinner","Carrots, Cooked From Fresh","3.00 medium - 6"" to 7"" long","Vegetables and Vegetable Products"
2025-06-08,"Dinner","Italiamo, Scamorza Affumicata","25.00 g","Dairy and Egg Products"
2025-06-08,"Dinner","Spinach, Raw","200.00 g","Vegetables and Vegetable Products"
2025-06-08,"Bike","Bananas, Raw","1.00 medium - 7"" to 7 7/8"" long","Fruits and Fruit Juices"
2025-06-08,"Bike","Smucker's, Uncrustables, Peanut Butter & Strawberry Jam Sandwich","2.00 sandwich","Meals, Entrees, and Sidedishes"
2025-06-08,"Bike","Apple Pie, Bottom and Top Crust","1.00 piece - double crust - 1/8 of 9"" pie","Sweets"
2025-06-08,"Bike","Cappuccino","1.50 short - each 8 fl oz","Beverages"
2025-06-08,"Bike","Maurten, Solid 160","1.00 Bar","Snacks"
2025-06-10,"Lunch","Pane e caprese fiocchi di latte","1.00 full recipe",""
2025-06-10,"Dinner","Avocado toast 3 uova","1.00 full recipe",""
2025-06-10,"Snacks","Mango, Fresh","1.00 each","Fruits and Fruit Juices"
2025-06-10,"Snacks","Apple, Fresh, With Skin","120.00 g","Fruits and Fruit Juices"
2025-06-11,"Breakfast","Porridge Banana Cioccolato Peanut","1.00 full recipe",""
2025-06-11,"Lunch","Sweet Potato, Baked","350.00 g","Vegetables and Vegetable Products"
2025-06-11,"Lunch","Carrefour, Mexican Beans","2.00 portion","Legumes and Legume Products"
2025-06-11,"Dinner","Whole Wheat Bread, Store Bought","70.00 g","Baked Products"
2025-06-11,"Dinner","Crenshaw Melon","2.50 cup","Fruits and Fruit Juices"
2025-06-11,"Dinner","Eggs, Cooked","2.00 medium","Dairy and Egg Products"
2025-06-11,"Dinner","Egg Whites Only, Cooked","100.00 g","Dairy and Egg Products"
2025-06-11,"Dinner","Rigamonti, Carpaccio di Bresaola","1.00 Package","Beef Products"
2025-06-11,"Dinner","Dates, Dried","25.00 g","Fruits and Fruit Juices"
2025-06-11,"Dinner","Oranges, Raw","1.00 large - 3 1/16"" diameter","Fruits and Fruit Juices"
2025-06-11,"Snacks","Apple, Fresh, With Skin","120.00 g","Fruits and Fruit Juices"
2025-06-13,"Dinner","Textured Vegetable Protein, TVP, Dry, Not Fortified","75.00 g","Vegetables and Vegetable Products"
2025-06-13,"Dinner","Tomato Sauce","250.00 g","Vegetables and Vegetable Products"
2025-06-13,"Dinner","Basil, Fresh","10.00 g","Vegetables and Vegetable Products"
2025-06-13,"Dinner","Oregano, Dried","5.00 tsp","Spices and Herbs"
2025-06-13,"Dinner","Grana Padano, Mantova Grated Cheese","30.00 g","Dairy and Egg Products"
2025-06-13,"Dinner","Italiamo, Scamorza Affumicata","15.00 g","Dairy and Egg Products"
2025-06-13,"Dinner","Lentil Flour","0.60 cup","Legumes and Legume Products"
2025-06-23,"'-","Crenshaw Melon","0.50 each","Fruits and Fruit Juices"
2025-06-25,"'-","Mais, Gelb, Dose, entwässert","140.00 g","Vegetables and Vegetable Products"
2025-07-02,"Breakfast","Mais, Gelb, Dose, entwässert","2.50 cup, whole pieces","Vegetables and Vegetable Products"
2025-07-02,"Breakfast","Spelt, Cooked","1.75 cup","Cereal Grains and Pasta"
2025-07-02,"Breakfast","Quinoa, Cooked","100.00 g","Cereal Grains and Pasta"
2025-07-02,"Breakfast","Grana Padano, Mantova Grated Cheese","20.00 g","Dairy and Egg Products"
2025-07-16,"Lunch","Spelt, Dry, Unprepared","125.00 g","Cereal Grains and Pasta"
2025-07-16,"Lunch","Eggs, Cooked","3.00 medium","Dairy and Egg Products"
2025-07-16,"Lunch","Black Beans, Canned, Drained","0.80 cup, whole pieces","Legumes and Legume Products"
2025-07-16,"Lunch","Tomato Sauce","100.00 g","Vegetables and Vegetable Products"
2025-07-16,"Lunch","Bragg, Nutritional Yeast, Cheesy","2.00 tbsp","Spices and Herbs"
2025-07-17,"'-","Carrots, Cooked From Fresh","4.00 medium - 6"" to 7"" long","Vegetables and Vegetable Products"
2025-07-18,"Dinner","Chickpeas, Boiled without Salt","240.00 g","Legumes and Legume Products"
2025-07-18,"Dinner","Textured Vegetable Protein, TVP, Dry, Not Fortified","20.00 g","Vegetables and Vegetable Products"
2025-07-18,"Dinner","Onion, White, Yellow or Red, Raw","1.00 medium - 2 1/2"" diameter","Vegetables and Vegetable Products"
2025-07-18,"Dinner","Tomato, Red, Raw","1.20 small - 2 2/5"" diameter","Vegetables and Vegetable Products"
2025-07-18,"Dinner","Milk, Whole","30.00 g","Dairy and Egg Products"
2025-07-18,"Dinner","Scarpone's, Polenta","0.50 x 2.0 1/2 slices","Meals, Entrees, and Sidedishes"
2025-07-18,"Dinner","Red Bell Peppers, Raw","1.00 medium - 2 1/2"" diameter x 2 3/4""","Vegetables and Vegetable Products"
2025-07-18,"Dinner","Rucola, Roh","35.00 g","Vegetables and Vegetable Products"
2025-07-19,"Dinner","Textured Vegetable Protein, TVP, Dry, Not Fortified","75.00 g","Vegetables and Vegetable Products"
2025-07-19,"Dinner","Onion, White, Yellow or Red, Raw","1.00 medium - 2 1/2"" diameter","Vegetables and Vegetable Products"
2025-07-19,"Dinner","Tomato, Red, Raw","1.20 small - 2 2/5"" diameter","Vegetables and Vegetable Products"
2025-07-19,"Dinner","Milk, Whole","65.00 g","Dairy and Egg Products"
2025-07-19,"Dinner","Potato, Boiled with Skin","1.50 medium - 2 1/4"" to 3 1/4"" diameter","Vegetables and Vegetable Products"
2025-07-19,"Dinner","Carrots, Cooked From Fresh","3.00 medium - 6"" to 7"" long","Vegetables and Vegetable Products"
2025-07-21,"Dinner","Scarpone's, Polenta","1.90 x 2.0 1/2 slices","Meals, Entrees, and Sidedishes"
2025-07-21,"Dinner","Tofu, Not Silken, Cooked, Firm","1.20 block - 7"" x 1 9/16"" x 1 5/8""","Legumes and Legume Products"
2025-07-21,"Dinner","Spinach, Raw","200.00 g","Vegetables and Vegetable Products"
2025-07-21,"Dinner","Red Bell Peppers, Raw","1.00 medium - 2 1/2"" diameter x 2 3/4""","Vegetables and Vegetable Products"
2025-07-21,"Dinner","Granarolo, High Protein Ricotta","0.30 Pot","Dairy and Egg Products"
2025-07-21,"Dinner","Milk, Whole","30.00 g","Dairy and Egg Products"
2025-08-02,"Dinner","Onion, White, Yellow or Red, Raw","0.50 medium - 2 1/2"" diameter","Vegetables and Vegetable Products"
2025-08-02,"Dinner","Peppers, Sweet Yellow, Raw","0.75 large - 3"" diameter x 3 3/4""","Vegetables and Vegetable Products"
2025-08-02,"Dinner","Sweet Potato, Baked","350.00 g","Vegetables and Vegetable Products"
2025-08-02,"Dinner","Crenshaw Melon","0.40 each","Fruits and Fruit Juices"
2025-08-02,"Dinner","Lotus, Lupin Flour","0.40 Serving","Baked Products"
2025-08-02,"Dinner","Rucola, Roh","35.00 g","Vegetables and Vegetable Products"
2025-08-03,"Lunch","Black Beans, Canned, Drained","0.70 cup, whole pieces","Legumes and Legume Products"
2025-08-03,"Lunch","Corn, Yellow, Canned, Drained","1.00 cup, whole pieces","Vegetables and Vegetable Products"
2025-08-03,"Lunch","Turkey Breast, Skin Removed Before Cooking","280.00 g","Poultry Products"
2025-08-03,"Lunch","Onion, White, Yellow or Red, Raw","0.50 medium - 2 1/2"" diameter","Vegetables and Vegetable Products"
2025-08-03,"Lunch","Peppers, Sweet Yellow, Raw","0.75 large - 3"" diameter x 3 3/4""","Vegetables and Vegetable Products"
2025-08-03,"Lunch","Crenshaw Melon","0.40 each","Fruits and Fruit Juices"
2025-08-04,"Breakfast","Spelt, Cooked","140.00 g","Cereal Grains and Pasta"
2025-08-04,"Breakfast","Grana Padano, Mantova Grated Cheese","25.00 g","Dairy and Egg Products"
2025-08-04,"Breakfast","Daily Bread, Rustic Rye Bread","170.00 g","Baked Products"
2025-08-04,"Breakfast","Ah, Cherry Tomatoes","250.00 g","Fruits and Fruit Juices"
2025-08-04,"Breakfast","Conad, Fiocchi di Latte, 3% di Grassi","1.00 Serving","Dairy and Egg Products"
2025-08-04,"Lunch","Avocado, Black Skin","1.20 each","Fruits and Fruit Juices"
2025-08-04,"Lunch","Eggs, Cooked","2.00 medium","Dairy and Egg Products"
2025-08-04,"Lunch","Taho Cereal, Whole Wheat Bread, 5 Cereals and Seeds","1.40 x 100.0 grams","Baked Products"
2025-08-04,"Lunch","Smucker's, Strawberry Jam","2.00 tbsp","Fruits and Fruit Juices"
2025-08-04,"Lunch","Egg Whites Only, Cooked","100.00 g","Dairy and Egg Products"
2025-08-04,"Lunch","Bragg, Nutritional Yeast, Cheesy","2.00 tbsp","Spices and Herbs"
2025-08-04,"Dinner","Milk, 2% Fat, Reduced Fat","2.00 cup","Dairy and Egg Products"
2025-08-04,"Snacks","Spelt, Cooked","140.00 g","Cereal Grains and Pasta"
2025-08-06,"Breakfast","Cocoa Powder, Unsweetened","2.00 tbsp","Nut and Seed Products"
2025-08-06,"Breakfast","Peanut butter, powder","10.00 g","Fats and Oils"
2025-08-06,"Breakfast","Dark Chocolate Bar, 60%-69% Cacao","10.00 g","Sweets"
2025-08-06,"Breakfast","Bananas, Raw","1.00 large - 8"" to 8 7/8"" long","Fruits and Fruit Juices"
2025-08-06,"Breakfast","Milk, 2% Fat, Reduced Fat","0.80 cup","Dairy and Egg Products"
2025-08-06,"Breakfast","Rolled Oats, dry","60.00 g","Breakfast Cereals"
2025-08-06,"Breakfast","Apple, Fresh, With Skin","120.00 g","Fruits and Fruit Juices"
2025-08-06,"Breakfast","Bananas, Raw","1.00 medium - 7"" to 7 7/8"" long","Fruits and Fruit Juices"
2025-08-06,"Breakfast","Bio Pane, di Segale Integrale","120.00 g","Baked Products"
2025-08-06,"Breakfast","Smucker's, Strawberry Jam","2.00 tbsp","Fruits and Fruit Juices"
2025-08-06,"Breakfast","Chickpeas, Boiled without Salt","120.00 g","Legumes and Legume Products"
2025-08-06,"Lunch","Granarolo, High Protein Ricotta","0.80 Pot","Dairy and Egg Products"
2025-08-06,"Lunch","Textured Vegetable Protein, TVP, Dry, Not Fortified","25.00 g","Vegetables and Vegetable Products"
2025-08-06,"Lunch","Green Peas, Cooked from Frozen","450.00 g","Vegetables and Vegetable Products"
2025-08-06,"Lunch","Bragg, Nutritional Yeast, Cheesy","3.00 tbsp","Spices and Herbs"
2025-08-06,"Lunch","Raisins, Uncooked","10.00 g","Fruits and Fruit Juices"
2025-08-06,"Snacks","Oat Bran, Dry","30.00 g","Breakfast Cereals"
2025-08-06,"Snacks","Latte cioccolato proteico","1.00 full recipe",""
2025-08-08,"Breakfast","Eggs, Cooked","2.00 medium","Dairy and Egg Products"
2025-08-08,"Breakfast","Onion, White, Yellow or Red, Raw","1.00 medium - 2 1/2"" diameter","Vegetables and Vegetable Products"
2025-08-08,"Breakfast","Green Olives","5.00 medium","Vegetables and Vegetable Products"
2025-08-08,"Breakfast","Tomato Sauce","180.00 g","Vegetables and Vegetable Products"
2025-08-08,"Breakfast","Whole Wheat Bread, Store Bought","60.00 g","Baked Products"
2025-08-08,"Breakfast","Eden, Organic Cannellini, White Kidney Beans, No Salt Added","240.00 g","Legumes and Legume Products"
2025-08-08,"Lunch","Apple, Fresh, With Skin","120.00 g","Fruits and Fruit Juices"
2025-08-08,"Lunch","Latte cioccolato proteico","1.00 full recipe",""
2025-08-08,"Lunch","Pane e marmellata fragola","1.00 full recipe",""
2025-08-08,"Lunch","Greek Yogurt, Plain, Nonfat","300.00 g","Dairy and Egg Products"
2025-08-08,"Lunch","Honey","25.00 g","Sweets"
2025-08-08,"Dinner","Dahl Lenticchie 300g patate dolci 800g","1.00 Serving",""
2025-08-08,"Dinner","Mango, Fresh","1.00 each","Fruits and Fruit Juices"
2025-08-08,"Dinner","Peaches, Raw","2.00 small - 2 1/2"" diameter","Fruits and Fruit Juices"
2025-08-08,"Snacks","Spelt Flakes","2.00 cup, whole pieces","Breakfast Cereals"
2025-08-09,"Breakfast","Porridge Banana Cioccolato Peanut","1.00 full recipe",""
2025-08-09,"Lunch","Avocado toast 3 uova","1.00 full recipe",""
2025-08-09,"Lunch","Bananas, Raw","3.00 medium - 7"" to 7 7/8"" long","Fruits and Fruit Juices"
2025-08-09,"Lunch","Potato, Boiled with Skin","2.00 medium - 2 1/4"" to 3 1/4"" diameter","Vegetables and Vegetable Products"
2025-08-09,"Dinner","Mushrooms, Cooked from Fresh","125.00 g","Vegetables and Vegetable Products"
2025-08-09,"Dinner","Vita Sana, Spelt Pasta, Penne","150.00 g","Cereal Grains and Pasta"
2025-08-09,"Dinner","Whey Protein Powder, 24 Grams of Protein per Scoop","1.00 scoop","Supplements"
2025-08-09,"Dinner","Apple, Fresh, With Skin","120.00 g","Fruits and Fruit Juices"
2025-08-09,"Snacks","Ice Cream in a Cone","2.00 cone - single scoop","Sweets"
2025-08-09,"Snacks","Strawberries, Raw","1.00 cup, halves","Fruits and Fruit Juices"
2025-08-09,"Snacks","Whole Wheat Bread, Store Bought","200.00 g","Baked Products"
2025-08-09,"Snacks","Peanut Butter, Unsalted","1.20 tbsp","Fats and Oils"
2025-08-09,"Snacks","Pams, Strawberry Jam, 50% Fruit","3.00 portion","Sweets"
2025-08-09,"Snacks","Honey","50.00 g","Sweets"
2025-08-09,"Snacks","Papa John's, Sausage Pizza, Original Crust","4.00 oz","Fast Foods"
2025-08-09,"Bike","Tomato Raw, Includes Cherry, Grape, Roma","10.00 cherry","Vegetables and Vegetable Products"
2025-08-11,"Breakfast","Porridge Banana Cioccolato Peanut","1.00 full recipe",""
2025-08-11,"Lunch","Dahl Lenticchie 300g patate dolci 800g","1.00 Serving",""
2025-08-11,"Dinner","Tofu, Not Silken, Cooked, Firm","140.00 g","Legumes and Legume Products"
2025-08-11,"Dinner","Tomato Sauce","150.00 g","Vegetables and Vegetable Products"
2025-08-11,"Dinner","Oregano, Dried","5.00 tsp","Spices and Herbs"
2025-08-11,"Dinner","Basil, Fresh","30.00 g","Vegetables and Vegetable Products"
2025-08-11,"Dinner","Gluten Free Pasta, Lentil, Cooked in Salted Water","2.00 cup","Legumes and Legume Products"
2025-08-11,"Dinner","Black Beans, Canned, Drained","0.60 cup, whole pieces","Legumes and Legume Products"
2025-08-11,"Dinner","Onion, White, Yellow or Red, Raw","1.00 medium - 2 1/2"" diameter","Vegetables and Vegetable Products"
2025-08-11,"Dinner","Peppers, Sweet Yellow, Raw","0.50 large - 3"" diameter x 3 3/4""","Vegetables and Vegetable Products"
2025-08-11,"Snacks","Crenshaw Melon","0.40 each","Fruits and Fruit Juices"
2025-08-11,"Snacks","Avocado, Black Skin","1.00 each","Fruits and Fruit Juices"
2025-08-11,"Snacks","Whole Wheat Bread, Store Bought","65.00 g","Baked Products"
2025-08-11,"Snacks","Eggs, Cooked","4.00 medium","Dairy and Egg Products"
2025-08-11,"Snacks","Latte cioccolato proteico","1.00 full recipe",""
2025-08-11,"Bike","Carrefour Bio, Spelt Cakes","6.00 Piece","Snacks"
2025-08-11,"Bike","Greek Yogurt, Plain, Nonfat","300.00 g","Dairy and Egg Products"
2025-08-11,"Bike","Honey","30.00 g","Sweets"
2025-08-12,"'-","Au Bon Pain, Croissant, Chocolate","100.00 g","Restaurant Foods"
2025-08-12,"Breakfast","Porridge Banana Cioccolato Peanut","1.00 full recipe",""
2025-08-12,"Lunch","Meat Ravioli, with Tomato Sauce","150.00 g","Meals, Entrees, and Sidedishes"
2025-08-12,"Lunch","Bobby's, Strawberry Tarts","1.50 portion","Sweets"
2025-08-12,"Snacks","Bananas, Raw","5.00 medium - 7"" to 7 7/8"" long","Fruits and Fruit Juices"
2025-08-12,"Snacks","Pane e marmellata fragola","5.00 full recipe",""
2025-08-12,"Snacks","Alba Tramazzeni, Sandwich Di Proteine, Bresaola, Rucola & Grana Padano","1.50 Serving","Meals, Entrees, and Sidedishes"
2025-08-12,"Snacks","Maurten, Solid 160","1.00 Bar","Snacks"
2025-08-12,"Snacks","Coca-Cola Classic","100.00 g","Beverages"
2025-08-12,"Snacks","Prosciutto, Cotto Di Modena","125.00 g","Sausages and Luncheon Meats"
2025-08-15,"Breakfast","Porridge Banana Cioccolato Peanut","1.00 full recipe",""
2025-08-15,"Lunch","Beef Steak, Sirloin, Visible Fat Eaten","6.00 oz","Beef Products"
2025-08-15,"Lunch","Crenshaw Melon","0.40 each","Fruits and Fruit Juices"
2025-08-15,"Lunch","Gluten Free Pasta, Lentil, Cooked in Salted Water","3.00 cup","Legumes and Legume Products"
2025-08-15,"Lunch","Eggs, Cooked","2.00 medium","Dairy and Egg Products"
2025-08-15,"Dinner","Pane e caprese fiocchi di latte","1.00 full recipe",""
2025-08-15,"Dinner","Mission, Pizza Base","1.00 Package","Baked Products"
2025-08-15,"Snacks","Peaches, Raw","2.00 small - 2 1/2"" diameter","Fruits and Fruit Juices"
2025-08-15,"Bike","Strawberry Rhubarb Pie, Bottom and Top Crust","1.00 piece - double crust - 1/8 of 9"" pie","Sweets"
2025-08-15,"Bike","Pane e marmellata fragola","3.00 full recipe",""
2025-08-15,"Bike","Bananas, Raw","2.00 medium - 7"" to 7 7/8"" long","Fruits and Fruit Juices"
2025-08-15,"Bike","Greek Yogurt, Plain, Nonfat","300.00 g","Dairy and Egg Products"
2025-08-15,"Bike","Honey","50.00 g","Sweets"
2025-08-17,"'-","Peaches, Raw","2.00 small - 2 1/2"" diameter","Fruits and Fruit Juices"
2025-08-17,"'-","Oranges, Raw","1.00 large - 3 1/16"" diameter","Fruits and Fruit Juices"
2025-08-17,"Breakfast","Porridge Banana Cioccolato Peanut","1.00 full recipe",""
2025-08-17,"Lunch","Trader Joe's, Chicken Tikka Masala","1.50 tray","Meals, Entrees, and Sidedishes"
2025-08-17,"Dinner","Dahl Lenticchie 300g patate dolci 800g","1.00 Serving",""
2025-08-17,"Snacks","Apple, Fresh, With Skin","120.00 g","Fruits and Fruit Juices"
2025-08-17,"Snacks","Croissant, Chocolate","1.00 small","Baked Products"
2025-08-17,"Bike","Panino Peanut and Marmellata","2.00 full recipe",""
2025-08-17,"Bike","Latte cioccolato proteico","1.00 full recipe",""
2025-08-17,"Bike","Greek Yogurt, Plain, Nonfat","250.00 g","Dairy and Egg Products"
2025-08-18,"'-","Peaches, Raw","2.00 small - 2 1/2"" diameter","Fruits and Fruit Juices"
2025-08-18,"Breakfast","Whey Protein Powder, 24 Grams of Protein per Scoop","1.00 scoop","Supplements"
2025-08-18,"Breakfast","Milk, 2% Fat, Reduced Fat","0.50 cup","Dairy and Egg Products"
2025-08-18,"Breakfast","Cocoa Powder, Unsweetened","2.00 tbsp","Nut and Seed Products"
2025-08-18,"Breakfast","Cocoa Powder, Unsweetened","2.00 tbsp","Nut and Seed Products"
2025-08-18,"Breakfast","Peanut butter, powder","10.00 g","Fats and Oils"
2025-08-18,"Breakfast","Dark Chocolate Bar, 60%-69% Cacao","10.00 g","Sweets"
2025-08-18,"Breakfast","Bananas, Raw","1.00 large - 8"" to 8 7/8"" long","Fruits and Fruit Juices"
2025-08-18,"Breakfast","Milk, 2% Fat, Reduced Fat","0.80 cup","Dairy and Egg Products"
2025-08-18,"Breakfast","Rolled Oats, dry","80.00 g","Breakfast Cereals"
2025-08-18,"Breakfast","Greek Yogurt, Plain, Nonfat","300.00 g","Dairy and Egg Products"
2025-08-18,"Lunch","Dahl Lenticchie 300g patate dolci 800g","1.00 Serving",""
2025-08-18,"Dinner","Gluten Free Pasta, Lentil, Cooked in Salted Water","2.50 cup","Legumes and Legume Products"
2025-08-18,"Dinner","Eggs, Cooked","2.00 medium","Dairy and Egg Products"
2025-08-18,"Dinner","Rigamonti, Carpaccio di Bresaola","0.40 Package","Beef Products"
2025-08-18,"Dinner","Crenshaw Melon","0.40 each","Fruits and Fruit Juices"
2025-08-18,"Dinner","Bananas, Raw","1.00 medium - 7"" to 7 7/8"" long","Fruits and Fruit Juices"
2025-08-18,"Snacks","Apple, Fresh, With Skin","120.00 g","Fruits and Fruit Juices"
2025-08-18,"Bike","Panino Peanut and Marmellata","1.00 full recipe",""
2025-08-19,"Breakfast","Whey Protein Powder, 24 Grams of Protein per Scoop","1.00 scoop","Supplements"
2025-08-19,"Breakfast","Milk, 2% Fat, Reduced Fat","0.50 cup","Dairy and Egg Products"
2025-08-19,"Breakfast","Cocoa Powder, Unsweetened","2.00 tbsp","Nut and Seed Products"
2025-08-19,"Breakfast","Cocoa Powder, Unsweetened","2.00 tbsp","Nut and Seed Products"
2025-08-19,"Breakfast","Peanut butter, powder","10.00 g","Fats and Oils"
2025-08-19,"Breakfast","Dark Chocolate Bar, 60%-69% Cacao","10.00 g","Sweets"
2025-08-19,"Breakfast","Bananas, Raw","1.00 large - 8"" to 8 7/8"" long","Fruits and Fruit Juices"
2025-08-19,"Breakfast","Milk, 2% Fat, Reduced Fat","0.80 cup","Dairy and Egg Products"
2025-08-19,"Breakfast","Rolled Oats, dry","80.00 g","Breakfast Cereals"
2025-08-19,"Breakfast","Greek Yogurt, Plain, Nonfat","500.00 g","Dairy and Egg Products"
2025-08-19,"Breakfast","Strudel, apple","1.50 piece","Baked Products"
2025-08-19,"Lunch","Dahl Lenticchie 300g patate dolci 800g","1.00 Serving",""
2025-08-19,"Dinner","Bread, Whole Wheat, Commercially Prepared","130.00 g","Baked Products"
2025-08-19,"Dinner","Olive Oil","0.70 tbsp","Fats and Oils"
2025-08-19,"Dinner","Basil, Fresh","20.00 g","Vegetables and Vegetable Products"
2025-08-19,"Dinner","Ah, Cherry Tomatoes","250.00 g","Fruits and Fruit Juices"
2025-08-19,"Dinner","Conad, Fiocchi di Latte, 3% di Grassi","1.00 Serving","Dairy and Egg Products"
2025-08-19,"Snacks","Bananas, Raw","1.00 medium - 7"" to 7 7/8"" long","Fruits and Fruit Juices"
2025-08-19,"Snacks","Apple, Fresh, With Skin","120.00 g","Fruits and Fruit Juices"
2025-08-19,"Snacks","La Gina, Hand Stretched Italian Pizza, Burrata & Semi Dried Tomato","200.00 g","Meals, Entrees, and Sidedishes"
2025-08-19,"Bike","Panino Peanut and Marmellata","5.00 full recipe",""
2025-08-19,"Bike","Peaches, Raw","1.00 small - 2 1/2"" diameter","Fruits and Fruit Juices"
2025-08-19,"Bike","Strawberries, Raw","1.50 cup, halves","Fruits and Fruit Juices"
2025-08-19,"Bike","Deli-meat, prosciutto (cotto ham), extra lean","50.00 g","Dairy and Egg Products"
2025-08-20,"Dinner","Murgella, Burrata","1.50 Serving","Dairy and Egg Products"
2025-08-21,"Breakfast","Whey Protein Powder, 24 Grams of Protein per Scoop","1.00 scoop","Supplements"
2025-08-21,"Breakfast","Milk, 2% Fat, Reduced Fat","0.50 cup","Dairy and Egg Products"
2025-08-21,"Breakfast","Cocoa Powder, Unsweetened","2.00 tbsp","Nut and Seed Products"
2025-08-21,"Breakfast","Cocoa Powder, Unsweetened","2.00 tbsp","Nut and Seed Products"
2025-08-21,"Breakfast","Peanut butter, powder","10.00 g","Fats and Oils"
2025-08-21,"Breakfast","Dark Chocolate Bar, 60%-69% Cacao","10.00 g","Sweets"
2025-08-21,"Breakfast","Bananas, Raw","1.00 large - 8"" to 8 7/8"" long","Fruits and Fruit Juices"
2025-08-21,"Breakfast","Milk, 2% Fat, Reduced Fat","0.80 cup","Dairy and Egg Products"
2025-08-21,"Breakfast","Rolled Oats, dry","80.00 g","Breakfast Cereals"
2025-08-21,"Breakfast","Greek Yogurt, Plain, Nonfat","500.00 g","Dairy and Egg Products"
2025-08-21,"Lunch","Avocado, Black Skin","1.20 each","Fruits and Fruit Juices"
2025-08-21,"Lunch","Eggs, Cooked","3.00 large","Dairy and Egg Products"
2025-08-21,"Lunch","Taho Cereal, Whole Wheat Bread, 5 Cereals and Seeds","1.40 x 100.0 grams","Baked Products"
2025-08-21,"Dinner","Black Beans, Canned, Drained","1.50 cup, whole pieces","Legumes and Legume Products"
2025-08-21,"Dinner","Tomato Sauce","150.00 g","Vegetables and Vegetable Products"
2025-08-21,"Dinner","Onion, White, Yellow or Red, Raw","1.00 medium - 2 1/2"" diameter","Vegetables and Vegetable Products"
2025-08-21,"Dinner","Crenshaw Melon","0.75 each","Fruits and Fruit Juices"
2025-08-21,"Dinner","Tomato Raw, Includes Cherry, Grape, Roma","10.00 cherry","Vegetables and Vegetable Products"
2025-08-21,"Dinner","Salad Blends, Spring Mix","100.00 g","Vegetables and Vegetable Products"
2025-08-22,"Breakfast","Whey Protein Powder, 24 Grams of Protein per Scoop","1.00 scoop","Supplements"
2025-08-22,"Breakfast","Milk, 2% Fat, Reduced Fat","0.50 cup","Dairy and Egg Products"
2025-08-22,"Breakfast","Cocoa Powder, Unsweetened","2.00 tbsp","Nut and Seed Products"
2025-08-22,"Breakfast","Cocoa Powder, Unsweetened","2.00 tbsp","Nut and Seed Products"
2025-08-22,"Breakfast","Peanut butter, powder","10.00 g","Fats and Oils"
2025-08-22,"Breakfast","Dark Chocolate Bar, 60%-69% Cacao","10.00 g","Sweets"
2025-08-22,"Breakfast","Bananas, Raw","1.00 large - 8"" to 8 7/8"" long","Fruits and Fruit Juices"
2025-08-22,"Breakfast","Milk, 2% Fat, Reduced Fat","0.80 cup","Dairy and Egg Products"
2025-08-22,"Breakfast","Rolled Oats, dry","80.00 g","Breakfast Cereals"
2025-08-22,"Breakfast","Cappuccino","1.50 short - each 8 fl oz","Beverages"
2025-08-22,"Lunch","Avocado, Black Skin","1.00 each","Fruits and Fruit Juices"
2025-08-22,"Lunch","Eggs, Cooked","2.00 large","Dairy and Egg Products"
2025-08-22,"Lunch","Taho Cereal, Whole Wheat Bread, 5 Cereals and Seeds","0.70 x 100.0 grams","Baked Products"
2025-08-22,"Dinner","Apple Strudel","100.00 g","Sweets"
2025-08-22,"Dinner","Chicken Breast, Skinless, Cooked","200.00 g","Poultry Products"
2025-08-22,"Dinner","Spinach, Raw","50.00 g","Vegetables and Vegetable Products"
2025-08-22,"Dinner","Gluten Free Pasta, Lentil, Cooked in Salted Water","125.00 g","Legumes and Legume Products"
2025-08-22,"Dinner","Tomato Sauce","300.00 g","Vegetables and Vegetable Products"
2025-08-22,"Dinner","Apple, Fresh, With Skin","120.00 g","Fruits and Fruit Juices"
2025-08-22,"Dinner","Bananas, Raw","3.00 large - 8"" to 8 7/8"" long","Fruits and Fruit Juices"
2025-08-22,"Snacks","Pane e marmellata fragola","2.00 full recipe",""
2025-08-24,"Breakfast","Porridge Banana Cioccolato Peanut","1.00 full recipe",""
2025-08-24,"Breakfast","Peaches, Raw","2.00 small - 2 1/2"" diameter","Fruits and Fruit Juices"
2025-08-24,"Breakfast","Oranges, Raw","1.60 large - 3 1/16"" diameter","Fruits and Fruit Juices"
2025-08-24,"Lunch","Avocado toast 3 uova","1.00 full recipe",""
2025-08-24,"Dinner","Potatoes, Flesh and Skin, Raw","400.00 g","Vegetables and Vegetable Products"
2025-08-24,"Dinner","Chickpeas, Boiled without Salt","240.00 g","Legumes and Legume Products"
2025-08-24,"Dinner","Onion, White, Yellow or Red, Raw","1.00 medium - 2 1/2"" diameter","Vegetables and Vegetable Products"
2025-08-25,"Breakfast","Porridge Banana Cioccolato Peanut","1.00 full recipe",""
2025-08-25,"Lunch","Soba Noodles, Buckwheat Based, Cooked in Unsalted Water","250.00 g","Cereal Grains and Pasta"
2025-08-25,"Lunch","Butter, Salted","3.00 tbsp","Fats and Oils"
2025-08-25,"Lunch","Spinach Casserole, with Cheese","2.00 cup","Vegetables and Vegetable Products"
2025-08-25,"Dinner","Pizza Bresaola Rucola e Grana","1.00 full recipe",""
2025-08-25,"Dinner","Peppers, Sweet Yellow, Raw","0.30 large - 3"" diameter x 3 3/4""","Vegetables and Vegetable Products"
2025-08-25,"Dinner","Prosciutto, Cotto Di Modena","75.00 g","Sausages and Luncheon Meats"
2025-08-25,"Dinner","Carrots, Cooked From Fresh","1.00 medium - 6"" to 7"" long","Vegetables and Vegetable Products"
2025-08-25,"Snacks","Milbona, High Protein Pudding, Chocolate","2.00 serving","Dairy and Egg Products"
2025-08-25,"Bike","Bananas, Raw","3.00 large - 8"" to 8 7/8"" long","Fruits and Fruit Juices"
2025-08-25,"Bike","Moon Pie, Salted Caramel","2.00 each - each 2 oz","Sweets"
2025-08-25,"Bike","Cappuccino","1.50 short - each 8 fl oz","Beverages"
2025-08-25,"Bike","Coca Cola","2.50 can (12 fl oz)","Beverages"
2025-08-25,"Bike","Panino Peanut and Marmellata","4.00 full recipe",""
2025-08-25,"Bike","Ace Bakery, Potato Chive Focaccia","1.30 serving",""
2025-08-25,"Bike","Rigamonti, Carpaccio di Bresaola","1.00 Package","Beef Products"
2025-08-25,"Bike","Whole Wheat Bread, Store Bought","100.00 g","Baked Products"
2025-08-25,"Bike","Peaches, Raw","2.00 small - 2 1/2"" diameter","Fruits and Fruit Juices"
2025-08-27,"Breakfast","Porridge Banana Cioccolato Peanut","1.00 full recipe",""
2025-08-27,"Lunch","Avocado toast 3 uova","1.00 full recipe",""
2025-08-27,"Dinner","Pizza Bresaola Rucola e Grana","1.00 full recipe",""
2025-08-27,"Snacks","Ehrmann, High Protein Mousse, Chocolate","1.00 cup","Sweets"
2025-08-27,"Bike","Panino Peanut and Marmellata","1.00 full recipe",""
2025-08-27,"Bike","Peaches, Raw","1.50 small - 2 1/2"" diameter","Fruits and Fruit Juices"
2025-08-27,"Bike","Bananas, Raw","2.00 large - 8"" to 8 7/8"" long","Fruits and Fruit Juices"
2025-08-28,"Lunch","Gluten Free Pasta, Lentil, Cooked in Salted Water","550.00 g","Legumes and Legume Products"
2025-08-28,"Lunch","Granarolo, High Protein Ricotta","0.80 Pot","Dairy and Egg Products"
2025-08-28,"Lunch","Spinach, Raw","150.00 g","Vegetables and Vegetable Products"
2025-08-28,"Lunch","Bragg, Nutritional Yeast, Cheesy","3.00 tbsp","Spices and Herbs"
2025-08-28,"Lunch","Chickpea Flour","20.00 g","Legumes and Legume Products"
2025-08-30,"Breakfast","Porridge Banana Cioccolato Peanut","1.00 full recipe",""
2025-08-30,"Lunch","Basil, Fresh","20.00 g","Vegetables and Vegetable Products"
2025-08-30,"Lunch","Spelt, Cooked","0.80 cup","Cereal Grains and Pasta"
2025-08-30,"Lunch","Green Olives","15.00 medium","Vegetables and Vegetable Products"
2025-08-30,"Lunch","Ah, Cherry Tomatoes","250.00 g","Fruits and Fruit Juices"
2025-08-30,"Lunch","Avocado, Black Skin","1.00 each","Fruits and Fruit Juices"
2025-08-30,"Lunch","Eggs, Cooked","2.00 large","Dairy and Egg Products"
2025-08-30,"Lunch","Taho Cereal, Whole Wheat Bread, 5 Cereals and Seeds","0.70 x 100.0 grams","Baked Products"
2025-08-30,"Lunch","Milbona, Mozzarella, High Protein","1.00 serving","Dairy and Egg Products"
2025-08-30,"Lunch","Peaches, Raw","1.50 small - 2 1/2"" diameter","Fruits and Fruit Juices"
2025-08-30,"Dinner","Pizza Bresaola Rucola e Grana","1.00 full recipe",""
2025-09-02,"Breakfast","Porridge Banana Cioccolato Peanut","1.00 full recipe",""
2025-09-02,"Lunch","Pane e caprese fiocchi di latte","1.00 full recipe",""
2025-09-02,"Dinner","Avocado toast 3 uova","1.00 full recipe",""
2025-09-02,"Dinner","Carrefour Bio, Spelt Cakes","6.00 Piece","Snacks"
2025-09-02,"Dinner","Honey","25.00 g","Sweets"
2025-09-02,"Snacks","Panino Peanut and Marmellata","2.00 full recipe",""
2025-09-02,"Bike","Bananas, Raw","1.00 large - 8"" to 8 7/8"" long","Fruits and Fruit Juices"
2025-09-02,"Bike","Peaches, Raw","3.00 small - 2 1/2"" diameter","Fruits and Fruit Juices"
2025-09-02,"Bike","Apple, Fresh, With Skin","120.00 g","Fruits and Fruit Juices"
2025-09-02,"Bike","Greek Yogurt, Plain, Nonfat","300.00 g","Dairy and Egg Products"
2025-09-02,"Bike","Cappuccino","1.50 short - each 8 fl oz","Beverages"
2025-09-03,"Breakfast","Porridge Banana Cioccolato Peanut","1.00 full recipe",""
2025-09-03,"Lunch","Spelt, Cooked","1.50 cup","Cereal Grains and Pasta"
2025-09-03,"Lunch","Caseificio Pini, Nutricotta","2.50 serving","Dairy and Egg Products"
2025-09-03,"Dinner","Dahl Lenticchie 300g patate dolci 800g","1.00 Serving",""
2025-09-03,"Snacks","Panino Peanut and Marmellata","1.00 full recipe",""
2025-09-03,"Snacks","Bran Flakes (Store Brand (e.g. Great Value))","0.80 cup, whole pieces","Breakfast Cereals"
2025-09-03,"Bike","Peaches, Raw","2.00 small - 2 1/2"" diameter","Fruits and Fruit Juices"
2025-09-03,"Bike","Bananas, Raw","1.00 large - 8"" to 8 7/8"" long","Fruits and Fruit Juices"
2025-09-03,"Bike","Cappuccino","1.00 short - each 8 fl oz","Beverages"
2025-09-03,"Bike","Peanut Butter, Salted","10.00 g","Fats and Oils"
2025-09-05,"Breakfast","Porridge Banana Cioccolato Peanut","1.00 full recipe",""
2025-09-05,"Lunch","Milbona, Mozzarella, High Protein","1.25 serving","Dairy and Egg Products"
2025-09-05,"Lunch","Whole Wheat Bread, Store Bought","120.00 g","Baked Products"
2025-09-05,"Lunch","Eggs, Cooked","1.00 large","Dairy and Egg Products"
2025-09-05,"Lunch","Tomato, Red, Raw","1.00 medium - 2 3/5"" diameter","Vegetables and Vegetable Products"
2025-09-05,"Lunch","Crenshaw Melon","1.50 cup","Fruits and Fruit Juices"
2025-09-05,"Lunch","Apple, Fresh, With Skin","120.00 g","Fruits and Fruit Juices"
2025-09-05,"Dinner","Avocado toast 3 uova","1.00 full recipe",""
2025-09-05,"Snacks","Panino Peanut and Marmellata","1.00 full recipe",""
2025-09-05,"Snacks","Greek Yogurt, Plain, Nonfat","300.00 g","Dairy and Egg Products"
2025-09-05,"Snacks","Carrefour Bio, Spelt Cakes","4.00 Piece","Snacks"
2025-09-05,"Snacks","Honey","30.00 g","Sweets"
2025-09-06,"'-","Pizza Bresaola Rucola e Grana","1.00 full recipe",""
2025-09-06,"Breakfast","Porridge Banana Cioccolato Peanut","1.00 full recipe",""
2025-09-06,"Lunch","Dahl Lenticchie 300g patate dolci 800g","1.00 Serving",""
2025-09-06,"Lunch","Textured Vegetable Protein, TVP, Dry, Not Fortified","25.00 g","Vegetables and Vegetable Products"
2025-09-06,"Lunch","Green Peas, Cooked from Frozen","450.00 g","Vegetables and Vegetable Products"
2025-09-06,"Lunch","Bragg, Nutritional Yeast, Cheesy","2.00 tbsp","Spices and Herbs"
2025-09-06,"Snacks","Milbona, High Protein Pudding, Chocolate","2.00 serving","Dairy and Egg Products"
2025-09-06,"Snacks","Peaches, Raw","1.00 small - 2 1/2"" diameter","Fruits and Fruit Juices"
2025-09-06,"Snacks","Carrefour Bio, Spelt Cakes","4.00 Piece","Snacks"
2025-09-06,"Bike","Panino Peanut and Marmellata","4.00 full recipe",""
2025-09-06,"Bike","Cappuccino","3.00 short - each 8 fl oz","Beverages"
2025-09-06,"Bike","Croissant, Chocolate","3.00 small","Baked Products"
2025-09-08,"Breakfast","Porridge Banana Cioccolato Peanut","1.00 full recipe",""
2025-09-08,"Breakfast","Bananas, Raw","1.00 medium - 7"" to 7 7/8"" long","Fruits and Fruit Juices"
2025-09-08,"Breakfast","Oranges, Raw","1.00 large - 3 1/16"" diameter","Fruits and Fruit Juices"
2025-09-08,"Lunch","Apple, Fresh, With Skin","200.00 g","Fruits and Fruit Juices"
2025-09-08,"Lunch","Avocado, Black Skin","1.20 each","Fruits and Fruit Juices"
2025-09-08,"Lunch","Eggs, Cooked","4.00 large","Dairy and Egg Products"
2025-09-08,"Lunch","Taho Cereal, Whole Wheat Bread, 5 Cereals and Seeds","1.40 x 100.0 grams","Baked Products"
2025-09-08,"Lunch","Greek Yogurt, Plain, Nonfat","150.00 g","Dairy and Egg Products"
2025-09-08,"Lunch","Tomato Sauce","200.00 g","Vegetables and Vegetable Products"
2025-09-08,"Dinner","Pane e caprese fiocchi di latte","1.00 full recipe",""
2025-09-08,"Snacks","Panino Peanut and Marmellata","1.00 full recipe",""
2025-09-08,"Snacks","Italiamo, Croissants with Creme Patissiere Style Filling","0.65 serving","Baked Products"
2025-09-08,"Snacks","Cappuccino","1.50 short - each 8 fl oz","Beverages"
2025-09-09,"Dinner","Black Beans, Canned, Drained","1.30 cup, whole pieces","Legumes and Legume Products"
2025-09-09,"Dinner","Tomato Sauce","150.00 g","Vegetables and Vegetable Products"
2025-09-09,"Dinner","Scarpone's, Polenta","1.50 x 2.0 1/2 slices","Meals, Entrees, and Sidedishes"
2025-09-09,"Dinner","Peppers, Sweet Yellow, Raw","1.50 large - 3"" diameter x 3 3/4""","Vegetables and Vegetable Products"
2025-09-09,"Dinner","Textured Vegetable Protein, TVP, Dry, Not Fortified","110.00 g","Vegetables and Vegetable Products"
2025-09-10,"Breakfast","Porridge Banana Cioccolato Peanut","1.00 full recipe",""
2025-09-10,"Breakfast","Bananas, Raw","2.00 medium - 7"" to 7 7/8"" long","Fruits and Fruit Juices"
2025-09-10,"Breakfast","Oranges, Raw","1.00 large - 3 1/16"" diameter","Fruits and Fruit Juices"
2025-09-10,"Breakfast","Apple, Fresh, With Skin","125.00 g","Fruits and Fruit Juices"
2025-09-10,"Lunch","Avocado toast 3 uova","1.00 full recipe",""
2025-09-10,"Dinner","Dahl Lenticchie 300g patate dolci 800g","1.00 Serving",""
2025-09-10,"Snacks","Cappuccino","1.50 short - each 8 fl oz","Beverages"
2025-09-10,"Snacks","Panino Peanut and Marmellata","1.00 full recipe",""
2025-09-10,"Bike","Peanut Butter, Salted","25.00 g","Fats and Oils"
2025-09-11,"Breakfast","Porridge Banana Cioccolato Peanut","1.00 full recipe",""
2025-09-11,"Lunch","Dahl Lenticchie 300g patate dolci 800g","1.00 Serving",""
2025-09-11,"Dinner","Avocado, Black Skin","1.20 each","Fruits and Fruit Juices"
2025-09-11,"Dinner","Eggs, Cooked","4.00 large","Dairy and Egg Products"
2025-09-11,"Dinner","Taho Cereal, Whole Wheat Bread, 5 Cereals and Seeds","1.40 x 100.0 grams","Baked Products"
2025-09-11,"Snacks","Carrefour Bio, Spelt Cakes","6.00 Piece","Snacks"
2025-09-11,"Snacks","Honey","80.00 g","Sweets"
2025-09-11,"Snacks","Greek Yogurt, Plain, Nonfat","300.00 g","Dairy and Egg Products"
2025-09-11,"Snacks","Oranges, Raw","2.00 large - 3 1/16"" diameter","Fruits and Fruit Juices"
2025-09-11,"Bike","Bananas, Raw","2.00 medium - 7"" to 7 7/8"" long","Fruits and Fruit Juices"
2025-09-11,"Bike","Milbona, High Protein Pudding, Chocolate","3.00 serving","Dairy and Egg Products"
2025-09-12,"Breakfast","Porridge Banana Cioccolato Peanut","1.00 full recipe",""
2025-09-12,"Lunch","Chili con carne with beans, canned entree","1.25 cup","Meals, Entrees, and Sidedishes"
2025-09-12,"Lunch","Potato, Boiled without Skin","3.50 small - 1 3/4"" to 2 1/2"" diameter","Vegetables and Vegetable Products"
2025-09-12,"Dinner","Avocado, Black Skin","1.20 each","Fruits and Fruit Juices"
2025-09-12,"Dinner","Eggs, Cooked","2.00 large","Dairy and Egg Products"
2025-09-12,"Dinner","Taho Cereal, Whole Wheat Bread, 5 Cereals and Seeds","1.40 x 100.0 grams","Baked Products"
2025-09-12,"Snacks","Carrefour Bio, Spelt Cakes","6.00 Piece","Snacks"
2025-09-12,"Snacks","Honey","65.00 g","Sweets"
2025-09-12,"Snacks","Greek Yogurt, Plain, Nonfat","300.00 g","Dairy and Egg Products"
2025-09-12,"Bike","Tomato Sauce","200.00 g","Vegetables and Vegetable Products"
2025-09-12,"Bike","Milbona, High Protein Pudding, Chocolate","2.00 serving","Dairy and Egg Products"
2025-09-12,"Bike","Eggs, Cooked","2.00 large","Dairy and Egg Products"
2025-09-12,"Bike","Oranges, Raw","2.00 large - 3 1/16"" diameter","Fruits and Fruit Juices"
2025-09-12,"Bike","Apple, Fresh, With Skin","125.00 g","Fruits and Fruit Juices"
2025-09-12,"Bike","Peaches, Raw","2.00 small - 2 1/2"" diameter","Fruits and Fruit Juices"
2025-09-13,"Breakfast","Porridge Banana Cioccolato Peanut","1.00 full recipe",""
2025-09-13,"Lunch","Dahl Lenticchie 300g patate dolci 800g","1.00 Serving",""
2025-09-13,"Dinner","Black Beans, Canned, Drained","1.00 cup, whole pieces","Legumes and Legume Products"
2025-09-13,"Dinner","Tomato Sauce","150.00 g","Vegetables and Vegetable Products"
2025-09-13,"Dinner","Tofu, Not Silken, Cooked, Firm","125.00 g","Legumes and Legume Products"
2025-09-13,"Dinner","Eggs, Cooked","2.00 large","Dairy and Egg Products"
2025-09-13,"Dinner","Scarpone's, Polenta","1.00 x 2.0 1/2 slices","Meals, Entrees, and Sidedishes"
2025-09-13,"Dinner","Cuisine Solutions, Sliced Grass-Fed Beef Sirloin","1.00 x 3.0 oz","Beef Products"
2025-09-14,"Breakfast","Porridge Banana Cioccolato Peanut","1.00 full recipe",""
2025-09-14,"Lunch","Milbona, Mozzarella, High Protein","1.25 serving","Dairy and Egg Products"
2025-09-14,"Lunch","Ah, Cherry Tomatoes","300.00 g","Fruits and Fruit Juices"
2025-09-14,"Lunch","Whole Wheat Bread, Store Bought","150.00 g","Baked Products"
2025-09-14,"Lunch","Green Olives","5.00 medium","Vegetables and Vegetable Products"
2025-09-14,"Dinner","Pizza Bresaola Rucola e Grana","1.00 full recipe",""
2025-09-14,"Snacks","Greek Yogurt, Plain, Nonfat","300.00 g","Dairy and Egg Products"
2025-09-14,"Snacks","Peanut Butter, Salted","10.00 g","Fats and Oils"
2025-09-14,"Bike","Focaccia Bread","1.50 slice - 1/8 of 12"" diameter","Baked Products"
2025-09-14,"Bike","Your Fresh Market, Danish Croissant, Raspberry","1.50 croissant","Sweets"
2025-09-14,"Bike","Cappuccino","1.50 short - each 8 fl oz","Beverages"
2025-09-14,"Bike","Bio Pane, di Segale Integrale","75.00 g","Baked Products"
2025-09-14,"Bike","Smucker's, Strawberry Jam","2.00 tbsp","Fruits and Fruit Juices"
2025-09-18,"'-","Dahl Lenticchie 300g patate dolci 800g","1.50 Serving",""
2025-09-18,"Breakfast","Porridge Banana Cioccolato Peanut","1.00 full recipe",""
2025-09-18,"Lunch","Avocado, Black Skin","1.00 each","Fruits and Fruit Juices"
2025-09-18,"Lunch","Eggs, Cooked","3.00 large","Dairy and Egg Products"
2025-09-18,"Lunch","Taho Cereal, Whole Wheat Bread, 5 Cereals and Seeds","1.40 x 100.0 grams","Baked Products"
2025-09-18,"Lunch","Chickpeas, Boiled without Salt","240.00 g","Legumes and Legume Products"
2025-09-18,"Lunch","Peppers, Sweet Yellow, Raw","0.30 large - 3"" diameter x 3 3/4""","Vegetables and Vegetable Products"
2025-09-18,"Lunch","Onion, White, Yellow or Red, Raw","1.00 medium - 2 1/2"" diameter","Vegetables and Vegetable Products"
2025-09-18,"Lunch","Arugula, Raw","50.00 g","Vegetables and Vegetable Products"
2025-09-18,"Snacks","Peaches, Raw","1.00 small - 2 1/2"" diameter","Fruits and Fruit Juices"
2025-09-18,"Snacks","Oranges, Raw","1.40 large - 3 1/16"" diameter","Fruits and Fruit Juices"
2025-09-19,"Lunch","Whole Wheat Bread, Store Bought","80.00 g","Baked Products"
2025-09-19,"Lunch","Peanut Butter, Unsalted","0.60 tbsp","Fats and Oils"
2025-09-19,"Lunch","Pams, Strawberry Jam, 50% Fruit","1.50 portion","Sweets"
2025-09-26,"Lunch","Barilla, Protein+ Pasta, Angel Hair","200.00 g","Cereal Grains and Pasta"
2025-09-26,"Lunch","Tomato Sauce","250.00 g","Vegetables and Vegetable Products"
2025-09-26,"Lunch","Green Olives","10.00 medium","Vegetables and Vegetable Products"
2025-09-30,"Breakfast","Panino Peanut and Marmellata","1.00 full recipe",""
2025-09-30,"Breakfast","Porridge Banana Cioccolato Peanut","1.00 full recipe",""
2025-09-30,"Breakfast","Milbona, High Protein Pudding, Chocolate","1.00 serving","Dairy and Egg Products"
2025-09-30,"Lunch","Whole Wheat Bread, Store Bought","150.00 g","Baked Products"
2025-09-30,"Lunch","Milbona, Mozzarella, High Protein","1.25 serving","Dairy and Egg Products"
2025-09-30,"Lunch","Spelt, Cooked","140.00 g","Cereal Grains and Pasta"
2025-09-30,"Lunch","Tomato Sauce","250.00 g","Vegetables and Vegetable Products"
2025-09-30,"Lunch","Textured Vegetable Protein, TVP, Dry, Not Fortified","20.00 g","Vegetables and Vegetable Products"
2025-09-30,"Dinner","Dahl Lenticchie 300g patate dolci 800g","1.00 Serving",""
2025-10-01,"Breakfast","Porridge Banana Cioccolato Peanut","1.00 full recipe",""
2025-10-01,"Lunch","Avocado toast (2 pane, 3 uova)","1.00 full recipe",""
2025-10-01,"Dinner","Tofu, Not Silken, Cooked, Firm","250.00 g","Legumes and Legume Products"
2025-10-01,"Dinner","Mango, Fresh","1.20 each","Fruits and Fruit Juices"
2025-10-14,"Lunch","Avocado, Black Skin","1.20 each","Fruits and Fruit Juices"
2025-10-14,"Lunch","Eggs, Cooked","3.00 large","Dairy and Egg Products"
2025-10-14,"Lunch","Taho Cereal, Whole Wheat Bread, 5 Cereals and Seeds","1.40 x 100.0 grams","Baked Products"
2025-10-14,"Lunch","Egg Whites Only, Cooked","225.00 g","Dairy and Egg Products"
2025-10-14,"Lunch","Potato, Boiled with Skin","0.50 medium - 2 1/4"" to 3 1/4"" diameter","Vegetables and Vegetable Products"
2025-10-14,"Lunch","Grana Padano, Mantova Grated Cheese","10.00 g","Dairy and Egg Products"
2025-10-14,"Dinner","Black Beans, Canned, Drained","0.85 cup, whole pieces","Legumes and Legume Products"
2025-10-14,"Dinner","Tomato Sauce","150.00 g","Vegetables and Vegetable Products"
2025-10-14,"Dinner","Sweet Potato, Baked","350.00 g","Vegetables and Vegetable Products"
2025-10-14,"Dinner","Textured Vegetable Protein, TVP, Dry, Not Fortified","45.00 g","Vegetables and Vegetable Products"
2025-10-19,"'-","Porridge Banana Cioccolato Peanut","1.00 full recipe",""
2025-10-19,"Breakfast","Lentils, Pink or Red, Raw","100.00 g","Legumes and Legume Products"
2025-10-19,"Breakfast","Onion, White, Yellow or Red, Raw","0.67 medium - 2 1/2"" diameter","Vegetables and Vegetable Products"
2025-10-19,"Breakfast","Milk, Whole","33.33 g","Dairy and Egg Products"
2025-10-19,"Breakfast","Curry Powder","6.67 g","Spices and Herbs"
2025-10-19,"Breakfast","Carrots, Cooked From Fresh","2.00 medium - 6"" to 7"" long","Vegetables and Vegetable Products"
2025-10-19,"Breakfast","Corn, Yellow, Canned, Drained","1.25 cup, whole pieces","Vegetables and Vegetable Products"
2025-10-19,"Breakfast","Arugula, Raw","30.00 g","Vegetables and Vegetable Products"
2025-10-19,"Lunch","Black Beans, Canned, Drained","0.80 cup, whole pieces","Legumes and Legume Products"
2025-10-19,"Lunch","Olive Oil","1.00 tbsp","Fats and Oils"
2025-10-19,"Lunch","Textured Vegetable Protein, TVP, Dry, Not Fortified","25.00 g","Vegetables and Vegetable Products"
2025-10-19,"Dinner","Apple, Fresh, With Skin","200.00 g","Fruits and Fruit Juices"
2025-10-19,"Dinner","Oranges, Raw","2.00 large - 3 1/16"" diameter","Fruits and Fruit Juices"
2025-10-21,"Lunch","Spinach, Raw","200.00 g","Vegetables and Vegetable Products"
2025-10-21,"Lunch","Chickpeas, Boiled without Salt","240.00 g","Legumes and Legume Products"
2025-10-21,"Lunch","Milk, Whole","100.00 g","Dairy and Egg Products"
2025-10-21,"Lunch","Tomato Sauce","55.00 g","Vegetables and Vegetable Products"
2025-10-21,"Lunch","Onion, White, Yellow or Red, Raw","1.00 medium - 2 1/2"" diameter","Vegetables and Vegetable Products"
2025-10-24,"Breakfast","Porridge Banana Cioccolato Peanut","1.00 full recipe",""
2025-10-24,"Lunch","Spelt, Cooked","280.00 g","Cereal Grains and Pasta"
2025-10-24,"Lunch","Eggs, Cooked","3.00 large","Dairy and Egg Products"
2025-10-24,"Lunch","Peaches, Raw","1.30 small - 2 1/2"" diameter","Fruits and Fruit Juices"
2025-10-24,"Lunch","Tomato Sauce","220.00 g","Vegetables and Vegetable Products"
2025-10-27,"Breakfast","Porridge Banana Cioccolato Peanut","1.00 full recipe",""
2025-10-27,"Lunch","Pane e caprese fiocchi di latte","1.00 full recipe",""
2025-10-27,"Dinner","Lentils, Pink or Red, Raw","100.00 g","Legumes and Legume Products"
2025-10-27,"Dinner","Onion, White, Yellow or Red, Raw","0.67 medium - 2 1/2"" diameter","Vegetables and Vegetable Products"
2025-10-27,"Dinner","Milk, Whole","33.33 g","Dairy and Egg Products"
2025-10-27,"Dinner","Curry Powder","6.67 g","Spices and Herbs"
2025-10-27,"Dinner","Eggs, Cooked","2.00 large","Dairy and Egg Products"
2025-10-27,"Dinner","Pumpkin, Cooked from Fresh","200.00 g","Vegetables and Vegetable Products"
2025-10-27,"Dinner","Greek Yogurt, Plain, Nonfat","150.00 g","Dairy and Egg Products"
2025-10-27,"Dinner","Apple, Fresh, With Skin","200.00 g","Fruits and Fruit Juices"
2025-10-27,"Dinner","Egg Whites Only, Cooked","150.00 g","Dairy and Egg Products"
2025-10-27,"Dinner","Potato, Boiled with Skin","1.30 medium - 2 1/4"" to 3 1/4"" diameter","Vegetables and Vegetable Products"
2025-10-27,"Dinner","Smucker's, Strawberry Jam","2.00 tbsp","Fruits and Fruit Juices"
2025-10-28,"Lunch","Chard, Swiss, Cooked, Boiled, Drained, with Salt","2.00 cup, chopped","Vegetables and Vegetable Products"
2025-10-30,"Breakfast","Cocoa Powder, Unsweetened","2.00 tbsp","Nut and Seed Products"
2025-10-30,"Breakfast","Peanut butter, powder","25.00 g","Fats and Oils"
2025-10-30,"Breakfast","Dark Chocolate Bar, 60%-69% Cacao","10.00 g","Sweets"
2025-10-30,"Breakfast","Bananas, Raw","1.00 large - 8"" to 8 7/8"" long","Fruits and Fruit Juices"
2025-10-30,"Breakfast","Milk, 2% Fat, Reduced Fat","0.80 cup","Dairy and Egg Products"
2025-10-30,"Breakfast","Rolled Oats, dry","60.00 g","Breakfast Cereals"
2025-10-30,"Lunch","Parmesan Cheese, Fresh, Hard","30.00 g","Dairy and Egg Products"
2025-10-30,"Lunch","Pizza Bresaola Rucola e Grana","1.00 full recipe",""
2025-10-30,"Dinner","Egg Whites Only, Cooked","150.00 g","Dairy and Egg Products"
2025-10-30,"Dinner","Apple, Fresh, With Skin","300.00 g","Fruits and Fruit Juices"
2025-10-30,"Dinner","Lentils, Pink or Red, Raw","90.00 g","Legumes and Legume Products"
2025-10-30,"Dinner","Milk, Whole","33.33 g","Dairy and Egg Products"
2025-10-30,"Dinner","Eggs, Cooked","2.00 large","Dairy and Egg Products"
2025-10-30,"Dinner","Greek Yogurt, Plain, Nonfat","220.00 g","Dairy and Egg Products"
2025-10-30,"Dinner","Rice, White, Long-Grain, Regular, Enriched, Cooked","75.00 g","Cereal Grains and Pasta"
2025-10-30,"Dinner","Mixed Vegetables, Peas and Carrots, Cooked from Frozen","1.00 cup, cut pieces","Vegetables and Vegetable Products"
2025-10-30,"Snacks","Milbona, High Protein Pudding, Chocolate","1.00 serving","Dairy and Egg Products"
2025-10-30,"Snacks","Spelt Flakes","1.50 cup, whole pieces","Breakfast Cereals"
2025-10-30,"Snacks","Honey","25.00 g","Sweets"
2025-11-06,"Lunch","Basil, Fresh","20.00 g","Vegetables and Vegetable Products"
2025-11-06,"Lunch","Spinach, Raw","200.00 g","Vegetables and Vegetable Products"
2025-11-06,"Lunch","Almonds, Raw","3.00 each","Nut and Seed Products"
2025-11-06,"Lunch","Olive Oil","1.00 tbsp","Fats and Oils"
2025-11-06,"Lunch","Red Bell Peppers, Raw","1.00 medium - 2 1/2"" diameter x 2 3/4""","Vegetables and Vegetable Products"
2025-11-08,"Snacks","Spinach, Raw","200.00 g","Vegetables and Vegetable Products"
2025-11-08,"Snacks","Chickpeas, Boiled without Salt","240.00 g","Legumes and Legume Products"
2025-11-08,"Snacks","Onion, White, Yellow or Red, Raw","1.00 medium - 2 1/2"" diameter","Vegetables and Vegetable Products"
2025-11-08,"Snacks","Milk, Whole","33.33 g","Dairy and Egg Products"
2025-11-08,"Snacks","Curry Powder","20.00 g","Spices and Herbs"
2025-11-08,"Snacks","Potato, Boiled with Skin","1.30 medium - 2 1/4"" to 3 1/4"" diameter","Vegetables and Vegetable Products"
2025-11-20,"Breakfast","Porridge Banana Cioccolato Peanut","1.00 full recipe",""
2025-11-22,"Lunch","Eggs, Cooked","2.00 large","Dairy and Egg Products"
2025-11-22,"Lunch","Onion, White, Yellow or Red, Raw","1.00 medium - 2 1/2"" diameter","Vegetables and Vegetable Products"
2025-11-22,"Lunch","Chickpeas, Boiled without Salt","240.00 g","Legumes and Legume Products"
2025-11-22,"Lunch","Whole Wheat Bread, Store Bought","70.00 g","Baked Products"
2025-11-22,"Lunch","Tomato Sauce","220.00 g","Vegetables and Vegetable Products"
2025-11-22,"Lunch","Basil, Fresh","20.00 g","Vegetables and Vegetable Products"
2026-01-15,"Lunch","Chickpeas, Boiled without Salt","200.00 g","Legumes and Legume Products"
2026-01-15,"Lunch","Spinach, Raw","120.00 g","Vegetables and Vegetable Products"
2026-01-15,"Lunch","Onion, White, Yellow or Red, Raw","1.00 medium - 2 1/2"" diameter","Vegetables and Vegetable Products"
2026-01-15,"Lunch","Potato, Boiled with Skin","1.30 medium - 2 1/4"" to 3 1/4"" diameter","Vegetables and Vegetable Products"
2026-01-15,"Lunch","Milk, Whole","45.00 g","Dairy and Egg Products"
2026-01-15,"Lunch","Tomato Sauce","100.00 g","Vegetables and Vegetable Products"
2026-01-15,"Lunch","Garlic, Cooked","2.00 clove","Vegetables and Vegetable Products"
2026-01-16,"Breakfast","Chickpeas, Boiled without Salt","200.00 g","Legumes and Legume Products"
2026-01-21,"Breakfast","Porridge Banana Cioccolato Peanut","1.00 full recipe",""
2026-01-21,"Lunch","Dahl Lenticchie 300g patate dolci 800g","1.00 Serving",""
2026-01-21,"Snacks","Greek Yogurt, Plain, Nonfat","300.00 g","Dairy and Egg Products"
2026-01-21,"Snacks","Rolled Oats, dry","4.00 tbsp","Breakfast Cereals"
2026-01-21,"Snacks","Honey","1.00 tbsp","Sweets"
2026-01-21,"Snacks","Pams, Jam, Mixed Berries","15.00 g","Sweets"
2026-01-23,"Dinner","Chickpea Flour","82.50 g","Legumes and Legume Products"
2026-01-23,"Dinner","Onion, White, Yellow or Red, Raw","0.25 medium - 2 1/2"" diameter","Vegetables and Vegetable Products"
2026-01-23,"Dinner","Rosemary, Dried","5.00 tsp","Spices and Herbs"
2026-01-23,"Dinner","Chickpeas, Boiled without Salt","240.00 g","Legumes and Legume Products"
2026-01-23,"Dinner","Spinach, Raw","120.00 g","Vegetables and Vegetable Products"
2026-01-23,"Dinner","Onion, White, Yellow or Red, Raw","1.00 medium - 2 1/2"" diameter","Vegetables and Vegetable Products"
2026-01-23,"Dinner","Milk, Whole","45.00 g","Dairy and Egg Products"
2026-01-23,"Dinner","Tomato Sauce","100.00 g","Vegetables and Vegetable Products"
2026-01-23,"Dinner","Garlic, Cooked","2.00 clove","Vegetables and Vegetable Products"
2026-01-25,"Breakfast","Porridge Banana Cioccolato Peanut","1.00 full recipe",""
2026-01-25,"Lunch","Scarpone's, Polenta","1.00 x 2.0 1/2 slices","Meals, Entrees, and Sidedishes"
2026-01-25,"Lunch","Beef, Fillet Steak, Raw, Lean","200.00 g","Beef Products"
2026-01-25,"Lunch","Arugula, Raw","80.00 g","Vegetables and Vegetable Products"
2026-01-25,"Lunch","Whole Wheat Bread, Store Bought","65.00 g","Baked Products"
2026-01-25,"Lunch","Mushrooms, Cooked from Fresh","100.00 g","Vegetables and Vegetable Products"
2026-01-25,"Lunch","Olive Oil","0.50 tbsp","Fats and Oils"
2026-01-25,"Lunch","Oranges, Raw","2.00 large - 3 1/16"" diameter","Fruits and Fruit Juices"
2026-01-25,"Dinner","Avocado toast 3 uova","1.00 full recipe",""
2026-01-25,"Snacks","Greek Yogurt, Plain, Nonfat","300.00 g","Dairy and Egg Products"
2026-01-25,"Snacks","Jam or Preserves","1.00 tbsp","Sweets"
2026-01-25,"Snacks","Carrefour Bio, Spelt Cakes","6.00 Piece","Snacks"
2026-01-30,"Dinner","Fagioli, Cannellini Beans, Canned","2.40 x 100.0 grams","Legumes and Legume Products"
2026-01-30,"Dinner","Whole Wheat Bread, Store Bought","120.00 g","Baked Products"
2026-01-30,"Dinner","Red Bell Peppers, Raw","1.30 medium - 2 1/2"" diameter x 2 3/4""","Vegetables and Vegetable Products"
2026-01-30,"Dinner","Tomato Sauce","100.00 g","Vegetables and Vegetable Products"
2026-01-30,"Dinner","Onion, White, Yellow or Red, Raw","1.00 medium - 2 1/2"" diameter","Vegetables and Vegetable Products"
2026-02-01,"Lunch","Couscous, Cooked","300.00 g","Cereal Grains and Pasta"
2026-02-01,"Lunch","Chickpeas, Boiled without Salt","240.00 g","Legumes and Legume Products"
2026-02-01,"Lunch","Milk, Whole","45.00 g","Dairy and Egg Products"
2026-02-01,"Lunch","Caseificio Pini, Nutricotta","2.00 serving","Dairy and Egg Products"
2026-02-08,"Lunch","Chickpea Flour","82.50 g","Legumes and Legume Products"
2026-02-08,"Lunch","Onion, White, Yellow or Red, Raw","0.25 medium - 2 1/2"" diameter","Vegetables and Vegetable Products"
2026-02-08,"Lunch","Rosemary, Dried","5.00 tsp","Spices and Herbs"
2026-02-08,"Lunch","Olive Oil","0.13 tbsp","Fats and Oils"
2026-02-08,"Dinner","Pumpkin, Cooked from Fresh","350.00 g","Vegetables and Vegetable Products"
2026-02-09,"Dinner","Chickpeas, Boiled without Salt","140.00 g","Legumes and Legume Products"
2026-02-13,"Dinner","Chickpeas, Boiled without Salt","240.00 g","Legumes and Legume Products"
2026-02-13,"Dinner","Spinach, Raw","120.00 g","Vegetables and Vegetable Products"
2026-02-13,"Dinner","Onion, White, Yellow or Red, Raw","1.00 medium - 2 1/2"" diameter","Vegetables and Vegetable Products"
2026-02-13,"Dinner","Milk, Whole","45.00 g","Dairy and Egg Products"
2026-02-13,"Dinner","Tomato Sauce","100.00 g","Vegetables and Vegetable Products"
2026-02-13,"Dinner","Garlic, Cooked","2.00 clove","Vegetables and Vegetable Products"
2026-02-16,"Lunch","Tomato Sauce","150.00 g","Vegetables and Vegetable Products"
2026-02-16,"Lunch","Tofu, Not Silken, Cooked, Firm","2.00 block - 7"" x 1 9/16"" x 1 5/8""","Legumes and Legume Products"
2026-02-16,"Lunch","Grana Padano, Mantova Grated Cheese","0.04 g","Dairy and Egg Products"
2026-02-16,"Lunch","Jumbo, Dried Red Lentils","1.00 serving","Legumes and Legume Products"
2026-02-16,"Lunch","Red Bell Peppers, Raw","1.00 cup, sliced","Vegetables and Vegetable Products"
2026-02-22,"Dinner","Lentils, Boiled","240.00 g","Legumes and Legume Products"
2026-02-22,"Dinner","Olive Oil","0.50 tbsp","Fats and Oils"
2026-02-22,"Dinner","Mushrooms, Cooked from Fresh","100.00 g","Vegetables and Vegetable Products"
2026-03-24,"Breakfast","Dill Pickles","5.00 medium - 3 3/4"" long","Vegetables and Vegetable Products"
2026-03-24,"Breakfast","Avocado toast 3 uova","1.00 full recipe",""
2026-05-04,"'-","Scarpone's, Polenta","1.00 x 2.0 1/2 slices","Meals, Entrees, and Sidedishes"
2026-05-04,"'-","Panino Peanut and Marmellata","1.00 full recipe",""
2026-05-04,"'-","Beets, Boiled, Drained","2.00 each - 2"" diameter","Vegetables and Vegetable Products"
2026-05-04,"'-","Cafe Latte","0.50 medium or grande - each 16 fl oz","Beverages"
2026-05-04,"Breakfast","Porridge Banana Cioccolato Peanut","1.00 full recipe",""
2026-05-04,"Lunch","Pane e caprese fiocchi di latte","1.00 full recipe",""
2026-05-04,"Dinner","Dahl Lenticchie 300g patate dolci 800g","1.00 Serving",""
2026-05-04,"Snacks","Greek Yogurt, Plain, Nonfat","450.00 g","Dairy and Egg Products"
2026-05-04,"Snacks","Banane, Crue","3.00 medium - 7"" to 7 7/8"" long","Fruits and Fruit Juices"
2026-05-04,"Snacks","Peanut Butter, Salted","4.00 tsp","Fats and Oils"
2026-05-04,"Snacks","Jam or Preserves","2.00 tbsp","Sweets"
2026-05-04,"Snacks","Carrefour Bio, Spelt Cakes","5.00 Piece","Snacks"
2026-05-04,"Snacks","Pear, Raw","100.00 g","Fruits and Fruit Juices"
2026-05-20,"Breakfast","Pear, Raw","150.00 g","Fruits and Fruit Juices"
2026-05-20,"Breakfast","Pane e caprese fiocchi di latte","1.00 full recipe",""
2026-05-20,"Breakfast","Cocoa Powder, Unsweetened","2.00 tbsp","Nut and Seed Products"
2026-05-20,"Breakfast","Peanut butter, powder","10.00 g","Fats and Oils"
2026-05-20,"Breakfast","Dark Chocolate Bar, 60%-69% Cacao","10.00 g","Sweets"
2026-05-20,"Breakfast","Bananas, Raw","2.00 large - 8"" to 8 7/8"" long","Fruits and Fruit Juices"
2026-05-20,"Breakfast","Milk, 2% Fat, Reduced Fat","0.80 cup","Dairy and Egg Products"
2026-05-20,"Breakfast","Rolled Oats, dry","60.00 g","Breakfast Cereals"
2026-05-20,"Breakfast","Peaches, Raw","1.00 small - 2 1/2"" diameter","Fruits and Fruit Juices"
2026-06-06,"Dinner","Sweet Potato, Baked","140.00 g","Vegetables and Vegetable Products"
2026-06-06,"Dinner","Lentil Soup, Ready-to-serve Can, Fat Free","2.00 cup","Soups, Sauces, and Gravies"
2026-06-06,"Dinner","Boiled Eggs","1.50 large","Dairy and Egg Products"
2026-06-06,"Dinner","Whole Wheat Bread, Store Bought","70.00 g","Baked Products"
2026-06-08,"'-","Chickpea Flour","120.00 g","Legumes and Legume Products"
2026-06-08,"'-","Onion, White, Yellow or Red, Raw","0.00 medium - 2 1/2"" diameter","Vegetables and Vegetable Products"
2026-06-08,"'-","Rosemary, Dried","0.01 tsp","Spices and Herbs"
2026-06-08,"'-","Bragg, Nutritional Yeast, Cheesy","0.01 tbsp","Spices and Herbs"
2026-06-08,"'-","Spinach, Raw","250.00 g","Vegetables and Vegetable Products"
2026-06-08,"'-","Ricotta Cheese, Whole Milk","140.00 g","Dairy and Egg Products"
2026-06-08,"'-","Grana Padano, Mantova Grated Cheese","25.00 g","Dairy and Egg Products"
2026-06-10,"Breakfast","Porridge Banana Cioccolato Peanut","1.00 full recipe",""
2026-06-10,"Lunch","Lentil Soup, Ready-to-serve Can, Fat Free","2.50 cup","Soups, Sauces, and Gravies"
2026-06-10,"Dinner","Avocado toast 3 uova","1.00 full recipe",""
2026-06-10,"Bike","Bananas, Raw","3.00 medium - 7"" to 7 7/8"" long","Fruits and Fruit Juices"
2026-06-10,"Bike","Peaches, Raw","1.00 small - 2 1/2"" diameter","Fruits and Fruit Juices"
2026-06-10,"Bike","Carrefour Bio, Spelt Cakes","4.00 Piece","Snacks"
2026-06-10,"Bike","Honey","25.00 g","Sweets"
2026-06-10,"Bike","Peanut Butter, Salted","20.00 g","Fats and Oils"
2026-06-10,"Bike","Oranges, Raw","1.50 large - 3 1/16"" diameter","Fruits and Fruit Juices"
2026-06-10,"Bike","Apricots, Raw","1.50 each","Fruits and Fruit Juices"
2026-06-10,"Bike","Greek Yogurt, Plain, Nonfat","450.00 g","Dairy and Egg Products"
2026-06-11,"Breakfast","Porridge Banana Cioccolato Peanut","1.00 full recipe",""
2026-06-11,"Breakfast","Avocado toast 3 uova","1.00 full recipe",""
2026-06-11,"Lunch","Black Beans, Canned, Drained","0.80 cup, whole pieces","Legumes and Legume Products"
2026-06-11,"Lunch","Mango, Fresh","0.50 each","Fruits and Fruit Juices"
2026-06-11,"Lunch","Bread, Whole Wheat, Commercially Prepared","70.00 g","Baked Products"
2026-06-11,"Lunch","Ah, Cherry Tomatoes","200.00 g","Fruits and Fruit Juices"
2026-06-11,"Lunch","Eggs, Cooked","1.50 large","Dairy and Egg Products"
2026-06-11,"Dinner","Dahl Lenticchie 300g patate dolci 800g","1.00 Serving",""
2026-06-11,"Snacks","Spinach, Raw","150.00 g","Vegetables and Vegetable Products"
2026-06-11,"Snacks","Oranges, Raw","1.00 large - 3 1/16"" diameter","Fruits and Fruit Juices"
2026-06-11,"Snacks","Pear, Raw","150.00 g","Fruits and Fruit Juices"
2026-06-11,"Snacks","Milbona, High Protein Pudding, Chocolate","1.00 serving","Dairy and Egg Products"
2026-06-12,"Breakfast","Pear, Fresh","150.00 g","Fruits and Fruit Juices"
2026-06-12,"Breakfast","Pear, Fresh","150.00 g","Fruits and Fruit Juices"
2026-06-12,"Breakfast","Porridge Banana Cioccolato Peanut","1.00 full recipe",""
2026-06-12,"Lunch","Eggs, Cooked","2.00 large","Dairy and Egg Products"
2026-06-12,"Lunch","Bread, Whole Wheat, Commercially Prepared","160.00 g","Baked Products"
2026-06-12,"Lunch","Chickpea Flour","100.00 g","Legumes and Legume Products"
2026-06-12,"Lunch","Onion, White, Yellow or Red, Raw","0.25 medium - 2 1/2"" diameter","Vegetables and Vegetable Products"
2026-06-12,"Lunch","Rosemary, Dried","5.00 tsp","Spices and Herbs"
2026-06-12,"Lunch","Tomato Sauce","200.00 g","Vegetables and Vegetable Products"
2026-06-12,"Dinner","Dahl Lenticchie 300g patate dolci 800g","1.00 Serving",""
2026-06-12,"Dinner","Mission, Pizza Base","1.50 Package","Baked Products"
2026-06-12,"Dinner","Rigamonti, Carpaccio di Bresaola","1.00 Package","Beef Products"
2026-06-12,"Dinner","Grana Padano, Mantova Grated Cheese","1.00 portion","Dairy and Egg Products"
2026-06-12,"Dinner","Olive Oil","1.30 tsp","Fats and Oils"
2026-06-12,"Dinner","Burrata, Triumph of Cheese","100.00 g","Dairy and Egg Products"
2026-06-12,"Snacks","Pear, Raw","300.00 g","Fruits and Fruit Juices"
2026-06-12,"Snacks","Oranges, Raw","1.00 large - 3 1/16"" diameter","Fruits and Fruit Juices"
2026-06-12,"Snacks","Greek Yogurt, Plain, Nonfat","220.00 g","Dairy and Egg Products"
2026-06-12,"Snacks","Milbona, High Protein Pudding, Chocolate","1.00 serving","Dairy and Egg Products"
2026-06-12,"Snacks","Banana, Fresh","2.00 medium - 7"" to 7 7/8"" long","Fruits and Fruit Juices"
2026-06-12,"Snacks","Peanut Butter, Salted","50.00 g","Fats and Oils"
2026-06-12,"Snacks","Honey","100.00 g","Sweets"
2026-06-12,"Snacks","Latte cioccolato proteico","1.00 full recipe",""
2026-06-12,"Bike","Panino Peanut and Marmellata","2.00 full recipe",""
2026-06-12,"Bike","Carrefour Bio, Spelt Cakes","6.00 Piece","Snacks"
2026-06-12,"Bike","Whittakers, Dark Chocolate 50% Cocoa","1.00 serving","Sweets"
2026-06-13,"Breakfast","Pear, Fresh","150.00 g","Fruits and Fruit Juices"
2026-06-13,"Breakfast","Porridge Banana Cioccolato Peanut","1.00 full recipe",""
2026-06-13,"Lunch","Eggs, Cooked","2.00 large","Dairy and Egg Products"
2026-06-13,"Lunch","Bread, Whole Wheat, Commercially Prepared","160.00 g","Baked Products"
2026-06-13,"Lunch","Chickpea Flour","100.00 g","Legumes and Legume Products"
2026-06-13,"Lunch","Onion, White, Yellow or Red, Raw","0.25 medium - 2 1/2"" diameter","Vegetables and Vegetable Products"
2026-06-13,"Lunch","Rosemary, Dried","5.00 tsp","Spices and Herbs"
2026-06-13,"Lunch","Tomato Sauce","200.00 g","Vegetables and Vegetable Products"
2026-06-13,"Dinner","Dahl Lenticchie 300g patate dolci 800g","1.00 Serving",""
2026-06-13,"Snacks","Pear, Raw","150.00 g","Fruits and Fruit Juices"
2026-06-13,"Snacks","Oranges, Raw","1.00 large - 3 1/16"" diameter","Fruits and Fruit Juices"
2026-06-13,"Snacks","Milbona, High Protein Pudding, Chocolate","1.00 serving","Dairy and Egg Products"
2026-06-13,"Bike","Panino Peanut and Marmellata","2.00 full recipe",""
2026-06-13,"Bike","Greek Yogurt, Plain, Nonfat","220.00 g","Dairy and Egg Products"
2026-06-13,"Bike","Carrefour Bio, Spelt Cakes","6.00 Piece","Snacks"
2026-06-13,"Bike","Honey","100.00 g","Sweets"
2026-06-17,"Lunch","Rice, White, Long-Grain, Regular, Enriched, Cooked","125.00 g","Cereal Grains and Pasta"
2026-06-17,"Lunch","Chicken Curry, Homemade","150.00 g","Meals, Entrees, and Sidedishes"
2026-06-17,"Lunch","Granarolo, High Protein Ricotta","0.40 Pot","Dairy and Egg Products"
2026-06-17,"Lunch","Ah, Cherry Tomatoes","250.00 g","Fruits and Fruit Juices"
2026-06-17,"Lunch","Whole Wheat Bread, Store Bought","70.00 g","Baked Products"
2026-06-17,"Lunch","Banana, Fresh","1.00 medium - 7"" to 7 7/8"" long","Fruits and Fruit Juices"
2026-06-18,"Lunch","Chickpeas, Boiled without Salt","200.00 g","Legumes and Legume Products"
2026-06-18,"Lunch","Spinach, Raw","120.00 g","Vegetables and Vegetable Products"
2026-06-18,"Lunch","Onion, White, Yellow or Red, Raw","1.00 medium - 2 1/2"" diameter","Vegetables and Vegetable Products"
2026-06-18,"Lunch","Milk, Whole","45.00 g","Dairy and Egg Products"
2026-06-18,"Lunch","Tomato Sauce","100.00 g","Vegetables and Vegetable Products"
2026-06-18,"Lunch","Garlic, Cooked","2.00 clove","Vegetables and Vegetable Products"
2026-06-18,"Lunch","Whole Wheat Bread, Store Bought","70.00 g","Baked Products"
2026-06-21,"Breakfast","Avocado, Black Skin","0.50 each","Fruits and Fruit Juices"
2026-06-21,"Breakfast","Eggs, Cooked","0.80 large","Dairy and Egg Products"
2026-06-21,"Breakfast","Taho Cereal, Whole Wheat Bread, 5 Cereals and Seeds","1.20 x 100.0 grams","Baked Products"
2026-06-21,"Breakfast","Greek Yogurt, Plain, Nonfat","150.00 g","Dairy and Egg Products"
2026-06-21,"Breakfast","Banana, Fresh","2.00 medium - 7"" to 7 7/8"" long","Fruits and Fruit Juices"
2026-06-21,"Breakfast","Peanut butter, powder","12.00 g","Fats and Oils"
2026-06-21,"Breakfast","Milk, Whole","59.00 g","Dairy and Egg Products"
2026-06-23,"Breakfast","Porridge Banana Cioccolato Peanut","1.00 full recipe",""
2026-06-23,"Lunch","Eggs, Cooked","2.00 large","Dairy and Egg Products"
2026-06-23,"Lunch","Pumpkin, Cooked from Fresh","250.00 g","Vegetables and Vegetable Products"
2026-06-23,"Lunch","Sweet Potato, Baked","200.00 g","Vegetables and Vegetable Products"
2026-06-23,"Dinner","Chickpeas, Boiled without Salt","240.00 g","Legumes and Legume Products"
2026-06-23,"Dinner","Spinach, Raw","120.00 g","Vegetables and Vegetable Products"
2026-06-23,"Dinner","Onion, White, Yellow or Red, Raw","1.00 medium - 2 1/2"" diameter","Vegetables and Vegetable Products"
2026-06-23,"Dinner","Milk, Whole","45.00 g","Dairy and Egg Products"
2026-06-23,"Dinner","Tomato Sauce","100.00 g","Vegetables and Vegetable Products"
2026-06-23,"Dinner","Garlic, Cooked","2.00 clove","Vegetables and Vegetable Products"
2026-06-23,"Dinner","Sweet Potato, Baked","225.00 g","Vegetables and Vegetable Products"
2026-06-25,"Breakfast","Aubergine, Cooked","2.00 cup, cubed","Vegetables and Vegetable Products"
2026-06-25,"Lunch","Corn, Yellow, Canned, Drained","1.00 cup, whole pieces","Vegetables and Vegetable Products"
2026-07-03,"Breakfast","Horseradish","1.00 tbsp","Vegetables and Vegetable Products"
2026-07-08,"Breakfast","Milbona, Mild Yoghurt, 0.1% Fat","160.00 g","Dairy and Egg Products"
2026-07-08,"Breakfast","Banana, Fresh","1.00 medium - 7"" to 7 7/8"" long","Fruits and Fruit Juices"
2026-07-08,"Breakfast","Peanut Butter, Salted","10.00 g","Fats and Oils"
2026-07-14,"Dinner","Spelt, Cooked","1.50 cup","Cereal Grains and Pasta"
2026-07-16,"Lunch","Spelt, Dry, Unprepared","175.00 g","Cereal Grains and Pasta"
2026-07-16,"Lunch","HEB, Ricotta, Low Fat","2.00 x 0.25 cup","Dairy and Egg Products"
2026-07-16,"Lunch","Green Olives","20.00 medium","Vegetables and Vegetable Products"
2026-07-19,"Lunch","Sweet Potato, Baked","200.00 g","Vegetables and Vegetable Products"
2026-07-19,"Lunch","Tofu, Not Silken, Cooked, Firm","180.00 g","Legumes and Legume Products"
2026-07-19,"Lunch","Spinach, Raw","100.00 g","Vegetables and Vegetable Products"
2026-07-19,"Lunch","Onion, White, Yellow or Red, Raw","1.00 medium - 2 1/2"" diameter","Vegetables and Vegetable Products"
2026-07-19,"Lunch","Whole Wheat Bread, Store Bought","130.00 g","Baked Products"
2026-07-19,"Lunch","Banana, Fresh","1.00 medium - 7"" to 7 7/8"" long","Fruits and Fruit Juices"
2026-07-20,"Lunch","Gluten Free Pasta, Lentil, Cooked in Salted Water","2.50 cup","Legumes and Legume Products"
2026-07-20,"Lunch","Melissa's Produce, Dried Porcini Mushrooms","25.00 g","Vegetables and Vegetable Products"
2026-07-20,"Lunch","Ricotta Cheese, Whole Milk","60.00 g","Dairy and Egg Products"
2026-07-20,"Lunch","Kirkland Signature, Parmigiano Reggiano","20.00 g","Dairy and Egg Products"
2026-07-20,"Lunch","Olive Oil","1.00 tbsp","Fats and Oils"
2026-07-22,"'-","Honey","10.00 g","Sweets"
2026-07-22,"'-","Vitality mix","0.20 full recipe",""
2026-07-22,"'-","Greek Yogurt, Plain, Nonfat","170.00 g","Dairy and Egg Products"
2026-07-22,"'-","Cappuccino","1.00 short - each 8 fl oz","Beverages"
2026-07-22,"'-","Whey Protein Powder, 24 Grams of Protein per Scoop","0.50 scoop","Supplements"
2026-07-22,"'-","Yo & O, Yogurt and Oats, Mango","1.20 serving","Dairy and Egg Products"
2026-07-22,"Breakfast","Cappuccino","1.00 short - each 8 fl oz","Beverages"
2026-07-22,"Breakfast","Porridge Banana Cioccolato Peanut","1.00 full recipe",""
2026-07-22,"Lunch","Avocado toast (2 pane, 3 uova)","0.85 full recipe",""
2026-07-22,"Lunch","Greek Yogurt, Plain, Nonfat","170.00 g","Dairy and Egg Products"
2026-07-22,"Dinner","Arugula, Raw","50.00 g","Vegetables and Vegetable Products"
2026-07-22,"Dinner","Sun-Dried Tomato, Dry Pack","15.00 piece","Vegetables and Vegetable Products"
2026-07-22,"Dinner","Broccoli, Raw","170.00 g","Vegetables and Vegetable Products"
2026-07-22,"Dinner","Tomato Sauce","150.00 g","Vegetables and Vegetable Products"
2026-07-22,"Dinner","Tofu, Not Silken, Cooked, Firm","0.70 block - 7"" x 1 9/16"" x 1 5/8""","Legumes and Legume Products"
2026-07-22,"Dinner","Forbidden, Black Rice","50.00 g","Cereal Grains and Pasta"
2026-07-22,"Dinner","Green Peas, Cooked from Frozen","125.00 g","Vegetables and Vegetable Products"
2026-07-22,"Dinner","Green Olives","10.00 medium","Vegetables and Vegetable Products"
2026-07-22,"Snacks","Cappuccino","1.00 short - each 8 fl oz","Beverages"
2026-07-22,"Snacks","Panino Peanut and Marmellata","1.30 full recipe",""
2026-07-22,"Snacks","Vitality mix","0.20 full recipe",""
2026-07-22,"Snacks","Apple, Fresh, With Skin","125.00 g","Fruits and Fruit Juices"
2026-07-23,"'-","Arugula, Raw","75.00 g","Vegetables and Vegetable Products"
2026-07-24,"Dinner","Chickpea Flour","82.50 g","Legumes and Legume Products"
2026-07-24,"Dinner","Rosemary, Dried","5.00 tsp","Spices and Herbs"
2026-07-27,"Lunch","Rye Bread","2.00 thin slice - 4 3/4"" x 3 3/4"" x 7/16""","Baked Products"
2026-07-27,"Lunch","Spelt, Cooked","200.00 g","Cereal Grains and Pasta"
2026-07-27,"Lunch","Granarolo, High Protein Ricotta","0.40 Pot","Dairy and Egg Products"
2026-07-27,"Lunch","Eggs, Cooked","2.50 large","Dairy and Egg Products"
2026-07-27,"Lunch","Peach, Fresh","1.00 small - 2 1/2"" diameter","Fruits and Fruit Juices"
2026-08-06,"'-","Pear, Fresh","100.00 g","Fruits and Fruit Juices"
2026-08-06,"Breakfast","Porridge Banana Cioccolato Peanut","1.00 full recipe",""
2026-08-06,"Lunch","Dahl Lenticchie 300g patate dolci 800g","1.00 Serving",""
2026-08-06,"Lunch","Banana, Fresh","1.00 medium - 7"" to 7 7/8"" long","Fruits and Fruit Juices"
2026-08-06,"Lunch","Apple, Fresh, With Skin","125.00 g","Fruits and Fruit Juices"
2026-08-06,"Dinner","Eggs, Cooked","2.50 large","Dairy and Egg Products"
2026-08-06,"Dinner","Potato, Boiled with Skin","1.50 medium - 2 1/4"" to 3 1/4"" diameter","Vegetables and Vegetable Products"
2026-08-06,"Dinner","Egg Whites Only, Cooked","100.00 g","Dairy and Egg Products"
2026-08-06,"Dinner","Tomato, Red, Raw","250.00 g","Vegetables and Vegetable Products"
