date,temp_c,temp_min_c,temp_max_c,temp_n,cho_pct_60d,fatmax_hr,fatmax_lo_hr,fatmax_hi_hr,fatmax_shift_bpm,mfo_g_min,fat_g_est,cho_g_est,fatmax_min,train_min,n_act,hr_fit,mm,mm_n,mm_fitness,mm_fatica,mm_sonno,mm_hrv,mm_rhr,mm_dieta
2015-03-29,18.6,16,24,2,,137,126,146,0.0,0.52,,,,,0,,,0,,,,,,
2015-03-30,,,,0,,137,126,146,0.0,0.52,,,,,0,,,0,,,,,,
2015-03-31,,,,0,,137,126,146,0.0,0.52,,,,,0,,,0,,,,,,
2015-04-01,,,,0,,137,126,146,0.0,0.52,,,,,0,,,0,,,,,,
2015-04-02,,,,0,,137,126,146,0.0,0.52,,,,,0,,,0,,,,,,
2015-04-03,,,,0,,137,126,146,0.0,0.52,,,,,0,,,0,,,,,,
2015-04-04,,,,0,,137,126,146,0.0,0.52,,,,,0,,,0,,,,,,
2015-04-05,,,,0,,137,126,146,0.0,0.52,,,,,0,,,0,,,,,,
2015-04-06,,,,0,,137,126,146,0.0,0.52,,,,,0,,,0,,,,,,
2015-04-07,,,,0,,137,126,146,0.0,0.52,,,,,0,,,0,,,,,,
2015-04-08,,,,0,,137,126,146,0.0,0.52,,,,,0,,,0,,,,,,
2015-04-09,,,,0,,137,126,146,0.0,0.52,,,,,0,,,0,,,,,,
2015-04-10,,,,0,,137,126,146,0.0,0.52,,,,,0,,,0,,,,,,
2015-04-11,,,,0,,137,126,146,0.0,0.52,,,,,0,,,0,,,,,,
2015-04-12,,,,0,,137,126,146,0.0,0.52,,,,,0,,,0,,,,,,
2015-04-13,,,,0,,137,126,146,0.0,0.52,,,,,0,,,0,,,,,,
2015-04-14,,,,0,,137,126,146,0.0,0.52,,,,,0,,,0,,,,,,
2015-04-15,,,,0,,137,126,146,0.0,0.52,,,,,0,,,0,,,,,,
2015-04-16,,,,0,,137,126,146,0.0,0.52,,,,,0,,,0,,,,,,
2015-04-17,,,,0,,137,126,146,0.0,0.52,,,,,0,,,0,,,,,,
2015-04-18,,,,0,,137,126,146,0.0,0.52,,,,,0,,,0,,,,,,
2015-04-19,,,,0,,137,126,146,0.0,0.52,,,,,0,,,0,,,,,,
2015-04-20,,,,0,,137,126,146,0.0,0.52,,,,,0,,,0,,,,,,
2015-04-21,,,,0,,137,126,146,0.0,0.52,,,,,0,,,0,,,,,,
2015-04-22,,,,0,,137,126,146,0.0,0.52,,,,,0,,,0,,,,,,
2015-04-23,,,,0,,137,126,146,0.0,0.52,,,,,0,,,0,,,,,,
2015-04-24,,,,0,,137,126,146,0.0,0.52,,,,,0,,,0,,,,,,
2015-04-25,,,,0,,137,126,146,0.0,0.52,,,,,0,,,0,,,,,,
2015-04-26,,,,0,,137,126,146,0.0,0.52,,,,,0,,,0,,,,,,
2015-04-27,,,,0,,137,126,146,0.0,0.52,,,,,0,,,0,,,,,,
2015-04-28,,,,0,,137,126,146,0.0,0.52,,,,,0,,,0,,,,,,
2015-04-29,,,,0,,137,126,146,0.0,0.52,,,,,0,,,0,,,,,,
2015-04-30,,,,0,,137,126,146,0.0,0.52,,,,,0,,,0,,,,,,
2015-05-01,,,,0,,137,126,146,0.0,0.52,,,,,0,,,0,,,,,,
2015-05-02,,,,0,,137,126,146,0.0,0.52,,,,,0,,,0,,,,,,
2015-05-03,,,,0,,137,126,146,0.0,0.52,,,,,0,,,0,,,,,,
2015-05-04,,,,0,,137,126,146,0.0,0.52,,,,,0,,,0,,,,,,
2015-05-05,,,,0,,137,126,146,0.0,0.52,,,,,0,,,0,,,,,,
2015-05-06,,,,0,,137,126,146,0.0,0.52,,,,,0,,,0,,,,,,
2015-05-07,,,,0,,137,126,146,0.0,0.52,,,,,0,,,0,,,,,,
2015-05-08,,,,0,,137,126,146,0.0,0.52,,,,,0,,,0,,,,,,
2015-05-09,,,,0,,137,126,146,0.0,0.52,,,,,0,,,0,,,,,,
2015-05-10,,,,0,,137,126,146,0.0,0.52,,,,,0,,,0,,,,,,
2015-05-11,,,,0,,137,126,146,0.0,0.52,,,,,0,,,0,,,,,,
2015-05-12,,,,0,,137,126,146,0.0,0.52,,,,,0,,,0,,,,,,
2015-05-13,,,,0,,137,126,146,0.0,0.52,,,,,0,,,0,,,,,,
2015-05-14,,,,0,,137,126,146,0.0,0.52,,,,,0,,,0,,,,,,
2015-05-15,,,,0,,137,126,146,0.0,0.52,,,,,0,,,0,,,,,,
2015-05-16,,,,0,,137,126,146,0.0,0.52,,,,,0,,,0,,,,,,
2015-05-17,,,,0,,137,126,146,0.0,0.52,,,,,0,,,0,,,,,,
2015-05-18,,,,0,,137,126,146,0.0,0.52,,,,,0,,,0,,,,,,
2015-05-19,,,,0,,137,126,146,0.0,0.52,,,,,0,,,0,,,,,,
2015-05-20,,,,0,,137,126,146,0.0,0.52,,,,,0,,,0,,,,,,
2015-05-21,,,,0,,137,126,146,0.0,0.52,,,,,0,,,0,,,,,,
2015-05-22,,,,0,,137,126,146,0.0,0.52,,,,,0,,,0,,,,,,
2015-05-23,,,,0,,137,126,146,0.0,0.52,,,,,0,,,0,,,,,,
2015-05-24,,,,0,,137,126,146,0.0,0.52,,,,,0,,,0,,,,,,
2015-05-25,,,,0,,137,126,146,0.0,0.52,,,,,0,,,0,,,,,,
2015-05-26,,,,0,,137,126,146,0.0,0.52,,,,,0,,,0,,,,,,
2015-05-27,,,,0,,137,126,146,0.0,0.52,,,,,0,,,0,,,,,,
2015-05-28,,,,0,,137,126,146,0.0,0.52,,,,,0,,,0,,,,,,
2015-05-29,,,,0,,137,126,146,0.0,0.52,,,,,0,,,0,,,,,,
2015-05-30,,,,0,,137,126,146,0.0,0.52,,,,,0,,,0,,,,,,
2015-05-31,,,,0,,137,126,146,0.0,0.52,,,,,0,,,0,,,,,,
2015-06-01,,,,0,,137,126,146,0.0,0.52,,,,,0,,,0,,,,,,
2015-06-02,,,,0,,137,126,146,0.0,0.52,,,,,0,,,0,,,,,,
2015-06-03,,,,0,,137,126,146,0.0,0.52,,,,,0,,,0,,,,,,
2015-06-04,,,,0,,137,126,146,0.0,0.52,,,,,0,,,0,,,,,,
2015-06-05,,,,0,,137,126,146,0.0,0.52,,,,,0,,,0,,,,,,
2015-06-06,,,,0,,137,126,146,0.0,0.52,,,,,0,,,0,,,,,,
2015-06-07,,,,0,,137,126,146,0.0,0.52,,,,,0,,,0,,,,,,
2015-06-08,,,,0,,137,126,146,0.0,0.52,,,,,0,,,0,,,,,,
2015-06-09,,,,0,,137,126,146,0.0,0.52,,,,,0,,,0,,,,,,
2015-06-10,,,,0,,137,126,146,0.0,0.52,,,,,0,,,0,,,,,,
2015-06-11,,,,0,,137,126,146,0.0,0.52,,,,,0,,,0,,,,,,
2015-06-12,,,,0,,137,126,146,0.0,0.52,,,,,0,,,0,,,,,,
2015-06-13,,,,0,,137,126,146,0.0,0.52,,,,,0,,,0,,,,,,
2015-06-14,,,,0,,137,126,146,0.0,0.52,,,,,0,,,0,,,,,,
2015-06-15,,,,0,,137,126,146,0.0,0.52,,,,,0,,,0,,,,,,
2015-06-16,,,,0,,137,126,146,0.0,0.52,,,,,0,,,0,,,,,,
2015-06-17,,,,0,,137,126,146,0.0,0.52,,,,,0,,,0,,,,,,
2015-06-18,,,,0,,137,126,146,0.0,0.52,,,,,0,,,0,,,,,,
2015-06-19,,,,0,,137,126,146,0.0,0.52,,,,,0,,,0,,,,,,
2015-06-20,,,,0,,137,126,146,0.0,0.52,,,,,0,,,0,,,,,,
2015-06-21,,,,0,,137,126,146,0.0,0.52,,,,,0,,,0,,,,,,
2015-06-22,,,,0,,137,126,146,0.0,0.52,,,,,0,,,0,,,,,,
2015-06-23,,,,0,,137,126,146,0.0,0.52,,,,,0,,,0,,,,,,
2015-06-24,,,,0,,137,126,146,0.0,0.52,,,,,0,,,0,,,,,,
2015-06-25,,,,0,,137,126,146,0.0,0.52,,,,,0,,,0,,,,,,
2015-06-26,,,,0,,137,126,146,0.0,0.52,,,,,0,,,0,,,,,,
2015-06-27,,,,0,,137,126,146,0.0,0.52,,,,,0,,,0,,,,,,
2015-06-28,,,,0,,137,126,146,0.0,0.52,,,,,0,,,0,,,,,,
2015-06-29,,,,0,,137,126,146,0.0,0.52,,,,,0,,,0,,,,,,
2015-06-30,,,,0,,137,126,146,0.0,0.52,,,,,0,,,0,,,,,,
2015-07-01,,,,0,,137,126,146,0.0,0.52,,,,,0,,,0,,,,,,
2015-07-02,,,,0,,137,126,146,0.0,0.52,,,,,0,,,0,,,,,,
2015-07-03,,,,0,,137,126,146,0.0,0.52,,,,,0,,,0,,,,,,
2015-07-04,,,,0,,137,126,146,0.0,0.52,,,,,0,,,0,,,,,,
2015-07-05,,,,0,,137,126,146,0.0,0.52,,,,,0,,,0,,,,,,
2015-07-06,,,,0,,137,126,146,0.0,0.52,,,,,0,,,0,,,,,,
2015-07-07,,,,0,,137,126,146,0.0,0.52,,,,,0,,,0,,,,,,
2015-07-08,,,,0,,137,126,146,0.0,0.52,,,,,0,,,0,,,,,,
2015-07-09,,,,0,,137,126,146,0.0,0.52,,,,,0,,,0,,,,,,
2015-07-10,,,,0,,137,126,146,0.0,0.52,,,,,0,,,0,,,,,,
2015-07-11,,,,0,,137,126,146,0.0,0.52,,,,,0,,,0,,,,,,
2015-07-12,,,,0,,137,126,146,0.0,0.52,,,,,0,,,0,,,,,,
2015-07-13,,,,0,,137,126,146,0.0,0.52,,,,,0,,,0,,,,,,
2015-07-14,,,,0,,137,126,146,0.0,0.52,,,,,0,,,0,,,,,,
2015-07-15,,,,0,,137,126,146,0.0,0.52,,,,,0,,,0,,,,,,
2015-07-16,,,,0,,137,126,146,0.0,0.52,,,,,0,,,0,,,,,,
2015-07-17,,,,0,,137,126,146,0.0,0.52,,,,,0,,,0,,,,,,
2015-07-18,,,,0,,137,126,146,0.0,0.52,,,,,0,,,0,,,,,,
2015-07-19,,,,0,,137,126,146,0.0,0.52,,,,,0,,,0,,,,,,
2015-07-20,,,,0,,137,126,146,0.0,0.52,,,,,0,,,0,,,,,,
2015-07-21,,,,0,,137,126,146,0.0,0.52,,,,,0,,,0,,,,,,
2015-07-22,,,,0,,137,126,146,0.0,0.52,,,,,0,,,0,,,,,,
2015-07-23,,,,0,,137,126,146,0.0,0.52,,,,,0,,,0,,,,,,
2015-07-24,,,,0,,137,126,146,0.0,0.52,,,,,0,,,0,,,,,,
2015-07-25,,,,0,,137,126,146,0.0,0.52,,,,,0,,,0,,,,,,
2015-07-26,,,,0,,137,126,146,0.0,0.52,,,,,0,,,0,,,,,,
2015-07-27,,,,0,,137,126,146,0.0,0.52,,,,,0,,,0,,,,,,
2015-07-28,,,,0,,137,126,146,0.0,0.52,,,,,0,,,0,,,,,,
2015-07-29,,,,0,,137,126,146,0.0,0.52,,,,,0,,,0,,,,,,
2015-07-30,,,,0,,137,126,146,0.0,0.52,,,,,0,,,0,,,,,,
2015-07-31,,,,0,,137,126,146,0.0,0.52,,,,,0,,,0,,,,,,
2015-08-01,,,,0,,137,126,146,0.0,0.52,,,,,0,,,0,,,,,,
2015-08-02,,,,0,,137,126,146,0.0,0.52,,,,,0,,,0,,,,,,
2015-08-03,,,,0,,137,126,146,0.0,0.52,,,,,0,,,0,,,,,,
2015-08-04,,,,0,,137,126,146,0.0,0.52,,,,,0,,,0,,,,,,
2015-08-05,,,,0,,137,126,146,0.0,0.52,,,,,0,,,0,,,,,,
2015-08-06,,,,0,,137,126,146,0.0,0.52,,,,,0,,,0,,,,,,
2015-08-07,,,,0,,137,126,146,0.0,0.52,,,,,0,,,0,,,,,,
2015-08-08,,,,0,,137,126,146,0.0,0.52,,,,,0,,,0,,,,,,
2015-08-09,,,,0,,137,126,146,0.0,0.52,,,,,0,,,0,,,,,,
2015-08-10,,,,0,,137,126,146,0.0,0.52,,,,,0,,,0,,,,,,
2015-08-11,,,,0,,137,126,146,0.0,0.52,,,,,0,,,0,,,,,,
2015-08-12,,,,0,,137,126,146,0.0,0.52,,,,,0,,,0,,,,,,
2015-08-13,,,,0,,137,126,146,0.0,0.52,,,,,0,,,0,,,,,,
2015-08-14,,,,0,,137,126,146,0.0,0.52,,,,,0,,,0,,,,,,
2015-08-15,,,,0,,137,126,146,0.0,0.52,,,,,0,,,0,,,,,,
2015-08-16,,,,0,,137,126,146,0.0,0.52,,,,,0,,,0,,,,,,
2015-08-17,,,,0,,137,126,146,0.0,0.52,,,,,0,,,0,,,,,,
2015-08-18,,,,0,,137,126,146,0.0,0.52,,,,,0,,,0,,,,,,
2015-08-19,,,,0,,137,126,146,0.0,0.52,,,,,0,,,0,,,,,,
2015-08-20,,,,0,,137,126,146,0.0,0.52,,,,,0,,,0,,,,,,
2015-08-21,,,,0,,137,126,146,0.0,0.52,,,,,0,,,0,,,,,,
2015-08-22,,,,0,,137,126,146,0.0,0.52,,,,,0,,,0,,,,,,
2015-08-23,,,,0,,137,126,146,0.0,0.52,,,,,0,,,0,,,,,,
2015-08-24,,,,0,,137,126,146,0.0,0.52,,,,,0,,,0,,,,,,
2015-08-25,,,,0,,137,126,146,0.0,0.52,,,,,0,,,0,,,,,,
2015-08-26,,,,0,,137,126,146,0.0,0.52,,,,,0,,,0,,,,,,
2015-08-27,,,,0,,137,126,146,0.0,0.52,,,,,0,,,0,,,,,,
2015-08-28,,,,0,,137,126,146,0.0,0.52,,,,,0,,,0,,,,,,
2015-08-29,,,,0,,137,126,146,0.0,0.52,,,,,0,,,0,,,,,,
2015-08-30,,,,0,,137,126,146,0.0,0.52,,,,,0,,,0,,,,,,
2015-08-31,,,,0,,137,126,146,0.0,0.52,,,,,0,,,0,,,,,,
2015-09-01,,,,0,,137,126,146,0.0,0.52,,,,,0,,,0,,,,,,
2015-09-02,,,,0,,137,126,146,0.0,0.52,,,,,0,,,0,,,,,,
2015-09-03,,,,0,,137,126,146,0.0,0.52,,,,,0,,,0,,,,,,
2015-09-04,,,,0,,137,126,146,0.0,0.52,,,,,0,,,0,,,,,,
2015-09-05,,,,0,,137,126,146,0.0,0.52,,,,,0,,,0,,,,,,
2015-09-06,,,,0,,137,126,146,0.0,0.52,,,,,0,,,0,,,,,,
2015-09-07,,,,0,,137,126,146,0.0,0.52,,,,,0,,,0,,,,,,
2015-09-08,,,,0,,137,126,146,0.0,0.52,,,,,0,,,0,,,,,,
2015-09-09,,,,0,,137,126,146,0.0,0.52,,,,,0,,,0,,,,,,
2015-09-10,,,,0,,137,126,146,0.0,0.52,,,,,0,,,0,,,,,,
2015-09-11,,,,0,,137,126,146,0.0,0.52,,,,,0,,,0,,,,,,
2015-09-12,,,,0,,137,126,146,0.0,0.52,,,,,0,,,0,,,,,,
2015-09-13,,,,0,,137,126,146,0.0,0.52,,,,,0,,,0,,,,,,
2015-09-14,,,,0,,137,126,146,0.0,0.52,,,,,0,,,0,,,,,,
2015-09-15,,,,0,,137,126,146,0.0,0.52,,,,,0,,,0,,,,,,
2015-09-16,,,,0,,137,126,146,0.0,0.52,,,,,0,,,0,,,,,,
2015-09-17,,,,0,,137,126,146,0.0,0.52,,,,,0,,,0,,,,,,
2015-09-18,,,,0,,137,126,146,0.0,0.52,,,,,0,,,0,,,,,,
2015-09-19,,,,0,,137,126,146,0.0,0.52,,,,,0,,,0,,,,,,
2015-09-20,,,,0,,137,126,146,0.0,0.52,,,,,0,,,0,,,,,,
2015-09-21,,,,0,,137,126,146,0.0,0.52,,,,,0,,,0,,,,,,
2015-09-22,,,,0,,137,126,146,0.0,0.52,,,,,0,,,0,,,,,,
2015-09-23,,,,0,,137,126,146,0.0,0.52,,,,,0,,,0,,,,,,
2015-09-24,,,,0,,137,126,146,0.0,0.52,,,,,0,,,0,,,,,,
2015-09-25,,,,0,,137,126,146,0.0,0.52,,,,,0,,,0,,,,,,
2015-09-26,,,,0,,137,126,146,0.0,0.52,,,,,0,,,0,,,,,,
2015-09-27,,,,0,,137,126,146,0.0,0.52,,,,,0,,,0,,,,,,
2015-09-28,,,,0,,137,126,146,0.0,0.52,,,,,0,,,0,,,,,,
2015-09-29,,,,0,,137,126,146,0.0,0.52,,,,,0,,,0,,,,,,
2015-09-30,,,,0,,137,126,146,0.0,0.52,,,,,0,,,0,,,,,,
2015-10-01,,,,0,,137,126,146,0.0,0.52,,,,,0,,,0,,,,,,
2015-10-02,,,,0,,137,126,146,0.0,0.52,,,,,0,,,0,,,,,,
2015-10-03,,,,0,,137,126,146,0.0,0.52,,,,,0,,,0,,,,,,
2015-10-04,,,,0,,137,126,146,0.0,0.52,,,,,0,,,0,,,,,,
2015-10-05,,,,0,,137,126,146,0.0,0.52,,,,,0,,,0,,,,,,
2015-10-06,,,,0,,137,126,146,0.0,0.52,,,,,0,,,0,,,,,,
2015-10-07,,,,0,,137,126,146,0.0,0.52,,,,,0,,,0,,,,,,
2015-10-08,,,,0,,137,126,146,0.0,0.52,,,,,0,,,0,,,,,,
2015-10-09,,,,0,,137,126,146,0.0,0.52,,,,,0,,,0,,,,,,
2015-10-10,,,,0,,137,126,146,0.0,0.52,,,,,0,,,0,,,,,,
2015-10-11,,,,0,,137,126,146,0.0,0.52,,,,,0,,,0,,,,,,
2015-10-12,,,,0,,137,126,146,0.0,0.52,,,,,0,,,0,,,,,,
2015-10-13,,,,0,,137,126,146,0.0,0.52,,,,,0,,,0,,,,,,
2015-10-14,,,,0,,137,126,146,0.0,0.52,,,,,0,,,0,,,,,,
2015-10-15,,,,0,,137,126,146,0.0,0.52,,,,,0,,,0,,,,,,
2015-10-16,,,,0,,137,126,146,0.0,0.52,,,,,0,,,0,,,,,,
2015-10-17,,,,0,,137,126,146,0.0,0.52,,,,,0,,,0,,,,,,
2015-10-18,,,,0,,137,126,146,0.0,0.52,,,,,0,,,0,,,,,,
2015-10-19,,,,0,,137,126,146,0.0,0.52,,,,,0,,,0,,,,,,
2015-10-20,,,,0,,137,126,146,0.0,0.52,,,,,0,,,0,,,,,,
2015-10-21,,,,0,,137,126,146,0.0,0.52,,,,,0,,,0,,,,,,
2015-10-22,,,,0,,137,126,146,0.0,0.52,,,,,0,,,0,,,,,,
2015-10-23,,,,0,,137,126,146,0.0,0.52,,,,,0,,,0,,,,,,
2015-10-24,,,,0,,137,126,146,0.0,0.52,,,,,0,,,0,,,,,,
2015-10-25,,,,0,,137,126,146,0.0,0.52,,,,,0,,,0,,,,,,
2015-10-26,,,,0,,137,126,146,0.0,0.52,,,,,0,,,0,,,,,,
2015-10-27,,,,0,,137,126,146,0.0,0.52,,,,,0,,,0,,,,,,
2015-10-28,,,,0,,137,126,146,0.0,0.52,,,,,0,,,0,,,,,,
2015-10-29,,,,0,,137,126,146,0.0,0.52,,,,,0,,,0,,,,,,
2015-10-30,,,,0,,137,126,146,0.0,0.52,,,,,0,,,0,,,,,,
2015-10-31,,,,0,,137,126,146,0.0,0.52,,,,,0,,,0,,,,,,
2015-11-01,,,,0,,137,126,146,0.0,0.52,,,,,0,,,0,,,,,,
2015-11-02,,,,0,,137,126,146,0.0,0.52,,,,,0,,,0,,,,,,
2015-11-03,,,,0,,137,126,146,0.0,0.52,,,,,0,,,0,,,,,,
2015-11-04,,,,0,,137,126,146,0.0,0.52,,,,,0,,,0,,,,,,
2015-11-05,,,,0,,137,126,146,0.0,0.52,,,,,0,,,0,,,,,,
2015-11-06,,,,0,,137,126,146,0.0,0.52,,,,,0,,,0,,,,,,
2015-11-07,,,,0,,137,126,146,0.0,0.52,,,,,0,,,0,,,,,,
2015-11-08,,,,0,,137,126,146,0.0,0.52,,,,,0,,,0,,,,,,
2015-11-09,,,,0,,137,126,146,0.0,0.52,,,,,0,,,0,,,,,,
2015-11-10,,,,0,,137,126,146,0.0,0.52,,,,,0,,,0,,,,,,
2015-11-11,,,,0,,137,126,146,0.0,0.52,,,,,0,,,0,,,,,,
2015-11-12,,,,0,,137,126,146,0.0,0.52,,,,,0,,,0,,,,,,
2015-11-13,,,,0,,137,126,146,0.0,0.52,,,,,0,,,0,,,,,,
2015-11-14,,,,0,,137,126,146,0.0,0.52,,,,,0,,,0,,,,,,
2015-11-15,,,,0,,137,126,146,0.0,0.52,,,,,0,,,0,,,,,,
2015-11-16,,,,0,,137,126,146,0.0,0.52,,,,,0,,,0,,,,,,
2015-11-17,,,,0,,137,126,146,0.0,0.52,,,,,0,,,0,,,,,,
2015-11-18,,,,0,,137,126,146,0.0,0.52,,,,,0,,,0,,,,,,
2015-11-19,,,,0,,137,126,146,0.0,0.52,,,,,0,,,0,,,,,,
2015-11-20,,,,0,,137,126,146,0.0,0.52,,,,,0,,,0,,,,,,
2015-11-21,,,,0,,137,126,146,0.0,0.52,,,,,0,,,0,,,,,,
2015-11-22,,,,0,,137,126,146,0.0,0.52,,,,,0,,,0,,,,,,
2015-11-23,,,,0,,137,126,146,0.0,0.52,,,,,0,,,0,,,,,,
2015-11-24,,,,0,,137,126,146,0.0,0.52,,,,,0,,,0,,,,,,
2015-11-25,,,,0,,137,126,146,0.0,0.52,,,,,0,,,0,,,,,,
2015-11-26,,,,0,,137,126,146,0.0,0.52,,,,,0,,,0,,,,,,
2015-11-27,,,,0,,137,126,146,0.0,0.52,,,,,0,,,0,,,,,,
2015-11-28,,,,0,,137,126,146,0.0,0.52,,,,,0,,,0,,,,,,
2015-11-29,,,,0,,137,126,146,0.0,0.52,,,,,0,,,0,,,,,,
2015-11-30,,,,0,,137,126,146,0.0,0.52,,,,,0,,,0,,,,,,
2015-12-01,,,,0,,137,126,146,0.0,0.52,,,,,0,,,0,,,,,,
2015-12-02,,,,0,,137,126,146,0.0,0.52,,,,,0,,,0,,,,,,
2015-12-03,,,,0,,137,126,146,0.0,0.52,,,,,0,,,0,,,,,,
2015-12-04,,,,0,,137,126,146,0.0,0.52,,,,,0,,,0,,,,,,
2015-12-05,,,,0,,137,126,146,0.0,0.52,,,,,0,,,0,,,,,,
2015-12-06,,,,0,,137,126,146,0.0,0.52,,,,,0,,,0,,,,,,
2015-12-07,,,,0,,137,126,146,0.0,0.52,,,,,0,,,0,,,,,,
2015-12-08,,,,0,,137,126,146,0.0,0.52,,,,,0,,,0,,,,,,
2015-12-09,,,,0,,137,126,146,0.0,0.52,,,,,0,,,0,,,,,,
2015-12-10,,,,0,,137,126,146,0.0,0.52,,,,,0,,,0,,,,,,
2015-12-11,,,,0,,137,126,146,0.0,0.52,,,,,0,,,0,,,,,,
2015-12-12,,,,0,,137,126,146,0.0,0.52,,,,,0,,,0,,,,,,
2015-12-13,,,,0,,137,126,146,0.0,0.52,,,,,0,,,0,,,,,,
2015-12-14,,,,0,,137,126,146,0.0,0.52,,,,,0,,,0,,,,,,
2015-12-15,,,,0,,137,126,146,0.0,0.52,,,,,0,,,0,,,,,,
2015-12-16,,,,0,,137,126,146,0.0,0.52,,,,,0,,,0,,,,,,
2015-12-17,,,,0,,137,126,146,0.0,0.52,,,,,0,,,0,,,,,,
2015-12-18,,,,0,,137,126,146,0.0,0.52,,,,,0,,,0,,,,,,
2015-12-19,,,,0,,137,126,146,0.0,0.52,,,,,0,,,0,,,,,,
2015-12-20,,,,0,,137,126,146,0.0,0.52,,,,,0,,,0,,,,,,
2015-12-21,,,,0,,137,126,146,0.0,0.52,,,,,0,,,0,,,,,,
2015-12-22,,,,0,,137,126,146,0.0,0.52,,,,,0,,,0,,,,,,
2015-12-23,,,,0,,137,126,146,0.0,0.52,,,,,0,,,0,,,,,,
2015-12-24,,,,0,,137,126,146,0.0,0.52,,,,,0,,,0,,,,,,
2015-12-25,,,,0,,137,126,146,0.0,0.52,,,,,0,,,0,,,,,,
2015-12-26,,,,0,,137,126,146,0.0,0.52,,,,,0,,,0,,,,,,
2015-12-27,,,,0,,137,126,146,0.0,0.52,,,,,0,,,0,,,,,,
2015-12-28,,,,0,,137,126,146,0.0,0.52,,,,,0,,,0,,,,,,
2015-12-29,,,,0,,137,126,146,0.0,0.52,,,,,0,,,0,,,,,,
2015-12-30,,,,0,,137,126,146,0.0,0.52,,,,,0,,,0,,,,,,
2015-12-31,,,,0,,137,126,146,0.0,0.52,,,,,0,,,0,,,,,,
2016-01-01,,,,0,,137,126,146,0.0,0.52,,,,,0,,,0,,,,,,
2016-01-02,,,,0,,137,126,146,0.0,0.52,,,,,0,,,0,,,,,,
2016-01-03,,,,0,,137,126,146,0.0,0.52,,,,,0,,,0,,,,,,
2016-01-04,,,,0,,137,126,146,0.0,0.52,,,,,0,,,0,,,,,,
2016-01-05,,,,0,,137,126,146,0.0,0.52,,,,,0,,,0,,,,,,
2016-01-06,,,,0,,137,126,146,0.0,0.52,,,,,0,,,0,,,,,,
2016-01-07,,,,0,,137,126,146,0.0,0.52,,,,,0,,,0,,,,,,
2016-01-08,,,,0,,137,126,146,0.0,0.52,,,,,0,,,0,,,,,,
2016-01-09,,,,0,,137,126,146,0.0,0.52,,,,,0,,,0,,,,,,
2016-01-10,,,,0,,137,126,146,0.0,0.52,,,,,0,,,0,,,,,,
2016-01-11,,,,0,,137,126,146,0.0,0.52,,,,,0,,,0,,,,,,
2016-01-12,,,,0,,137,126,146,0.0,0.52,,,,,0,,,0,,,,,,
2016-01-13,,,,0,,137,126,146,0.0,0.52,,,,,0,,,0,,,,,,
2016-01-14,,,,0,,137,126,146,0.0,0.52,,,,,0,,,0,,,,,,
2016-01-15,,,,0,,137,126,146,0.0,0.52,,,,,0,,,0,,,,,,
2016-01-16,,,,0,,137,126,146,0.0,0.52,,,,,0,,,0,,,,,,
2016-01-17,,,,0,,137,126,146,0.0,0.52,,,,,0,,,0,,,,,,
2016-01-18,,,,0,,137,126,146,0.0,0.52,,,,,0,,,0,,,,,,
2016-01-19,,,,0,,137,126,146,0.0,0.52,,,,,0,,,0,,,,,,
2016-01-20,,,,0,,137,126,146,0.0,0.52,,,,,0,,,0,,,,,,
2016-01-21,,,,0,,137,126,146,0.0,0.52,,,,,0,,,0,,,,,,
2016-01-22,,,,0,,137,126,146,0.0,0.52,,,,,0,,,0,,,,,,
2016-01-23,,,,0,,137,126,146,0.0,0.52,,,,,0,,,0,,,,,,
2016-01-24,,,,0,,137,126,146,0.0,0.52,,,,,0,,,0,,,,,,
2016-01-25,,,,0,,137,126,146,0.0,0.52,,,,,0,,,0,,,,,,
2016-01-26,,,,0,,137,126,146,0.0,0.52,,,,,0,,,0,,,,,,
2016-01-27,,,,0,,137,126,146,0.0,0.52,,,,,0,,,0,,,,,,
2016-01-28,,,,0,,137,126,146,0.0,0.52,,,,,0,,,0,,,,,,
2016-01-29,,,,0,,137,126,146,0.0,0.52,,,,,0,,,0,,,,,,
2016-01-30,,,,0,,137,126,146,0.0,0.52,,,,,0,,,0,,,,,,
2016-01-31,,,,0,,137,126,146,0.0,0.52,,,,,0,,,0,,,,,,
2016-02-01,,,,0,,137,126,146,0.0,0.52,,,,,0,,,0,,,,,,
2016-02-02,,,,0,,137,126,146,0.0,0.52,,,,,0,,,0,,,,,,
2016-02-03,,,,0,,137,126,146,0.0,0.52,,,,,0,,,0,,,,,,
2016-02-04,,,,0,,137,126,146,0.0,0.52,,,,,0,,,0,,,,,,
2016-02-05,,,,0,,137,126,146,0.0,0.52,,,,,0,,,0,,,,,,
2016-02-06,,,,0,,137,126,146,0.0,0.52,,,,,0,,,0,,,,,,
2016-02-07,,,,0,,137,126,146,0.0,0.52,,,,,0,,,0,,,,,,
2016-02-08,,,,0,,137,126,146,0.0,0.52,,,,,0,,,0,,,,,,
2016-02-09,,,,0,,137,126,146,0.0,0.52,,,,,0,,,0,,,,,,
2016-02-10,,,,0,,137,126,146,0.0,0.52,,,,,0,,,0,,,,,,
2016-02-11,,,,0,,137,126,146,0.0,0.52,,,,,0,,,0,,,,,,
2016-02-12,,,,0,,137,126,146,0.0,0.52,,,,,0,,,0,,,,,,
2016-02-13,,,,0,,137,126,146,0.0,0.52,,,,,0,,,0,,,,,,
2016-02-14,,,,0,,137,126,146,0.0,0.52,,,,,0,,,0,,,,,,
2016-02-15,,,,0,,137,126,146,0.0,0.52,,,,,0,,,0,,,,,,
2016-02-16,,,,0,,137,126,146,0.0,0.52,,,,,0,,,0,,,,,,
2016-02-17,,,,0,,137,126,146,0.0,0.52,,,,,0,,,0,,,,,,
2016-02-18,,,,0,,137,126,146,0.0,0.52,,,,,0,,,0,,,,,,
2016-02-19,,,,0,,137,126,146,0.0,0.52,,,,,0,,,0,,,,,,
2016-02-20,,,,0,,137,126,146,0.0,0.52,,,,,0,,,0,,,,,,
2016-02-21,,,,0,,137,126,146,0.0,0.52,,,,,0,,,0,,,,,,
2016-02-22,,,,0,,137,126,146,0.0,0.52,,,,,0,,,0,,,,,,
2016-02-23,,,,0,,137,126,146,0.0,0.52,,,,,0,,,0,,,,,,
2016-02-24,,,,0,,137,126,146,0.0,0.52,,,,,0,,,0,,,,,,
2016-02-25,,,,0,,137,126,146,0.0,0.52,,,,,0,,,0,,,,,,
2016-02-26,,,,0,,137,126,146,0.0,0.52,,,,,0,,,0,,,,,,
2016-02-27,,,,0,,137,126,146,0.0,0.52,,,,,0,,,0,,,,,,
2016-02-28,,,,0,,137,126,146,0.0,0.52,,,,,0,,,0,,,,,,
2016-02-29,,,,0,,137,126,146,0.0,0.52,,,,,0,,,0,,,,,,
2016-03-01,,,,0,,137,126,146,0.0,0.52,,,,,0,,,0,,,,,,
2016-03-02,,,,0,,137,126,146,0.0,0.52,,,,,0,,,0,,,,,,
2016-03-03,,,,0,,137,126,146,0.0,0.52,,,,,0,,,0,,,,,,
2016-03-04,,,,0,,137,126,146,0.0,0.52,,,,,0,,,0,,,,,,
2016-03-05,,,,0,,137,126,146,0.0,0.52,,,,,0,,,0,,,,,,
2016-03-06,,,,0,,137,126,146,0.0,0.52,,,,,0,,,0,,,,,,
2016-03-07,,,,0,,137,126,146,0.0,0.52,,,,,0,,,0,,,,,,
2016-03-08,,,,0,,137,126,146,0.0,0.52,,,,,0,,,0,,,,,,
2016-03-09,,,,0,,137,126,146,0.0,0.52,,,,,0,,,0,,,,,,
2016-03-10,,,,0,,137,126,146,0.0,0.52,,,,,0,,,0,,,,,,
2016-03-11,,,,0,,137,126,146,0.0,0.52,,,,,0,,,0,,,,,,
2016-03-12,,,,0,,137,126,146,0.0,0.52,,,,,0,,,0,,,,,,
2016-03-13,,,,0,,137,126,146,0.0,0.52,,,,,0,,,0,,,,,,
2016-03-14,,,,0,,137,126,146,0.0,0.52,,,,,0,,,0,,,,,,
2016-03-15,,,,0,,137,126,146,0.0,0.52,,,,,0,,,0,,,,,,
2016-03-16,,,,0,,137,126,146,0.0,0.52,,,,,0,,,0,,,,,,
2016-03-17,,,,0,,137,126,146,0.0,0.52,,,,,0,,,0,,,,,,
2016-03-18,,,,0,,137,126,146,0.0,0.52,,,,,0,,,0,,,,,,
2016-03-19,,,,0,,137,126,146,0.0,0.52,,,,,0,,,0,,,,,,
2016-03-20,,,,0,,137,126,146,0.0,0.52,,,,,0,,,0,,,,,,
2016-03-21,,,,0,,137,126,146,0.0,0.52,,,,,0,,,0,,,,,,
2016-03-22,,,,0,,137,126,146,0.0,0.52,,,,,0,,,0,,,,,,
2016-03-23,,,,0,,137,126,146,0.0,0.52,,,,,0,,,0,,,,,,
2016-03-24,,,,0,,137,126,146,0.0,0.52,,,,,0,,,0,,,,,,
2016-03-25,,,,0,,137,126,146,0.0,0.52,,,,,0,,,0,,,,,,
2016-03-26,,,,0,,137,126,146,0.0,0.52,,,,,0,,,0,,,,,,
2016-03-27,,,,0,,137,126,146,0.0,0.52,,,,,0,,,0,,,,,,
2016-03-28,,,,0,,137,126,146,0.0,0.52,,,,,0,,,0,,,,,,
2016-03-29,,,,0,,137,126,146,0.0,0.52,,,,,0,,,0,,,,,,
2016-03-30,,,,0,,137,126,146,0.0,0.52,,,,,0,,,0,,,,,,
2016-03-31,,,,0,,137,126,146,0.0,0.52,,,,,0,,,0,,,,,,
2016-04-01,,,,0,,137,126,146,0.0,0.52,,,,,0,,,0,,,,,,
2016-04-02,,,,0,,137,126,146,0.0,0.52,,,,,0,,,0,,,,,,
2016-04-03,,,,0,,137,126,146,0.0,0.52,,,,,0,,,0,,,,,,
2016-04-04,,,,0,,137,126,146,0.0,0.52,,,,,0,,,0,,,,,,
2016-04-05,,,,0,,137,126,146,0.0,0.52,,,,,0,,,0,,,,,,
2016-04-06,,,,0,,137,126,146,0.0,0.52,,,,,0,,,0,,,,,,
2016-04-07,,,,0,,137,126,146,0.0,0.52,,,,,0,,,0,,,,,,
2016-04-08,,,,0,,137,126,146,0.0,0.52,,,,,0,,,0,,,,,,
2016-04-09,,,,0,,137,126,146,0.0,0.52,,,,,0,,,0,,,,,,
2016-04-10,,,,0,,137,126,146,0.0,0.52,,,,,0,,,0,,,,,,
2016-04-11,,,,0,,137,126,146,0.0,0.52,,,,,0,,,0,,,,,,
2016-04-12,,,,0,,137,126,146,0.0,0.52,,,,,0,,,0,,,,,,
2016-04-13,,,,0,,137,126,146,0.0,0.52,,,,,0,,,0,,,,,,
2016-04-14,,,,0,,137,126,146,0.0,0.52,,,,,0,,,0,,,,,,
2016-04-15,,,,0,,137,126,146,0.0,0.52,,,,,0,,,0,,,,,,
2016-04-16,,,,0,,137,126,146,0.0,0.52,,,,,0,,,0,,,,,,
2016-04-17,,,,0,,137,126,146,0.0,0.52,,,,,0,,,0,,,,,,
2016-04-18,,,,0,,137,126,146,0.0,0.52,,,,,0,,,0,,,,,,
2016-04-19,,,,0,,137,126,146,0.0,0.52,,,,,0,,,0,,,,,,
2016-04-20,,,,0,,137,126,146,0.0,0.52,,,,,0,,,0,,,,,,
2016-04-21,,,,0,,137,126,146,0.0,0.52,,,,,0,,,0,,,,,,
2016-04-22,,,,0,,137,126,146,0.0,0.52,,,,,0,,,0,,,,,,
2016-04-23,,,,0,,137,126,146,0.0,0.52,,,,,0,,,0,,,,,,
2016-04-24,,,,0,,137,126,146,0.0,0.52,,,,,0,,,0,,,,,,
2016-04-25,,,,0,,137,126,146,0.0,0.52,,,,,0,,,0,,,,,,
2016-04-26,,,,0,,137,126,146,0.0,0.52,,,,,0,,,0,,,,,,
2016-04-27,,,,0,,137,126,146,0.0,0.52,,,,,0,,,0,,,,,,
2016-04-28,,,,0,,137,126,146,0.0,0.52,,,,,0,,,0,,,,,,
2016-04-29,,,,0,,137,126,146,0.0,0.52,,,,,0,,,0,,,,,,
2016-04-30,,,,0,,137,126,146,0.0,0.52,,,,,0,,,0,,,,,,
2016-05-01,,,,0,,137,126,146,0.0,0.52,,,,,0,,,0,,,,,,
2016-05-02,,,,0,,137,126,146,0.0,0.52,,,,,0,,,0,,,,,,
2016-05-03,,,,0,,137,126,146,0.0,0.52,,,,,0,,,0,,,,,,
2016-05-04,,,,0,,137,126,146,0.0,0.52,,,,,0,,,0,,,,,,
2016-05-05,,,,0,,137,126,146,0.0,0.52,,,,,0,,,0,,,,,,
2016-05-06,,,,0,,137,126,146,0.0,0.52,,,,,0,,,0,,,,,,
2016-05-07,,,,0,,137,126,146,0.0,0.52,,,,,0,,,0,,,,,,
2016-05-08,,,,0,,137,126,146,0.0,0.52,,,,,0,,,0,,,,,,
2016-05-09,,,,0,,137,126,146,0.0,0.52,,,,,0,,,0,,,,,,
2016-05-10,,,,0,,137,126,146,0.0,0.52,,,,,0,,,0,,,,,,
2016-05-11,,,,0,,137,126,146,0.0,0.52,,,,,0,,,0,,,,,,
2016-05-12,,,,0,,137,126,146,0.0,0.52,,,,,0,,,0,,,,,,
2016-05-13,,,,0,,137,126,146,0.0,0.52,,,,,0,,,0,,,,,,
2016-05-14,21.6,17,25,1,,137,126,146,0.0,0.52,,,,,0,,,0,,,,,,
2016-05-15,,,,0,,137,126,146,0.0,0.52,,,,,0,,,0,,,,,,
2016-05-16,19.1,15,29,1,,137,126,146,0.0,0.52,,,,,0,,,0,,,,,,
2016-05-17,,,,0,,137,126,146,0.0,0.52,,,,,0,,,0,,,,,,
2016-05-18,,,,0,,137,126,146,0.0,0.52,,,,,0,,,0,,,,,,
2016-05-19,,,,0,,137,126,146,0.0,0.52,,,,,0,,,0,,,,,,
2016-05-20,,,,0,,137,126,146,0.0,0.52,,,,,0,,,0,,,,,,
2016-05-21,24.0,18,31,1,,137,126,146,0.0,0.52,,,,,0,,,0,,,,,,
2016-05-22,,,,0,,137,126,146,0.0,0.52,,,,,0,,,0,,,,,,
2016-05-23,,,,0,,137,126,146,0.0,0.52,,,,,0,,,0,,,,,,
2016-05-24,,,,0,,137,126,146,0.0,0.52,,,,,0,,,0,,,,,,
2016-05-25,,,,0,,137,126,146,0.0,0.52,,,,,0,,,0,,,,,,
2016-05-26,,,,0,,137,126,146,0.0,0.52,,,,,0,,,0,,,,,,
2016-05-27,,,,0,,137,126,146,0.0,0.52,,,,,0,,,0,,,,,,
2016-05-28,24.2,19,30,1,,137,126,146,0.0,0.52,,,,,0,,,0,,,,,,
2016-05-29,,,,0,,137,126,146,0.0,0.52,,,,,0,,,0,,,,,,
2016-05-30,,,,0,,137,126,146,0.0,0.52,,,,,0,,,0,,,,,,
2016-05-31,,,,0,,137,126,146,0.0,0.52,,,,,0,,,0,,,,,,
2016-06-01,,,,0,,137,126,146,0.0,0.52,,,,,0,,,0,,,,,,
2016-06-02,23.7,20,25,1,,137,126,146,0.0,0.52,,,,,0,,,0,,,,,,
2016-06-03,,,,0,,137,126,146,0.0,0.52,,,,,0,,,0,,,,,,
2016-06-04,,,,0,,137,126,146,0.0,0.52,,,,,0,,,0,,,,,,
2016-06-05,22.4,18,30,1,,137,126,146,0.0,0.52,8.3,2563.0,7.9,18.7,1,1,,0,,,,,,
2016-06-06,,,,0,,137,126,146,0.0,0.52,,,,,0,,,0,,,,,,
2016-06-07,,,,0,,137,126,146,0.0,0.52,,,,,0,,,0,,,,,,
2016-06-08,,,,0,,137,126,146,0.0,0.52,,,,,0,,,0,,,,,,
2016-06-09,,,,0,,137,126,146,0.0,0.52,,,,,0,,,0,,,,,,
2016-06-10,,,,0,,137,126,146,0.0,0.52,,,,,0,,,0,,,,,,
2016-06-11,,,,0,,137,126,146,0.0,0.52,,,,,0,,,0,,,,,,
2016-06-12,,,,0,,137,126,146,0.0,0.52,,,,,0,,,0,,,,,,
2016-06-13,,,,0,,137,126,146,0.0,0.52,,,,,0,,,0,,,,,,
2016-06-14,,,,0,,137,126,146,0.0,0.52,,,,,0,,,0,,,,,,
2016-06-15,,,,0,,137,126,146,0.0,0.52,,,,,0,,,0,,,,,,
2016-06-16,,,,0,,137,126,146,0.0,0.52,,,,,0,,,0,,,,,,
2016-06-17,,,,0,,137,126,146,0.0,0.52,,,,,0,,,0,,,,,,
2016-06-18,,,,0,,137,126,146,0.0,0.52,,,,,0,,,0,,,,,,
2016-06-19,,,,0,,137,126,146,0.0,0.52,,,,,0,,,0,,,,,,
2016-06-20,,,,0,,137,126,146,0.0,0.52,,,,,0,,,0,,,,,,
2016-06-21,,,,0,,137,126,146,0.0,0.52,,,,,0,,,0,,,,,,
2016-06-22,,,,0,,137,126,146,0.0,0.52,,,,,0,,,0,,,,,,
2016-06-23,,,,0,,137,126,146,0.0,0.52,,,,,0,,,0,,,,,,
2016-06-24,,,,0,,137,126,146,0.0,0.52,,,,,0,,,0,,,,,,
2016-06-25,,,,0,,137,126,146,0.0,0.52,,,,,0,,,0,,,,,,
2016-06-26,,,,0,,137,126,146,0.0,0.52,,,,,0,,,0,,,,,,
2016-06-27,,,,0,,137,126,146,0.0,0.52,,,,,0,,,0,,,,,,
2016-06-28,,,,0,,137,126,146,0.0,0.52,,,,,0,,,0,,,,,,
2016-06-29,,,,0,,137,126,146,0.0,0.52,,,,,0,,,0,,,,,,
2016-06-30,,,,0,,137,126,146,0.0,0.52,,,,,0,,,0,,,,,,
2016-07-01,,,,0,,137,126,146,0.0,0.52,,,,,0,,,0,,,,,,
2016-07-02,,,,0,,137,126,146,0.0,0.52,,,,,0,,,0,,,,,,
2016-07-03,,,,0,,137,126,146,0.0,0.52,,,,,0,,,0,,,,,,
2016-07-04,27.5,24,30,1,,137,126,146,0.0,0.52,,,,,0,,,0,,,,,,
2016-07-05,,,,0,,137,126,146,0.0,0.52,,,,,0,,,0,,,,,,
2016-07-06,30.9,30,33,1,,137,126,146,0.0,0.52,,,,,0,,,0,,,,,,
2016-07-07,31.0,29,31,1,,137,126,146,0.0,0.52,,,,,0,,,0,,,,,,
2016-07-08,,,,0,,137,126,146,0.0,0.52,,,,,0,,,0,,,,,,
2016-07-09,25.1,18,38,1,,137,126,146,0.0,0.52,,,,,0,,,0,,,,,,
2016-07-10,,,,0,,137,126,146,0.0,0.52,,,,,0,,,0,,,,,,
2016-07-11,,,,0,,137,126,146,0.0,0.52,,,,,0,,,0,,,,,,
2016-07-12,,,,0,,137,126,146,0.0,0.52,,,,,0,,,0,,,,,,
2016-07-13,,,,0,,137,126,146,0.0,0.52,,,,,0,,,0,,,,,,
2016-07-14,24.5,23,28,1,,137,126,146,0.0,0.52,,,,,0,,,0,,,,,,
2016-07-15,,,,0,,137,126,146,0.0,0.52,,,,,0,,,0,,,,,,
2016-07-16,23.4,17,30,1,,137,126,146,0.0,0.52,,,,,0,,,0,,,,,,
2016-07-17,,,,0,,137,126,146,0.0,0.52,,,,,0,,,0,,,,,,
2016-07-18,,,,0,,137,126,146,0.0,0.52,,,,,0,,,0,,,,,,
2016-07-19,,,,0,,137,126,146,0.0,0.52,,,,,0,,,0,,,,,,
2016-07-20,,,,0,,137,126,146,0.0,0.52,,,,,0,,,0,,,,,,
2016-07-21,,,,0,,137,126,146,0.0,0.52,,,,,0,,,0,,,,,,
2016-07-22,,,,0,,137,126,146,0.0,0.52,,,,,0,,,0,,,,,,
2016-07-23,,,,0,,137,126,146,0.0,0.52,,,,,0,,,0,,,,,,
2016-07-24,,,,0,,137,126,146,0.0,0.52,,,,,0,,,0,,,,,,
2016-07-25,,,,0,,137,126,146,0.0,0.52,,,,,0,,,0,,,,,,
2016-07-26,,,,0,,137,126,146,0.0,0.52,,,,,0,,,0,,,,,,
2016-07-27,,,,0,,137,126,146,0.0,0.52,,,,,0,,,0,,,,,,
2016-07-28,,,,0,,137,126,146,0.0,0.52,,,,,0,,,0,,,,,,
2016-07-29,,,,0,,137,126,146,0.0,0.52,,,,,0,,,0,,,,,,
2016-07-30,,,,0,,137,126,146,0.0,0.52,,,,,0,,,0,,,,,,
2016-07-31,,,,0,,137,126,146,0.0,0.52,,,,,0,,,0,,,,,,
2016-08-01,,,,0,,137,126,146,0.0,0.52,,,,,0,,,0,,,,,,
2016-08-02,,,,0,,137,126,146,0.0,0.52,,,,,0,,,0,,,,,,
2016-08-03,27.4,25,30,1,,137,126,146,0.0,0.52,,,,,0,,,0,,,,,,
2016-08-04,,,,0,,137,126,146,0.0,0.52,,,,,0,,,0,,,,,,
2016-08-05,,,,0,,137,126,146,0.0,0.52,,,,,0,,,0,,,,,,
2016-08-06,,,,0,,137,126,146,0.0,0.52,,,,,0,,,0,,,,,,
2016-08-07,,,,0,,137,126,146,0.0,0.52,,,,,0,,,0,,,,,,
2016-08-08,,,,0,,137,126,146,0.0,0.52,,,,,0,,,0,,,,,,
2016-08-09,,,,0,,137,126,146,0.0,0.52,,,,,0,,,0,,,,,,
2016-08-10,,,,0,,137,126,146,0.0,0.52,,,,,0,,,0,,,,,,
2016-08-11,,,,0,,137,126,146,0.0,0.52,,,,,0,,,0,,,,,,
2016-08-12,23.4,21,27,1,,137,126,146,0.0,0.52,,,,,0,,,0,,,,,,
2016-08-13,,,,0,,137,126,146,0.0,0.52,,,,,0,,,0,,,,,,
2016-08-14,,,,0,,137,126,146,0.0,0.52,,,,,0,,,0,,,,,,
2016-08-15,,,,0,,137,126,146,0.0,0.52,,,,,0,,,0,,,,,,
2016-08-16,,,,0,,137,126,146,0.0,0.52,,,,,0,,,0,,,,,,
2016-08-17,27.4,22,33,1,,137,126,146,0.0,0.52,,,,,0,,,0,,,,,,
2016-08-18,,,,0,,137,126,146,0.0,0.52,,,,,0,,,0,,,,,,
2016-08-19,,,,0,,137,126,146,0.0,0.52,,,,,0,,,0,,,,,,
2016-08-20,,,,0,,137,126,146,0.0,0.52,,,,,0,,,0,,,,,,
2016-08-21,,,,0,,137,126,146,0.0,0.52,,,,,0,,,0,,,,,,
2016-08-22,,,,0,,137,126,146,0.0,0.52,,,,,0,,,0,,,,,,
2016-08-23,,,,0,,137,126,146,0.0,0.52,,,,,0,,,0,,,,,,
2016-08-24,,,,0,,137,126,146,0.0,0.52,,,,,0,,,0,,,,,,
2016-08-25,,,,0,,137,126,146,0.0,0.52,,,,,0,,,0,,,,,,
2016-08-26,,,,0,,137,126,146,0.0,0.52,,,,,0,,,0,,,,,,
2016-08-27,,,,0,,137,126,146,0.0,0.52,,,,,0,,,0,,,,,,
2016-08-28,,,,0,,137,126,146,0.0,0.52,,,,,0,,,0,,,,,,
2016-08-29,,,,0,,137,126,146,0.0,0.52,,,,,0,,,0,,,,,,
2016-08-30,,,,0,,137,126,146,0.0,0.52,,,,,0,,,0,,,,,,
2016-08-31,,,,0,,137,126,146,0.0,0.52,,,,,0,,,0,,,,,,
2016-09-01,,,,0,,137,126,146,0.0,0.52,,,,,0,,,0,,,,,,
2016-09-02,,,,0,,137,126,146,0.0,0.52,,,,,0,,,0,,,,,,
2016-09-03,,,,0,,137,126,146,0.0,0.52,,,,,0,,,0,,,,,,
2016-09-04,,,,0,,137,126,146,0.0,0.52,,,,,0,,,0,,,,,,
2016-09-05,,,,0,,137,126,146,0.0,0.52,,,,,0,,,0,,,,,,
2016-09-06,,,,0,,137,126,146,0.0,0.52,,,,,0,,,0,,,,,,
2016-09-07,,,,0,,137,126,146,0.0,0.52,,,,,0,,,0,,,,,,
2016-09-08,,,,0,,137,126,146,0.0,0.52,,,,,0,,,0,,,,,,
2016-09-09,,,,0,,137,126,146,0.0,0.52,,,,,0,,,0,,,,,,
2016-09-10,,,,0,,137,126,146,0.0,0.52,,,,,0,,,0,,,,,,
2016-09-11,,,,0,,137,126,146,0.0,0.52,,,,,0,,,0,,,,,,
2016-09-12,,,,0,,137,126,146,0.0,0.52,,,,,0,,,0,,,,,,
2016-09-13,,,,0,,137,126,146,0.0,0.52,,,,,0,,,0,,,,,,
2016-09-14,,,,0,,137,126,146,0.0,0.52,,,,,0,,,0,,,,,,
2016-09-15,,,,0,,137,126,146,0.0,0.52,,,,,0,,,0,,,,,,
2016-09-16,,,,0,,137,126,146,0.0,0.52,,,,,0,,,0,,,,,,
2016-09-17,,,,0,,137,126,146,0.0,0.52,,,,,0,,,0,,,,,,
2016-09-18,,,,0,,137,126,146,0.0,0.52,,,,,0,,,0,,,,,,
2016-09-19,,,,0,,137,126,146,0.0,0.52,,,,,0,,,0,,,,,,
2016-09-20,,,,0,,137,126,146,0.0,0.52,,,,,0,,,0,,,,,,
2016-09-21,,,,0,,137,126,146,0.0,0.52,,,,,0,,,0,,,,,,
2016-09-22,,,,0,,137,126,146,0.0,0.52,,,,,0,,,0,,,,,,
2016-09-23,,,,0,,137,126,146,0.0,0.52,,,,,0,,,0,,,,,,
2016-09-24,,,,0,,137,126,146,0.0,0.52,,,,,0,,,0,,,,,,
2016-09-25,,,,0,,137,126,146,0.0,0.52,,,,,0,,,0,,,,,,
2016-09-26,,,,0,,137,126,146,0.0,0.52,,,,,0,,,0,,,,,,
2016-09-27,,,,0,,137,126,146,0.0,0.52,,,,,0,,,0,,,,,,
2016-09-28,,,,0,,137,126,146,0.0,0.52,,,,,0,,,0,,,,,,
2016-09-29,,,,0,,137,126,146,0.0,0.52,,,,,0,,,0,,,,,,
2016-09-30,,,,0,,137,126,146,0.0,0.52,,,,,0,,,0,,,,,,
2016-10-01,,,,0,,137,126,146,0.0,0.52,,,,,0,,,0,,,,,,
2016-10-02,,,,0,,137,126,146,0.0,0.52,,,,,0,,,0,,,,,,
2016-10-03,,,,0,,137,126,146,0.0,0.52,,,,,0,,,0,,,,,,
2016-10-04,,,,0,,137,126,146,0.0,0.52,,,,,0,,,0,,,,,,
2016-10-05,,,,0,,137,126,146,0.0,0.52,,,,,0,,,0,,,,,,
2016-10-06,,,,0,,137,126,146,0.0,0.52,,,,,0,,,0,,,,,,
2016-10-07,,,,0,,137,126,146,0.0,0.52,,,,,0,,,0,,,,,,
2016-10-08,,,,0,,137,126,146,0.0,0.52,,,,,0,,,0,,,,,,
2016-10-09,,,,0,,137,126,146,0.0,0.52,,,,,0,,,0,,,,,,
2016-10-10,,,,0,,137,126,146,0.0,0.52,,,,,0,,,0,,,,,,
2016-10-11,,,,0,,137,126,146,0.0,0.52,,,,,0,,,0,,,,,,
2016-10-12,,,,0,,137,126,146,0.0,0.52,,,,,0,,,0,,,,,,
2016-10-13,,,,0,,137,126,146,0.0,0.52,,,,,0,,,0,,,,,,
2016-10-14,,,,0,,137,126,146,0.0,0.52,,,,,0,,,0,,,,,,
2016-10-15,,,,0,,137,126,146,0.0,0.52,,,,,0,,,0,,,,,,
2016-10-16,,,,0,,137,126,146,0.0,0.52,,,,,0,,,0,,,,,,
2016-10-17,,,,0,,137,126,146,0.0,0.52,,,,,0,,,0,,,,,,
2016-10-18,,,,0,,137,126,146,0.0,0.52,,,,,0,,,0,,,,,,
2016-10-19,,,,0,,137,126,146,0.0,0.52,,,,,0,,,0,,,,,,
2016-10-20,,,,0,,137,126,146,0.0,0.52,,,,,0,,,0,,,,,,
2016-10-21,,,,0,,137,126,146,0.0,0.52,,,,,0,,,0,,,,,,
2016-10-22,,,,0,,137,126,146,0.0,0.52,,,,,0,,,0,,,,,,
2016-10-23,,,,0,,137,126,146,0.0,0.52,,,,,0,,,0,,,,,,
2016-10-24,,,,0,,137,126,146,0.0,0.52,,,,,0,,,0,,,,,,
2016-10-25,,,,0,,137,126,146,0.0,0.52,,,,,0,,,0,,,,,,
2016-10-26,,,,0,,137,126,146,0.0,0.52,,,,,0,,,0,,,,,,
2016-10-27,,,,0,,137,126,146,0.0,0.52,,,,,0,,,0,,,,,,
2016-10-28,,,,0,,137,126,146,0.0,0.52,,,,,0,,,0,,,,,,
2016-10-29,,,,0,,137,126,146,0.0,0.52,,,,,0,,,0,,,,,,
2016-10-30,,,,0,,137,126,146,0.0,0.52,,,,,0,,,0,,,,,,
2016-10-31,,,,0,,137,126,146,0.0,0.52,,,,,0,,,0,,,,,,
2016-11-01,,,,0,,137,126,146,0.0,0.52,,,,,0,,,0,,,,,,
2016-11-02,,,,0,,137,126,146,0.0,0.52,,,,,0,,,0,,,,,,
2016-11-03,,,,0,,137,126,146,0.0,0.52,,,,,0,,,0,,,,,,
2016-11-04,,,,0,,137,126,146,0.0,0.52,,,,,0,,,0,,,,,,
2016-11-05,,,,0,,137,126,146,0.0,0.52,,,,,0,,,0,,,,,,
2016-11-06,,,,0,,137,126,146,0.0,0.52,,,,,0,,,0,,,,,,
2016-11-07,,,,0,,137,126,146,0.0,0.52,,,,,0,,,0,,,,,,
2016-11-08,,,,0,,137,126,146,0.0,0.52,,,,,0,,,0,,,,,,
2016-11-09,,,,0,,137,126,146,0.0,0.52,,,,,0,,,0,,,,,,
2016-11-10,,,,0,,137,126,146,0.0,0.52,,,,,0,,,0,,,,,,
2016-11-11,,,,0,,137,126,146,0.0,0.52,,,,,0,,,0,,,,,,
2016-11-12,,,,0,,137,126,146,0.0,0.52,,,,,0,,,0,,,,,,
2016-11-13,,,,0,,137,126,146,0.0,0.52,,,,,0,,,0,,,,,,
2016-11-14,,,,0,,137,126,146,0.0,0.52,,,,,0,,,0,,,,,,
2016-11-15,,,,0,,137,126,146,0.0,0.52,,,,,0,,,0,,,,,,
2016-11-16,,,,0,,137,126,146,0.0,0.52,,,,,0,,,0,,,,,,
2016-11-17,,,,0,,137,126,146,0.0,0.52,,,,,0,,,0,,,,,,
2016-11-18,,,,0,,137,126,146,0.0,0.52,,,,,0,,,0,,,,,,
2016-11-19,,,,0,,137,126,146,0.0,0.52,,,,,0,,,0,,,,,,
2016-11-20,,,,0,,137,126,146,0.0,0.52,,,,,0,,,0,,,,,,
2016-11-21,,,,0,,137,126,146,0.0,0.52,,,,,0,,,0,,,,,,
2016-11-22,,,,0,,137,126,146,0.0,0.52,,,,,0,,,0,,,,,,
2016-11-23,,,,0,,137,126,146,0.0,0.52,,,,,0,,,0,,,,,,
2016-11-24,,,,0,,137,126,146,0.0,0.52,,,,,0,,,0,,,,,,
2016-11-25,,,,0,,137,126,146,0.0,0.52,,,,,0,,,0,,,,,,
2016-11-26,,,,0,,137,126,146,0.0,0.52,,,,,0,,,0,,,,,,
2016-11-27,,,,0,,137,126,146,0.0,0.52,,,,,0,,,0,,,,,,
2016-11-28,,,,0,,137,126,146,0.0,0.52,,,,,0,,,0,,,,,,
2016-11-29,,,,0,,137,126,146,0.0,0.52,,,,,0,,,0,,,,,,
2016-11-30,,,,0,,137,126,146,0.0,0.52,,,,,0,,,0,,,,,,
2016-12-01,,,,0,,137,126,146,0.0,0.52,,,,,0,,,0,,,,,,
2016-12-02,,,,0,,137,126,146,0.0,0.52,,,,,0,,,0,,,,,,
2016-12-03,,,,0,,137,126,146,0.0,0.52,,,,,0,,,0,,,,,,
2016-12-04,,,,0,,137,126,146,0.0,0.52,,,,,0,,,0,,,,,,
2016-12-05,,,,0,,137,126,146,0.0,0.52,,,,,0,,,0,,,,,,
2016-12-06,,,,0,,137,126,146,0.0,0.52,,,,,0,,,0,,,,,,
2016-12-07,,,,0,,137,126,146,0.0,0.52,,,,,0,,,0,,,,,,
2016-12-08,,,,0,,137,126,146,0.0,0.52,,,,,0,,,0,,,,,,
2016-12-09,,,,0,,137,126,146,0.0,0.52,,,,,0,,,0,,,,,,
2016-12-10,,,,0,,137,126,146,0.0,0.52,,,,,0,,,0,,,,,,
2016-12-11,,,,0,,137,126,146,0.0,0.52,,,,,0,,,0,,,,,,
2016-12-12,,,,0,,137,126,146,0.0,0.52,,,,,0,,,0,,,,,,
2016-12-13,,,,0,,137,126,146,0.0,0.52,,,,,0,,,0,,,,,,
2016-12-14,,,,0,,137,126,146,0.0,0.52,,,,,0,,,0,,,,,,
2016-12-15,,,,0,,137,126,146,0.0,0.52,,,,,0,,,0,,,,,,
2016-12-16,,,,0,,137,126,146,0.0,0.52,,,,,0,,,0,,,,,,
2016-12-17,,,,0,,137,126,146,0.0,0.52,,,,,0,,,0,,,,,,
2016-12-18,,,,0,,137,126,146,0.0,0.52,,,,,0,,,0,,,,,,
2016-12-19,,,,0,,137,126,146,0.0,0.52,,,,,0,,,0,,,,,,
2016-12-20,,,,0,,137,126,146,0.0,0.52,,,,,0,,,0,,,,,,
2016-12-21,,,,0,,137,126,146,0.0,0.52,,,,,0,,,0,,,,,,
2016-12-22,,,,0,,137,126,146,0.0,0.52,,,,,0,,,0,,,,,,
2016-12-23,,,,0,,137,126,146,0.0,0.52,,,,,0,,,0,,,,,,
2016-12-24,,,,0,,137,126,146,0.0,0.52,,,,,0,,,0,,,,,,
2016-12-25,,,,0,,137,126,146,0.0,0.52,,,,,0,,,0,,,,,,
2016-12-26,,,,0,,137,126,146,0.0,0.52,,,,,0,,,0,,,,,,
2016-12-27,,,,0,,137,126,146,0.0,0.52,,,,,0,,,0,,,,,,
2016-12-28,,,,0,,137,126,146,0.0,0.52,,,,,0,,,0,,,,,,
2016-12-29,,,,0,,137,126,146,0.0,0.52,,,,,0,,,0,,,,,,
2016-12-30,,,,0,,137,126,146,0.0,0.52,,,,,0,,,0,,,,,,
2016-12-31,,,,0,,137,126,146,0.0,0.52,,,,,0,,,0,,,,,,
2017-01-01,,,,0,,137,126,146,0.0,0.52,,,,,0,,,0,,,,,,
2017-01-02,,,,0,,137,126,146,0.0,0.52,,,,,0,,,0,,,,,,
2017-01-03,,,,0,,137,126,146,0.0,0.52,,,,,0,,,0,,,,,,
2017-01-04,,,,0,,137,126,146,0.0,0.52,,,,,0,,,0,,,,,,
2017-01-05,,,,0,,137,126,146,0.0,0.52,,,,,0,,,0,,,,,,
2017-01-06,,,,0,,137,126,146,0.0,0.52,,,,,0,,,0,,,,,,
2017-01-07,,,,0,,137,126,146,0.0,0.52,,,,,0,,,0,,,,,,
2017-01-08,,,,0,,137,126,146,0.0,0.52,,,,,0,,,0,,,,,,
2017-01-09,,,,0,,137,126,146,0.0,0.52,,,,,0,,,0,,,,,,
2017-01-10,,,,0,,137,126,146,0.0,0.52,,,,,0,,,0,,,,,,
2017-01-11,,,,0,,137,126,146,0.0,0.52,,,,,0,,,0,,,,,,
2017-01-12,,,,0,,137,126,146,0.0,0.52,,,,,0,,,0,,,,,,
2017-01-13,,,,0,,137,126,146,0.0,0.52,,,,,0,,,0,,,,,,
2017-01-14,,,,0,,137,126,146,0.0,0.52,,,,,0,,,0,,,,,,
2017-01-15,,,,0,,137,126,146,0.0,0.52,,,,,0,,,0,,,,,,
2017-01-16,,,,0,,137,126,146,0.0,0.52,,,,,0,,,0,,,,,,
2017-01-17,,,,0,,137,126,146,0.0,0.52,,,,,0,,,0,,,,,,
2017-01-18,,,,0,,137,126,146,0.0,0.52,,,,,0,,,0,,,,,,
2017-01-19,,,,0,,137,126,146,0.0,0.52,,,,,0,,,0,,,,,,
2017-01-20,,,,0,,137,126,146,0.0,0.52,,,,,0,,,0,,,,,,
2017-01-21,,,,0,,137,126,146,0.0,0.52,,,,,0,,,0,,,,,,
2017-01-22,,,,0,,137,126,146,0.0,0.52,,,,,0,,,0,,,,,,
2017-01-23,,,,0,,137,126,146,0.0,0.52,,,,,0,,,0,,,,,,
2017-01-24,,,,0,,137,126,146,0.0,0.52,,,,,0,,,0,,,,,,
2017-01-25,,,,0,,137,126,146,0.0,0.52,,,,,0,,,0,,,,,,
2017-01-26,,,,0,,137,126,146,0.0,0.52,,,,,0,,,0,,,,,,
2017-01-27,,,,0,,137,126,146,0.0,0.52,,,,,0,,,0,,,,,,
2017-01-28,,,,0,,137,126,146,0.0,0.52,,,,,0,,,0,,,,,,
2017-01-29,17.6,15,22,1,,137,126,146,0.0,0.52,,,,,0,,,0,,,,,,
2017-01-30,,,,0,,137,126,146,0.0,0.52,,,,,0,,,0,,,,,,
2017-01-31,,,,0,,137,126,146,0.0,0.52,,,,,0,,,0,,,,,,
2017-02-01,,,,0,,137,126,146,0.0,0.52,,,,,0,,,0,,,,,,
2017-02-02,,,,0,,137,126,146,0.0,0.52,,,,,0,,,0,,,,,,
2017-02-03,,,,0,,137,126,146,0.0,0.52,,,,,0,,,0,,,,,,
2017-02-04,15.7,14,17,1,,137,126,146,0.0,0.52,,,,,0,,,0,,,,,,
2017-02-05,,,,0,,137,126,146,0.0,0.52,,,,,0,,,0,,,,,,
2017-02-06,,,,0,,137,126,146,0.0,0.52,,,,,0,,,0,,,,,,
2017-02-07,,,,0,,137,126,146,0.0,0.52,,,,,0,,,0,,,,,,
2017-02-08,,,,0,,137,126,146,0.0,0.52,,,,,0,,,0,,,,,,
2017-02-09,,,,0,,137,126,146,0.0,0.52,,,,,0,,,0,,,,,,
2017-02-10,,,,0,,137,126,146,0.0,0.52,,,,,0,,,0,,,,,,
2017-02-11,,,,0,,137,126,146,0.0,0.52,,,,,0,,,0,,,,,,
2017-02-12,,,,0,,137,126,146,0.0,0.52,,,,,0,,,0,,,,,,
2017-02-13,,,,0,,137,126,146,0.0,0.52,,,,,0,,,0,,,,,,
2017-02-14,,,,0,,137,126,146,0.0,0.52,,,,,0,,,0,,,,,,
2017-02-15,,,,0,,137,126,146,0.0,0.52,,,,,0,,,0,,,,,,
2017-02-16,,,,0,,137,126,146,0.0,0.52,,,,,0,,,0,,,,,,
2017-02-17,,,,0,,137,126,146,0.0,0.52,,,,,0,,,0,,,,,,
2017-02-18,,,,0,,137,126,146,0.0,0.52,,,,,0,,,0,,,,,,
2017-02-19,,,,0,,137,126,146,0.0,0.52,,,,,0,,,0,,,,,,
2017-02-20,,,,0,,137,126,146,0.0,0.52,,,,,0,,,0,,,,,,
2017-02-21,,,,0,,137,126,146,0.0,0.52,,,,,0,,,0,,,,,,
2017-02-22,,,,0,,137,126,146,0.0,0.52,,,,,0,,,0,,,,,,
2017-02-23,,,,0,,137,126,146,0.0,0.52,,,,,0,,,0,,,,,,
2017-02-24,,,,0,,137,126,146,0.0,0.52,,,,,0,,,0,,,,,,
2017-02-25,,,,0,,137,126,146,0.0,0.52,,,,,0,,,0,,,,,,
2017-02-26,17.0,16,21,1,,137,126,146,0.0,0.52,,,,,0,,,0,,,,,,
2017-02-27,,,,0,,137,126,146,0.0,0.52,,,,,0,,,0,,,,,,
2017-02-28,,,,0,,137,126,146,0.0,0.52,,,,,0,,,0,,,,,,
2017-03-01,,,,0,,137,126,146,0.0,0.52,,,,,0,,,0,,,,,,
2017-03-02,,,,0,,137,126,146,0.0,0.52,,,,,0,,,0,,,,,,
2017-03-03,15.4,12,18,1,,137,126,146,0.0,0.52,,,,,0,,,0,,,,,,
2017-03-04,19.8,18,23,1,,137,126,146,0.0,0.52,,,,,0,,,0,,,,,,
2017-03-05,,,,0,,137,126,146,0.0,0.52,,,,,0,,,0,,,,,,
2017-03-06,,,,0,,137,126,146,0.0,0.52,,,,,0,,,0,,,,,,
2017-03-07,,,,0,,137,126,146,0.0,0.52,,,,,0,,,0,,,,,,
2017-03-08,,,,0,,137,126,146,0.0,0.52,,,,,0,,,0,,,,,,
2017-03-09,,,,0,,137,126,146,0.0,0.52,,,,,0,,,0,,,,,,
2017-03-10,,,,0,,137,126,146,0.0,0.52,,,,,0,,,0,,,,,,
2017-03-11,,,,0,,137,126,146,0.0,0.52,,,,,0,,,0,,,,,,
2017-03-12,16.8,14,20,1,,137,126,146,0.0,0.52,,,,,0,,,0,,,,,,
2017-03-13,,,,0,,137,126,146,0.0,0.52,,,,,0,,,0,,,,,,
2017-03-14,,,,0,,137,126,146,0.0,0.52,,,,,0,,,0,,,,,,
2017-03-15,,,,0,,137,126,146,0.0,0.52,,,,,0,,,0,,,,,,
2017-03-16,,,,0,,137,126,146,0.0,0.52,,,,,0,,,0,,,,,,
2017-03-17,,,,0,,137,126,146,0.0,0.52,,,,,0,,,0,,,,,,
2017-03-18,,,,0,,137,126,146,0.0,0.52,,,,,0,,,0,,,,,,
2017-03-19,13.4,11,20,1,,137,126,146,0.0,0.52,,,,,0,,,0,,,,,,
2017-03-20,,,,0,,137,126,146,0.0,0.52,,,,,0,,,0,,,,,,
2017-03-21,,,,0,,137,126,146,0.0,0.52,,,,,0,,,0,,,,,,
2017-03-22,,,,0,,137,126,146,0.0,0.52,,,,,0,,,0,,,,,,
2017-03-23,,,,0,,137,126,146,0.0,0.52,,,,,0,,,0,,,,,,
2017-03-24,,,,0,,137,126,146,0.0,0.52,,,,,0,,,0,,,,,,
2017-03-25,,,,0,,137,126,146,0.0,0.52,,,,,0,,,0,,,,,,
2017-03-26,,,,0,,137,126,146,0.0,0.52,,,,,0,,,0,,,,,,
2017-03-27,,,,0,,137,126,146,0.0,0.52,,,,,0,,,0,,,,,,
2017-03-28,,,,0,,137,126,146,0.0,0.52,,,,,0,,,0,,,,,,
2017-03-29,,,,0,,137,126,146,0.0,0.52,,,,,0,,,0,,,,,,
2017-03-30,,,,0,,137,126,146,0.0,0.52,,,,,0,,,0,,,,,,
2017-03-31,,,,0,,137,126,146,0.0,0.52,,,,,0,,,0,,,,,,
2017-04-01,21.2,13,26,1,,137,126,146,0.0,0.52,,,,,0,,,0,,,,,,
2017-04-02,,,,0,,137,126,146,0.0,0.52,,,,,0,,,0,,,,,,
2017-04-03,,,,0,,137,126,146,0.0,0.52,,,,,0,,,0,,,,,,
2017-04-04,,,,0,,137,126,146,0.0,0.52,,,,,0,,,0,,,,,,
2017-04-05,,,,0,,137,126,146,0.0,0.52,,,,,0,,,0,,,,,,
2017-04-06,,,,0,,137,126,146,0.0,0.52,,,,,0,,,0,,,,,,
2017-04-07,,,,0,,137,126,146,0.0,0.52,,,,,0,,,0,,,,,,
2017-04-08,,,,0,,137,126,146,0.0,0.52,,,,,0,,,0,,,,,,
2017-04-09,20.5,14,28,1,,137,126,146,0.0,0.52,,,,,0,,,0,,,,,,
2017-04-10,,,,0,,137,126,146,0.0,0.52,,,,,0,,,0,,,,,,
2017-04-11,,,,0,,137,126,146,0.0,0.52,,,,,0,,,0,,,,,,
2017-04-12,,,,0,,137,126,146,0.0,0.52,,,,,0,,,0,,,,,,
2017-04-13,,,,0,,137,126,146,0.0,0.52,,,,,0,,,0,,,,,,
2017-04-14,,,,0,,137,126,146,0.0,0.52,,,,,0,,,0,,,,,,
2017-04-15,,,,0,,137,126,146,0.0,0.52,,,,,0,,,0,,,,,,
2017-04-16,,,,0,,137,126,146,0.0,0.52,,,,,0,,,0,,,,,,
2017-04-17,,,,0,,137,126,146,0.0,0.52,,,,,0,,,0,,,,,,
2017-04-18,,,,0,,137,126,146,0.0,0.52,,,,,0,,,0,,,,,,
2017-04-19,,,,0,,137,126,146,0.0,0.52,,,,,0,,,0,,,,,,
2017-04-20,13.9,13,20,1,,137,126,146,0.0,0.52,,,,,0,,,0,,,,,,
2017-04-21,,,,0,,137,126,146,0.0,0.52,,,,,0,,,0,,,,,,
2017-04-22,,,,0,,137,126,146,0.0,0.52,,,,,0,,,0,,,,,,
2017-04-23,,,,0,,137,126,146,0.0,0.52,,,,,0,,,0,,,,,,
2017-04-24,,,,0,,137,126,146,0.0,0.52,,,,,0,,,0,,,,,,
2017-04-25,,,,0,,137,126,146,0.0,0.52,,,,,0,,,0,,,,,,
2017-04-26,,,,0,,137,126,146,0.0,0.52,,,,,0,,,0,,,,,,
2017-04-27,,,,0,,137,126,146,0.0,0.52,,,,,0,,,0,,,,,,
2017-04-28,,,,0,,137,126,146,0.0,0.52,,,,,0,,,0,,,,,,
2017-04-29,18.1,16,26,1,,137,126,146,0.0,0.52,,,,,0,,,0,,,,,,
2017-04-30,,,,0,,137,126,146,0.0,0.52,,,,,0,,,0,,,,,,
2017-05-01,,,,0,,137,126,146,0.0,0.52,,,,,0,,,0,,,,,,
2017-05-02,,,,0,,137,126,146,0.0,0.52,,,,,0,,,0,,,,,,
2017-05-03,,,,0,,137,126,146,0.0,0.52,,,,,0,,,0,,,,,,
2017-05-04,,,,0,,137,126,146,0.0,0.52,,,,,0,,,0,,,,,,
2017-05-05,,,,0,,137,126,146,0.0,0.52,,,,,0,,,0,,,,,,
2017-05-06,15.3,14,19,1,,137,126,146,0.0,0.52,,,,,0,,,0,,,,,,
2017-05-07,,,,0,,137,126,146,0.0,0.52,,,,,0,,,0,,,,,,
2017-05-08,,,,0,,137,126,146,0.0,0.52,,,,,0,,,0,,,,,,
2017-05-09,,,,0,,137,126,146,0.0,0.52,,,,,0,,,0,,,,,,
2017-05-10,,,,0,,137,126,146,0.0,0.52,,,,,0,,,0,,,,,,
2017-05-11,,,,0,,137,126,146,0.0,0.52,,,,,0,,,0,,,,,,
2017-05-12,,,,0,,137,126,146,0.0,0.52,,,,,0,,,0,,,,,,
2017-05-13,22.4,20,26,2,,137,126,146,0.0,0.52,,,,,0,,,0,,,,,,
2017-05-14,,,,0,,137,126,146,0.0,0.52,,,,,0,,,0,,,,,,
2017-05-15,,,,0,,137,126,146,0.0,0.52,,,,,0,,,0,,,,,,
2017-05-16,,,,0,,137,126,146,0.0,0.52,,,,,0,,,0,,,,,,
2017-05-17,,,,0,,137,126,146,0.0,0.52,,,,,0,,,0,,,,,,
2017-05-18,,,,0,,137,126,146,0.0,0.52,,,,,0,,,0,,,,,,
2017-05-19,,,,0,,137,126,146,0.0,0.52,,,,,0,,,0,,,,,,
2017-05-20,23.0,21,25,1,,137,126,146,0.0,0.52,,,,,0,,,0,,,,,,
2017-05-21,,,,0,,137,126,146,0.0,0.52,,,,,0,,,0,,,,,,
2017-05-22,,,,0,,137,126,146,0.0,0.52,,,,,0,,,0,,,,,,
2017-05-23,,,,0,,137,126,146,0.0,0.52,,,,,0,,,0,,,,,,
2017-05-24,,,,0,,137,126,146,0.0,0.52,,,,,0,,,0,,,,,,
2017-05-25,25.6,23,28,1,,137,126,146,0.0,0.52,,,,,0,,,0,,,,,,
2017-05-26,,,,0,,137,126,146,0.0,0.52,,,,,0,,,0,,,,,,
2017-05-27,,,,0,,137,126,146,0.0,0.52,,,,,0,,,0,,,,,,
2017-05-28,,,,0,,137,126,146,0.0,0.52,,,,,0,,,0,,,,,,
2017-05-29,26.1,24,29,1,,137,126,146,0.0,0.52,,,,,0,,,0,,,,,,
2017-05-30,,,,0,,137,126,146,0.0,0.52,,,,,0,,,0,,,,,,
2017-05-31,,,,0,,137,126,146,0.0,0.52,,,,,0,,,0,,,,,,
2017-06-01,,,,0,,137,126,146,0.0,0.52,,,,,0,,,0,,,,,,
2017-06-02,29.1,25,34,1,,137,126,146,0.0,0.52,,,,,0,,,0,,,,,,
2017-06-03,30.0,24,37,1,,137,126,146,0.0,0.52,,,,,0,,,0,,,,,,
2017-06-04,,,,0,,137,126,146,0.0,0.52,,,,,0,,,0,,,,,,
2017-06-05,,,,0,,137,126,146,0.0,0.52,,,,,0,,,0,,,,,,
2017-06-06,,,,0,,137,126,146,0.0,0.52,,,,,0,,,0,,,,,,
2017-06-07,,,,0,,137,126,146,0.0,0.52,,,,,0,,,0,,,,,,
2017-06-08,,,,0,,137,126,146,0.0,0.52,,,,,0,,,0,,,,,,
2017-06-09,,,,0,,137,126,146,0.0,0.52,,,,,0,,,0,,,,,,
2017-06-10,25.4,24,26,1,,137,126,146,0.0,0.52,,,,,0,,,0,,,,,,
2017-06-11,,,,0,,137,126,146,0.0,0.52,,,,,0,,,0,,,,,,
2017-06-12,,,,0,,137,126,146,0.0,0.52,,,,,0,,,0,,,,,,
2017-06-13,,,,0,,137,126,146,0.0,0.52,,,,,0,,,0,,,,,,
2017-06-14,,,,0,,137,126,146,0.0,0.52,,,,,0,,,0,,,,,,
2017-06-15,,,,0,,137,126,146,0.0,0.52,,,,,0,,,0,,,,,,
2017-06-16,,,,0,,137,126,146,0.0,0.52,,,,,0,,,0,,,,,,
2017-06-17,,,,0,,137,126,146,0.0,0.52,,,,,0,,,0,,,,,,
2017-06-18,30.6,27,33,1,,137,126,146,0.0,0.52,,,,,0,,,0,,,,,,
2017-06-19,,,,0,,137,126,146,0.0,0.52,,,,,0,,,0,,,,,,
2017-06-20,,,,0,,137,126,146,0.0,0.52,,,,,0,,,0,,,,,,
2017-06-21,,,,0,,137,126,146,0.0,0.52,,,,,0,,,0,,,,,,
2017-06-22,,,,0,,137,126,146,0.0,0.52,,,,,0,,,0,,,,,,
2017-06-23,,,,0,,137,126,146,0.0,0.52,,,,,0,,,0,,,,,,
2017-06-24,,,,0,,137,126,146,0.0,0.52,,,,,0,,,0,,,,,,
2017-06-25,,,,0,,137,126,146,0.0,0.52,,,,,0,,,0,,,,,,
2017-06-26,,,,0,,137,126,146,0.0,0.52,,,,,0,,,0,,,,,,
2017-06-27,31.7,31,33,1,,137,126,146,0.0,0.52,,,,,0,,,0,,,,,,
2017-06-28,,,,0,,137,126,146,0.0,0.52,,,,,0,,,0,,,,,,
2017-06-29,,,,0,,137,126,146,0.0,0.52,,,,,0,,,0,,,,,,
2017-06-30,,,,0,,137,126,146,0.0,0.52,,,,,0,,,0,,,,,,
2017-07-01,,,,0,,137,126,146,0.0,0.52,,,,,0,,,0,,,,,,
2017-07-02,28.2,26,31,1,,137,126,146,0.0,0.52,,,,,0,,,0,,,,,,
2017-07-03,,,,0,,137,126,146,0.0,0.52,,,,,0,,,0,,,,,,
2017-07-04,,,,0,,137,126,146,0.0,0.52,,,,,0,,,0,,,,,,
2017-07-05,,,,0,,137,126,146,0.0,0.52,,,,,0,,,0,,,,,,
2017-07-06,,,,0,,137,126,146,0.0,0.52,,,,,0,,,0,,,,,,
2017-07-07,,,,0,,137,126,146,0.0,0.52,,,,,0,,,0,,,,,,
2017-07-08,,,,0,,137,126,146,0.0,0.52,,,,,0,,,0,,,,,,
2017-07-09,,,,0,,137,126,146,0.0,0.52,,,,,0,,,0,,,,,,
2017-07-10,,,,0,,137,126,146,0.0,0.52,,,,,0,,,0,,,,,,
2017-07-11,,,,0,,137,126,146,0.0,0.52,,,,,0,,,0,,,,,,
2017-07-12,,,,0,,137,126,146,0.0,0.52,,,,,0,,,0,,,,,,
2017-07-13,,,,0,,137,126,146,0.0,0.52,,,,,0,,,0,,,,,,
2017-07-14,,,,0,,137,126,146,0.0,0.52,,,,,0,,,0,,,,,,
2017-07-15,,,,0,,137,126,146,0.0,0.52,,,,,0,,,0,,,,,,
2017-07-16,,,,0,,137,126,146,0.0,0.52,,,,,0,,,0,,,,,,
2017-07-17,,,,0,,137,126,146,0.0,0.52,,,,,0,,,0,,,,,,
2017-07-18,,,,0,,137,126,146,0.0,0.52,,,,,0,,,0,,,,,,
2017-07-19,,,,0,,137,126,146,0.0,0.52,,,,,0,,,0,,,,,,
2017-07-20,,,,0,,137,126,146,0.0,0.52,,,,,0,,,0,,,,,,
2017-07-21,,,,0,,137,126,146,0.0,0.52,,,,,0,,,0,,,,,,
2017-07-22,,,,0,,137,126,146,0.0,0.52,,,,,0,,,0,,,,,,
2017-07-23,32.2,28,39,1,,137,126,146,0.0,0.52,,,,,0,,,0,,,,,,
2017-07-24,,,,0,,137,126,146,0.0,0.52,,,,,0,,,0,,,,,,
2017-07-25,,,,0,,137,126,146,0.0,0.52,,,,,0,,,0,,,,,,
2017-07-26,,,,0,,137,126,146,0.0,0.52,,,,,0,,,0,,,,,,
2017-07-27,,,,0,,137,126,146,0.0,0.52,,,,,0,,,0,,,,,,
2017-07-28,,,,0,,137,126,146,0.0,0.52,,,,,0,,,0,,,,,,
2017-07-29,,,,0,,137,126,146,0.0,0.52,,,,,0,,,0,,,,,,
2017-07-30,,,,0,,137,126,146,0.0,0.52,,,,,0,,,0,,,,,,
2017-07-31,,,,0,,137,126,146,0.0,0.52,,,,,0,,,0,,,,,,
2017-08-01,,,,0,,137,126,146,0.0,0.52,,,,,0,,,0,,,,,,
2017-08-02,,,,0,,137,126,146,0.0,0.52,,,,,0,,,0,,,,,,
2017-08-03,,,,0,,137,126,146,0.0,0.52,,,,,0,,,0,,,,,,
2017-08-04,,,,0,,137,126,146,0.0,0.52,,,,,0,,,0,,,,,,
2017-08-05,,,,0,,137,126,146,0.0,0.52,,,,,0,,,0,,,,,,
2017-08-06,,,,0,,137,126,146,0.0,0.52,,,,,0,,,0,,,,,,
2017-08-07,,,,0,,137,126,146,0.0,0.52,,,,,0,,,0,,,,,,
2017-08-08,,,,0,,137,126,146,0.0,0.52,,,,,0,,,0,,,,,,
2017-08-09,,,,0,,137,126,146,0.0,0.52,,,,,0,,,0,,,,,,
2017-08-10,,,,0,,137,126,146,0.0,0.52,,,,,0,,,0,,,,,,
2017-08-11,26.7,24,31,1,,137,126,146,0.0,0.52,,,,,0,,,0,,,,,,
2017-08-12,,,,0,,137,126,146,0.0,0.52,,,,,0,,,0,,,,,,
2017-08-13,33.4,25,37,1,,137,126,146,0.0,0.52,,,,,0,,,0,,,,,,
2017-08-14,,,,0,,137,126,146,0.0,0.52,,,,,0,,,0,,,,,,
2017-08-15,,,,0,,137,126,146,0.0,0.52,,,,,0,,,0,,,,,,
2017-08-16,33.1,29,36,1,,137,126,146,0.0,0.52,,,,,0,,,0,,,,,,
2017-08-17,,,,0,,137,126,146,0.0,0.52,,,,,0,,,0,,,,,,
2017-08-18,,,,0,,137,126,146,0.0,0.52,,,,,0,,,0,,,,,,
2017-08-19,,,,0,,137,126,146,0.0,0.52,,,,,0,,,0,,,,,,
2017-08-20,,,,0,,137,126,146,0.0,0.52,,,,,0,,,0,,,,,,
2017-08-21,,,,0,,137,126,146,0.0,0.52,,,,,0,,,0,,,,,,
2017-08-22,,,,0,,137,126,146,0.0,0.52,,,,,0,,,0,,,,,,
2017-08-23,29.4,21,37,1,,137,126,146,0.0,0.52,,,,,0,,,0,,,,,,
2017-08-24,,,,0,,137,126,146,0.0,0.52,,,,,0,,,0,,,,,,
2017-08-25,,,,0,,137,126,146,0.0,0.52,,,,,0,,,0,,,,,,
2017-08-26,,,,0,,137,126,146,0.0,0.52,,,,,0,,,0,,,,,,
2017-08-27,,,,0,,137,126,146,0.0,0.52,,,,,0,,,0,,,,,,
2017-08-28,,,,0,,137,126,146,0.0,0.52,,,,,0,,,0,,,,,,
2017-08-29,,,,0,,137,126,146,0.0,0.52,,,,,0,,,0,,,,,,
2017-08-30,32.0,27,35,1,,137,126,146,0.0,0.52,,,,,0,,,0,,,,,,
2017-08-31,,,,0,,137,126,146,0.0,0.52,,,,,0,,,0,,,,,,
2017-09-01,,,,0,,137,126,146,0.0,0.52,,,,,0,,,0,,,,,,
2017-09-02,,,,0,,137,126,146,0.0,0.52,,,,,0,,,0,,,,,,
2017-09-03,,,,0,,137,126,146,0.0,0.52,,,,,0,,,0,,,,,,
2017-09-04,,,,0,,137,126,146,0.0,0.52,,,,,0,,,0,,,,,,
2017-09-05,,,,0,,137,126,146,0.0,0.52,,,,,0,,,0,,,,,,
2017-09-06,,,,0,,137,126,146,0.0,0.52,,,,,0,,,0,,,,,,
2017-09-07,,,,0,,137,126,146,0.0,0.52,,,,,0,,,0,,,,,,
2017-09-08,,,,0,,137,126,146,0.0,0.52,,,,,0,,,0,,,,,,
2017-09-09,,,,0,,137,126,146,0.0,0.52,,,,,0,,,0,,,,,,
2017-09-10,,,,0,,137,126,146,0.0,0.52,,,,,0,,,0,,,,,,
2017-09-11,,,,0,,137,126,146,0.0,0.52,,,,,0,,,0,,,,,,
2017-09-12,,,,0,,137,126,146,0.0,0.52,,,,,0,,,0,,,,,,
2017-09-13,,,,0,,137,126,146,0.0,0.52,,,,,0,,,0,,,,,,
2017-09-14,,,,0,,137,126,146,0.0,0.52,,,,,0,,,0,,,,,,
2017-09-15,,,,0,,137,126,146,0.0,0.52,,,,,0,,,0,,,,,,
2017-09-16,,,,0,,137,126,146,0.0,0.52,,,,,0,,,0,,,,,,
2017-09-17,,,,0,,137,126,146,0.0,0.52,,,,,0,,,0,,,,,,
2017-09-18,,,,0,,137,126,146,0.0,0.52,,,,,0,,,0,,,,,,
2017-09-19,,,,0,,137,126,146,0.0,0.52,,,,,0,,,0,,,,,,
2017-09-20,,,,0,,137,126,146,0.0,0.52,,,,,0,,,0,,,,,,
2017-09-21,,,,0,,137,126,146,0.0,0.52,,,,,0,,,0,,,,,,
2017-09-22,,,,0,,137,126,146,0.0,0.52,,,,,0,,,0,,,,,,
2017-09-23,,,,0,,137,126,146,0.0,0.52,,,,,0,,,0,,,,,,
2017-09-24,,,,0,,137,126,146,0.0,0.52,,,,,0,,,0,,,,,,
2017-09-25,,,,0,,137,126,146,0.0,0.52,,,,,0,,,0,,,,,,
2017-09-26,,,,0,,137,126,146,0.0,0.52,,,,,0,,,0,,,,,,
2017-09-27,,,,0,,137,126,146,0.0,0.52,,,,,0,,,0,,,,,,
2017-09-28,,,,0,,137,126,146,0.0,0.52,,,,,0,,,0,,,,,,
2017-09-29,,,,0,,137,126,146,0.0,0.52,,,,,0,,,0,,,,,,
2017-09-30,,,,0,,137,126,146,0.0,0.52,,,,,0,,,0,,,,,,
2017-10-01,,,,0,,137,126,146,0.0,0.52,,,,,0,,,0,,,,,,
2017-10-02,,,,0,,137,126,146,0.0,0.52,,,,,0,,,0,,,,,,
2017-10-03,,,,0,,137,126,146,0.0,0.52,,,,,0,,,0,,,,,,
2017-10-04,,,,0,,137,126,146,0.0,0.52,,,,,0,,,0,,,,,,
2017-10-05,,,,0,,137,126,146,0.0,0.52,,,,,0,,,0,,,,,,
2017-10-06,,,,0,,137,126,146,0.0,0.52,,,,,0,,,0,,,,,,
2017-10-07,,,,0,,137,126,146,0.0,0.52,,,,,0,,,0,,,,,,
2017-10-08,,,,0,,137,126,146,0.0,0.52,,,,,0,,,0,,,,,,
2017-10-09,22.0,20,24,1,,137,126,146,0.0,0.52,,,,,0,,,0,,,,,,
2017-10-10,,,,0,,137,126,146,0.0,0.52,,,,,0,,,0,,,,,,
2017-10-11,,,,0,,137,126,146,0.0,0.52,,,,,0,,,0,,,,,,
2017-10-12,,,,0,,137,126,146,0.0,0.52,,,,,0,,,0,,,,,,
2017-10-13,,,,0,,137,126,146,0.0,0.52,,,,,0,,,0,,,,,,
2017-10-14,,,,0,,137,126,146,0.0,0.52,,,,,0,,,0,,,,,,
2017-10-15,25.2,23,27,1,,137,126,146,0.0,0.52,,,,,0,,,0,,,,,,
2017-10-16,,,,0,,137,126,146,0.0,0.52,,,,,0,,,0,,,,,,
2017-10-17,,,,0,,137,126,146,0.0,0.52,,,,,0,,,0,,,,,,
2017-10-18,,,,0,,137,126,146,0.0,0.52,,,,,0,,,0,,,,,,
2017-10-19,,,,0,,137,126,146,0.0,0.52,,,,,0,,,0,,,,,,
2017-10-20,,,,0,,137,126,146,0.0,0.52,,,,,0,,,0,,,,,,
2017-10-21,,,,0,,137,126,146,0.0,0.52,,,,,0,,,0,,,,,,
2017-10-22,,,,0,,137,126,146,0.0,0.52,,,,,0,,,0,,,,,,
2017-10-23,,,,0,,137,126,146,0.0,0.52,,,,,0,,,0,,,,,,
2017-10-24,,,,0,,137,126,146,0.0,0.52,,,,,0,,,0,,,,,,
2017-10-25,,,,0,,137,126,146,0.0,0.52,,,,,0,,,0,,,,,,
2017-10-26,,,,0,,137,126,146,0.0,0.52,,,,,0,,,0,,,,,,
2017-10-27,,,,0,,137,126,146,0.0,0.52,,,,,0,,,0,,,,,,
2017-10-28,,,,0,,137,126,146,0.0,0.52,,,,,0,,,0,,,,,,
2017-10-29,,,,0,,137,126,146,0.0,0.52,,,,,0,,,0,,,,,,
2017-10-30,,,,0,,137,126,146,0.0,0.52,,,,,0,,,0,,,,,,
2017-10-31,,,,0,,137,126,146,0.0,0.52,,,,,0,,,0,,,,,,
2017-11-01,,,,0,,137,126,146,0.0,0.52,,,,,0,,,0,,,,,,
2017-11-02,,,,0,,137,126,146,0.0,0.52,,,,,0,,,0,,,,,,
2017-11-03,,,,0,,137,126,146,0.0,0.52,,,,,0,,,0,,,,,,
2017-11-04,18.6,18,21,1,,137,126,146,0.0,0.52,,,,,0,,,0,,,,,,
2017-11-05,,,,0,,137,126,146,0.0,0.52,,,,,0,,,0,,,,,,
2017-11-06,,,,0,,137,126,146,0.0,0.52,,,,,0,,,0,,,,,,
2017-11-07,,,,0,,137,126,146,0.0,0.52,,,,,0,,,0,,,,,,
2017-11-08,,,,0,,137,126,146,0.0,0.52,,,,,0,,,0,,,,,,
2017-11-09,19.9,19,21,1,,137,126,146,0.0,0.52,,,,,0,,,0,,,,,,
2017-11-10,,,,0,,137,126,146,0.0,0.52,,,,,0,,,0,,,,,,
2017-11-11,,,,0,,137,126,146,0.0,0.52,,,,,0,,,0,,,,,,
2017-11-12,,,,0,,137,126,146,0.0,0.52,,,,,0,,,0,,,,,,
2017-11-13,,,,0,,137,126,146,0.0,0.52,,,,,0,,,0,,,,,,
2017-11-14,,,,0,,137,126,146,0.0,0.52,,,,,0,,,0,,,,,,
2017-11-15,,,,0,,137,126,146,0.0,0.52,,,,,0,,,0,,,,,,
2017-11-16,,,,0,,137,126,146,0.0,0.52,,,,,0,,,0,,,,,,
2017-11-17,,,,0,,137,126,146,0.0,0.52,,,,,0,,,0,,,,,,
2017-11-18,,,,0,,137,126,146,0.0,0.52,,,,,0,,,0,,,,,,
2017-11-19,,,,0,,137,126,146,0.0,0.52,,,,,0,,,0,,,,,,
2017-11-20,,,,0,,137,126,146,0.0,0.52,,,,,0,,,0,,,,,,
2017-11-21,,,,0,,137,126,146,0.0,0.52,,,,,0,,,0,,,,,,
2017-11-22,,,,0,,137,126,146,0.0,0.52,,,,,0,,,0,,,,,,
2017-11-23,,,,0,,137,126,146,0.0,0.52,,,,,0,,,0,,,,,,
2017-11-24,,,,0,,137,126,146,0.0,0.52,,,,,0,,,0,,,,,,
2017-11-25,,,,0,,137,126,146,0.0,0.52,,,,,0,,,0,,,,,,
2017-11-26,,,,0,,137,126,146,0.0,0.52,,,,,0,,,0,,,,,,
2017-11-27,,,,0,,137,126,146,0.0,0.52,,,,,0,,,0,,,,,,
2017-11-28,,,,0,,137,126,146,0.0,0.52,,,,,0,,,0,,,,,,
2017-11-29,,,,0,,137,126,146,0.0,0.52,,,,,0,,,0,,,,,,
2017-11-30,,,,0,,137,126,146,0.0,0.52,,,,,0,,,0,,,,,,
2017-12-01,,,,0,,137,126,146,0.0,0.52,,,,,0,,,0,,,,,,
2017-12-02,,,,0,,137,126,146,0.0,0.52,,,,,0,,,0,,,,,,
2017-12-03,,,,0,,137,126,146,0.0,0.52,,,,,0,,,0,,,,,,
2017-12-04,,,,0,,137,126,146,0.0,0.52,,,,,0,,,0,,,,,,
2017-12-05,,,,0,,137,126,146,0.0,0.52,,,,,0,,,0,,,,,,
2017-12-06,,,,0,,137,126,146,0.0,0.52,,,,,0,,,0,,,,,,
2017-12-07,,,,0,,137,126,146,0.0,0.52,,,,,0,,,0,,,,,,
2017-12-08,,,,0,,137,126,146,0.0,0.52,,,,,0,,,0,,,,,,
2017-12-09,,,,0,,137,126,146,0.0,0.52,,,,,0,,,0,,,,,,
2017-12-10,,,,0,,137,126,146,0.0,0.52,,,,,0,,,0,,,,,,
2017-12-11,,,,0,,137,126,146,0.0,0.52,,,,,0,,,0,,,,,,
2017-12-12,,,,0,,137,126,146,0.0,0.52,,,,,0,,,0,,,,,,
2017-12-13,,,,0,,137,126,146,0.0,0.52,,,,,0,,,0,,,,,,
2017-12-14,,,,0,,137,126,146,0.0,0.52,,,,,0,,,0,,,,,,
2017-12-15,,,,0,,137,126,146,0.0,0.52,,,,,0,,,0,,,,,,
2017-12-16,,,,0,,137,126,146,0.0,0.52,,,,,0,,,0,,,,,,
2017-12-17,,,,0,,137,126,146,0.0,0.52,,,,,0,,,0,,,,,,
2017-12-18,,,,0,,137,126,146,0.0,0.52,,,,,0,,,0,,,,,,
2017-12-19,,,,0,,137,126,146,0.0,0.52,,,,,0,,,0,,,,,,
2017-12-20,,,,0,,137,126,146,0.0,0.52,,,,,0,,,0,,,,,,
2017-12-21,,,,0,,137,126,146,0.0,0.52,,,,,0,,,0,,,,,,
2017-12-22,,,,0,,137,126,146,0.0,0.52,,,,,0,,,0,,,,,,
2017-12-23,,,,0,,137,126,146,0.0,0.52,,,,,0,,,0,,,,,,
2017-12-24,,,,0,,137,126,146,0.0,0.52,,,,,0,,,0,,,,,,
2017-12-25,,,,0,,137,126,146,0.0,0.52,,,,,0,,,0,,,,,,
2017-12-26,,,,0,,137,126,146,0.0,0.52,,,,,0,,,0,,,,,,
2017-12-27,,,,0,,137,126,146,0.0,0.52,,,,,0,,,0,,,,,,
2017-12-28,,,,0,,137,126,146,0.0,0.52,,,,,0,,,0,,,,,,
2017-12-29,,,,0,,137,126,146,0.0,0.52,,,,,0,,,0,,,,,,
2017-12-30,,,,0,,137,126,146,0.0,0.52,,,,,0,,,0,,,,,,
2017-12-31,,,,0,,137,126,146,0.0,0.52,,,,,0,,,0,,,,,,
2018-01-01,,,,0,,137,126,146,0.0,0.52,,,,,0,,,0,,,,,,
2018-01-02,,,,0,,137,126,146,0.0,0.52,,,,,0,,,0,,,,,,
2018-01-03,,,,0,,137,126,146,0.0,0.52,,,,,0,,,0,,,,,,
2018-01-04,,,,0,,137,126,146,0.0,0.52,,,,,0,,,0,,,,,,
2018-01-05,,,,0,,137,126,146,0.0,0.52,,,,,0,,,0,,,,,,
2018-01-06,,,,0,,137,126,146,0.0,0.52,,,,,0,,,0,,,,,,
2018-01-07,,,,0,,137,126,146,0.0,0.52,,,,,0,,,0,,,,,,
2018-01-08,,,,0,,137,126,146,0.0,0.52,,,,,0,,,0,,,,,,
2018-01-09,,,,0,,137,126,146,0.0,0.52,,,,,0,,,0,,,,,,
2018-01-10,,,,0,,137,126,146,0.0,0.52,,,,,0,,,0,,,,,,
2018-01-11,,,,0,,137,126,146,0.0,0.52,,,,,0,,,0,,,,,,
2018-01-12,,,,0,,137,126,146,0.0,0.52,,,,,0,,,0,,,,,,
2018-01-13,,,,0,,137,126,146,0.0,0.52,,,,,0,,,0,,,,,,
2018-01-14,,,,0,,137,126,146,0.0,0.52,,,,,0,,,0,,,,,,
2018-01-15,,,,0,,137,126,146,0.0,0.52,,,,,0,,,0,,,,,,
2018-01-16,,,,0,,137,126,146,0.0,0.52,,,,,0,,,0,,,,,,
2018-01-17,,,,0,,137,126,146,0.0,0.52,,,,,0,,,0,,,,,,
2018-01-18,,,,0,,137,126,146,0.0,0.52,,,,,0,,,0,,,,,,
2018-01-19,,,,0,,137,126,146,0.0,0.52,,,,,0,,,0,,,,,,
2018-01-20,,,,0,,137,126,146,0.0,0.52,,,,,0,,,0,,,,,,
2018-01-21,,,,0,,137,126,146,0.0,0.52,,,,,0,,,0,,,,,,
2018-01-22,,,,0,,137,126,146,0.0,0.52,,,,,0,,,0,,,,,,
2018-01-23,,,,0,,137,126,146,0.0,0.52,,,,,0,,,0,,,,,,
2018-01-24,,,,0,,137,126,146,0.0,0.52,,,,,0,,,0,,,,,,
2018-01-25,,,,0,,137,126,146,0.0,0.52,,,,,0,,,0,,,,,,
2018-01-26,,,,0,,137,126,146,0.0,0.52,,,,,0,,,0,,,,,,
2018-01-27,,,,0,,137,126,146,0.0,0.52,,,,,0,,,0,,,,,,
2018-01-28,,,,0,,137,126,146,0.0,0.52,,,,,0,,,0,,,,,,
2018-01-29,,,,0,,137,126,146,0.0,0.52,,,,,0,,,0,,,,,,
2018-01-30,,,,0,,137,126,146,0.0,0.52,,,,,0,,,0,,,,,,
2018-01-31,,,,0,,137,126,146,0.0,0.52,,,,,0,,,0,,,,,,
2018-02-01,,,,0,,137,126,146,0.0,0.52,,,,,0,,,0,,,,,,
2018-02-02,,,,0,,137,126,146,0.0,0.52,,,,,0,,,0,,,,,,
2018-02-03,,,,0,,137,126,146,0.0,0.52,,,,,0,,,0,,,,,,
2018-02-04,,,,0,,137,126,146,0.0,0.52,,,,,0,,,0,,,,,,
2018-02-05,,,,0,,137,126,146,0.0,0.52,,,,,0,,,0,,,,,,
2018-02-06,,,,0,,137,126,146,0.0,0.52,,,,,0,,,0,,,,,,
2018-02-07,,,,0,,137,126,146,0.0,0.52,,,,,0,,,0,,,,,,
2018-02-08,,,,0,,137,126,146,0.0,0.52,,,,,0,,,0,,,,,,
2018-02-09,,,,0,,137,126,146,0.0,0.52,,,,,0,,,0,,,,,,
2018-02-10,,,,0,,137,126,146,0.0,0.52,,,,,0,,,0,,,,,,
2018-02-11,,,,0,,137,126,146,0.0,0.52,,,,,0,,,0,,,,,,
2018-02-12,,,,0,,137,126,146,0.0,0.52,,,,,0,,,0,,,,,,
2018-02-13,,,,0,,137,126,146,0.0,0.52,,,,,0,,,0,,,,,,
2018-02-14,,,,0,,137,126,146,0.0,0.52,,,,,0,,,0,,,,,,
2018-02-15,,,,0,,137,126,146,0.0,0.52,,,,,0,,,0,,,,,,
2018-02-16,,,,0,,137,126,146,0.0,0.52,,,,,0,,,0,,,,,,
2018-02-17,21.3,18,23,1,,137,126,146,0.0,0.52,,,,,0,,,0,,,,,,
2018-02-18,11.2,9,21,1,,137,126,146,0.0,0.52,,,,,0,,,0,,,,,,
2018-02-19,,,,0,,137,126,146,0.0,0.52,,,,,0,,,0,,,,,,
2018-02-20,,,,0,,137,126,146,0.0,0.52,,,,,0,,,0,,,,,,
2018-02-21,,,,0,,137,126,146,0.0,0.52,,,,,0,,,0,,,,,,
2018-02-22,,,,0,,137,126,146,0.0,0.52,,,,,0,,,0,,,,,,
2018-02-23,,,,0,,137,126,146,0.0,0.52,,,,,0,,,0,,,,,,
2018-02-24,,,,0,,137,126,146,0.0,0.52,,,,,0,,,0,,,,,,
2018-02-25,4.7,2,20,1,,137,126,146,0.0,0.52,,,,,0,,,0,,,,,,
2018-02-26,,,,0,,137,126,146,0.0,0.52,,,,,0,,,0,,,,,,
2018-02-27,,,,0,,137,126,146,0.0,0.52,,,,,0,,,0,,,,,,
2018-02-28,,,,0,,137,126,146,0.0,0.52,,,,,0,,,0,,,,,,
2018-03-01,,,,0,,137,126,146,0.0,0.52,,,,,0,,,0,,,,,,
2018-03-02,,,,0,,137,126,146,0.0,0.52,,,,,0,,,0,,,,,,
2018-03-03,,,,0,,137,126,146,0.0,0.52,,,,,0,,,0,,,,,,
2018-03-04,11.9,10,20,1,,137,126,146,0.0,0.52,,,,,0,,,0,,,,,,
2018-03-05,,,,0,,137,126,146,0.0,0.52,,,,,0,,,0,,,,,,
2018-03-06,20.6,17,23,1,,137,126,146,0.0,0.52,,,,,0,,,0,,,,,,
2018-03-07,,,,0,,137,126,146,0.0,0.52,,,,,0,,,0,,,,,,
2018-03-08,,,,0,,137,126,146,0.0,0.52,,,,,0,,,0,,,,,,
2018-03-09,,,,0,,137,126,146,0.0,0.52,,,,,0,,,0,,,,,,
2018-03-10,10.4,9,19,1,,137,126,146,0.0,0.52,,,,,0,,,0,,,,,,
2018-03-11,,,,0,,137,126,146,0.0,0.52,,,,,0,,,0,,,,,,
2018-03-12,,,,0,,137,126,146,0.0,0.52,,,,,0,,,0,,,,,,
2018-03-13,,,,0,,137,126,146,0.0,0.52,,,,,0,,,0,,,,,,
2018-03-14,,,,0,,137,126,146,0.0,0.52,,,,,0,,,0,,,,,,
2018-03-15,,,,0,,137,126,146,0.0,0.52,,,,,0,,,0,,,,,,
2018-03-16,,,,0,,137,126,146,0.0,0.52,,,,,0,,,0,,,,,,
2018-03-17,,,,0,,137,126,146,0.0,0.52,,,,,0,,,0,,,,,,
2018-03-18,,,,0,,137,126,146,0.0,0.52,,,,,0,,,0,,,,,,
2018-03-19,,,,0,,137,126,146,0.0,0.52,,,,,0,,,0,,,,,,
2018-03-20,,,,0,,137,126,146,0.0,0.52,,,,,0,,,0,,,,,,
2018-03-21,,,,0,,137,126,146,0.0,0.52,,,,,0,,,0,,,,,,
2018-03-22,,,,0,,137,126,146,0.0,0.52,,,,,0,,,0,,,,,,
2018-03-23,,,,0,,137,126,146,0.0,0.52,,,,,0,,,0,,,,,,
2018-03-24,,,,0,,137,126,146,0.0,0.52,,,,,0,,,0,,,,,,
2018-03-25,,,,0,,137,126,146,0.0,0.52,,,,,0,,,0,,,,,,
2018-03-26,,,,0,,137,126,146,0.0,0.52,,,,,0,,,0,,,,,,
2018-03-27,,,,0,,137,126,146,0.0,0.52,,,,,0,,,0,,,,,,
2018-03-28,,,,0,,137,126,146,0.0,0.52,,,,,0,,,0,,,,,,
2018-03-29,,,,0,,137,126,146,0.0,0.52,,,,,0,,,0,,,,,,
2018-03-30,,,,0,,137,126,146,0.0,0.52,,,,,0,,,0,,,,,,
2018-03-31,21.6,17,26,1,,137,126,146,0.0,0.52,,,,,0,,,0,,,,,,
2018-04-01,,,,0,,137,126,146,0.0,0.52,,,,,0,,,0,,,,,,
2018-04-02,,,,0,,137,126,146,0.0,0.52,,,,,0,,,0,,,,,,
2018-04-03,,,,0,,137,126,146,0.0,0.52,,,,,0,,,0,,,,,,
2018-04-04,,,,0,,137,126,146,0.0,0.52,,,,,0,,,0,,,,,,
2018-04-05,,,,0,,137,126,146,0.0,0.52,,,,,0,,,0,,,,,,
2018-04-06,,,,0,,137,126,146,0.0,0.52,,,,,0,,,0,,,,,,
2018-04-07,23.1,17,30,1,,137,126,146,0.0,0.52,,,,,0,,,0,,,,,,
2018-04-08,,,,0,,137,126,146,0.0,0.52,,,,,0,,,0,,,,,,
2018-04-09,,,,0,,137,126,146,0.0,0.52,,,,,0,,,0,,,,,,
2018-04-10,,,,0,,137,126,146,0.0,0.52,,,,,0,,,0,,,,,,
2018-04-11,,,,0,,137,126,146,0.0,0.52,,,,,0,,,0,,,,,,
2018-04-12,,,,0,,137,126,146,0.0,0.52,,,,,0,,,0,,,,,,
2018-04-13,,,,0,,137,126,146,0.0,0.52,,,,,0,,,0,,,,,,
2018-04-14,18.3,13,22,1,,137,126,146,0.0,0.52,,,,,0,,,0,,,,,,
2018-04-15,,,,0,,137,126,146,0.0,0.52,,,,,0,,,0,,,,,,
2018-04-16,,,,0,,137,126,146,0.0,0.52,,,,,0,,,0,,,,,,
2018-04-17,,,,0,,137,126,146,0.0,0.52,,,,,0,,,0,,,,,,
2018-04-18,,,,0,,137,126,146,0.0,0.52,,,,,0,,,0,,,,,,
2018-04-19,,,,0,,137,126,146,0.0,0.52,,,,,0,,,0,,,,,,
2018-04-20,,,,0,,137,126,146,0.0,0.52,,,,,0,,,0,,,,,,
2018-04-21,20.5,10,33,1,,137,126,146,0.0,0.52,,,,,0,,,0,,,,,,
2018-04-22,,,,0,,137,126,146,0.0,0.52,,,,,0,,,0,,,,,,
2018-04-23,,,,0,,137,126,146,0.0,0.52,,,,,0,,,0,,,,,,
2018-04-24,,,,0,,137,126,146,0.0,0.52,,,,,0,,,0,,,,,,
2018-04-25,,,,0,,137,126,146,0.0,0.52,,,,,0,,,0,,,,,,
2018-04-26,21.4,19,25,1,,137,126,146,0.0,0.52,,,,,0,,,0,,,,,,
2018-04-27,,,,0,,137,126,146,0.0,0.52,,,,,0,,,0,,,,,,
2018-04-28,,,,0,,137,126,146,0.0,0.52,,,,,0,,,0,,,,,,
2018-04-29,,,,0,,137,126,146,0.0,0.52,,,,,0,,,0,,,,,,
2018-04-30,,,,0,,137,126,146,0.0,0.52,,,,,0,,,0,,,,,,
2018-05-01,,,,0,,137,126,146,0.0,0.52,,,,,0,,,0,,,,,,
2018-05-02,,,,0,,137,126,146,0.0,0.52,,,,,0,,,0,,,,,,
2018-05-03,,,,0,,137,126,146,0.0,0.52,,,,,0,,,0,,,,,,
2018-05-04,,,,0,,137,126,146,0.0,0.52,,,,,0,,,0,,,,,,
2018-05-05,,,,0,,137,126,146,0.0,0.52,,,,,0,,,0,,,,,,
2018-05-06,,,,0,,137,126,146,0.0,0.52,,,,,0,,,0,,,,,,
2018-05-07,,,,0,,137,126,146,0.0,0.52,,,,,0,,,0,,,,,,
2018-05-08,,,,0,,137,126,146,0.0,0.52,,,,,0,,,0,,,,,,
2018-05-09,,,,0,,137,126,146,0.0,0.52,,,,,0,,,0,,,,,,
2018-05-10,,,,0,,137,126,146,0.0,0.52,,,,,0,,,0,,,,,,
2018-05-11,,,,0,,137,126,146,0.0,0.52,,,,,0,,,0,,,,,,
2018-05-12,,,,0,,137,126,146,0.0,0.52,,,,,0,,,0,,,,,,
2018-05-13,,,,0,,137,126,146,0.0,0.52,,,,,0,,,0,,,,,,
2018-05-14,,,,0,,137,126,146,0.0,0.52,,,,,0,,,0,,,,,,
2018-05-15,,,,0,,137,126,146,0.0,0.52,,,,,0,,,0,,,,,,
2018-05-16,,,,0,,137,126,146,0.0,0.52,,,,,0,,,0,,,,,,
2018-05-17,,,,0,,137,126,146,0.0,0.52,,,,,0,,,0,,,,,,
2018-05-18,,,,0,,137,126,146,0.0,0.52,,,,,0,,,0,,,,,,
2018-05-19,,,,0,,137,126,146,0.0,0.52,,,,,0,,,0,,,,,,
2018-05-20,,,,0,,137,126,146,0.0,0.52,,,,,0,,,0,,,,,,
2018-05-21,,,,0,,137,126,146,0.0,0.52,,,,,0,,,0,,,,,,
2018-05-22,,,,0,,137,126,146,0.0,0.52,,,,,0,,,0,,,,,,
2018-05-23,,,,0,,137,126,146,0.0,0.52,,,,,0,,,0,,,,,,
2018-05-24,,,,0,,137,126,146,0.0,0.52,,,,,0,,,0,,,,,,
2018-05-25,,,,0,,137,126,146,0.0,0.52,,,,,0,,,0,,,,,,
2018-05-26,,,,0,,137,126,146,0.0,0.52,,,,,0,,,0,,,,,,
2018-05-27,,,,0,,137,126,146,0.0,0.52,,,,,0,,,0,,,,,,
2018-05-28,,,,0,,137,126,146,0.0,0.52,,,,,0,,,0,,,,,,
2018-05-29,,,,0,,137,126,146,0.0,0.52,,,,,0,,,0,,,,,,
2018-05-30,,,,0,,137,126,146,0.0,0.52,,,,,0,,,0,,,,,,
2018-05-31,,,,0,,137,126,146,0.0,0.52,,,,,0,,,0,,,,,,
2018-06-01,,,,0,,137,126,146,0.0,0.52,,,,,0,,,0,,,,,,
2018-06-02,,,,0,,137,126,146,0.0,0.52,,,,,0,,,0,,,,,,
2018-06-03,,,,0,,137,126,146,0.0,0.52,,,,,0,,,0,,,,,,
2018-06-04,,,,0,,137,126,146,0.0,0.52,,,,,0,,,0,,,,,,
2018-06-05,,,,0,,137,126,146,0.0,0.52,,,,,0,,,0,,,,,,
2018-06-06,,,,0,,137,126,146,0.0,0.52,,,,,0,,,0,,,,,,
2018-06-07,,,,0,,137,126,146,0.0,0.52,,,,,0,,,0,,,,,,
2018-06-08,,,,0,,137,126,146,0.0,0.52,,,,,0,,,0,,,,,,
2018-06-09,,,,0,,137,126,146,0.0,0.52,,,,,0,,,0,,,,,,
2018-06-10,,,,0,,137,126,146,0.0,0.52,,,,,0,,,0,,,,,,
2018-06-11,,,,0,,137,126,146,0.0,0.52,,,,,0,,,0,,,,,,
2018-06-12,,,,0,,137,126,146,0.0,0.52,,,,,0,,,0,,,,,,
2018-06-13,,,,0,,137,126,146,0.0,0.52,,,,,0,,,0,,,,,,
2018-06-14,,,,0,,137,126,146,0.0,0.52,,,,,0,,,0,,,,,,
2018-06-15,,,,0,,137,126,146,0.0,0.52,,,,,0,,,0,,,,,,
2018-06-16,,,,0,,137,126,146,0.0,0.52,,,,,0,,,0,,,,,,
2018-06-17,,,,0,,137,126,146,0.0,0.52,,,,,0,,,0,,,,,,
2018-06-18,,,,0,,137,126,146,0.0,0.52,,,,,0,,,0,,,,,,
2018-06-19,,,,0,,137,126,146,0.0,0.52,,,,,0,,,0,,,,,,
2018-06-20,,,,0,,137,126,146,0.0,0.52,,,,,0,,,0,,,,,,
2018-06-21,,,,0,,137,126,146,0.0,0.52,,,,,0,,,0,,,,,,
2018-06-22,,,,0,,137,126,146,0.0,0.52,,,,,0,,,0,,,,,,
2018-06-23,,,,0,,137,126,146,0.0,0.52,,,,,0,,,0,,,,,,
2018-06-24,,,,0,,137,126,146,0.0,0.52,,,,,0,,,0,,,,,,
2018-06-25,,,,0,,137,126,146,0.0,0.52,,,,,0,,,0,,,,,,
2018-06-26,,,,0,,137,126,146,0.0,0.52,,,,,0,,,0,,,,,,
2018-06-27,,,,0,,137,126,146,0.0,0.52,,,,,0,,,0,,,,,,
2018-06-28,,,,0,,137,126,146,0.0,0.52,,,,,0,,,0,,,,,,
2018-06-29,,,,0,,137,126,146,0.0,0.52,,,,,0,,,0,,,,,,
2018-06-30,,,,0,,137,126,146,0.0,0.52,,,,,0,,,0,,,,,,
2018-07-01,,,,0,,137,126,146,0.0,0.52,,,,,0,,,0,,,,,,
2018-07-02,,,,0,,137,126,146,0.0,0.52,,,,,0,,,0,,,,,,
2018-07-03,,,,0,,137,126,146,0.0,0.52,,,,,0,,,0,,,,,,
2018-07-04,,,,0,,137,126,146,0.0,0.52,,,,,0,,,0,,,,,,
2018-07-05,,,,0,,137,126,146,0.0,0.52,,,,,0,,,0,,,,,,
2018-07-06,,,,0,,137,126,146,0.0,0.52,,,,,0,,,0,,,,,,
2018-07-07,,,,0,,137,126,146,0.0,0.52,,,,,0,,,0,,,,,,
2018-07-08,,,,0,,137,126,146,0.0,0.52,,,,,0,,,0,,,,,,
2018-07-09,,,,0,,137,126,146,0.0,0.52,,,,,0,,,0,,,,,,
2018-07-10,,,,0,,137,126,146,0.0,0.52,,,,,0,,,0,,,,,,
2018-07-11,,,,0,,137,126,146,0.0,0.52,,,,,0,,,0,,,,,,
2018-07-12,,,,0,,137,126,146,0.0,0.52,,,,,0,,,0,,,,,,
2018-07-13,,,,0,,137,126,146,0.0,0.52,,,,,0,,,0,,,,,,
2018-07-14,,,,0,,137,126,146,0.0,0.52,,,,,0,,,0,,,,,,
2018-07-15,,,,0,,137,126,146,0.0,0.52,,,,,0,,,0,,,,,,
2018-07-16,,,,0,,137,126,146,0.0,0.52,,,,,0,,,0,,,,,,
2018-07-17,,,,0,,137,126,146,0.0,0.52,,,,,0,,,0,,,,,,
2018-07-18,,,,0,,137,126,146,0.0,0.52,,,,,0,,,0,,,,,,
2018-07-19,,,,0,,137,126,146,0.0,0.52,,,,,0,,,0,,,,,,
2018-07-20,,,,0,,137,126,146,0.0,0.52,,,,,0,,,0,,,,,,
2018-07-21,,,,0,,137,126,146,0.0,0.52,,,,,0,,,0,,,,,,
2018-07-22,,,,0,,137,126,146,0.0,0.52,,,,,0,,,0,,,,,,
2018-07-23,,,,0,,137,126,146,0.0,0.52,,,,,0,,,0,,,,,,
2018-07-24,,,,0,,137,126,146,0.0,0.52,,,,,0,,,0,,,,,,
2018-07-25,,,,0,,137,126,146,0.0,0.52,,,,,0,,,0,,,,,,
2018-07-26,,,,0,,137,126,146,0.0,0.52,,,,,0,,,0,,,,,,
2018-07-27,,,,0,,137,126,146,0.0,0.52,,,,,0,,,0,,,,,,
2018-07-28,,,,0,,137,126,146,0.0,0.52,,,,,0,,,0,,,,,,
2018-07-29,,,,0,,137,126,146,0.0,0.52,,,,,0,,,0,,,,,,
2018-07-30,,,,0,,137,126,146,0.0,0.52,,,,,0,,,0,,,,,,
2018-07-31,,,,0,,137,126,146,0.0,0.52,,,,,0,,,0,,,,,,
2018-08-01,,,,0,,137,126,146,0.0,0.52,,,,,0,,,0,,,,,,
2018-08-02,,,,0,,137,126,146,0.0,0.52,,,,,0,,,0,,,,,,
2018-08-03,,,,0,,137,126,146,0.0,0.52,,,,,0,,,0,,,,,,
2018-08-04,,,,0,,137,126,146,0.0,0.52,,,,,0,,,0,,,,,,
2018-08-05,,,,0,,137,126,146,0.0,0.52,,,,,0,,,0,,,,,,
2018-08-06,,,,0,,137,126,146,0.0,0.52,,,,,0,,,0,,,,,,
2018-08-07,,,,0,,137,126,146,0.0,0.52,,,,,0,,,0,,,,,,
2018-08-08,,,,0,,137,126,146,0.0,0.52,,,,,0,,,0,,,,,,
2018-08-09,,,,0,,137,126,146,0.0,0.52,,,,,0,,,0,,,,,,
2018-08-10,,,,0,,137,126,146,0.0,0.52,,,,,0,,,0,,,,,,
2018-08-11,,,,0,,137,126,146,0.0,0.52,,,,,0,,,0,,,,,,
2018-08-12,,,,0,,137,126,146,0.0,0.52,,,,,0,,,0,,,,,,
2018-08-13,,,,0,,137,126,146,0.0,0.52,,,,,0,,,0,,,,,,
2018-08-14,,,,0,,137,126,146,0.0,0.52,,,,,0,,,0,,,,,,
2018-08-15,,,,0,,137,126,146,0.0,0.52,,,,,0,,,0,,,,,,
2018-08-16,,,,0,,137,126,146,0.0,0.52,,,,,0,,,0,,,,,,
2018-08-17,,,,0,,137,126,146,0.0,0.52,,,,,0,,,0,,,,,,
2018-08-18,,,,0,,137,126,146,0.0,0.52,,,,,0,,,0,,,,,,
2018-08-19,,,,0,,137,126,146,0.0,0.52,,,,,0,,,0,,,,,,
2018-08-20,,,,0,,137,126,146,0.0,0.52,,,,,0,,,0,,,,,,
2018-08-21,,,,0,,137,126,146,0.0,0.52,,,,,0,,,0,,,,,,
2018-08-22,,,,0,,137,126,146,0.0,0.52,,,,,0,,,0,,,,,,
2018-08-23,,,,0,,137,126,146,0.0,0.52,,,,,0,,,0,,,,,,
2018-08-24,,,,0,,137,126,146,0.0,0.52,,,,,0,,,0,,,,,,
2018-08-25,,,,0,,137,126,146,0.0,0.52,,,,,0,,,0,,,,,,
2018-08-26,,,,0,,137,126,146,0.0,0.52,,,,,0,,,0,,,,,,
2018-08-27,,,,0,,137,126,146,0.0,0.52,,,,,0,,,0,,,,,,
2018-08-28,,,,0,,137,126,146,0.0,0.52,,,,,0,,,0,,,,,,
2018-08-29,,,,0,,137,126,146,0.0,0.52,,,,,0,,,0,,,,,,
2018-08-30,,,,0,,137,126,146,0.0,0.52,,,,,0,,,0,,,,,,
2018-08-31,,,,0,,137,126,146,0.0,0.52,,,,,0,,,0,,,,,,
2018-09-01,,,,0,,137,126,146,0.0,0.52,,,,,0,,,0,,,,,,
2018-09-02,,,,0,,137,126,146,0.0,0.52,,,,,0,,,0,,,,,,
2018-09-03,,,,0,,137,126,146,0.0,0.52,,,,,0,,,0,,,,,,
2018-09-04,,,,0,,137,126,146,0.0,0.52,,,,,0,,,0,,,,,,
2018-09-05,,,,0,,137,126,146,0.0,0.52,,,,,0,,,0,,,,,,
2018-09-06,,,,0,,137,126,146,0.0,0.52,,,,,0,,,0,,,,,,
2018-09-07,,,,0,,137,126,146,0.0,0.52,,,,,0,,,0,,,,,,
2018-09-08,,,,0,,137,126,146,0.0,0.52,,,,,0,,,0,,,,,,
2018-09-09,,,,0,,137,126,146,0.0,0.52,,,,,0,,,0,,,,,,
2018-09-10,,,,0,,137,126,146,0.0,0.52,,,,,0,,,0,,,,,,
2018-09-11,,,,0,,137,126,146,0.0,0.52,,,,,0,,,0,,,,,,
2018-09-12,,,,0,,137,126,146,0.0,0.52,,,,,0,,,0,,,,,,
2018-09-13,,,,0,,137,126,146,0.0,0.52,,,,,0,,,0,,,,,,
2018-09-14,,,,0,,137,126,146,0.0,0.52,,,,,0,,,0,,,,,,
2018-09-15,,,,0,,137,126,146,0.0,0.52,,,,,0,,,0,,,,,,
2018-09-16,,,,0,,137,126,146,0.0,0.52,,,,,0,,,0,,,,,,
2018-09-17,,,,0,,137,126,146,0.0,0.52,,,,,0,,,0,,,,,,
2018-09-18,,,,0,,137,126,146,0.0,0.52,,,,,0,,,0,,,,,,
2018-09-19,,,,0,,137,126,146,0.0,0.52,,,,,0,,,0,,,,,,
2018-09-20,,,,0,,137,126,146,0.0,0.52,,,,,0,,,0,,,,,,
2018-09-21,,,,0,,137,126,146,0.0,0.52,,,,,0,,,0,,,,,,
2018-09-22,,,,0,,137,126,146,0.0,0.52,,,,,0,,,0,,,,,,
2018-09-23,,,,0,,137,126,146,0.0,0.52,,,,,0,,,0,,,,,,
2018-09-24,,,,0,,137,126,146,0.0,0.52,,,,,0,,,0,,,,,,
2018-09-25,,,,0,,137,126,146,0.0,0.52,,,,,0,,,0,,,,,,
2018-09-26,,,,0,,137,126,146,0.0,0.52,,,,,0,,,0,,,,,,
2018-09-27,,,,0,,137,126,146,0.0,0.52,,,,,0,,,0,,,,,,
2018-09-28,,,,0,,137,126,146,0.0,0.52,,,,,0,,,0,,,,,,
2018-09-29,,,,0,,137,126,146,0.0,0.52,,,,,0,,,0,,,,,,
2018-09-30,,,,0,,137,126,146,0.0,0.52,,,,,0,,,0,,,,,,
2018-10-01,,,,0,,137,126,146,0.0,0.52,,,,,0,,,0,,,,,,
2018-10-02,,,,0,,137,126,146,0.0,0.52,,,,,0,,,0,,,,,,
2018-10-03,,,,0,,137,126,146,0.0,0.52,,,,,0,,,0,,,,,,
2018-10-04,,,,0,,137,126,146,0.0,0.52,,,,,0,,,0,,,,,,
2018-10-05,,,,0,,137,126,146,0.0,0.52,,,,,0,,,0,,,,,,
2018-10-06,,,,0,,137,126,146,0.0,0.52,,,,,0,,,0,,,,,,
2018-10-07,,,,0,,137,126,146,0.0,0.52,,,,,0,,,0,,,,,,
2018-10-08,,,,0,,137,126,146,0.0,0.52,,,,,0,,,0,,,,,,
2018-10-09,,,,0,,137,126,146,0.0,0.52,,,,,0,,,0,,,,,,
2018-10-10,,,,0,,137,126,146,0.0,0.52,,,,,0,,,0,,,,,,
2018-10-11,,,,0,,137,126,146,0.0,0.52,,,,,0,,,0,,,,,,
2018-10-12,,,,0,,137,126,146,0.0,0.52,,,,,0,,,0,,,,,,
2018-10-13,,,,0,,137,126,146,0.0,0.52,,,,,0,,,0,,,,,,
2018-10-14,,,,0,,137,126,146,0.0,0.52,,,,,0,,,0,,,,,,
2018-10-15,,,,0,,137,126,146,0.0,0.52,,,,,0,,,0,,,,,,
2018-10-16,,,,0,,137,126,146,0.0,0.52,,,,,0,,,0,,,,,,
2018-10-17,,,,0,,137,126,146,0.0,0.52,,,,,0,,,0,,,,,,
2018-10-18,,,,0,,137,126,146,0.0,0.52,,,,,0,,,0,,,,,,
2018-10-19,,,,0,,137,126,146,0.0,0.52,,,,,0,,,0,,,,,,
2018-10-20,,,,0,,137,126,146,0.0,0.52,,,,,0,,,0,,,,,,
2018-10-21,,,,0,,137,126,146,0.0,0.52,,,,,0,,,0,,,,,,
2018-10-22,,,,0,,137,126,146,0.0,0.52,,,,,0,,,0,,,,,,
2018-10-23,,,,0,,137,126,146,0.0,0.52,,,,,0,,,0,,,,,,
2018-10-24,,,,0,,137,126,146,0.0,0.52,,,,,0,,,0,,,,,,
2018-10-25,,,,0,,137,126,146,0.0,0.52,,,,,0,,,0,,,,,,
2018-10-26,,,,0,,137,126,146,0.0,0.52,,,,,0,,,0,,,,,,
2018-10-27,,,,0,,137,126,146,0.0,0.52,,,,,0,,,0,,,,,,
2018-10-28,,,,0,,137,126,146,0.0,0.52,,,,,0,,,0,,,,,,
2018-10-29,,,,0,,137,126,146,0.0,0.52,,,,,0,,,0,,,,,,
2018-10-30,,,,0,,137,126,146,0.0,0.52,,,,,0,,,0,,,,,,
2018-10-31,,,,0,,137,126,146,0.0,0.52,,,,,0,,,0,,,,,,
2018-11-01,,,,0,,137,126,146,0.0,0.52,,,,,0,,,0,,,,,,
2018-11-02,,,,0,,137,126,146,0.0,0.52,,,,,0,,,0,,,,,,
2018-11-03,,,,0,,137,126,146,0.0,0.52,,,,,0,,,0,,,,,,
2018-11-04,,,,0,,137,126,146,0.0,0.52,,,,,0,,,0,,,,,,
2018-11-05,,,,0,,137,126,146,0.0,0.52,,,,,0,,,0,,,,,,
2018-11-06,,,,0,,137,126,146,0.0,0.52,,,,,0,,,0,,,,,,
2018-11-07,,,,0,,137,126,146,0.0,0.52,,,,,0,,,0,,,,,,
2018-11-08,,,,0,,137,126,146,0.0,0.52,,,,,0,,,0,,,,,,
2018-11-09,,,,0,,137,126,146,0.0,0.52,,,,,0,,,0,,,,,,
2018-11-10,,,,0,,137,126,146,0.0,0.52,,,,,0,,,0,,,,,,
2018-11-11,,,,0,,137,126,146,0.0,0.52,,,,,0,,,0,,,,,,
2018-11-12,,,,0,,137,126,146,0.0,0.52,,,,,0,,,0,,,,,,
2018-11-13,,,,0,,137,126,146,0.0,0.52,,,,,0,,,0,,,,,,
2018-11-14,,,,0,,137,126,146,0.0,0.52,,,,,0,,,0,,,,,,
2018-11-15,,,,0,,137,126,146,0.0,0.52,,,,,0,,,0,,,,,,
2018-11-16,,,,0,,137,126,146,0.0,0.52,,,,,0,,,0,,,,,,
2018-11-17,,,,0,,137,126,146,0.0,0.52,,,,,0,,,0,,,,,,
2018-11-18,,,,0,,137,126,146,0.0,0.52,,,,,0,,,0,,,,,,
2018-11-19,,,,0,,137,126,146,0.0,0.52,,,,,0,,,0,,,,,,
2018-11-20,,,,0,,137,126,146,0.0,0.52,,,,,0,,,0,,,,,,
2018-11-21,,,,0,,137,126,146,0.0,0.52,,,,,0,,,0,,,,,,
2018-11-22,,,,0,,137,126,146,0.0,0.52,,,,,0,,,0,,,,,,
2018-11-23,,,,0,,137,126,146,0.0,0.52,,,,,0,,,0,,,,,,
2018-11-24,,,,0,,137,126,146,0.0,0.52,,,,,0,,,0,,,,,,
2018-11-25,,,,0,,137,126,146,0.0,0.52,,,,,0,,,0,,,,,,
2018-11-26,,,,0,,137,126,146,0.0,0.52,,,,,0,,,0,,,,,,
2018-11-27,,,,0,,137,126,146,0.0,0.52,,,,,0,,,0,,,,,,
2018-11-28,,,,0,,137,126,146,0.0,0.52,,,,,0,,,0,,,,,,
2018-11-29,,,,0,,137,126,146,0.0,0.52,,,,,0,,,0,,,,,,
2018-11-30,,,,0,,137,126,146,0.0,0.52,,,,,0,,,0,,,,,,
2018-12-01,,,,0,,137,126,146,0.0,0.52,,,,,0,,,0,,,,,,
2018-12-02,,,,0,,137,126,146,0.0,0.52,,,,,0,,,0,,,,,,
2018-12-03,,,,0,,137,126,146,0.0,0.52,,,,,0,,,0,,,,,,
2018-12-04,,,,0,,137,126,146,0.0,0.52,,,,,0,,,0,,,,,,
2018-12-05,,,,0,,137,126,146,0.0,0.52,,,,,0,,,0,,,,,,
2018-12-06,,,,0,,137,126,146,0.0,0.52,,,,,0,,,0,,,,,,
2018-12-07,,,,0,,137,126,146,0.0,0.52,,,,,0,,,0,,,,,,
2018-12-08,,,,0,,137,126,146,0.0,0.52,,,,,0,,,0,,,,,,
2018-12-09,,,,0,,137,126,146,0.0,0.52,,,,,0,,,0,,,,,,
2018-12-10,,,,0,,137,126,146,0.0,0.52,,,,,0,,,0,,,,,,
2018-12-11,,,,0,,137,126,146,0.0,0.52,,,,,0,,,0,,,,,,
2018-12-12,,,,0,,137,126,146,0.0,0.52,,,,,0,,,0,,,,,,
2018-12-13,,,,0,,137,126,146,0.0,0.52,,,,,0,,,0,,,,,,
2018-12-14,,,,0,,137,126,146,0.0,0.52,,,,,0,,,0,,,,,,
2018-12-15,,,,0,,137,126,146,0.0,0.52,,,,,0,,,0,,,,,,
2018-12-16,,,,0,,137,126,146,0.0,0.52,,,,,0,,,0,,,,,,
2018-12-17,,,,0,,137,126,146,0.0,0.52,,,,,0,,,0,,,,,,
2018-12-18,,,,0,,137,126,146,0.0,0.52,,,,,0,,,0,,,,,,
2018-12-19,,,,0,,137,126,146,0.0,0.52,,,,,0,,,0,,,,,,
2018-12-20,,,,0,,137,126,146,0.0,0.52,,,,,0,,,0,,,,,,
2018-12-21,,,,0,,137,126,146,0.0,0.52,,,,,0,,,0,,,,,,
2018-12-22,,,,0,,137,126,146,0.0,0.52,,,,,0,,,0,,,,,,
2018-12-23,,,,0,,137,126,146,0.0,0.52,,,,,0,,,0,,,,,,
2018-12-24,,,,0,,137,126,146,0.0,0.52,,,,,0,,,0,,,,,,
2018-12-25,,,,0,,137,126,146,0.0,0.52,,,,,0,,,0,,,,,,
2018-12-26,,,,0,,137,126,146,0.0,0.52,,,,,0,,,0,,,,,,
2018-12-27,,,,0,,137,126,146,0.0,0.52,,,,,0,,,0,,,,,,
2018-12-28,,,,0,,137,126,146,0.0,0.52,,,,,0,,,0,,,,,,
2018-12-29,,,,0,,137,126,146,0.0,0.52,,,,,0,,,0,,,,,,
2018-12-30,,,,0,,137,126,146,0.0,0.52,,,,,0,,,0,,,,,,
2018-12-31,,,,0,,137,126,146,0.0,0.52,,,,,0,,,0,,,,,,
2019-01-01,,,,0,,137,126,146,0.0,0.52,,,,,0,,,0,,,,,,
2019-01-02,,,,0,,137,126,146,0.0,0.52,,,,,0,,,0,,,,,,
2019-01-03,,,,0,,137,126,146,0.0,0.52,,,,,0,,,0,,,,,,
2019-01-04,,,,0,,137,126,146,0.0,0.52,,,,,0,,,0,,,,,,
2019-01-05,,,,0,,137,126,146,0.0,0.52,,,,,0,,,0,,,,,,
2019-01-06,,,,0,,137,126,146,0.0,0.52,,,,,0,,,0,,,,,,
2019-01-07,,,,0,,137,126,146,0.0,0.52,,,,,0,,,0,,,,,,
2019-01-08,,,,0,,137,126,146,0.0,0.52,,,,,0,,,0,,,,,,
2019-01-09,,,,0,,137,126,146,0.0,0.52,,,,,0,,,0,,,,,,
2019-01-10,,,,0,,137,126,146,0.0,0.52,,,,,0,,,0,,,,,,
2019-01-11,,,,0,,137,126,146,0.0,0.52,,,,,0,,,0,,,,,,
2019-01-12,,,,0,,137,126,146,0.0,0.52,,,,,0,,,0,,,,,,
2019-01-13,,,,0,,137,126,146,0.0,0.52,,,,,0,,,0,,,,,,
2019-01-14,,,,0,,137,126,146,0.0,0.52,,,,,0,,,0,,,,,,
2019-01-15,,,,0,,137,126,146,0.0,0.52,,,,,0,,,0,,,,,,
2019-01-16,,,,0,,137,126,146,0.0,0.52,,,,,0,,,0,,,,,,
2019-01-17,,,,0,,137,126,146,0.0,0.52,,,,,0,,,0,,,,,,
2019-01-18,,,,0,,137,126,146,0.0,0.52,,,,,0,,,0,,,,,,
2019-01-19,,,,0,,137,126,146,0.0,0.52,,,,,0,,,0,,,,,,
2019-01-20,,,,0,,137,126,146,0.0,0.52,,,,,0,,,0,,,,,,
2019-01-21,,,,0,,137,126,146,0.0,0.52,,,,,0,,,0,,,,,,
2019-01-22,,,,0,,137,126,146,0.0,0.52,,,,,0,,,0,,,,,,
2019-01-23,,,,0,,137,126,146,0.0,0.52,,,,,0,,,0,,,,,,
2019-01-24,,,,0,,137,126,146,0.0,0.52,,,,,0,,,0,,,,,,
2019-01-25,,,,0,,137,126,146,0.0,0.52,,,,,0,,,0,,,,,,
2019-01-26,,,,0,,137,126,146,0.0,0.52,,,,,0,,,0,,,,,,
2019-01-27,,,,0,,137,126,146,0.0,0.52,,,,,0,,,0,,,,,,
2019-01-28,,,,0,,137,126,146,0.0,0.52,,,,,0,,,0,,,,,,
2019-01-29,,,,0,,137,126,146,0.0,0.52,,,,,0,,,0,,,,,,
2019-01-30,,,,0,,137,126,146,0.0,0.52,,,,,0,,,0,,,,,,
2019-01-31,,,,0,,137,126,146,0.0,0.52,,,,,0,,,0,,,,,,
2019-02-01,,,,0,,137,126,146,0.0,0.52,,,,,0,,,0,,,,,,
2019-02-02,,,,0,,137,126,146,0.0,0.52,,,,,0,,,0,,,,,,
2019-02-03,,,,0,,137,126,146,0.0,0.52,,,,,0,,,0,,,,,,
2019-02-04,,,,0,,137,126,146,0.0,0.52,,,,,0,,,0,,,,,,
2019-02-05,,,,0,,137,126,146,0.0,0.52,,,,,0,,,0,,,,,,
2019-02-06,,,,0,,137,126,146,0.0,0.52,,,,,0,,,0,,,,,,
2019-02-07,,,,0,,137,126,146,0.0,0.52,,,,,0,,,0,,,,,,
2019-02-08,,,,0,,137,126,146,0.0,0.52,,,,,0,,,0,,,,,,
2019-02-09,,,,0,,137,126,146,0.0,0.52,,,,,0,,,0,,,,,,
2019-02-10,,,,0,,137,126,146,0.0,0.52,,,,,0,,,0,,,,,,
2019-02-11,,,,0,,137,126,146,0.0,0.52,,,,,0,,,0,,,,,,
2019-02-12,,,,0,,137,126,146,0.0,0.52,,,,,0,,,0,,,,,,
2019-02-13,,,,0,,137,126,146,0.0,0.52,,,,,0,,,0,,,,,,
2019-02-14,,,,0,,137,126,146,0.0,0.52,,,,,0,,,0,,,,,,
2019-02-15,,,,0,,137,126,146,0.0,0.52,,,,,0,,,0,,,,,,
2019-02-16,,,,0,,137,126,146,0.0,0.52,,,,,0,,,0,,,,,,
2019-02-17,,,,0,,137,126,146,0.0,0.52,,,,,0,,,0,,,,,,
2019-02-18,,,,0,,137,126,146,0.0,0.52,,,,,0,,,0,,,,,,
2019-02-19,,,,0,,137,126,146,0.0,0.52,,,,,0,,,0,,,,,,
2019-02-20,,,,0,,137,126,146,0.0,0.52,,,,,0,,,0,,,,,,
2019-02-21,,,,0,,137,126,146,0.0,0.52,,,,,0,,,0,,,,,,
2019-02-22,,,,0,,137,126,146,0.0,0.52,,,,,0,,,0,,,,,,
2019-02-23,,,,0,,137,126,146,0.0,0.52,,,,,0,,,0,,,,,,
2019-02-24,,,,0,,137,126,146,0.0,0.52,,,,,0,,,0,,,,,,
2019-02-25,,,,0,,137,126,146,0.0,0.52,,,,,0,,,0,,,,,,
2019-02-26,,,,0,,137,126,146,0.0,0.52,,,,,0,,,0,,,,,,
2019-02-27,,,,0,,137,126,146,0.0,0.52,,,,,0,,,0,,,,,,
2019-02-28,,,,0,,137,126,146,0.0,0.52,,,,,0,,,0,,,,,,
2019-03-01,,,,0,,137,126,146,0.0,0.52,,,,,0,,,0,,,,,,
2019-03-02,,,,0,,137,126,146,0.0,0.52,,,,,0,,,0,,,,,,
2019-03-03,,,,0,,137,126,146,0.0,0.52,,,,,0,,,0,,,,,,
2019-03-04,,,,0,,137,126,146,0.0,0.52,,,,,0,,,0,,,,,,
2019-03-05,,,,0,,137,126,146,0.0,0.52,,,,,0,,,0,,,,,,
2019-03-06,,,,0,,137,126,146,0.0,0.52,,,,,0,,,0,,,,,,
2019-03-07,,,,0,,137,126,146,0.0,0.52,,,,,0,,,0,,,,,,
2019-03-08,,,,0,,137,126,146,0.0,0.52,,,,,0,,,0,,,,,,
2019-03-09,,,,0,,137,126,146,0.0,0.52,,,,,0,,,0,,,,,,
2019-03-10,,,,0,,137,126,146,0.0,0.52,,,,,0,,,0,,,,,,
2019-03-11,,,,0,,137,126,146,0.0,0.52,,,,,0,,,0,,,,,,
2019-03-12,,,,0,,137,126,146,0.0,0.52,,,,,0,,,0,,,,,,
2019-03-13,,,,0,,137,126,146,0.0,0.52,,,,,0,,,0,,,,,,
2019-03-14,,,,0,,137,126,146,0.0,0.52,,,,,0,,,0,,,,,,
2019-03-15,,,,0,,137,126,146,0.0,0.52,,,,,0,,,0,,,,,,
2019-03-16,,,,0,,137,126,146,0.0,0.52,,,,,0,,,0,,,,,,
2019-03-17,,,,0,,137,126,146,0.0,0.52,,,,,0,,,0,,,,,,
2019-03-18,,,,0,,137,126,146,0.0,0.52,,,,,0,,,0,,,,,,
2019-03-19,,,,0,,137,126,146,0.0,0.52,,,,,0,,,0,,,,,,
2019-03-20,,,,0,,137,126,146,0.0,0.52,,,,,0,,,0,,,,,,
2019-03-21,,,,0,,137,126,146,0.0,0.52,,,,,0,,,0,,,,,,
2019-03-22,,,,0,,137,126,146,0.0,0.52,,,,,0,,,0,,,,,,
2019-03-23,,,,0,,137,126,146,0.0,0.52,,,,,0,,,0,,,,,,
2019-03-24,,,,0,,137,126,146,0.0,0.52,,,,,0,,,0,,,,,,
2019-03-25,,,,0,,137,126,146,0.0,0.52,,,,,0,,,0,,,,,,
2019-03-26,,,,0,,137,126,146,0.0,0.52,,,,,0,,,0,,,,,,
2019-03-27,,,,0,,137,126,146,0.0,0.52,,,,,0,,,0,,,,,,
2019-03-28,,,,0,,137,126,146,0.0,0.52,,,,,0,,,0,,,,,,
2019-03-29,,,,0,,137,126,146,0.0,0.52,,,,,0,,,0,,,,,,
2019-03-30,,,,0,,137,126,146,0.0,0.52,,,,,0,,,0,,,,,,
2019-03-31,,,,0,,137,126,146,0.0,0.52,,,,,0,,,0,,,,,,
2019-04-01,,,,0,,137,126,146,0.0,0.52,,,,,0,,,0,,,,,,
2019-04-02,,,,0,,137,126,146,0.0,0.52,,,,,0,,,0,,,,,,
2019-04-03,,,,0,,137,126,146,0.0,0.52,,,,,0,,,0,,,,,,
2019-04-04,,,,0,,137,126,146,0.0,0.52,,,,,0,,,0,,,,,,
2019-04-05,,,,0,,137,126,146,0.0,0.52,,,,,0,,,0,,,,,,
2019-04-06,,,,0,,137,126,146,0.0,0.52,,,,,0,,,0,,,,,,
2019-04-07,,,,0,,137,126,146,0.0,0.52,,,,,0,,,0,,,,,,
2019-04-08,,,,0,,137,126,146,0.0,0.52,,,,,0,,,0,,,,,,
2019-04-09,,,,0,,137,126,146,0.0,0.52,,,,,0,,,0,,,,,,
2019-04-10,,,,0,,137,126,146,0.0,0.52,,,,,0,,,0,,,,,,
2019-04-11,,,,0,,137,126,146,0.0,0.52,,,,,0,,,0,,,,,,
2019-04-12,,,,0,,137,126,146,0.0,0.52,,,,,0,,,0,,,,,,
2019-04-13,,,,0,,137,126,146,0.0,0.52,,,,,0,,,0,,,,,,
2019-04-14,,,,0,,137,126,146,0.0,0.52,,,,,0,,,0,,,,,,
2019-04-15,,,,0,,137,126,146,0.0,0.52,,,,,0,,,0,,,,,,
2019-04-16,,,,0,,137,126,146,0.0,0.52,,,,,0,,,0,,,,,,
2019-04-17,,,,0,,137,126,146,0.0,0.52,,,,,0,,,0,,,,,,
2019-04-18,,,,0,,137,126,146,0.0,0.52,,,,,0,,,0,,,,,,
2019-04-19,,,,0,,137,126,146,0.0,0.52,,,,,0,,,0,,,,,,
2019-04-20,,,,0,,137,126,146,0.0,0.52,,,,,0,,,0,,,,,,
2019-04-21,,,,0,,137,126,146,0.0,0.52,,,,,0,,,0,,,,,,
2019-04-22,,,,0,,137,126,146,0.0,0.52,,,,,0,,,0,,,,,,
2019-04-23,,,,0,,137,126,146,0.0,0.52,,,,,0,,,0,,,,,,
2019-04-24,,,,0,,137,126,146,0.0,0.52,,,,,0,,,0,,,,,,
2019-04-25,,,,0,,137,126,146,0.0,0.52,,,,,0,,,0,,,,,,
2019-04-26,,,,0,,137,126,146,0.0,0.52,,,,,0,,,0,,,,,,
2019-04-27,,,,0,,137,126,146,0.0,0.52,,,,,0,,,0,,,,,,
2019-04-28,,,,0,,137,126,146,0.0,0.52,,,,,0,,,0,,,,,,
2019-04-29,,,,0,,137,126,146,0.0,0.52,,,,,0,,,0,,,,,,
2019-04-30,,,,0,,137,126,146,0.0,0.52,,,,,0,,,0,,,,,,
2019-05-01,,,,0,,137,126,146,0.0,0.52,,,,,0,,,0,,,,,,
2019-05-02,,,,0,,137,126,146,0.0,0.52,,,,,0,,,0,,,,,,
2019-05-03,,,,0,,137,126,146,0.0,0.52,,,,,0,,,0,,,,,,
2019-05-04,,,,0,,137,126,146,0.0,0.52,,,,,0,,,0,,,,,,
2019-05-05,,,,0,,137,126,146,0.0,0.52,,,,,0,,,0,,,,,,
2019-05-06,,,,0,,137,126,146,0.0,0.52,,,,,0,,,0,,,,,,
2019-05-07,,,,0,,137,126,146,0.0,0.52,,,,,0,,,0,,,,,,
2019-05-08,,,,0,,137,126,146,0.0,0.52,,,,,0,,,0,,,,,,
2019-05-09,,,,0,,137,126,146,0.0,0.52,,,,,0,,,0,,,,,,
2019-05-10,,,,0,,137,126,146,0.0,0.52,,,,,0,,,0,,,,,,
2019-05-11,,,,0,,137,126,146,0.0,0.52,,,,,0,,,0,,,,,,
2019-05-12,,,,0,,137,126,146,0.0,0.52,,,,,0,,,0,,,,,,
2019-05-13,,,,0,,137,126,146,0.0,0.52,,,,,0,,,0,,,,,,
2019-05-14,,,,0,,137,126,146,0.0,0.52,,,,,0,,,0,,,,,,
2019-05-15,,,,0,,137,126,146,0.0,0.52,,,,,0,,,0,,,,,,
2019-05-16,,,,0,,137,126,146,0.0,0.52,,,,,0,,,0,,,,,,
2019-05-17,,,,0,,137,126,146,0.0,0.52,,,,,0,,,0,,,,,,
2019-05-18,,,,0,,137,126,146,0.0,0.52,,,,,0,,,0,,,,,,
2019-05-19,,,,0,,137,126,146,0.0,0.52,,,,,0,,,0,,,,,,
2019-05-20,,,,0,,137,126,146,0.0,0.52,,,,,0,,,0,,,,,,
2019-05-21,,,,0,,137,126,146,0.0,0.52,,,,,0,,,0,,,,,,
2019-05-22,,,,0,,137,126,146,0.0,0.52,,,,,0,,,0,,,,,,
2019-05-23,,,,0,,137,126,146,0.0,0.52,,,,,0,,,0,,,,,,
2019-05-24,,,,0,,137,126,146,0.0,0.52,,,,,0,,,0,,,,,,
2019-05-25,,,,0,,137,126,146,0.0,0.52,,,,,0,,,0,,,,,,
2019-05-26,,,,0,,137,126,146,0.0,0.52,,,,,0,,,0,,,,,,
2019-05-27,,,,0,,137,126,146,0.0,0.52,,,,,0,,,0,,,,,,
2019-05-28,,,,0,,137,126,146,0.0,0.52,,,,,0,,,0,,,,,,
2019-05-29,,,,0,,137,126,146,0.0,0.52,,,,,0,,,0,,,,,,
2019-05-30,,,,0,,137,126,146,0.0,0.52,,,,,0,,,0,,,,,,
2019-05-31,,,,0,,137,126,146,0.0,0.52,,,,,0,,,0,,,,,,
2019-06-01,,,,0,,137,126,146,0.0,0.52,,,,,0,,,0,,,,,,
2019-06-02,,,,0,,137,126,146,0.0,0.52,,,,,0,,,0,,,,,,
2019-06-03,,,,0,,137,126,146,0.0,0.52,,,,,0,,,0,,,,,,
2019-06-04,,,,0,,137,126,146,0.0,0.52,,,,,0,,,0,,,,,,
2019-06-05,,,,0,,137,126,146,0.0,0.52,,,,,0,,,0,,,,,,
2019-06-06,,,,0,,137,126,146,0.0,0.52,,,,,0,,,0,,,,,,
2019-06-07,,,,0,,137,126,146,0.0,0.52,,,,,0,,,0,,,,,,
2019-06-08,,,,0,,137,126,146,0.0,0.52,,,,,0,,,0,,,,,,
2019-06-09,,,,0,,137,126,146,0.0,0.52,,,,,0,,,0,,,,,,
2019-06-10,,,,0,,137,126,146,0.0,0.52,,,,,0,,,0,,,,,,
2019-06-11,,,,0,,137,126,146,0.0,0.52,,,,,0,,,0,,,,,,
2019-06-12,,,,0,,137,126,146,0.0,0.52,,,,,0,,,0,,,,,,
2019-06-13,,,,0,,137,126,146,0.0,0.52,,,,,0,,,0,,,,,,
2019-06-14,,,,0,,137,126,146,0.0,0.52,,,,,0,,,0,,,,,,
2019-06-15,,,,0,,137,126,146,0.0,0.52,,,,,0,,,0,,,,,,
2019-06-16,,,,0,,137,126,146,0.0,0.52,,,,,0,,,0,,,,,,
2019-06-17,,,,0,,137,126,146,0.0,0.52,,,,,0,,,0,,,,,,
2019-06-18,,,,0,,137,126,146,0.0,0.52,,,,,0,,,0,,,,,,
2019-06-19,,,,0,,137,126,146,0.0,0.52,,,,,0,,,2,0.0,0.0,,,,
2019-06-20,,,,0,,137,126,146,0.0,0.52,,,,,0,,,2,0.0,0.0,,,,
2019-06-21,,,,0,,137,126,146,0.0,0.52,,,,,0,,,2,0.0,0.0,,,,
2019-06-22,,,,0,,137,126,146,0.0,0.52,,,,,0,,,2,0.0,0.0,,,,
2019-06-23,,,,0,,137,126,146,0.0,0.52,,,,,0,,,2,0.0,0.0,,,,
2019-06-24,,,,0,,137,126,146,0.0,0.52,,,,,0,,,2,0.0,0.0,,,,
2019-06-25,,,,0,,137,126,146,0.0,0.52,,,,,0,,,2,0.0,0.0,,,,
2019-06-26,,,,0,,137,126,146,0.0,0.52,,,,,0,,,2,-0.0,0.0,,,,
2019-06-27,,,,0,,137,126,146,0.0,0.52,,,,,0,,,2,-0.0,0.0,,,,
2019-06-28,,,,0,,137,126,146,0.0,0.52,,,,,0,,,2,-0.0,0.0,,,,
2019-06-29,,,,0,,137,126,146,0.0,0.52,,,,,0,,,2,-0.0,0.0,,,,
2019-06-30,,,,0,,137,126,146,0.0,0.52,,,,,0,,,2,-0.0,0.0,,,,
2019-07-01,,,,0,,137,126,146,0.0,0.52,,,,,0,,,2,-0.0,0.0,,,,
2019-07-02,,,,0,,137,126,146,0.0,0.52,,,,,0,,,2,-0.0,0.0,,,,
2019-07-03,,,,0,,137,126,146,0.0,0.52,,,,,0,,,2,-0.0,0.0,,,,
2019-07-04,,,,0,,137,126,146,0.0,0.52,,,,,0,,,2,-0.0,0.0,,,,
2019-07-05,,,,0,,137,126,146,0.0,0.52,,,,,0,,,2,-0.0,0.0,,,,
2019-07-06,,,,0,,137,126,146,0.0,0.52,,,,,0,,,2,-0.0,0.0,,,,
2019-07-07,,,,0,,137,126,146,0.0,0.52,,,,,0,,,2,-0.0,0.0,,,,
2019-07-08,,,,0,,137,126,146,0.0,0.52,,,,,0,,,2,-0.0,0.0,,,,
2019-07-09,,,,0,,137,126,146,0.0,0.52,,,,,0,,,2,-0.0,0.0,,,,
2019-07-10,,,,0,,137,126,146,0.0,0.52,,,,,0,,,2,-0.0,0.0,,,,
2019-07-11,,,,0,,137,126,146,0.0,0.52,,,,,0,,,2,-0.0,0.0,,,,
2019-07-12,23.1,22,29,1,,137,126,146,0.0,0.52,11.4,96.0,10.8,38.9,1,1,,2,0.0,1.17,,,,
2019-07-13,,,,0,,137,126,146,0.0,0.52,,,,,0,,,2,0.0,2.24,,,,
2019-07-14,,,,0,,137,126,146,0.0,0.52,,,,,0,,,2,0.01,3.23,,,,
2019-07-15,,,,0,,137,126,146,0.0,0.52,,,,,0,,,2,0.01,4.13,,,,
2019-07-16,28.8,26,33,2,,137,126,146,0.0,0.52,23.5,319.0,21.9,99.8,2,0,,2,0.02,5.34,,,,
2019-07-17,,,,0,,137,126,146,0.0,0.52,,,,,0,,,2,0.03,6.36,,,,
2019-07-18,,,,0,,137,126,146,0.0,0.52,,,,,0,,,2,0.04,7.27,,,,
2019-07-19,,,,0,,137,126,146,0.0,0.52,,,,,0,,,2,0.05,6.43,,,,
2019-07-20,31.7,29,34,1,,137,126,146,0.0,0.52,17.8,353.0,15.6,116.6,1,1,,2,0.06,5.96,,,,
2019-07-21,,,,0,,137,126,146,0.0,0.52,,,,,0,,,2,0.08,5.54,,,,
2019-07-22,33.6,33,34,1,,137,126,146,0.0,0.52,0.0,26.0,3.3,22.2,1,0,,2,0.1,5.18,,,,
2019-07-23,,,,0,,137,126,146,0.0,0.52,,,,,0,,,2,0.1,4.35,,,,
2019-07-24,,,,0,,137,126,146,0.0,0.52,,,,,0,,,2,0.11,3.61,,,,
2019-07-25,,,,0,,137,126,146,0.0,0.52,,,,,0,,,2,0.12,2.95,,,,
2019-07-26,,,,0,,137,126,146,0.0,0.52,,,,,0,,,2,0.12,2.37,,,,
2019-07-27,,,,0,,137,126,146,0.0,0.52,,,,,0,,,2,0.11,1.48,,,,
2019-07-28,,,,0,,137,126,146,0.0,0.52,,,,,0,,,2,0.1,0.69,,,,
2019-07-29,,,,0,,137,126,146,0.0,0.52,,,,,0,,,2,0.09,-0.02,,,,
2019-07-30,31.4,29,34,2,,137,126,146,0.0,0.52,30.1,297.0,25.5,106.7,2,1,,2,0.09,-0.35,,,,
2019-07-31,,,,0,,137,126,146,0.0,0.52,,,,,0,,,2,0.09,-0.63,,,,
2019-08-01,,,,0,,137,126,146,0.0,0.52,,,,,0,,,2,0.09,-0.89,,,,
2019-08-02,,,,0,,137,126,146,0.0,0.52,,,,,0,,,2,0.09,-1.11,,,,
2019-08-03,31.7,28,36,1,,137,126,146,0.0,0.52,18.6,335.0,20.8,114.1,1,1,,2,0.09,-1.07,,,,
2019-08-04,29.5,27,33,1,,137,126,146,0.0,0.52,16.9,219.0,12.3,77.7,1,1,,2,0.11,-0.9,,,,
2019-08-05,,,,0,,137,126,146,0.0,0.52,,,,,0,,,2,0.12,-0.75,,,,
2019-08-06,,,,0,,137,126,146,0.0,0.52,,,,,0,,,2,0.13,-1.03,,,,
2019-08-07,,,,0,,137,126,146,0.0,0.52,,,,,0,,,2,0.13,-1.28,,,,
2019-08-08,,,,0,,137,126,146,0.0,0.52,,,,,0,,,2,0.13,-1.5,,,,
2019-08-09,,,,0,,137,126,146,0.0,0.52,,,,,0,,,2,0.14,-1.29,,,,
2019-08-10,,,,0,,137,126,146,0.0,0.52,,,,,0,,,2,0.13,-1.43,,,,
2019-08-11,28.0,25,35,1,,137,126,146,0.0,0.52,87.0,411.0,82.7,312.6,1,1,,2,0.12,-1.51,,,,
2019-08-12,24.5,19,28,1,,137,126,146,0.0,0.52,37.9,385.0,35.0,179.5,1,1,,2,0.12,-1.44,,,,
2019-08-13,19.8,12,31,2,,137,126,146,0.0,0.52,23.1,516.0,46.3,230.4,2,1,,2,0.13,-1.16,,,,
2019-08-14,31.3,30,33,1,,137,126,146,0.0,0.52,4.4,102.0,9.2,45.7,1,1,,2,0.14,-0.88,,,,
2019-08-15,,,,0,,137,126,146,0.0,0.52,,,,,0,,,2,0.16,-0.64,,,,
2019-08-16,,,,0,,137,126,146,0.0,0.52,,,,,0,,,2,0.17,-0.43,,,,
2019-08-17,,,,0,,137,126,146,0.0,0.52,,,,,0,,,2,0.18,-0.15,,,,
2019-08-18,,,,0,,137,126,146,0.0,0.52,,,,,0,,,2,0.19,-0.18,,,,
2019-08-19,,,,0,,137,126,146,0.0,0.52,,,,,0,,,2,0.18,-0.4,,,,
2019-08-20,,,,0,,137,126,146,0.0,0.52,,,,,0,,,2,0.16,-0.71,,,,
2019-08-21,,,,0,,137,126,146,0.0,0.52,,,,,0,,,2,0.14,-1.01,,,,
2019-08-22,,,,0,,137,126,146,0.0,0.52,,,,,0,,,2,0.12,-1.28,,,,
2019-08-23,,,,0,,137,126,146,0.0,0.52,,,,,0,,,2,0.1,-1.53,,,,
2019-08-24,30.5,28,34,1,,137,126,146,0.0,0.52,38.0,317.0,21.9,133.1,1,1,,2,0.09,-1.54,,,,
2019-08-25,,,,0,,137,126,146,0.0,0.52,,,,,0,,,2,0.08,-1.56,,,,
2019-08-26,,,,0,,137,126,146,0.0,0.52,,,,,0,,,2,0.07,-1.58,,,,
2019-08-27,,,,0,,137,126,146,0.0,0.52,,,,,0,,,2,0.06,-1.49,,,,
2019-08-28,,,,0,,137,126,146,0.0,0.52,,,,,0,,,2,0.05,-1.41,,,,
2019-08-29,31.4,31,32,1,,137,126,146,0.0,0.52,2.1,71.0,1.2,19.3,1,1,,2,0.05,-1.29,,,,
2019-08-30,,,,0,,137,126,146,0.0,0.52,,,,,0,,,2,0.05,-1.19,,,,
2019-08-31,,,,0,,137,126,146,0.0,0.52,,,,,0,,,2,0.03,-1.27,,,,
2019-09-01,31.2,30,32,1,,137,126,146,0.0,0.52,2.9,86.0,2.0,23.4,1,1,,2,0.02,-1.25,,,,
2019-09-02,,,,0,,137,126,146,0.0,0.52,,,,,0,,,2,0.02,-1.22,,,,
2019-09-03,29.2,28,31,1,,137,126,146,0.0,0.52,1.2,102.0,1.3,26.1,1,0,,2,0.01,-1.13,,,,
2019-09-04,,,,0,,137,126,146,0.0,0.52,,,,,0,,,2,0.01,-1.05,,,,
2019-09-05,,,,0,,137,126,146,0.0,0.52,,,,,0,,,2,0.0,-1.04,,,,
2019-09-06,,,,0,,137,126,146,0.0,0.52,,,,,0,,,2,-0.01,-1.03,,,,
2019-09-07,,,,0,,137,126,146,0.0,0.52,,,,,0,,,2,-0.01,-1.03,,,,
2019-09-08,,,,0,,137,126,146,0.0,0.52,,,,,0,,,2,-0.02,-1.02,,,,
2019-09-09,,,,0,,137,126,146,0.0,0.52,,,,,0,,,2,-0.03,-0.98,,,,
2019-09-10,27.2,26,29,1,,137,126,146,0.0,0.52,7.6,98.0,3.1,31.3,1,0,,2,-0.03,-0.93,,,,
2019-09-11,,,,0,,137,126,146,0.0,0.52,,,,,0,,,2,-0.03,-0.87,,,,
2019-09-12,,,,0,,137,126,146,0.0,0.52,,,,,0,,,2,-0.03,-0.83,,,,
2019-09-13,,,,0,,137,126,146,0.0,0.52,,,,,0,,,2,-0.04,-0.79,,,,
2019-09-14,24.3,22,29,1,,137,126,146,0.0,0.52,4.8,61.0,4.1,18.7,1,1,,2,-0.04,-0.7,,,,
2019-09-15,,,,0,,137,126,146,0.0,0.52,,,,,0,,,2,-0.04,-0.62,,,,
2019-09-16,29.4,28,31,1,,137,126,146,0.0,0.52,1.5,85.0,1.8,22.0,1,0,,2,-0.03,-0.48,,,,
2019-09-17,,,,0,,137,126,146,0.0,0.52,,,,,0,,,2,-0.04,-0.45,,,,
2019-09-18,28.7,27,30,1,,137,126,146,0.0,0.52,2.3,108.0,1.7,29.6,1,1,,2,-0.03,-0.34,,,,
2019-09-19,29.7,29,30,1,,137,126,146,0.0,0.52,0.0,38.0,7.1,47.0,1,0,,2,-0.03,-0.25,,,,
2019-09-20,,,,0,,137,126,146,0.0,0.52,,,,,0,,,2,-0.03,-0.17,,,,
2019-09-21,,,,0,,137,126,146,0.0,0.52,,,,,0,,,2,-0.03,-0.1,,,,
2019-09-22,22.4,21,27,1,,137,126,146,0.0,0.52,2.4,99.0,1.7,26.7,1,1,,2,-0.02,0.04,,,,
2019-09-23,25.2,24,29,1,,137,126,146,0.0,0.52,2.3,91.0,1.9,25.4,1,1,,2,-0.02,0.13,,,,
2019-09-24,,,,0,,137,126,146,0.0,0.52,,,,,0,,,2,-0.01,0.21,,,,
2019-09-25,,,,0,,137,126,146,0.0,0.52,,,,,0,,,2,-0.01,0.18,,,,
2019-09-26,,,,0,,137,126,146,0.0,0.52,,,,,0,,,2,-0.01,0.16,,,,
2019-09-27,,,,0,,137,126,146,0.0,0.52,,,,,0,,,2,-0.01,0.15,,,,
2019-09-28,26.6,25,29,1,,137,126,146,0.0,0.52,3.8,110.0,3.3,30.1,1,1,,2,-0.01,0.23,,,,
2019-09-29,26.5,25,28,1,,137,126,146,0.0,0.52,5.3,132.0,3.7,36.9,1,1,,2,-0.0,0.31,,,,
2019-09-30,,,,0,,137,126,146,0.0,0.52,,,,,0,,,2,-0.0,0.29,,,,
2019-10-01,27.9,27,30,1,,137,126,146,0.0,0.52,2.1,117.0,2.2,33.8,1,1,,2,0.0,0.37,,,,
2019-10-02,,,,0,,137,126,146,0.0,0.52,,,,,0,,,2,0.01,0.44,,,,
2019-10-03,,,,0,,137,126,146,0.0,0.52,,,,,0,,,2,0.02,0.54,,,,
2019-10-04,,,,0,,137,126,146,0.0,0.52,,,,,0,,,2,0.02,0.62,,,,
2019-10-05,,,,0,,137,126,146,0.0,0.52,,,,,0,,,2,0.03,0.58,,,,
2019-10-06,,,,0,,137,126,146,0.0,0.52,,,,,0,,,2,0.02,0.42,,,,
2019-10-07,24.7,24,28,1,,137,126,146,0.0,0.52,10.7,89.0,3.1,32.5,1,1,,2,0.02,0.33,,,,
2019-10-08,,,,0,,137,126,146,0.0,0.52,,,,,0,,,2,0.02,0.19,,,,
2019-10-09,,,,0,,137,126,146,0.0,0.52,,,,,0,,,2,0.01,0.06,,,,
2019-10-10,,,,0,,137,126,146,0.0,0.52,,,,,0,,,2,0.0,-0.1,,,,
2019-10-11,,,,0,,137,126,146,0.0,0.52,,,,,0,,,2,-0.0,-0.24,,,,
2019-10-12,22.7,18,28,2,,137,126,146,0.0,0.52,15.0,341.0,9.4,103.0,2,1,,2,0.0,-0.12,,,,
2019-10-13,,,,0,,137,126,146,0.0,0.52,,,,,0,,,2,0.01,-0.01,,,,
2019-10-14,,,,0,,137,126,146,0.0,0.52,,,,,0,,,2,0.01,0.04,,,,
2019-10-15,23.9,22,28,1,,137,126,146,0.0,0.52,4.5,94.0,4.1,28.4,1,1,,2,0.02,0.14,,,,
2019-10-16,21.9,20,25,1,,137,126,146,0.0,0.52,8.0,136.0,8.1,41.5,1,1,,2,0.03,0.34,,,,
2019-10-17,,,,0,,137,126,146,0.0,0.52,,,,,0,,,2,0.04,0.51,,,,
2019-10-18,,,,0,,137,126,146,0.0,0.52,,,,,0,,,2,0.05,0.66,,,,
2019-10-19,,,,0,,137,126,146,0.0,0.52,,,,,0,,,2,0.04,0.49,,,,
2019-10-20,22.7,20,27,1,,137,126,146,0.0,0.52,7.1,96.0,6.2,31.2,1,0,,2,0.04,0.42,,,,
2019-10-21,,,,0,,137,126,146,0.0,0.52,,,,,0,,,2,0.04,0.38,,,,
2019-10-22,,,,0,,137,126,146,0.0,0.52,,,,,0,,,2,0.04,0.27,,,,
2019-10-23,25.1,24,27,1,,137,126,146,0.0,0.52,6.0,144.0,6.8,41.5,1,0,,2,0.04,0.15,,,,
2019-10-24,,,,0,,137,126,146,0.0,0.52,,,,,0,,,2,0.03,0.05,,,,
2019-10-25,24.4,22,26,1,,137,126,146,0.0,0.52,5.5,375.0,3.4,106.8,1,1,,2,0.04,0.14,,,,
2019-10-26,28.1,26,30,1,,137,126,146,0.0,0.52,15.3,72.0,17.9,43.1,1,1,,2,0.05,0.27,,,,
2019-10-27,,,,0,,137,126,146,0.0,0.52,,,,,0,,,2,0.06,0.34,,,,
2019-10-28,,,,0,,137,126,146,0.0,0.52,,,,,0,,,2,0.06,0.4,,,,
2019-10-29,,,,0,,137,126,146,0.0,0.52,,,,,0,,,2,0.07,0.48,,,,
2019-10-30,22.8,20,27,1,,137,126,146,0.0,0.52,6.7,151.0,4.5,47.5,1,1,,2,0.08,0.5,,,,
2019-10-31,,,,0,,137,126,146,0.0,0.52,,,,,0,,,2,0.08,0.53,,,,
2019-11-01,19.2,17,28,2,,137,126,146,0.0,0.52,38.1,448.0,16.5,161.3,2,1,,2,0.09,0.5,,,,
2019-11-02,,,,0,,137,126,146,0.0,0.52,,,,,0,,,2,0.09,0.44,,,,
2019-11-03,,,,0,,137,126,146,0.0,0.52,,,,,0,,,2,0.09,0.39,,,,
2019-11-04,19.9,17,24,1,,137,126,146,0.0,0.52,7.7,156.0,6.0,49.2,1,1,,2,0.1,0.43,,,,
2019-11-05,21.5,20,28,1,,137,126,146,0.0,0.52,3.7,109.0,3.8,30.8,1,1,,2,0.11,0.51,,,,
2019-11-06,,,,0,,137,126,146,0.0,0.52,,,,,0,,,2,0.11,0.47,,,,
2019-11-07,,,,0,,137,126,146,0.0,0.52,,,,,0,,,2,0.12,0.44,,,,
2019-11-08,,,,0,,137,126,146,0.0,0.52,,,,,0,,,2,0.11,0.17,,,,
2019-11-09,17.6,15,23,2,,137,126,146,0.0,0.52,7.5,113.0,7.9,32.6,2,1,,2,0.1,0.06,,,,
2019-11-10,19.1,15,27,1,,137,126,146,0.0,0.52,15.3,195.0,8.8,68.2,1,1,,2,0.1,0.04,,,,
2019-11-11,,,,0,,137,126,146,0.0,0.52,,,,,0,,,2,0.09,-0.06,,,,
2019-11-12,,,,0,,137,126,146,0.0,0.52,,,,,0,,,2,0.08,-0.19,,,,
2019-11-13,15.8,14,19,1,,137,126,146,0.0,0.52,16.7,80.0,20.7,36.7,1,1,,2,0.08,-0.25,,,,
2019-11-14,,,,0,,137,126,146,0.0,0.52,,,,,0,,,2,0.07,-0.31,,,,
2019-11-15,,,,0,,137,126,146,0.0,0.52,,,,,0,,,2,0.07,-0.35,,,,
2019-11-16,,,,0,,137,126,146,0.0,0.52,,,,,0,,,2,0.06,-0.43,,,,
2019-11-17,16.2,12,22,1,,137,126,146,0.0,0.52,1.0,57.0,7.5,36.0,1,1,,2,0.04,-0.56,,,,
2019-11-18,18.6,17,26,1,,137,126,146,0.0,0.52,4.9,216.0,3.3,61.5,1,1,,2,0.04,-0.6,,,,
2019-11-19,,,,0,,137,126,146,0.0,0.52,,,,,0,,,2,0.03,-0.63,,,,
2019-11-20,,,,0,,137,126,146,0.0,0.52,,,,,0,,,2,0.02,-0.66,,,,
2019-11-21,20.2,18,24,1,,137,126,146,0.0,0.52,19.5,102.0,18.3,47.4,1,1,,2,0.02,-0.64,,,,
2019-11-22,,,,0,,137,126,146,0.0,0.52,,,,,0,,,2,0.01,-0.57,,,,
2019-11-23,,,,0,,137,126,146,0.0,0.52,,,,,0,,,2,0.01,-0.55,,,,
2019-11-24,19.2,18,22,1,,137,126,146,0.0,0.52,4.6,414.0,4.7,99.6,1,0,,2,0.02,-0.4,,,,
2019-11-25,,,,0,,137,126,146,0.0,0.52,,,,,0,,,2,0.01,-0.39,,,,
2019-11-26,,,,0,,137,126,146,0.0,0.52,,,,,0,,,2,0.01,-0.39,,,,
2019-11-27,20.5,18,30,1,,137,126,146,0.0,0.52,27.7,148.0,27.9,71.5,1,1,,2,0.01,-0.29,,,,
2019-11-28,,,,0,,137,126,146,0.0,0.52,,,,,0,,,2,0.01,-0.26,,,,
2019-11-29,,,,0,,137,126,146,0.0,0.52,,,,,0,,,2,0.02,-0.18,,,,
2019-11-30,26.0,24,28,1,,137,126,146,0.0,0.52,0.5,6.0,0.9,4.3,1,1,,2,0.02,-0.1,,,,
2019-12-01,,,,0,,137,126,146,0.0,0.52,,,,,0,,,2,0.01,-0.22,,,,
2019-12-02,17.6,14,27,1,,137,126,146,0.0,0.52,15.4,97.0,13.8,44.6,1,1,,2,0.0,-0.26,,,,
2019-12-03,,,,0,,137,126,146,0.0,0.52,,,,,0,,,2,0.0,-0.28,,,,
2019-12-04,14.9,12,26,1,,137,126,146,0.0,0.52,12.8,147.0,8.9,50.2,1,1,,2,-0.0,-0.29,,,,
2019-12-05,,,,0,,137,126,146,0.0,0.52,,,,,0,,,2,-0.01,-0.29,,,,
2019-12-06,,,,0,,137,126,146,0.0,0.52,,,,,0,,,2,-0.0,-0.22,,,,
2019-12-07,,,,0,,137,126,146,0.0,0.52,21.6,156.0,17.5,61.5,1,1,,2,0.0,-0.1,,,,
2019-12-08,23.1,20,27,1,,137,126,146,0.0,0.52,0.0,3.0,0.5,3.4,1,0,,2,0.01,0.04,,,,
2019-12-09,,,,0,,137,126,146,0.0,0.52,30.2,113.0,33.4,64.1,1,1,,2,0.02,0.15,,,,
2019-12-10,,,,0,,137,126,146,0.0,0.52,,,,,0,,,2,0.03,0.24,,,,
2019-12-11,18.6,16,25,1,,137,126,146,0.0,0.52,10.7,89.0,7.9,36.2,1,1,,2,0.03,0.24,,,,
2019-12-12,,,,0,,137,126,146,0.0,0.52,,,,,0,,,2,0.04,0.29,,,,
2019-12-13,,,,0,,137,126,146,0.0,0.52,13.3,167.0,4.4,56.2,1,1,,2,0.04,0.28,,,,
2019-12-14,17.8,14,24,2,,137,126,146,0.0,0.52,39.4,412.0,20.3,152.8,2,1,,2,0.05,0.35,,,,
2019-12-15,,,,0,,137,126,146,0.0,0.52,,,,,0,,,2,0.06,0.41,,,,
2019-12-16,,,,0,,137,126,146,0.0,0.52,,,,,0,,,2,0.07,0.43,,,,
2019-12-17,,,,0,,137,126,146,0.0,0.52,,,,,0,,,2,0.08,0.5,,,,
2019-12-18,23.5,22,30,1,,137,126,146,0.0,0.52,15.8,226.0,9.6,71.5,2,0,,2,0.09,0.57,,,,
2019-12-19,,,,0,,137,126,146,0.0,0.52,,,,,0,,,2,0.1,0.6,,,,
2019-12-20,,,,0,,137,126,146,0.0,0.52,,,,,0,,,2,0.11,0.56,,,,
2019-12-21,,,,0,,137,126,146,0.0,0.52,,,,,0,,,2,0.1,0.41,,,,
2019-12-22,17.8,15,25,1,,137,126,146,0.0,0.52,7.1,48.0,3.5,18.2,1,1,,2,0.1,0.33,,,,
2019-12-23,,,,0,,137,126,146,0.0,0.52,,,,,0,,,2,0.1,0.27,,,,
2019-12-24,17.7,14,27,1,,137,126,146,0.0,0.52,24.7,262.0,27.3,124.7,1,1,,2,0.1,0.23,,,,
2019-12-25,22.8,20,29,1,,137,126,146,0.0,0.52,6.0,158.0,2.7,45.6,1,1,,2,0.1,0.18,,,,
2019-12-26,16.6,12,26,2,,137,126,146,0.0,0.52,64.1,411.0,44.1,180.0,2,1,,2,0.1,0.21,,,,
2019-12-27,19.8,16,27,1,,137,126,146,0.0,0.52,39.3,172.0,30.3,108.3,1,1,,2,0.12,0.29,,,,
2019-12-28,,,,0,,137,126,146,0.0,0.52,,,,,0,,,2,0.13,0.32,,,,
2019-12-29,21.6,18,26,2,,137,126,146,0.0,0.52,2.0,13.0,2.3,9.4,2,1,,2,0.13,0.34,,,,
2019-12-30,26.9,24,30,2,,137,126,146,0.0,0.52,0.1,6.0,0.8,4.7,2,1,,2,0.14,0.37,,,,
2019-12-31,,,,0,,137,126,146,0.0,0.52,15.0,187.0,9.6,60.1,1,1,,2,0.15,0.34,,,,
2020-01-01,,,,0,,137,126,146,0.0,0.52,,,,,0,,,2,0.15,0.3,,,,
2020-01-02,20.8,20,23,1,,137,126,146,0.0,0.52,20.3,174.0,9.1,65.5,1,1,,2,0.14,0.15,,,,
2020-01-03,,,,0,,137,126,146,0.0,0.52,,,,,0,,,2,0.13,0.02,,,,
2020-01-04,19.0,14,31,5,,137,126,146,0.0,0.52,37.5,331.0,21.9,133.9,5,0,,2,0.13,-0.04,,,,
2020-01-05,,,,0,,137,126,146,0.0,0.52,,,,,0,,,2,0.12,-0.09,,,,
2020-01-06,14.6,10,23,1,,137,126,146,0.0,0.52,28.2,153.0,25.6,94.5,1,1,,2,0.12,-0.09,,,,
2020-01-07,22.6,22,26,1,,137,126,146,0.0,0.52,18.8,147.0,10.7,55.1,1,1,,2,0.12,-0.12,,,,
2020-01-08,21.7,18,30,1,,137,126,146,0.0,0.52,16.2,91.0,14.1,39.8,1,1,,2,0.12,-0.11,,,,
2020-01-09,,,,0,,137,126,146,0.0,0.52,,,,,0,,,2,0.12,-0.14,,,,
2020-01-10,,,,0,,137,126,146,0.0,0.52,,,,,0,,,2,0.11,-0.16,,,,
2020-01-11,19.3,16,26,2,,137,126,146,0.0,0.52,63.4,303.0,57.0,158.3,1,1,,2,0.11,-0.16,,,,
2020-01-12,,,,0,,137,126,146,0.0,0.52,,,,,0,,,2,0.11,-0.15,,,,
2020-01-13,22.6,21,26,1,,137,126,146,0.0,0.52,17.6,180.0,9.0,60.1,1,0,,2,0.11,-0.15,,,,
2020-01-14,,,,0,,137,126,146,0.0,0.52,,,,,0,,,2,0.11,-0.15,,,,
2020-01-15,19.3,15,29,1,,137,126,146,0.0,0.52,26.2,174.0,26.0,69.6,1,1,,2,0.11,-0.11,,,,
2020-01-16,16.4,13,29,1,,137,126,146,0.0,0.52,10.9,74.0,12.1,37.1,1,1,,2,0.12,-0.07,,,,
2020-01-17,,,,0,,137,126,146,0.0,0.52,,,,,0,,,2,0.12,-0.07,,,,
2020-01-18,13.6,9,23,1,,137,126,146,0.0,0.52,10.8,162.0,14.6,84.8,1,1,,2,0.11,-0.15,,,,
2020-01-19,17.4,13,23,1,,137,126,146,0.0,0.52,40.9,383.0,24.9,140.1,1,1,,2,0.11,-0.13,,,,
2020-01-20,,,,0,,137,126,146,0.0,0.52,,,,,0,,,2,0.11,-0.14,,,,
2020-01-21,21.2,21,24,1,,137,126,146,0.0,0.52,18.8,170.0,6.7,60.0,1,1,,2,0.1,-0.14,,,,
2020-01-22,12.0,9,26,1,,137,126,146,0.0,0.52,15.6,78.0,19.9,37.1,1,1,,2,0.1,-0.15,,,,
2020-01-23,,,,0,,137,126,146,0.0,0.52,,,,,0,,,2,0.1,-0.15,,,,
2020-01-24,,,,0,,137,126,146,0.0,0.52,,,,,0,,,2,0.1,-0.1,,,,
2020-01-25,16.4,13,25,2,,137,126,146,0.0,0.52,84.4,481.0,71.3,230.5,2,1,,2,0.12,0.01,,,,
2020-01-26,16.5,14,24,1,,137,126,146,0.0,0.52,14.6,103.0,11.1,42.0,1,1,,2,0.12,0.01,,,,
2020-01-27,22.4,22,26,1,,137,126,146,0.0,0.52,21.6,163.0,8.1,60.2,1,1,,2,0.12,0.0,,,,
2020-01-28,16.1,13,26,1,,137,126,146,0.0,0.52,10.6,131.0,5.6,40.6,1,0,,2,0.12,-0.0,,,,
2020-01-29,,,,0,,137,126,146,0.0,0.52,,,,,0,,,2,0.12,-0.04,,,,
2020-01-30,18.1,15,27,1,,137,126,146,0.0,0.52,15.5,113.0,10.2,44.4,1,0,,2,0.12,-0.01,,,,
2020-01-31,,,,0,,137,126,146,0.0,0.52,,,,,0,,,2,0.12,-0.02,,,,
2020-02-01,20.8,17,28,1,,137,126,146,0.0,0.52,7.9,163.0,22.3,125.8,1,0,,2,0.11,-0.11,,,,
2020-02-02,18.4,17,20,1,,137,126,146,0.0,0.52,4.8,378.0,4.0,94.5,1,1,,2,0.1,-0.14,,,,
2020-02-03,,,,0,,137,126,146,0.0,0.52,,,,,0,,,2,0.09,-0.2,,,,
2020-02-04,20.6,16,28,2,,137,126,146,0.0,0.52,39.7,338.0,22.2,119.0,2,0,,2,0.09,-0.21,,,,
2020-02-05,18.0,14,22,1,,137,126,146,0.0,0.52,21.3,101.0,28.3,48.8,1,1,,2,0.09,-0.19,,,,
2020-02-06,21.2,20,25,1,,137,126,146,0.0,0.52,16.8,104.0,15.3,43.2,1,1,,2,0.09,-0.18,,,,
2020-02-07,,,,0,,137,126,146,0.0,0.52,,,,,0,,,2,0.09,-0.16,,,,
2020-02-08,20.8,18,27,2,,137,126,146,0.0,0.52,29.9,224.0,18.3,82.0,2,1,,2,0.09,-0.09,,,,
2020-02-09,17.5,15,23,1,,137,126,146,0.0,0.52,50.6,120.0,45.7,115.7,1,1,,2,0.09,-0.11,,,,
2020-02-10,,,,0,,137,126,146,0.0,0.52,,,,,0,,,2,0.09,-0.08,,,,
2020-02-11,21.4,20,25,2,,137,126,146,0.0,0.52,38.4,383.0,9.1,123.9,2,1,,2,0.09,-0.07,,,,
2020-02-12,19.7,17,24,1,,137,126,146,0.0,0.52,19.2,81.0,22.8,42.0,1,1,,2,0.09,-0.05,,,,
2020-02-13,21.3,19,25,1,,137,126,146,0.0,0.52,15.1,130.0,10.5,45.0,1,1,,2,0.09,-0.08,,,,
2020-02-14,,,,0,,137,126,146,0.0,0.52,,,,,0,,,2,0.09,-0.07,,,,
2020-02-15,23.4,18,30,1,,137,126,146,0.0,0.52,7.3,119.0,17.6,83.3,1,1,,2,0.08,-0.1,,,,
2020-02-16,16.7,13,25,1,,137,126,146,0.0,0.52,68.7,328.0,56.0,174.3,1,1,,2,0.09,-0.06,,,,
2020-02-17,22.1,21,25,1,,137,126,146,0.0,0.52,28.5,93.0,33.0,60.0,1,1,,2,0.09,-0.04,,,,
2020-02-18,19.5,16,26,1,,137,126,146,0.0,0.52,20.5,210.0,9.9,69.1,1,1,,2,0.09,-0.06,,,,
2020-02-19,,,,0,,137,126,146,0.0,0.52,,,,,0,,,2,0.08,-0.08,,,,
2020-02-20,17.7,16,28,1,,137,126,146,0.0,0.52,34.9,165.0,37.8,78.8,1,1,,2,0.08,-0.11,,,,
2020-02-21,,,,0,,137,126,146,0.0,0.52,,,,,0,,,2,0.07,-0.12,,,,
2020-02-22,19.3,14,22,1,,137,126,146,0.0,0.52,57.0,218.0,47.7,137.2,1,1,,2,0.08,-0.07,,,,
2020-02-23,,,,0,,137,126,146,0.0,0.52,,,,,0,,,2,0.07,-0.11,,,,
2020-02-24,20.8,19,26,1,,137,126,146,0.0,0.52,16.9,167.0,6.0,55.2,1,1,,2,0.07,-0.13,,,,
2020-02-25,21.6,21,25,3,,137,126,146,0.0,0.52,27.8,347.0,7.4,106.4,3,0,,2,0.07,-0.13,,,,
2020-02-26,28.4,24,31,1,,137,126,146,0.0,0.52,28.8,87.0,34.5,60.1,1,1,,2,0.07,-0.11,,,,
2020-02-27,17.9,15,26,1,,137,126,146,0.0,0.52,13.1,54.0,18.3,28.1,1,1,,2,0.06,-0.12,,,,
2020-02-28,,,,0,,137,126,146,0.0,0.52,,,,,0,,,2,0.05,-0.16,,,,
2020-02-29,17.4,15,25,1,,137,126,146,0.0,0.52,91.9,385.0,86.3,228.3,1,1,,2,0.05,-0.17,,,,
2020-03-01,15.6,13,25,1,,137,126,146,0.0,0.52,27.8,370.0,10.9,112.7,1,1,,2,0.06,-0.1,,,,
2020-03-02,,,,0,,137,126,146,0.0,0.52,,,,,0,,,2,0.06,-0.07,,,,
2020-03-03,17.9,16,27,1,,137,126,146,0.0,0.52,29.8,173.0,29.3,74.9,1,1,,2,0.06,-0.07,,,,
2020-03-04,20.4,17,26,3,,137,126,146,0.0,0.52,25.6,344.0,7.7,102.4,3,1,,2,0.06,-0.03,,,,
2020-03-05,27.9,25,30,1,,137,126,146,0.0,0.52,27.4,85.0,24.8,62.4,1,1,,2,0.07,0.02,,,,
2020-03-06,19.1,15,23,1,,137,126,146,0.0,0.52,3.9,161.0,21.4,122.2,1,1,,2,0.08,0.07,,,,
2020-03-07,23.9,22,26,1,,137,126,146,0.0,0.52,6.6,203.0,5.3,50.1,1,0,,2,0.08,0.07,,,,
2020-03-08,16.7,11,24,1,,137,126,146,0.0,0.52,76.6,432.0,66.6,209.9,1,1,,2,0.08,0.06,,,,
2020-03-09,,,,0,,137,126,146,0.0,0.52,,,,,0,,,2,0.09,0.07,,,,
2020-03-10,,,,0,,137,126,146,0.0,0.52,,,,,0,,,2,0.09,0.05,,,,
2020-03-11,21.3,19,26,1,,137,126,146,0.0,0.52,22.7,137.0,22.4,56.8,1,1,,2,0.08,-0.0,,,,
2020-03-12,,,,0,,137,126,146,0.0,0.52,,,,,0,,,2,0.07,-0.06,,,,
2020-03-13,,,,0,,137,126,146,0.0,0.52,,,,,0,,,2,0.06,-0.12,,,,
2020-03-14,,,,0,,137,126,146,0.0,0.52,,,,,0,,,2,0.04,-0.22,,,,
2020-03-15,18.1,15,26,1,,137,126,146,0.0,0.52,9.4,143.0,8.4,42.9,1,1,,2,0.01,-0.35,,,,
2020-03-16,19.7,17,25,1,,137,126,146,0.0,0.52,10.6,90.0,15.6,67.9,1,1,,2,-0.01,-0.45,,,,
2020-03-17,,,,0,,137,126,146,0.0,0.52,23.1,173.0,12.6,65.0,1,1,,2,-0.03,-0.5,,,,
2020-03-18,18.6,16,24,1,,137,126,146,0.0,0.52,32.1,172.0,32.2,77.3,1,1,,2,-0.04,-0.54,,,,
2020-03-19,,,,0,,137,126,146,0.0,0.52,,,,,0,,,2,-0.06,-0.57,,,,
2020-03-20,,,,0,,137,126,146,0.0,0.52,32.0,279.0,20.6,105.9,2,0,,2,-0.06,-0.52,,,,
2020-03-21,,,,0,,137,126,146,0.0,0.52,,,,,0,,,2,-0.06,-0.42,,,,
2020-03-22,18.8,16,25,1,,137,126,146,0.0,0.52,7.4,243.0,0.8,62.9,1,1,,2,-0.05,-0.32,,,,
2020-03-23,,,,0,,137,126,146,0.0,0.52,,,,,0,,,2,-0.05,-0.24,,,,
2020-03-24,,,,0,,137,126,146,0.0,0.52,,,,,0,,,2,-0.03,-0.13,,,,
2020-03-25,,,,0,,137,126,146,0.0,0.52,,,,,0,,,2,-0.03,-0.08,,,,
2020-03-26,,,,0,,137,126,146,0.0,0.52,,,,,0,,,2,-0.02,0.02,,,,
2020-03-27,,,,0,,137,126,146,0.0,0.52,,,,,0,,,2,-0.0,0.09,,,,
2020-03-28,,,,0,,137,126,146,0.0,0.52,,,,,0,,,2,0.0,0.12,,,,
2020-03-29,,,,0,,137,126,146,0.0,0.52,,,,,0,,,2,0.0,0.11,,,,
2020-03-30,,,,0,,137,126,146,0.0,0.52,,,,,0,,,2,0.0,0.1,,,,
2020-03-31,,,,0,,137,126,146,0.0,0.52,,,,,0,,,2,-0.0,0.04,,,,
2020-04-01,,,,0,,137,126,146,0.0,0.52,,,,,0,,,2,-0.01,-0.0,,,,
2020-04-02,,,,0,,137,126,146,0.0,0.52,,,,,0,,,2,-0.01,-0.04,,,,
2020-04-03,23.1,22,26,1,,137,126,146,0.0,0.52,7.9,99.0,4.5,30.6,1,1,,2,-0.03,-0.13,,,,
2020-04-04,,,,0,,137,126,146,0.0,0.52,,,,,0,,,2,-0.03,-0.14,,,,
2020-04-05,25.0,22,36,2,,137,126,146,0.0,0.52,11.0,206.0,6.5,59.2,2,1,,2,-0.03,-0.08,,,,
2020-04-06,,,,0,,137,126,146,0.0,0.52,,,,,0,,,2,-0.01,0.02,,,,
2020-04-07,,,,0,,137,126,146,0.0,0.52,,,,,0,,,2,0.0,0.11,,,,
2020-04-08,,,,0,,137,126,146,0.0,0.52,,,,,0,,,2,0.02,0.2,,,,
2020-04-09,,,,0,,137,126,146,0.0,0.52,,,,,0,,,2,0.03,0.24,,,,
2020-04-10,,,,0,,137,126,146,0.0,0.52,,,,,0,,,2,0.04,0.31,,,,
2020-04-11,,,,0,,137,126,146,0.0,0.52,,,,,0,,,2,0.06,0.37,,,,
2020-04-12,,,,0,,137,126,146,0.0,0.52,,,,,0,,,2,0.08,0.41,,,,
2020-04-13,,,,0,,137,126,146,0.0,0.52,,,,,0,,,2,0.09,0.39,,,,
2020-04-14,,,,0,,137,126,146,0.0,0.52,,,,,0,,,2,0.1,0.41,,,,
2020-04-15,21.3,20,25,1,,137,126,146,0.0,0.52,7.0,86.0,7.7,27.6,1,1,,2,0.12,0.46,,,,
2020-04-16,,,,0,,137,126,146,0.0,0.52,,,,,0,,,2,0.13,0.47,,,,
2020-04-17,,,,0,,137,126,146,0.0,0.52,,,,,0,,,2,0.14,0.47,,,,
2020-04-18,,,,0,,137,126,146,0.0,0.52,,,,,0,,,2,0.13,0.36,,,,
2020-04-19,,,,0,,137,126,146,0.0,0.52,,,,,0,,,2,0.13,0.27,,,,
2020-04-20,,,,0,,137,126,146,0.0,0.52,,,,,0,,,2,0.12,0.2,,,,
2020-04-21,,,,0,,137,126,146,0.0,0.52,,,,,0,,,2,0.11,0.14,,,,
2020-04-22,23.7,22,26,1,,137,126,146,0.0,0.52,11.0,60.0,10.2,26.5,1,1,,2,0.11,0.07,,,,
2020-04-23,,,,0,,137,126,146,0.0,0.52,,,,,0,,,2,0.1,0.01,,,,
2020-04-24,,,,0,,137,126,146,0.0,0.52,,,,,0,,,2,0.08,-0.06,,,,
2020-04-25,,,,0,,137,126,146,0.0,0.52,,,,,0,,,2,0.08,-0.08,,,,
2020-04-26,,,,0,,137,126,146,0.0,0.52,,,,,0,,,2,0.07,-0.13,,,,
2020-04-27,24.3,23,28,1,,137,126,146,0.0,0.52,5.9,144.0,4.4,42.8,1,1,,2,0.06,-0.14,,,,
2020-04-28,,,,0,,137,126,146,0.0,0.52,,,,,0,,,2,0.05,-0.18,,,,
2020-04-29,,,,0,,137,126,146,0.0,0.52,,,,,0,,,2,0.05,-0.18,,,,
2020-04-30,,,,0,,137,126,146,0.0,0.52,,,,,0,,,2,0.04,-0.2,,,,
2020-05-01,,,,0,,137,126,146,0.0,0.52,,,,,0,,,2,0.04,-0.21,,,,
2020-05-02,,,,0,,137,126,146,0.0,0.52,,,,,0,,,2,0.03,-0.22,,,,
2020-05-03,24.7,23,32,1,,137,126,146,0.0,0.52,8.0,96.0,5.5,30.8,1,1,,2,0.02,-0.25,,,,
2020-05-04,23.7,20,27,1,,137,126,146,0.0,0.52,20.8,326.0,16.5,111.2,1,1,,2,0.02,-0.22,,,,
2020-05-05,22.5,21,26,1,,137,126,146,0.0,0.52,50.7,214.0,52.0,122.0,1,1,,2,0.02,-0.2,,,,
2020-05-06,24.3,22,26,1,,137,126,146,0.0,0.52,11.9,173.0,8.9,54.0,1,1,,2,0.01,-0.2,,,,
2020-05-07,24.9,20,28,1,,137,126,146,0.0,0.52,24.0,189.0,11.6,73.4,1,1,,2,0.01,-0.17,,,,
2020-05-08,27.6,26,30,1,,137,126,146,0.0,0.52,17.4,67.0,15.3,44.7,1,1,,2,0.02,-0.11,,,,
2020-05-09,27.3,26,33,1,,137,126,146,0.0,0.52,24.3,118.0,22.7,57.8,1,1,,2,0.02,-0.07,,,,
2020-05-10,22.1,19,26,1,,137,126,146,0.0,0.52,39.7,359.0,26.5,147.2,1,1,,2,0.04,0.02,,,,
2020-05-11,,,,0,,137,126,146,0.0,0.52,,,,,0,,,2,0.04,0.02,,,,
2020-05-12,20.0,18,30,1,,137,126,146,0.0,0.52,13.4,136.0,13.5,48.0,1,1,,2,0.03,-0.01,,,,
2020-05-13,,,,0,,137,126,146,0.0,0.52,,,,,0,,,2,0.03,-0.05,,,,
2020-05-14,24.7,19,30,2,,137,126,146,0.0,0.52,67.5,375.0,50.4,190.6,2,0,,2,0.02,-0.06,,,,
2020-05-15,22.0,21,26,1,,137,126,146,0.0,0.52,25.2,138.0,25.3,78.1,1,1,,2,0.03,-0.03,,,,
2020-05-16,25.4,19,31,1,,137,126,146,0.0,0.52,21.2,129.0,26.0,102.8,1,1,,2,0.03,-0.01,,,,
2020-05-17,26.6,22,32,1,,137,126,146,0.0,0.52,44.8,327.0,30.8,143.6,1,1,,2,0.03,-0.01,,,,
2020-05-18,28.3,23,33,2,,137,126,146,0.0,0.52,64.1,340.0,48.4,193.7,2,1,,2,0.04,0.05,,,,
2020-05-19,28.5,27,29,1,,137,126,146,0.0,0.52,0.0,22.0,5.2,34.9,1,0,,2,0.05,0.08,,,,
2020-05-20,27.8,22,34,2,,137,126,146,0.0,0.52,106.6,581.0,87.0,298.3,2,1,,2,0.07,0.2,,,,
2020-05-21,24.5,22,29,1,,137,126,146,0.0,0.52,21.7,129.0,15.9,59.1,1,1,,2,0.09,0.24,,,,
2020-05-22,25.2,21,28,1,,137,126,146,0.0,0.52,44.1,304.0,29.1,131.8,1,1,,2,0.1,0.29,,,,
2020-05-23,28.8,25,34,1,,137,126,146,0.0,0.52,32.4,147.0,28.2,123.4,1,1,,2,0.12,0.35,,,,
2020-05-24,27.4,25,31,1,,137,126,146,0.0,0.52,59.1,468.0,36.3,185.6,1,1,,2,0.14,0.4,,,,
2020-05-25,,,,0,,137,126,146,0.0,0.52,,,,,0,,,2,0.15,0.38,,,,
2020-05-26,21.1,12,31,2,,137,126,146,0.0,0.52,102.2,671.0,78.2,272.8,2,1,,2,0.18,0.44,,,,
2020-05-27,27.1,23,33,1,,137,126,146,0.0,0.52,34.1,212.0,28.5,116.8,1,1,,2,0.19,0.43,,,,
2020-05-28,26.5,18,32,2,,137,126,146,0.0,0.52,63.2,343.0,55.3,167.6,2,1,,2,0.2,0.43,,,,
2020-05-29,21.9,20,29,1,,137,126,146,0.0,0.52,49.5,195.0,41.1,142.4,1,1,,2,0.21,0.4,,,,
2020-05-30,24.1,22,28,2,,137,126,146,0.0,0.52,29.1,133.0,27.7,77.5,2,1,,2,0.22,0.37,,,,
2020-05-31,,,,0,,137,126,146,0.0,0.52,,,,,0,,,2,0.21,0.28,,,,
2020-06-01,25.1,19,33,1,,137,126,146,0.0,0.52,99.8,740.0,86.1,345.9,1,1,,2,0.23,0.3,,,,
2020-06-02,,,,0,,137,126,146,0.0,0.52,,,,,0,,,2,0.22,0.22,,,,
2020-06-03,28.0,17,35,2,,137,126,146,0.0,0.52,62.8,469.0,40.3,170.8,2,0,,2,0.21,0.17,,,,
2020-06-04,,,,0,,137,126,146,0.0,0.52,,,,,0,,,2,0.2,0.08,,,,
2020-06-05,27.4,23,32,1,,137,126,146,0.0,0.52,48.5,341.0,36.2,137.3,1,1,,2,0.19,-0.0,,,,
2020-06-06,29.9,28,34,1,,137,126,146,0.0,0.52,9.2,406.0,6.3,117.5,1,0,,2,0.18,-0.04,,,,
2020-06-07,,,,0,,137,126,146,0.0,0.52,,,,,0,,,2,0.18,-0.05,,,,
2020-06-08,,,,0,,137,126,146,0.0,0.52,,,,,0,,,2,0.15,-0.16,,,,
2020-06-09,26.2,25,29,1,,137,126,146,0.0,0.52,11.2,196.0,4.0,63.8,1,1,,2,0.13,-0.22,,,,
2020-06-10,,,,0,,137,126,146,0.0,0.52,,,,,0,,,2,0.1,-0.32,,,,
2020-06-11,,,,0,,137,126,146,0.0,0.52,,,,,0,,,2,0.08,-0.38,,,,
2020-06-12,25.2,20,32,1,,137,126,146,0.0,0.52,52.8,342.0,44.7,128.8,1,1,,2,0.06,-0.42,,,,
2020-06-13,,,,0,,137,126,146,0.0,0.52,,,,,0,,,2,0.03,-0.52,,,,
2020-06-14,,,,0,,137,126,146,0.0,0.52,,,,,0,,,2,-0.0,-0.6,,,,
2020-06-15,21.7,16,29,2,,137,126,146,0.0,0.52,82.1,512.0,79.6,206.4,2,1,,2,-0.02,-0.61,,,,
2020-06-16,28.8,28,31,1,,137,126,146,0.0,0.52,8.7,179.0,1.4,54.6,1,1,,2,-0.04,-0.63,,,,
2020-06-17,25.3,21,30,1,,137,126,146,0.0,0.52,54.2,143.0,64.4,113.6,1,1,,2,-0.06,-0.6,,,,
2020-06-18,,,,0,,137,126,146,0.0,0.52,,,,,0,,,2,-0.07,-0.59,,,,
2020-06-19,,,,0,,137,126,146,0.0,0.52,,,,,0,,,2,-0.08,-0.58,,,,
2020-06-20,25.2,17,33,1,,137,126,146,0.0,0.52,40.7,434.0,40.4,205.2,1,1,,2,-0.09,-0.52,,,,
2020-06-21,29.0,25,33,1,,137,126,146,0.0,0.52,73.9,512.0,48.0,237.4,1,1,,2,-0.07,-0.36,,,,
2020-06-22,30.6,19,45,2,,137,126,146,0.0,0.52,191.3,1196.0,195.9,466.9,2,1,,2,-0.04,-0.2,,,,
2020-06-23,34.4,30,37,1,,137,126,146,0.0,0.52,62.1,363.0,49.7,146.2,1,1,,2,-0.01,-0.04,,,,
2020-06-24,32.2,31,35,1,,137,126,146,0.0,0.52,8.9,225.0,2.5,67.9,1,1,,2,0.02,0.1,,,,
2020-06-25,26.4,20,35,1,,137,126,146,0.0,0.52,51.8,339.0,52.8,132.5,1,1,,2,0.06,0.27,,,,
2020-06-26,27.3,25,31,2,,137,126,146,0.0,0.52,39.6,307.0,34.6,151.7,2,1,,2,0.11,0.44,,,,
2020-06-27,31.3,28,34,1,,137,126,146,0.0,0.52,30.1,282.0,14.8,105.0,1,1,,2,0.15,0.56,,,,
2020-06-28,27.5,23,32,1,,137,126,146,0.0,0.52,67.4,318.0,67.4,234.4,1,1,,2,0.17,0.59,,,,
2020-06-29,,,,0,,137,126,146,0.0,0.52,,,,,0,,,2,0.18,0.52,,,,
2020-06-30,,,,0,,137,126,146,0.0,0.52,,,,,0,,,2,0.17,0.43,,,,
2020-07-01,,,,0,,137,126,146,0.0,0.52,,,,,0,,,2,0.16,0.34,,,,
2020-07-02,30.8,29,33,1,,137,126,146,0.0,0.52,15.7,209.0,11.2,66.7,1,1,,2,0.15,0.23,,,,
2020-07-03,,,,0,,137,126,146,0.0,0.52,,,,,0,,,2,0.12,0.11,,,,
2020-07-04,27.6,24,34,1,,137,126,146,0.0,0.52,29.8,155.0,30.4,94.1,1,1,,2,0.1,-0.01,,,,
2020-07-05,28.8,23,35,2,,137,126,146,0.0,0.52,60.4,575.0,59.8,291.3,2,1,,2,0.08,-0.09,,,,
2020-07-06,28.1,23,35,1,,137,126,146,0.0,0.52,61.1,510.0,36.3,175.4,1,1,,2,0.07,-0.12,,,,
2020-07-07,29.7,28,33,1,,137,126,146,0.0,0.52,4.3,191.0,3.0,52.5,1,1,,2,0.07,-0.11,,,,
2020-07-08,28.3,25,32,1,,137,126,146,0.0,0.52,52.5,176.0,41.2,133.5,1,1,,2,0.07,-0.1,,,,
2020-07-09,31.4,28,36,2,,137,126,146,0.0,0.52,64.5,581.0,43.1,208.3,2,1,,2,0.07,-0.06,,,,
2020-07-10,29.9,25,36,1,,137,126,146,0.0,0.52,30.9,113.0,28.0,83.8,1,1,,2,0.08,-0.01,,,,
2020-07-11,,,,0,,137,126,146,0.0,0.52,,,,,0,,,2,0.09,0.02,,,,
2020-07-12,26.4,22,33,2,,137,126,146,0.0,0.52,55.1,566.0,35.0,214.2,2,1,,2,0.09,0.02,,,,
2020-07-13,23.7,17,31,1,,137,126,146,0.0,0.52,,,,,0,,,2,0.08,-0.01,,,,
2020-07-14,27.8,27,32,1,,137,126,146,0.0,0.52,7.4,128.0,6.9,41.8,1,1,,2,0.08,-0.04,,,,
2020-07-15,25.7,20,31,2,,137,126,146,0.0,0.52,78.3,555.0,70.8,254.0,2,1,,2,0.07,-0.05,,,,
2020-07-16,27.3,22,31,3,,137,126,146,0.0,0.52,98.3,562.0,86.4,256.9,3,1,,2,0.06,-0.08,,,,
2020-07-17,,,,0,,137,126,146,0.0,0.52,,,,,0,,,2,0.06,-0.1,,,,
2020-07-18,23.2,20,28,1,,137,126,146,0.0,0.52,14.2,173.0,10.6,61.6,1,1,,2,0.06,-0.07,,,,
2020-07-19,28.0,23,33,1,,137,126,146,0.0,0.52,93.5,438.0,79.1,273.3,1,1,,2,0.06,-0.08,,,,
2020-07-20,28.5,20,36,1,,137,126,146,0.0,0.52,114.5,,114.3,271.4,1,1,,2,0.07,-0.01,,,,
2020-07-21,28.8,24,38,1,,137,126,146,0.0,0.52,42.2,337.0,37.9,174.0,1,1,,2,0.09,0.07,,,,
2020-07-22,31.7,23,37,2,,137,126,146,0.0,0.52,18.8,185.0,4.4,67.8,1,1,,2,0.11,0.11,,,,
2020-07-23,28.0,27,32,1,,137,126,146,0.0,0.52,30.0,211.0,18.4,91.8,1,1,,2,0.11,0.12,,,,
2020-07-24,,,,0,,137,126,146,0.0,0.52,,,,,0,,,2,0.12,0.12,,,,
2020-07-25,,,,0,,137,126,146,0.0,0.52,,,,,0,,,2,0.12,0.11,,,,
2020-07-26,27.5,24,32,1,,137,126,146,0.0,0.52,114.4,538.0,85.0,305.2,1,1,,2,0.12,0.1,,,,
2020-07-27,,,,0,,137,126,146,0.0,0.52,,,,,0,,,2,0.11,0.06,,,,
2020-07-28,33.2,30,39,1,,137,126,146,0.0,0.52,58.1,365.0,42.2,141.8,1,1,,2,0.1,-0.0,,,,
2020-07-29,30.3,26,36,2,,137,126,146,0.0,0.52,121.5,715.0,103.6,317.2,2,1,,2,0.1,-0.01,,,,
2020-07-30,34.7,32,39,1,,137,126,146,0.0,0.52,57.7,352.0,44.8,137.5,1,1,,2,0.1,-0.01,,,,
2020-07-31,32.9,26,39,2,,137,126,146,0.0,0.52,64.0,474.0,55.8,172.4,2,1,,2,0.11,0.03,,,,
2020-08-01,30.8,19,33,2,,137,126,146,0.0,0.52,25.6,276.0,10.4,98.8,1,1,,2,0.13,0.1,,,,
2020-08-02,28.9,27,32,1,,137,126,146,0.0,0.52,49.4,190.0,45.6,140.8,1,1,,2,0.14,0.11,,,,
2020-08-03,,,,0,,137,126,146,0.0,0.52,,,,,0,,,2,0.15,0.14,,,,
2020-08-04,24.8,19,34,1,,137,126,146,0.0,0.52,53.6,333.0,37.7,177.4,1,1,,2,0.16,0.17,,,,
2020-08-05,27.9,25,31,1,,137,126,146,0.0,0.52,26.1,98.0,19.8,85.3,1,1,,2,0.16,0.12,,,,
2020-08-06,21.5,19,30,1,,137,126,146,0.0,0.52,14.6,123.0,10.7,46.8,1,1,,2,0.14,0.06,,,,
2020-08-07,,,,0,,137,126,146,0.0,0.52,,,,,0,,,2,0.12,-0.04,,,,
2020-08-08,29.3,24,35,1,,137,126,146,0.0,0.52,50.4,313.0,42.4,155.9,1,1,,2,0.09,-0.13,,,,
2020-08-09,27.8,22,33,1,,137,126,146,0.0,0.52,21.9,352.0,23.0,150.3,1,1,,2,0.08,-0.18,,,,
2020-08-10,28.0,21,38,1,,137,126,146,0.0,0.52,1.8,217.0,22.2,124.9,1,1,,2,0.06,-0.23,,,,
2020-08-11,31.8,28,39,2,,137,126,146,0.0,0.52,58.0,512.0,55.0,243.9,2,1,,2,0.04,-0.28,,,,
2020-08-12,31.6,27,35,1,,137,126,146,0.0,0.52,54.4,347.0,38.8,136.2,1,1,,2,0.03,-0.28,,,,
2020-08-13,28.5,27,32,2,,137,126,146,0.0,0.52,42.6,325.0,28.8,173.4,2,1,,2,0.02,-0.25,,,,
2020-08-14,24.8,18,32,1,,137,126,146,0.0,0.52,41.6,186.0,34.0,113.1,1,1,,2,0.03,-0.2,,,,
2020-08-15,,,,0,,137,126,146,0.0,0.52,,,,,0,,,2,0.02,-0.19,,,,
2020-08-16,24.3,23,27,1,,137,126,146,0.0,0.52,67.9,214.0,57.6,195.3,1,1,,2,0.02,-0.19,,,,
2020-08-17,28.4,26,31,1,,137,126,146,0.0,0.52,20.5,136.0,11.0,60.6,1,1,,2,0.02,-0.17,,,,
2020-08-18,27.0,19,34,2,,137,126,146,0.0,0.52,56.1,513.0,42.8,176.1,2,1,,2,0.02,-0.13,,,,
2020-08-19,27.5,21,37,2,,137,126,146,0.0,0.52,187.3,976.0,163.3,477.4,2,1,,2,0.03,-0.06,,,,
2020-08-20,,,,0,,137,126,146,0.0,0.52,,,,,0,,,2,0.04,-0.04,,,,
2020-08-21,29.4,22,37,2,,137,126,146,0.0,0.52,237.1,1198.0,193.8,655.3,2,1,,2,0.06,0.05,,,,
2020-08-22,29.8,25,34,1,,137,126,146,0.0,0.52,17.4,140.0,24.4,105.7,1,1,,2,0.09,0.14,,,,
2020-08-23,29.3,26,32,1,,137,126,146,0.0,0.52,24.4,191.0,16.9,72.5,1,1,,2,0.12,0.23,,,,
2020-08-24,28.8,26,33,1,,137,126,146,0.0,0.52,40.8,239.0,42.1,186.0,1,1,,2,0.15,0.28,,,,
2020-08-25,24.3,19,32,2,,137,126,146,0.0,0.52,202.5,1031.0,179.0,540.0,2,1,,2,0.19,0.37,,,,
2020-08-26,31.0,24,41,2,,137,126,146,0.0,0.52,12.7,52.0,18.7,25.5,1,1,,2,0.21,0.4,,,,
2020-08-27,32.8,30,34,1,,137,126,146,0.0,0.52,18.2,173.0,6.9,61.6,1,1,,2,0.25,0.44,,,,
2020-08-28,28.8,28,30,1,,137,126,146,0.0,0.52,0.0,68.0,6.3,46.3,1,1,,2,0.24,0.37,,,,
2020-08-29,25.3,23,29,1,,137,126,146,0.0,0.52,96.1,347.0,93.5,248.9,1,1,,2,0.25,0.34,,,,
2020-08-30,24.3,23,30,2,,137,126,146,0.0,0.52,,,,,0,,,2,0.25,0.3,,,,
2020-08-31,26.1,23,30,1,,137,126,146,0.0,0.52,48.8,315.0,35.2,155.3,1,1,,2,0.26,0.29,,,,
2020-09-01,27.2,22,33,3,,137,126,146,0.0,0.52,66.6,676.0,34.8,228.2,2,0,,2,0.25,0.22,,,,
2020-09-02,34.6,31,37,1,,137,126,146,0.0,0.52,0.0,60.0,7.3,46.9,1,1,,2,0.23,0.13,,,,
2020-09-03,23.9,17,28,1,,137,126,146,0.0,0.52,46.9,476.0,37.3,170.2,1,1,,2,0.22,0.06,,,,
2020-09-04,,,,0,,137,126,146,0.0,0.52,,,,,0,,,2,0.2,-0.0,,,,
2020-09-05,27.5,25,31,1,,137,126,146,0.0,0.52,26.3,258.0,22.6,92.5,1,1,,2,0.18,-0.08,,,,
2020-09-06,23.8,19,32,1,,137,126,146,0.0,0.52,77.0,814.0,67.9,329.7,1,1,,2,0.18,-0.06,,,,
2020-09-07,,,,0,,137,126,146,0.0,0.52,,,,,0,,,2,0.17,-0.09,,,,
2020-09-08,27.5,26,31,1,,137,126,146,0.0,0.52,10.5,199.0,5.9,62.2,1,1,,2,0.14,-0.16,,,,
2020-09-09,25.0,22,31,1,,137,126,146,0.0,0.52,45.9,168.0,47.0,103.5,1,1,,2,0.13,-0.19,,,,
2020-09-10,27.2,26,30,1,,137,126,146,0.0,0.52,16.0,141.0,18.3,52.3,1,1,,2,0.11,-0.23,,,,
2020-09-11,25.4,22,29,1,,137,126,146,0.0,0.52,27.0,352.0,14.4,116.0,1,1,,2,0.1,-0.22,,,,
2020-09-12,28.3,26,32,1,,137,126,146,0.0,0.52,28.2,138.0,29.1,104.5,1,1,,2,0.09,-0.23,,,,
2020-09-13,25.6,21,35,1,,137,126,146,0.0,0.52,80.6,364.0,79.2,214.4,1,1,,2,0.06,-0.3,,,,
2020-09-14,,,,0,,137,126,146,0.0,0.52,,,,,0,,,2,0.03,-0.36,,,,
2020-09-15,26.2,23,32,1,,137,126,146,0.0,0.52,31.2,205.0,31.1,95.1,1,1,,2,0.0,-0.4,,,,
2020-09-16,26.0,25,32,1,,137,126,146,0.0,0.52,12.3,177.0,3.0,58.0,1,1,,2,-0.02,-0.41,,,,
2020-09-17,,,,0,,137,126,146,0.0,0.52,,,,,0,,,2,-0.04,-0.44,,,,
2020-09-18,29.4,28,32,1,,137,126,146,0.0,0.52,10.2,197.0,3.1,59.8,1,1,,2,-0.06,-0.45,,,,
2020-09-19,26.7,24,30,1,,137,126,146,0.0,0.52,36.9,152.0,25.7,100.1,1,1,,2,-0.08,-0.46,,,,
2020-09-20,24.5,22,29,1,,137,126,146,0.0,0.52,62.6,208.0,55.7,147.8,1,1,,2,-0.11,-0.48,,,,
2020-09-21,,,,0,,137,126,146,0.0,0.52,,,,,0,,,2,-0.13,-0.49,,,,
2020-09-22,25.1,24,28,1,,137,126,146,0.0,0.52,9.4,117.0,5.9,39.4,1,1,,2,-0.14,-0.47,,,,
2020-09-23,22.0,19,29,1,,137,126,146,0.0,0.52,40.4,185.0,41.5,100.0,1,1,,2,-0.16,-0.46,,,,
2020-09-24,,,,0,,137,126,146,0.0,0.52,,,,,0,,,2,-0.17,-0.44,,,,
2020-09-25,18.5,16,25,1,,137,126,146,0.0,0.52,11.4,101.0,11.1,38.0,1,1,,2,-0.18,-0.43,,,,
2020-09-26,,,,0,,137,126,146,0.0,0.52,,,,,0,,,2,-0.2,-0.44,,,,
2020-09-27,22.2,17,30,5,,137,126,146,0.0,0.52,79.0,601.0,50.5,246.7,5,0,,2,-0.2,-0.4,,,,
2020-09-28,,,,0,,137,126,146,0.0,0.52,,,,,0,,,2,-0.21,-0.38,,,,
2020-09-29,22.5,20,29,1,,137,126,146,0.0,0.52,24.4,149.0,13.5,62.3,1,1,,2,-0.21,-0.34,,,,
2020-09-30,23.8,22,27,1,,137,126,146,0.0,0.52,18.3,123.0,19.5,50.1,1,1,,2,-0.21,-0.32,,,,
2020-10-01,,,,0,,137,126,146,0.0,0.52,,,,,0,,,2,-0.22,-0.29,,,,
2020-10-02,,,,0,,137,126,146,0.0,0.52,,,,,0,,,2,-0.22,-0.28,,,,
2020-10-03,23.4,18,29,1,,137,126,146,0.0,0.52,6.6,268.0,4.2,72.9,1,1,,2,-0.22,-0.24,,,,
2020-10-04,21.5,17,28,1,,137,126,146,0.0,0.52,38.0,299.0,21.0,124.9,1,1,,2,-0.23,-0.24,,,,
2020-10-05,,,,0,,137,126,146,0.0,0.52,,,,,0,,,2,-0.23,-0.23,,,,
2020-10-06,,,,0,,137,126,146,0.0,0.52,,,,,0,,,2,-0.23,-0.21,,,,
2020-10-07,,,,0,,137,126,146,0.0,0.52,,,,,0,,,2,-0.23,-0.19,,,,
2020-10-08,22.4,21,27,1,,137,126,146,0.0,0.52,21.1,140.0,27.1,58.1,1,1,,2,-0.23,-0.15,,,,
2020-10-09,,,,0,,137,126,146,0.0,0.52,,,,,0,,,2,-0.22,-0.1,,,,
2020-10-10,,,,0,,137,126,146,0.0,0.52,,,,,0,,,2,-0.22,-0.1,,,,
2020-10-11,17.5,15,27,1,,137,126,146,0.0,0.52,6.7,240.0,0.8,61.7,1,0,,2,-0.22,-0.11,,,,
2020-10-12,,,,0,,137,126,146,0.0,0.52,,,,,0,,,2,-0.22,-0.11,,,,
2020-10-13,20.1,18,26,1,,137,126,146,0.0,0.52,15.1,196.0,6.1,62.7,1,1,,2,-0.23,-0.13,,,,
2020-10-14,,,,0,,137,126,146,0.0,0.52,21.0,146.0,23.2,58.2,1,0,,2,-0.23,-0.11,,,,
2020-10-15,18.0,16,27,1,,137,126,146,0.0,0.52,10.4,192.0,3.2,55.8,1,1,,2,-0.22,-0.1,,,,
2020-10-16,,,,0,,137,126,146,0.0,0.52,,,,,0,,,2,-0.22,-0.08,,,,
2020-10-17,17.2,12,25,1,,137,126,146,0.0,0.52,76.6,410.0,60.0,202.4,1,1,,2,-0.2,-0.0,,,,
2020-10-18,20.4,18,25,1,,137,126,146,0.0,0.52,0.9,163.0,18.3,95.3,1,1,,2,-0.19,0.04,,,,
2020-10-19,,,,0,,137,126,146,0.0,0.52,,,,,0,,,2,-0.18,0.08,,,,
2020-10-20,19.6,18,25,1,,137,126,146,0.0,0.52,17.6,178.0,13.2,59.8,1,1,,2,-0.17,0.12,,,,
2020-10-21,,,,0,,137,126,146,0.0,0.52,,,,,0,,,2,-0.17,0.11,,,,
2020-10-22,20.0,15,26,1,,137,126,146,0.0,0.52,35.0,382.0,30.9,154.2,1,1,,2,-0.16,0.12,,,,
2020-10-23,,,,0,,137,126,146,0.0,0.52,,,,,0,,,2,-0.15,0.13,,,,
2020-10-24,20.0,19,26,1,,137,126,146,0.0,0.52,11.0,365.0,5.4,94.6,1,1,,2,-0.15,0.11,,,,
2020-10-25,19.7,16,25,1,,137,126,146,0.0,0.52,95.7,548.0,66.8,268.4,1,1,,2,-0.13,0.19,,,,
2020-10-26,,,,0,,137,126,146,0.0,0.52,,,,,0,,,2,-0.11,0.26,,,,
2020-10-27,,,,0,,137,126,146,0.0,0.52,,,,,0,,,2,-0.08,0.34,,,,
2020-10-28,19.6,18,24,1,,137,126,146,0.0,0.52,20.5,168.0,16.9,61.7,1,1,,2,-0.06,0.4,,,,
2020-10-29,,,,0,,137,126,146,0.0,0.52,,,,,0,,,2,-0.04,0.43,,,,
2020-10-30,,,,0,,137,126,146,0.0,0.52,,,,,0,,,2,-0.02,0.46,,,,
2020-10-31,19.2,15,26,1,,137,126,146,0.0,0.52,8.5,207.0,2.4,55.3,1,1,,2,-0.01,0.46,,,,
2020-11-01,16.9,13,24,1,,137,126,146,0.0,0.52,91.3,287.0,102.7,198.7,1,1,,2,-0.0,0.41,,,,
2020-11-02,20.8,19,28,1,,137,126,146,0.0,0.52,21.2,150.0,10.9,57.1,1,1,,2,0.0,0.38,,,,
2020-11-03,,,,0,,137,126,146,0.0,0.52,,,,,0,,,2,0.01,0.35,,,,
2020-11-04,22.3,21,26,1,,137,126,146,0.0,0.52,23.8,155.0,19.1,61.0,1,1,,2,0.01,0.33,,,,
2020-11-05,19.9,17,26,1,,137,126,146,0.0,0.52,29.3,248.0,21.3,98.4,1,1,,2,0.01,0.29,,,,
2020-11-06,23.0,22,26,1,,137,126,146,0.0,0.52,19.1,119.0,18.0,67.5,1,1,,2,0.02,0.27,,,,
2020-11-07,20.6,15,32,1,,137,126,146,0.0,0.52,85.1,456.0,63.4,245.2,1,1,,2,0.03,0.28,,,,
2020-11-08,19.4,17,25,1,,137,126,146,0.0,0.52,13.0,194.0,18.5,111.2,1,1,,2,0.03,0.26,,,,
2020-11-09,21.0,20,26,1,,137,126,146,0.0,0.52,23.7,148.0,21.1,58.4,1,1,,2,0.03,0.24,,,,
2020-11-10,,,,0,,137,126,146,0.0,0.52,,,,,0,,,2,0.03,0.2,,,,
2020-11-11,20.9,19,25,1,,137,126,146,0.0,0.52,14.1,212.0,9.6,59.9,1,0,,2,0.04,0.19,,,,
2020-11-12,,,,0,,137,126,146,0.0,0.52,,,,,0,,,2,0.04,0.18,,,,
2020-11-13,,,,0,,137,126,146,0.0,0.52,,,,,0,,,2,0.04,0.15,,,,
2020-11-14,17.6,15,26,1,,137,126,146,0.0,0.52,17.5,317.0,10.1,88.8,1,1,,2,0.03,0.1,,,,
2020-11-15,17.3,14,22,1,,137,126,146,0.0,0.52,49.3,223.0,41.3,142.1,1,1,,2,0.03,0.06,,,,
2020-11-16,,,,0,,137,126,146,0.0,0.52,,,,,0,,,2,0.02,0.03,,,,
2020-11-17,17.9,16,25,1,,137,126,146,0.0,0.52,21.4,113.0,24.2,49.5,1,1,,2,0.01,-0.0,,,,
2020-11-18,,,,0,,137,126,146,0.0,0.52,,,,,0,,,2,0.01,-0.04,,,,
2020-11-19,15.6,13,26,1,,137,126,146,0.0,0.52,18.9,172.0,12.2,56.2,1,1,,2,-0.0,-0.08,,,,
2020-11-20,,,,0,,137,126,146,0.0,0.52,,,,,0,,,2,-0.01,-0.11,,,,
2020-11-21,18.2,15,27,1,,137,126,146,0.0,0.52,8.7,242.0,30.2,138.7,1,1,,2,-0.03,-0.16,,,,
2020-11-22,16.8,12,25,2,,137,126,146,0.0,0.52,84.9,430.0,67.6,205.9,2,1,,2,-0.03,-0.16,,,,
2020-11-23,,,,0,,137,126,146,0.0,0.52,,,,,0,,,2,-0.05,-0.2,,,,
2020-11-24,20.0,18,25,1,,137,126,146,0.0,0.52,30.0,92.0,26.9,72.0,1,1,,2,-0.06,-0.23,,,,
2020-11-25,19.7,16,26,1,,137,126,146,0.0,0.52,23.4,202.0,8.9,66.4,1,1,,2,-0.07,-0.25,,,,
2020-11-26,,,,0,,137,126,146,0.0,0.52,,,,,0,,,2,-0.09,-0.28,,,,
2020-11-27,18.4,14,27,1,,137,126,146,0.0,0.52,9.7,84.0,6.7,27.1,1,1,,2,-0.1,-0.3,,,,
2020-11-28,,,,0,,137,126,146,0.0,0.52,,,,,0,,,2,-0.11,-0.34,,,,
2020-11-29,14.0,11,17,1,,137,126,146,0.0,0.52,65.1,642.0,12.8,213.8,1,0,,2,-0.12,-0.33,,,,
2020-11-30,,,,0,,137,126,146,0.0,0.52,,,,,0,,,2,-0.13,-0.31,,,,
2020-12-01,,,,0,,137,126,146,0.0,0.52,,,,,0,,,2,-0.12,-0.25,,,,
2020-12-02,17.3,14,26,1,,137,126,146,0.0,0.52,25.0,128.0,22.6,55.2,1,1,,2,-0.12,-0.21,,,,
2020-12-03,,,,0,,137,126,146,0.0,0.52,,,,,0,,,2,-0.11,-0.13,,,,
2020-12-04,,,,0,,137,126,146,0.0,0.52,,,,,0,,,2,-0.1,-0.07,,,,
2020-12-05,14.8,10,19,1,,137,126,146,0.0,0.52,1.3,105.0,11.6,73.1,1,1,,2,-0.08,0.01,,,,
2020-12-06,,,,0,,137,126,146,0.0,0.52,,,,,0,,,2,-0.09,-0.03,,,,
2020-12-07,17.0,9,25,1,,137,126,146,0.0,0.52,20.5,161.0,20.6,97.6,1,1,,2,-0.09,-0.04,,,,
2020-12-08,17.7,12,24,2,,137,126,146,0.0,0.52,45.0,497.0,57.2,275.6,2,0,,2,-0.1,-0.06,,,,
2020-12-09,18.4,15,26,1,,137,126,146,0.0,0.52,15.9,156.0,7.6,50.8,1,1,,2,-0.1,-0.07,,,,
2020-12-10,17.2,15,29,1,,137,126,146,0.0,0.52,25.2,224.0,22.1,79.1,1,1,,2,-0.11,-0.09,,,,
2020-12-11,21.0,18,27,1,,137,126,146,0.0,0.52,26.7,129.0,22.5,60.2,1,1,,2,-0.11,-0.08,,,,
2020-12-12,17.6,10,25,2,,137,126,146,0.0,0.52,102.5,438.0,89.5,254.7,2,1,,2,-0.1,-0.01,,,,
2020-12-13,20.8,17,29,1,,137,126,146,0.0,0.52,3.0,140.0,12.2,61.6,1,1,,2,-0.08,0.06,,,,
2020-12-14,21.1,18,26,1,,137,126,146,0.0,0.52,20.2,197.0,11.2,66.5,1,0,,2,-0.06,0.14,,,,
2020-12-15,18.8,16,27,2,,137,126,146,0.0,0.52,29.5,383.0,16.8,116.7,2,0,,2,-0.05,0.2,,,,
2020-12-16,20.5,17,26,1,,137,126,146,0.0,0.52,19.6,171.0,8.0,56.0,1,1,,2,-0.03,0.25,,,,
2020-12-17,16.8,15,23,1,,137,126,146,0.0,0.52,17.7,266.0,10.0,80.2,1,1,,2,-0.01,0.29,,,,
2020-12-18,15.6,12,27,1,,137,126,146,0.0,0.52,13.7,215.0,5.3,60.8,1,1,,2,0.0,0.33,,,,
2020-12-19,16.7,13,24,1,,137,126,146,0.0,0.52,25.3,177.0,27.2,106.4,1,1,,2,0.01,0.31,,,,
2020-12-20,16.7,14,26,1,,137,126,146,0.0,0.52,26.5,219.0,12.0,77.3,1,0,,2,0.02,0.33,,,,
2020-12-21,17.3,15,25,1,,137,126,146,0.0,0.52,26.4,157.0,28.3,65.9,1,1,,2,0.03,0.33,,,,
2020-12-22,16.4,14,27,1,,137,126,146,0.0,0.52,22.8,126.0,19.3,51.7,1,1,,2,0.03,0.28,,,,
2020-12-23,23.2,21,28,1,,137,126,146,0.0,0.52,0.0,23.0,3.0,20.2,1,0,,2,0.02,0.22,,,,
2020-12-24,18.0,14,27,2,,137,126,146,0.0,0.52,41.0,202.0,34.7,98.9,2,0,,2,0.02,0.15,,,,
2020-12-25,13.9,10,27,1,,137,126,146,0.0,0.52,21.9,226.0,9.1,71.9,1,1,,2,0.01,0.09,,,,
2020-12-26,15.3,11,25,2,,137,126,146,0.0,0.52,39.6,287.0,31.6,139.2,2,1,,2,-0.0,0.04,,,,
2020-12-27,13.9,9,26,1,,137,126,146,0.0,0.52,30.7,167.0,35.7,130.1,1,1,,2,-0.01,0.01,,,,
2020-12-28,20.6,15,24,1,,137,126,146,0.0,0.52,18.7,145.0,14.5,75.9,1,1,,2,-0.02,-0.03,,,,
2020-12-29,,,,0,,137,126,146,0.0,0.52,,,,,0,,,2,-0.02,-0.07,,,,
2020-12-30,16.2,14,20,1,,137,126,146,0.0,0.52,17.8,117.0,21.2,88.2,1,1,,2,-0.03,-0.09,,,,
2020-12-31,15.6,13,27,1,,137,126,146,0.0,0.52,8.2,164.0,2.4,44.8,1,1,,2,-0.04,-0.11,,,,
2021-01-01,,,,0,,137,126,146,0.0,0.52,,,,,0,,,2,-0.05,-0.17,,,,
2021-01-02,,,,0,,137,126,146,0.0,0.52,,,,,0,,,2,-0.07,-0.26,,,,
2021-01-03,,,,0,,137,126,146,0.0,0.52,,,,,0,,,2,-0.1,-0.36,,,,
2021-01-04,,,,0,,137,126,146,0.0,0.52,,,,,0,,,2,-0.13,-0.47,,,,
2021-01-05,,,,0,,137,126,146,0.0,0.52,,,,,0,,,2,-0.15,-0.55,,,,
2021-01-06,,,,0,,137,126,146,0.0,0.52,,,,,0,,,2,-0.18,-0.63,,,,
2021-01-07,,,,0,,137,126,146,0.0,0.52,,,,,0,,,2,-0.21,-0.71,,,,
2021-01-08,16.9,15,27,1,,137,126,146,0.0,0.52,20.7,159.0,13.0,57.5,1,1,,2,-0.23,-0.76,,,,
2021-01-09,12.6,8,18,1,,137,126,146,0.0,0.52,7.9,145.0,21.3,94.4,1,1,,2,-0.25,-0.76,,,,
2021-01-10,10.4,6,23,1,,137,126,146,0.0,0.52,10.5,367.0,49.7,237.0,1,1,,2,-0.26,-0.73,,,,
2021-01-11,16.8,11,24,1,,137,126,146,0.0,0.52,8.7,89.0,12.4,52.4,1,1,,2,-0.26,-0.68,,,,
2021-01-12,,,,0,,137,126,146,0.0,0.52,,,,,0,,,2,-0.26,-0.58,,,,
2021-01-13,,,,0,,137,126,146,0.0,0.52,,,,,0,,,2,-0.25,-0.45,,,,
2021-01-14,16.6,13,24,1,,137,126,146,0.0,0.52,18.5,183.0,7.0,58.8,1,0,,2,-0.23,-0.3,,,,
2021-01-15,13.8,8,22,1,,137,126,146,0.0,0.52,0.9,93.0,11.3,57.7,1,1,,2,-0.22,-0.19,,,,
2021-01-16,11.9,5,19,1,,137,126,146,0.0,0.52,4.1,266.0,33.1,206.5,1,0,,2,-0.2,-0.08,,,,
2021-01-17,,,,0,,137,126,146,0.0,0.52,,,,,0,,,2,-0.19,-0.02,,,,
2021-01-18,,,,0,,137,126,146,0.0,0.52,,,,,0,,,2,-0.18,0.03,,,,
2021-01-19,17.2,14,25,1,,137,126,146,0.0,0.52,20.0,160.0,17.6,59.3,1,1,,2,-0.18,0.06,,,,
2021-01-20,,,,0,,137,126,146,0.0,0.52,,,,,0,,,2,-0.17,0.08,,,,
2021-01-21,,,,0,,137,126,146,0.0,0.52,,,,,0,,,2,-0.16,0.11,,,,
2021-01-22,,,,0,,137,126,146,0.0,0.52,,,,,0,,,2,-0.15,0.18,,,,
2021-01-23,12.6,7,20,1,,137,126,146,0.0,0.52,5.0,181.0,23.2,118.8,1,1,,2,-0.13,0.24,,,,
2021-01-24,12.3,6,18,1,,137,126,146,0.0,0.52,0.2,218.0,27.4,158.1,1,1,,2,-0.11,0.31,,,,
2021-01-25,8.9,4,14,1,,137,126,146,0.0,0.52,0.0,62.0,8.0,43.1,1,1,,2,-0.1,0.38,,,,
2021-01-26,,,,0,,137,126,146,0.0,0.52,,,,,0,,,2,-0.08,0.45,,,,
2021-01-27,14.1,12,23,1,,137,126,146,0.0,0.52,18.7,157.0,8.4,54.7,1,1,,2,-0.06,0.48,,,,
2021-01-28,,,,0,,137,126,146,0.0,0.52,,,,,0,,,2,-0.05,0.49,,,,
2021-01-29,11.4,7,29,1,,137,126,146,0.0,0.52,22.1,150.0,16.4,54.9,1,1,,2,-0.04,0.47,,,,
2021-01-30,18.8,17,24,1,,137,126,146,0.0,0.52,31.1,398.0,16.6,119.5,1,1,,2,-0.03,0.49,,,,
2021-01-31,16.6,14,25,1,,137,126,146,0.0,0.52,31.2,132.0,28.6,100.3,1,1,,2,-0.02,0.5,,,,
2021-02-01,,,,0,,137,126,146,0.0,0.52,,,,,0,,,2,-0.0,0.51,,,,
2021-02-02,14.5,12,25,1,,137,126,146,0.0,0.52,15.9,230.0,13.5,68.5,1,1,,2,0.0,0.49,,,,
2021-02-03,,,,0,,137,126,146,0.0,0.52,,,,,0,,,2,0.01,0.48,,,,
2021-02-04,17.9,15,26,1,,137,126,146,0.0,0.52,21.6,186.0,13.5,62.0,1,1,,2,0.02,0.46,,,,
2021-02-05,16.8,13,27,1,,137,126,146,0.0,0.52,8.1,137.0,3.0,38.1,1,1,,2,0.03,0.45,,,,
2021-02-06,15.9,14,23,1,,137,126,146,0.0,0.52,61.3,241.0,55.8,152.4,1,1,,2,0.03,0.4,,,,
2021-02-07,,,,0,,137,126,146,0.0,0.52,,,,,0,,,2,0.03,0.34,,,,
2021-02-08,17.5,15,25,1,,137,126,146,0.0,0.52,20.5,214.0,7.3,68.3,1,1,,2,0.04,0.33,,,,
2021-02-09,,,,0,,137,126,146,0.0,0.52,,,,,0,,,2,0.04,0.28,,,,
2021-02-10,,,,0,,137,126,146,0.0,0.52,,,,,0,,,2,0.03,0.24,,,,
2021-02-11,18.7,15,29,1,,137,126,146,0.0,0.52,4.8,74.0,1.7,20.4,1,0,,2,0.04,0.22,,,,
2021-02-12,15.3,12,24,1,,137,126,146,0.0,0.52,18.9,128.0,20.7,49.2,1,1,,2,0.04,0.2,,,,
2021-02-13,11.8,8,22,2,,137,126,146,0.0,0.52,33.5,315.0,26.6,101.3,2,0,,2,0.04,0.18,,,,
2021-02-14,13.2,10,27,1,,137,126,146,0.0,0.52,70.6,438.0,57.5,182.0,1,1,,2,0.05,0.23,,,,
2021-02-15,,,,0,,137,126,146,0.0,0.52,,,,,0,,,2,0.06,0.22,,,,
2021-02-16,,,,0,,137,126,146,0.0,0.52,,,,,0,,,2,0.07,0.28,,,,
2021-02-17,17.7,16,27,1,,137,126,146,0.0,0.52,17.5,217.0,2.6,66.5,1,1,,2,0.09,0.31,,,,
2021-02-18,,,,0,,137,126,146,0.0,0.52,,,,,0,,,2,0.1,0.32,,,,
2021-02-19,18.4,16,27,1,,137,126,146,0.0,0.52,25.3,101.0,29.9,52.0,1,1,,2,0.11,0.34,,,,
2021-02-20,21.4,17,31,1,,137,126,146,0.0,0.52,42.4,163.0,50.0,90.3,1,1,,2,0.12,0.33,,,,
2021-02-21,15.5,11,26,1,,137,126,146,0.0,0.52,129.3,513.0,129.5,298.1,1,1,,2,0.12,0.32,,,,
2021-02-22,,,,0,,137,126,146,0.0,0.52,,,,,0,,,2,0.13,0.31,,,,
2021-02-23,23.5,20,28,1,,137,126,146,0.0,0.52,20.4,168.0,15.7,58.4,1,0,,2,0.14,0.29,,,,
2021-02-24,24.6,22,28,1,,137,126,146,0.0,0.52,35.5,218.0,28.0,91.0,1,1,,2,0.14,0.26,,,,
2021-02-25,23.4,18,29,2,,137,126,146,0.0,0.52,45.8,327.0,39.9,129.7,2,1,,2,0.14,0.24,,,,
2021-02-26,24.2,22,27,1,,137,126,146,0.0,0.52,13.0,136.0,10.6,45.2,1,1,,2,0.15,0.22,,,,
2021-02-27,22.6,20,27,1,,137,126,146,0.0,0.52,27.8,276.0,9.8,86.6,1,0,,2,0.15,0.23,,,,
2021-02-28,17.0,12,24,1,,137,126,146,0.0,0.52,106.3,445.0,105.6,272.0,1,1,,2,0.15,0.19,,,,
2021-03-01,20.0,17,28,1,,137,126,146,0.0,0.52,30.3,98.0,57.7,58.6,1,1,,2,0.16,0.17,,,,
2021-03-02,,,,0,,137,126,146,0.0,0.52,,,,,0,,,2,0.16,0.14,,,,
2021-03-03,,,,0,,137,126,146,0.0,0.52,,,,,0,,,2,0.16,0.12,,,,
2021-03-04,19.1,17,28,1,,137,126,146,0.0,0.52,5.2,205.0,6.2,48.7,1,0,,2,0.15,0.09,,,,
2021-03-05,,,,0,,137,126,146,0.0,0.52,,,,,0,,,2,0.15,0.07,,,,
2021-03-06,15.8,13,27,1,,137,126,146,0.0,0.52,24.6,219.0,10.7,72.7,1,1,,2,0.15,0.05,,,,
2021-03-07,14.0,7,23,1,,137,126,146,0.0,0.52,148.9,528.0,144.5,342.9,1,1,,2,0.15,0.02,,,,
2021-03-08,18.9,17,27,1,,137,126,146,0.0,0.52,30.2,99.0,54.1,59.0,1,1,,2,0.15,0.01,,,,
2021-03-09,,,,0,,137,126,146,0.0,0.52,,,,,0,,,2,0.16,0.03,,,,
2021-03-10,,,,0,,137,126,146,0.0,0.52,,,,,0,,,2,0.15,0.01,,,,
2021-03-11,15.0,13,27,1,,137,126,146,0.0,0.52,36.2,238.0,26.0,100.2,1,1,,2,0.15,0.01,,,,
2021-03-12,19.9,17,27,2,,137,126,146,0.0,0.52,18.0,100.0,17.8,39.5,2,1,,2,0.15,-0.02,,,,
2021-03-13,21.0,17,28,1,,137,126,146,0.0,0.52,24.0,299.0,14.7,87.9,1,1,,2,0.15,-0.03,,,,
2021-03-14,,,,0,,137,126,146,0.0,0.52,,,,,0,,,2,0.13,-0.12,,,,
2021-03-15,,,,0,,137,126,146,0.0,0.52,,,,,0,,,2,0.1,-0.23,,,,
2021-03-16,18.0,14,23,1,,137,126,146,0.0,0.52,36.6,136.0,38.9,79.9,1,1,,2,0.07,-0.33,,,,
2021-03-17,,,,0,,137,126,146,0.0,0.52,,,,,0,,,2,0.05,-0.41,,,,
2021-03-18,,,,0,,137,126,146,0.0,0.52,,,,,0,,,2,0.02,-0.51,,,,
2021-03-19,,,,0,,137,126,146,0.0,0.52,13.6,140.0,2.4,54.8,1,1,,2,-0.01,-0.57,,,,
2021-03-20,,,,0,,137,126,146,0.0,0.52,14.7,275.0,11.3,88.7,1,1,,2,-0.04,-0.63,,,,
2021-03-21,,,,0,,137,126,146,0.0,0.52,,,,,0,,,2,-0.06,-0.64,,,,
2021-03-22,,,,0,,137,126,146,0.0,0.52,,,,,0,,,2,-0.08,-0.66,,,,
2021-03-23,11.8,9,27,1,,137,126,146,0.0,0.52,16.7,185.0,7.2,55.1,1,0,,2,-0.1,-0.66,,,,
2021-03-24,,,,0,,137,126,146,0.0,0.52,,,,,0,,,2,-0.11,-0.62,,,,
2021-03-25,13.6,10,30,1,,137,126,146,0.0,0.52,23.8,76.0,23.1,51.2,1,1,,2,-0.11,-0.55,,,,
2021-03-26,18.7,14,27,1,,137,126,146,0.0,0.52,18.4,213.0,11.3,78.1,1,1,,2,-0.11,-0.49,,,,
2021-03-27,16.8,15,27,1,,137,126,146,0.0,0.52,20.5,174.0,6.1,71.6,1,1,,2,-0.12,-0.45,,,,
2021-03-28,18.1,14,26,1,,137,126,146,0.0,0.52,72.3,401.0,68.0,186.9,1,1,,2,-0.11,-0.34,,,,
2021-03-29,,,,0,,137,126,146,0.0,0.52,,,,,0,,,2,-0.1,-0.23,,,,
2021-03-30,26.8,25,30,1,,137,126,146,0.0,0.52,15.1,192.0,5.7,65.2,1,1,,2,-0.08,-0.14,,,,
2021-03-31,26.0,25,30,1,,137,126,146,0.0,0.52,25.3,131.0,22.3,60.0,1,1,,2,-0.08,-0.09,,,,
2021-04-01,,,,0,,137,126,146,0.0,0.52,,,,,0,,,2,-0.07,-0.05,,,,
2021-04-02,23.8,12,32,1,,137,126,146,0.0,0.52,131.8,851.0,91.9,417.0,1,1,,2,-0.05,0.09,,,,
2021-04-03,23.0,21,25,1,,137,126,146,0.0,0.52,21.0,150.0,18.4,58.5,1,1,,2,-0.02,0.2,,,,
2021-04-04,15.5,11,23,1,,137,126,146,0.0,0.52,113.4,310.0,131.8,240.1,1,1,,2,0.01,0.3,,,,
2021-04-05,,,,0,,137,126,146,0.0,0.52,,,,,0,,,2,0.04,0.39,,,,
2021-04-06,16.0,12,23,2,,137,126,146,0.0,0.52,50.4,348.0,35.2,137.9,2,1,,2,0.07,0.48,,,,
2021-04-07,15.7,13,26,1,,137,126,146,0.0,0.52,12.4,86.0,13.9,37.1,1,1,,2,0.1,0.55,,,,
2021-04-08,16.8,10,25,1,,137,126,146,0.0,0.52,59.1,472.0,38.2,197.7,1,1,,2,0.14,0.69,,,,
2021-04-09,,,,0,,137,126,146,0.0,0.52,,,,,0,,,2,0.15,0.62,,,,
2021-04-10,10.2,6,18,1,,137,126,146,0.0,0.52,78.6,535.0,59.2,251.2,1,1,,2,0.16,0.61,,,,
2021-04-11,18.0,16,25,1,,137,126,146,0.0,0.52,12.2,161.0,10.4,49.3,1,1,,2,0.17,0.55,,,,
2021-04-12,,,,0,,137,126,146,0.0,0.52,,,,,0,,,2,0.17,0.5,,,,
2021-04-13,20.0,17,29,1,,137,126,146,0.0,0.52,20.9,176.0,17.3,62.5,1,1,,2,0.17,0.42,,,,
2021-04-14,16.2,12,29,1,,137,126,146,0.0,0.52,41.3,305.0,33.7,128.6,1,1,,2,0.17,0.37,,,,
2021-04-15,20.4,18,28,1,,137,126,146,0.0,0.52,23.3,147.0,15.7,55.0,1,1,,2,0.16,0.26,,,,
2021-04-16,19.2,17,28,1,,137,126,146,0.0,0.52,30.8,97.0,30.5,67.9,1,1,,2,0.15,0.19,,,,
2021-04-17,16.3,10,24,1,,137,126,146,0.0,0.52,83.6,662.0,54.6,273.3,1,1,,2,0.14,0.13,,,,
2021-04-18,17.0,15,26,2,,137,126,146,0.0,0.52,21.9,171.0,20.6,57.6,2,1,,2,0.13,0.07,,,,
2021-04-19,,,,0,,137,126,146,0.0,0.52,,,,,0,,,2,0.12,0.02,,,,
2021-04-20,20.6,18,27,1,,137,126,146,0.0,0.52,33.1,221.0,36.3,92.7,1,1,,2,0.12,-0.02,,,,
2021-04-21,20.8,19,28,1,,137,126,146,0.0,0.52,21.6,140.0,14.6,55.0,1,1,,2,0.1,-0.07,,,,
2021-04-22,18.8,14,28,1,,137,126,146,0.0,0.52,46.1,364.0,30.3,147.5,1,1,,2,0.1,-0.07,,,,
2021-04-23,,,,0,,137,126,146,0.0,0.52,,,,,0,,,2,0.1,-0.09,,,,
2021-04-24,19.5,15,27,1,,137,126,146,0.0,0.52,73.4,468.0,53.9,239.4,1,1,,2,0.09,-0.13,,,,
2021-04-25,24.4,23,27,1,,137,126,146,0.0,0.52,23.4,267.0,13.8,79.0,1,1,,2,0.08,-0.14,,,,
2021-04-26,,,,0,,137,126,146,0.0,0.52,,,,,0,,,2,0.07,-0.15,,,,
2021-04-27,,,,0,,137,126,146,0.0,0.52,,,,,0,,,2,0.06,-0.19,,,,
2021-04-28,,,,0,,137,126,146,0.0,0.52,,,,,0,,,2,0.04,-0.24,,,,
2021-04-29,17.9,16,25,1,,137,126,146,0.0,0.52,10.2,163.0,10.2,44.7,1,1,,2,0.02,-0.31,,,,
2021-04-30,26.3,25,29,1,,137,126,146,0.0,0.52,14.3,172.0,2.3,49.6,1,1,,2,0.01,-0.3,,,,
2021-05-01,15.9,10,22,1,,137,126,146,0.0,0.52,81.9,597.0,75.2,298.7,1,1,,2,0.01,-0.29,,,,
2021-05-02,25.0,23,28,1,,137,126,146,0.0,0.52,17.7,100.0,19.3,37.5,1,0,,2,0.0,-0.27,,,,
2021-05-03,,,,0,,137,126,146,0.0,0.52,,,,,0,,,2,-0.0,-0.26,,,,
2021-05-04,24.7,23,28,1,,137,126,146,0.0,0.52,5.9,206.0,5.0,48.5,1,1,,2,0.0,-0.2,,,,
2021-05-05,20.5,17,35,1,,137,126,146,0.0,0.52,63.5,212.0,68.4,138.6,1,1,,2,0.01,-0.12,,,,
2021-05-06,24.9,23,28,1,,137,126,146,0.0,0.52,13.3,193.0,2.2,53.3,1,0,,2,0.02,-0.07,,,,
2021-05-07,,,,0,,137,126,146,0.0,0.52,,,,,0,,,2,0.03,-0.04,,,,
2021-05-08,20.7,16,28,3,,137,126,146,0.0,0.52,19.3,266.0,18.4,119.2,3,0,,2,0.02,-0.08,,,,
2021-05-09,26.0,24,31,1,,137,126,146,0.0,0.52,14.5,221.0,3.4,60.3,1,0,,2,0.01,-0.09,,,,
2021-05-10,26.5,23,30,1,,137,126,146,0.0,0.52,24.6,196.0,13.6,76.9,1,1,,2,0.01,-0.09,,,,
2021-05-11,,,,0,,137,126,146,0.0,0.52,,,,,0,,,2,0.01,-0.08,,,,
2021-05-12,27.3,25,30,1,,137,126,146,0.0,0.52,20.9,91.0,34.1,41.3,1,1,,2,-0.0,-0.1,,,,
2021-05-13,,,,0,,137,126,146,0.0,0.52,,,,,0,,,2,-0.01,-0.14,,,,
2021-05-14,,,,0,,137,126,146,0.0,0.52,,,,,0,,,2,-0.02,-0.15,,,,
2021-05-15,14.6,7,22,1,,137,126,146,0.0,0.52,86.2,717.0,80.9,312.4,1,1,,2,-0.01,-0.08,,,,
2021-05-16,,,,0,,137,126,146,0.0,0.52,,,,,0,,,2,-0.01,-0.06,,,,
2021-05-17,23.2,18,27,1,,137,126,146,0.0,0.52,55.7,314.0,48.8,150.0,1,1,,2,-0.0,-0.03,,,,
2021-05-18,26.8,25,28,1,,137,126,146,0.0,0.52,23.2,215.0,17.8,69.8,1,1,,2,0.0,-0.01,,,,
2021-05-19,21.8,19,25,1,,137,126,146,0.0,0.52,31.1,177.0,29.3,80.5,1,1,,2,0.01,0.02,,,,
2021-05-20,28.5,26,31,1,,137,126,146,0.0,0.52,10.5,136.0,5.0,38.2,1,1,,2,0.03,0.08,,,,
2021-05-21,,,,0,,137,126,146,0.0,0.52,,,,,0,,,2,0.03,0.1,,,,
2021-05-22,19.2,16,27,2,,137,126,146,0.0,0.52,59.6,533.0,33.5,199.1,2,1,,2,0.03,0.09,,,,
2021-05-23,25.3,21,30,1,,137,126,146,0.0,0.52,40.5,280.0,27.7,117.9,1,1,,2,0.04,0.13,,,,
2021-05-24,,,,0,,137,126,146,0.0,0.52,,,,,0,,,2,0.05,0.13,,,,
2021-05-25,27.9,25,32,1,,137,126,146,0.0,0.52,29.2,251.0,9.5,84.3,1,1,,2,0.05,0.13,,,,
2021-05-26,22.7,19,31,1,,137,126,146,0.0,0.52,75.3,345.0,79.2,176.2,1,1,,2,0.06,0.15,,,,
2021-05-27,19.4,17,27,2,,137,126,146,0.0,0.52,25.0,191.0,16.2,72.7,2,1,,2,0.08,0.18,,,,
2021-05-28,,,,0,,137,126,146,0.0,0.52,,,,,0,,,2,0.09,0.23,,,,
2021-05-29,19.4,12,29,1,,137,126,146,0.0,0.52,97.8,825.0,87.7,361.9,1,1,,2,0.12,0.3,,,,
2021-05-30,29.0,28,31,1,,137,126,146,0.0,0.52,24.7,111.0,37.5,49.6,1,1,,2,0.13,0.3,,,,
2021-05-31,23.5,21,29,1,,137,126,146,0.0,0.52,49.8,173.0,43.2,122.2,1,1,,2,0.14,0.31,,,,
2021-06-01,,,,0,,137,126,146,0.0,0.52,,,,,0,,,2,0.15,0.3,,,,
2021-06-02,20.9,15,30,1,,137,126,146,0.0,0.52,172.9,1053.0,117.5,489.7,1,1,,2,0.18,0.35,,,,
2021-06-03,30.7,30,32,1,,137,126,146,0.0,0.52,10.7,158.0,3.7,43.1,1,1,,2,0.2,0.39,,,,
2021-06-04,,,,0,,137,126,146,0.0,0.52,,,,,0,,,2,0.22,0.4,,,,
2021-06-05,,,,0,,137,126,146,0.0,0.52,,,,,0,,,2,0.21,0.31,,,,
2021-06-06,,,,0,,137,126,146,0.0,0.52,,,,,0,,,2,0.2,0.23,,,,
2021-06-07,29.0,26,32,1,,137,126,146,0.0,0.52,17.6,194.0,11.7,59.3,1,1,,2,0.19,0.14,,,,
2021-06-08,28.5,27,31,1,,137,126,146,0.0,0.52,14.7,229.0,6.1,62.1,1,0,,2,0.18,0.09,,,,
2021-06-09,21.4,18,28,1,,137,126,146,0.0,0.52,,,,,0,,,2,0.14,-0.1,,,,
2021-06-10,30.6,28,34,1,,137,126,146,0.0,0.52,11.7,207.0,7.1,56.8,1,1,,2,0.09,-0.26,,,,
2021-06-11,,,,0,,137,126,146,0.0,0.52,,,,,0,,,2,0.05,-0.4,,,,
2021-06-12,31.8,28,34,1,,137,126,146,0.0,0.52,0.0,38.0,4.2,25.7,1,1,,2,0.01,-0.49,,,,
2021-06-13,29.5,25,35,1,,137,126,146,0.0,0.52,33.9,413.0,18.8,143.1,1,0,,2,-0.01,-0.51,,,,
2021-06-14,27.7,26,31,1,,137,126,146,0.0,0.52,23.9,146.0,18.5,60.1,1,1,,2,-0.03,-0.53,,,,
2021-06-15,,,,0,,137,126,146,0.0,0.52,,,,,0,,,2,-0.06,-0.57,,,,
2021-06-16,,,,0,,137,126,146,0.0,0.52,,,,,0,,,2,-0.09,-0.6,,,,
2021-06-17,32.1,29,35,2,,137,126,146,0.0,0.52,26.3,400.0,12.5,120.0,2,0,,2,-0.11,-0.6,,,,
2021-06-18,,,,0,,137,126,146,0.0,0.52,,,,,0,,,2,-0.12,-0.58,,,,
2021-06-19,30.5,28,34,1,,137,126,146,0.0,0.52,16.2,287.0,9.1,77.6,1,1,,2,-0.12,-0.49,,,,
2021-06-20,25.2,22,29,2,,137,126,146,0.0,0.52,73.4,324.0,69.0,197.8,2,1,,2,-0.12,-0.42,,,,
2021-06-21,32.0,31,34,1,,137,126,146,0.0,0.52,19.8,152.0,12.5,50.9,1,1,,2,-0.12,-0.36,,,,
2021-06-22,28.7,24,34,1,,137,126,146,0.0,0.52,56.7,235.0,57.5,129.7,1,1,,2,-0.11,-0.27,,,,
2021-06-23,28.6,27,32,1,,137,126,146,0.0,0.52,9.3,146.0,4.9,40.1,1,1,,2,-0.09,-0.17,,,,
2021-06-24,26.5,25,32,1,,137,126,146,0.0,0.52,,,,,0,,,2,-0.09,-0.12,,,,
2021-06-25,21.5,19,30,1,,137,126,146,0.0,0.52,27.5,98.0,26.2,62.1,1,1,,2,-0.08,-0.09,,,,
2021-06-26,29.7,27,31,1,,137,126,146,0.0,0.52,38.4,226.0,39.0,98.7,1,1,,2,-0.08,-0.07,,,,
2021-06-27,27.8,23,33,5,,137,126,146,0.0,0.52,45.5,443.0,19.8,135.0,5,1,,2,-0.08,-0.05,,,,
2021-06-28,,,,0,,137,126,146,0.0,0.52,,,,,0,,,2,-0.08,-0.04,,,,
2021-06-29,28.5,27,33,1,,137,126,146,0.0,0.52,13.2,195.0,0.8,53.6,1,1,,2,-0.07,-0.02,,,,
2021-06-30,24.1,23,27,1,,137,126,146,0.0,0.52,11.4,165.0,3.3,47.2,1,1,,2,-0.06,0.03,,,,
2021-07-01,22.9,20,27,1,,137,126,146,0.0,0.52,24.0,161.0,15.6,61.3,1,1,,2,-0.05,0.09,,,,
2021-07-02,21.6,15,31,1,,137,126,146,0.0,0.52,106.1,665.0,70.1,292.4,1,1,,2,-0.02,0.2,,,,
2021-07-03,27.2,23,34,1,,137,126,146,0.0,0.52,15.9,75.0,12.2,54.4,1,1,,2,0.0,0.25,,,,
2021-07-04,15.2,10,22,1,,137,126,146,0.0,0.52,95.7,785.0,41.5,334.0,1,1,,2,0.03,0.31,,,,
2021-07-05,,,,0,,137,126,146,0.0,0.52,,,,,0,,,2,0.05,0.38,,,,
2021-07-06,29.7,28,30,1,,137,126,146,0.0,0.52,8.1,112.0,1.9,30.6,1,1,,2,0.08,0.42,,,,
2021-07-07,30.6,29,32,2,,137,126,146,0.0,0.52,11.7,178.0,4.4,48.3,2,1,,2,0.1,0.45,,,,
2021-07-08,27.3,26,33,1,,137,126,146,0.0,0.52,0.7,93.0,0.1,20.6,1,1,,2,0.12,0.48,,,,
2021-07-09,,,,0,,137,126,146,0.0,0.52,,,,,0,,,2,0.12,0.4,,,,
2021-07-10,30.0,28,34,1,,137,126,146,0.0,0.52,20.2,88.0,15.2,61.6,1,1,,2,0.11,0.33,,,,
2021-07-11,26.1,21,32,5,,137,126,146,0.0,0.52,77.1,585.0,25.2,243.8,3,0,,2,0.11,0.26,,,,
2021-07-12,,,,0,,137,126,146,0.0,0.52,,,,,0,,,2,0.1,0.2,,,,
2021-07-13,28.6,27,31,1,,137,126,146,0.0,0.52,27.6,95.0,26.5,63.2,1,1,,2,0.09,0.12,,,,
2021-07-14,25.0,24,31,1,,137,126,146,0.0,0.52,26.6,91.0,38.7,52.9,1,1,,2,0.07,0.03,,,,
2021-07-15,27.2,26,31,2,,137,126,146,0.0,0.52,30.8,206.0,22.6,81.2,2,0,,2,0.05,-0.04,,,,
2021-07-16,,,,0,,137,126,146,0.0,0.52,,,,,0,,,2,0.04,-0.08,,,,
2021-07-17,24.4,19,33,1,,137,126,146,0.0,0.52,131.6,658.0,117.8,345.7,1,1,,2,0.05,-0.02,,,,
2021-07-18,31.4,30,33,1,,137,126,146,0.0,0.52,16.1,173.0,8.4,51.9,1,1,,2,0.04,-0.07,,,,
2021-07-19,31.4,28,34,1,,137,126,146,0.0,0.52,21.3,118.0,20.2,46.9,1,1,,2,0.04,-0.07,,,,
2021-07-20,29.5,25,34,1,,137,126,146,0.0,0.52,46.4,213.0,39.3,122.3,1,1,,2,0.04,-0.05,,,,
2021-07-21,32.8,31,36,1,,137,126,146,0.0,0.52,16.9,185.0,8.5,59.9,1,1,,2,0.04,-0.03,,,,
2021-07-22,28.0,26,32,1,,137,126,146,0.0,0.52,18.6,98.0,17.1,55.0,1,1,,2,0.04,-0.02,,,,
2021-07-23,,,,0,,137,126,146,0.0,0.52,,,,,0,,,2,0.04,-0.04,,,,
2021-07-24,32.9,29,36,2,,137,126,146,0.0,0.52,110.4,368.0,105.2,256.6,1,1,,2,0.02,-0.1,,,,
2021-07-25,32.2,30,36,1,,137,126,146,0.0,0.52,69.3,246.0,75.2,149.3,1,1,,2,0.01,-0.12,,,,
2021-07-26,,,,0,,137,126,146,0.0,0.52,,,,,0,,,2,-0.01,-0.19,,,,
2021-07-27,28.0,26,31,1,,137,126,146,0.0,0.52,17.8,178.0,20.4,54.7,1,0,,2,-0.03,-0.24,,,,
2021-07-28,26.0,24,30,2,,137,126,146,0.0,0.52,35.5,209.0,31.0,84.7,2,1,,2,-0.05,-0.29,,,,
2021-07-29,,,,0,,137,126,146,0.0,0.52,,,,,0,,,2,-0.06,-0.3,,,,
2021-07-30,32.6,31,34,1,,137,126,146,0.0,0.52,9.0,166.0,4.2,42.2,1,0,,2,-0.06,-0.27,,,,
2021-07-31,24.0,18,34,1,,137,126,146,0.0,0.52,68.6,596.0,56.8,257.8,1,1,,2,-0.06,-0.24,,,,
2021-08-01,24.9,23,28,1,,137,126,146,0.0,0.52,24.4,97.0,41.6,47.8,1,1,,2,-0.03,-0.1,,,,
2021-08-02,21.7,20,24,2,,137,126,146,0.0,0.52,25.3,154.0,31.7,58.3,2,0,,2,0.0,0.04,,,,
2021-08-03,27.2,26,30,2,,137,126,146,0.0,0.52,33.9,290.0,23.3,97.2,2,1,,2,0.04,0.18,,,,
2021-08-04,24.6,23,29,1,,137,126,146,0.0,0.52,25.0,90.0,34.2,50.1,1,1,,2,0.07,0.28,,,,
2021-08-05,27.0,24,30,1,,137,126,146,0.0,0.52,10.5,93.0,11.8,48.6,1,1,,2,0.1,0.36,,,,
2021-08-06,23.6,18,30,1,,137,126,146,0.0,0.52,195.2,787.0,172.1,460.4,1,1,,2,0.15,0.48,,,,
2021-08-07,,,,0,,137,126,146,0.0,0.52,,,,,0,,,2,0.18,0.54,,,,
2021-08-08,26.1,23,33,1,,137,126,146,0.0,0.52,37.3,180.0,44.3,77.4,1,1,,2,0.18,0.45,,,,
2021-08-09,21.9,20,27,1,,137,126,146,0.0,0.52,39.1,197.0,34.2,93.8,2,1,,2,0.17,0.38,,,,
2021-08-10,23.7,21,28,1,,137,126,146,0.0,0.52,20.7,148.0,15.5,52.1,1,1,,2,0.16,0.29,,,,
2021-08-11,27.3,25,33,1,,137,126,146,0.0,0.52,,,,,0,,,2,0.16,0.22,,,,
2021-08-12,27.0,26,30,1,,137,126,146,0.0,0.52,,,,,0,,,2,0.15,0.18,,,,
2021-08-13,33.9,32,36,1,,137,126,146,0.0,0.52,22.7,248.0,15.5,74.3,1,1,,2,0.12,0.05,,,,
2021-08-14,,,,0,,137,126,146,0.0,0.52,,,,,0,,,2,0.09,-0.07,,,,
2021-08-15,,,,0,,137,126,146,0.0,0.52,,,,,0,,,2,0.06,-0.18,,,,
2021-08-16,,,,0,,137,126,146,0.0,0.52,,,,,0,,,2,0.02,-0.29,,,,
2021-08-17,26.7,24,32,2,,137,126,146,0.0,0.52,53.6,389.0,49.1,158.7,2,1,,2,-0.0,-0.36,,,,
2021-08-18,28.9,27,30,1,,137,126,146,0.0,0.52,8.6,205.0,4.8,51.0,1,0,,2,-0.02,-0.38,,,,
2021-08-19,23.8,21,29,2,,137,126,146,0.0,0.52,58.7,296.0,54.7,138.1,2,1,,2,-0.04,-0.4,,,,
2021-08-20,25.3,21,29,2,,137,126,146,0.0,0.52,29.3,211.0,18.5,130.8,2,1,,2,-0.06,-0.41,,,,
2021-08-21,30.9,30,32,1,,137,126,146,0.0,0.52,19.0,146.0,12.2,50.8,1,1,,2,-0.06,-0.36,,,,
2021-08-22,25.4,17,35,1,,137,126,146,0.0,0.52,132.8,781.0,96.7,348.5,1,1,,2,-0.03,-0.21,,,,
2021-08-23,31.0,29,33,1,,137,126,146,0.0,0.52,8.7,145.0,3.9,39.2,1,1,,2,0.01,-0.03,,,,
2021-08-24,,,,0,,137,126,146,0.0,0.52,,,,,0,,,2,0.04,0.07,,,,
2021-08-25,26.3,24,32,1,,137,126,146,0.0,0.52,24.7,215.0,12.0,72.0,1,1,,2,0.06,0.13,,,,
2021-08-26,21.1,18,27,1,,137,126,146,0.0,0.52,55.1,384.0,37.6,163.5,1,1,,2,0.09,0.24,,,,
2021-08-27,,,,0,,137,126,146,0.0,0.52,,,,,0,,,2,0.11,0.29,,,,
2021-08-28,22.5,20,29,1,,137,126,146,0.0,0.52,16.3,191.0,8.9,57.8,1,1,,2,0.14,0.32,,,,
2021-08-29,,,,0,,137,126,146,0.0,0.52,,,,,0,,,2,0.13,0.28,,,,
2021-08-30,27.5,26,30,1,,137,126,146,0.0,0.52,7.8,124.0,0.8,33.7,1,0,,2,0.13,0.23,,,,
2021-08-31,24.9,23,29,1,,137,126,146,0.0,0.52,10.3,81.0,8.1,29.1,1,1,,2,0.13,0.2,,,,
2021-09-01,28.0,26,31,1,,137,126,146,0.0,0.52,26.1,260.0,23.1,82.1,1,1,,2,0.14,0.19,,,,
2021-09-02,30.2,29,32,1,,137,126,146,0.0,0.52,23.1,169.0,15.8,60.8,1,1,,2,0.12,0.1,,,,
2021-09-03,,,,0,,137,126,146,0.0,0.52,,,,,0,,,2,0.11,0.07,,,,
2021-09-04,24.2,19,31,2,,137,126,146,0.0,0.52,69.1,512.0,62.5,220.2,2,1,,2,0.12,0.08,,,,
2021-09-05,27.8,26,29,1,,137,126,146,0.0,0.52,6.5,193.0,3.4,50.4,1,1,,2,0.12,0.09,,,,
2021-09-06,,,,0,,137,126,146,0.0,0.52,,,,,0,,,2,0.11,0.05,,,,
2021-09-07,27.5,26,31,1,,137,126,146,0.0,0.52,12.2,98.0,6.7,32.0,1,1,,2,0.12,0.06,,,,
2021-09-08,28.5,27,32,1,,137,126,146,0.0,0.52,9.7,182.0,9.5,49.1,1,1,,2,0.11,0.04,,,,
2021-09-09,27.3,26,30,1,,137,126,146,0.0,0.52,27.5,268.0,21.2,82.8,1,1,,2,0.11,0.04,,,,
2021-09-10,,,,0,,137,126,146,0.0,0.52,,,,,0,,,2,0.12,0.04,,,,
2021-09-11,25.7,25,28,1,,137,126,146,0.0,0.52,15.1,153.0,4.8,45.4,1,0,,2,0.11,0.01,,,,
2021-09-12,31.3,29,34,2,,137,126,146,0.0,0.52,38.1,457.0,3.9,135.9,2,0,,2,0.1,-0.02,,,,
2021-09-13,,,,0,,137,126,146,0.0,0.52,,,,,0,,,2,0.1,-0.04,,,,
2021-09-14,27.9,27,30,1,,137,126,146,0.0,0.52,12.6,123.0,9.5,40.2,1,1,,2,0.08,-0.09,,,,
2021-09-15,26.1,24,30,1,,137,126,146,0.0,0.52,24.2,87.0,31.4,49.0,1,1,,2,0.07,-0.11,,,,
2021-09-16,,,,0,,137,126,146,0.0,0.52,,,,,0,,,2,0.06,-0.15,,,,
2021-09-17,,,,0,,137,126,146,0.0,0.52,,,,,0,,,2,0.05,-0.16,,,,
2021-09-18,19.9,16,24,1,,137,126,146,0.0,0.52,50.4,522.0,53.5,207.6,1,1,,2,0.04,-0.15,,,,
2021-09-19,24.2,22,29,1,,137,126,146,0.0,0.52,16.7,220.0,4.3,60.7,1,1,,2,0.04,-0.15,,,,
2021-09-20,,,,0,,137,126,146,0.0,0.52,,,,,0,,,2,0.04,-0.12,,,,
2021-09-21,19.5,18,28,1,,137,126,146,0.0,0.52,21.4,183.0,17.4,58.3,1,1,,2,0.04,-0.09,,,,
2021-09-22,17.8,15,29,1,,137,126,146,0.0,0.52,20.1,178.0,8.6,55.0,1,0,,2,0.04,-0.09,,,,
2021-09-23,,,,0,,137,126,146,0.0,0.52,,,,,0,,,2,0.06,-0.03,,,,
2021-09-24,17.9,15,27,1,,137,126,146,0.0,0.52,16.5,206.0,7.8,56.6,1,0,,2,0.06,-0.01,,,,
2021-09-25,21.8,19,29,1,,137,126,146,0.0,0.52,67.6,477.0,50.3,211.6,1,1,,2,0.06,-0.02,,,,
2021-09-26,,,,0,,137,126,146,0.0,0.52,,,,,0,,,2,0.06,-0.02,,,,
2021-09-27,19.3,17,29,1,,137,126,146,0.0,0.52,18.7,132.0,10.8,44.2,1,1,,2,0.06,-0.02,,,,
2021-09-28,27.8,27,28,1,,137,126,146,0.0,0.52,0.1,54.0,3.4,24.4,1,1,,2,0.05,-0.04,,,,
2021-09-29,,,,0,,137,126,146,0.0,0.52,,,,,0,,,2,0.04,-0.06,,,,
2021-09-30,25.7,24,29,1,,137,126,146,0.0,0.52,17.4,97.0,16.7,41.1,1,1,,2,0.02,-0.13,,,,
2021-10-01,,,,0,,137,126,146,0.0,0.52,,,,,0,,,2,-0.0,-0.2,,,,
2021-10-02,,,,0,,137,126,146,0.0,0.52,,,,,0,,,2,-0.04,-0.29,,,,
2021-10-03,27.9,23,32,5,,137,126,146,0.0,0.52,105.5,580.0,68.1,279.6,5,0,,2,-0.06,-0.31,,,,
2021-10-04,,,,0,,137,126,146,0.0,0.52,,,,,0,,,2,-0.08,-0.34,,,,
2021-10-05,,,,0,,137,126,146,0.0,0.52,,,,,0,,,2,-0.1,-0.36,,,,
2021-10-06,,,,0,,137,126,146,0.0,0.52,,,,,0,,,2,-0.11,-0.38,,,,
2021-10-07,,,,0,,137,126,146,0.0,0.52,,,,,0,,,2,-0.13,-0.39,,,,
2021-10-08,18.7,16,27,1,,137,126,146,0.0,0.52,20.9,121.0,19.9,53.5,1,1,,2,-0.14,-0.38,,,,
2021-10-09,18.7,17,23,1,,137,126,146,0.0,0.52,9.7,149.0,3.2,38.0,1,0,,2,-0.15,-0.36,,,,
2021-10-10,17.1,14,23,1,,137,126,146,0.0,0.52,64.1,258.0,63.7,148.5,1,1,,2,-0.17,-0.4,,,,
2021-10-11,21.6,19,28,1,,137,126,146,0.0,0.52,27.5,150.0,31.8,66.5,1,1,,2,-0.19,-0.41,,,,
2021-10-12,19.2,16,25,1,,137,126,146,0.0,0.52,27.7,121.0,37.1,56.6,1,1,,2,-0.2,-0.42,,,,
2021-10-13,13.9,12,29,2,,137,126,146,0.0,0.52,26.0,167.0,16.5,69.8,2,1,,2,-0.21,-0.4,,,,
2021-10-14,17.6,14,27,1,,137,126,146,0.0,0.52,21.2,119.0,22.6,46.5,1,1,,2,-0.22,-0.39,,,,
2021-10-15,,,,0,,137,126,146,0.0,0.52,,,,,0,,,2,-0.23,-0.36,,,,
2021-10-16,,,,0,,137,126,146,0.0,0.52,,,,,0,,,2,-0.23,-0.34,,,,
2021-10-17,16.8,15,24,2,,137,126,146,0.0,0.52,11.5,259.0,10.5,65.5,2,1,,2,-0.24,-0.33,,,,
2021-10-18,,,,0,,137,126,146,0.0,0.52,,,,,0,,,2,-0.24,-0.33,,,,
2021-10-19,,,,0,,137,126,146,0.0,0.52,,,,,0,,,2,-0.25,-0.33,,,,
2021-10-20,,,,0,,137,126,146,0.0,0.52,,,,,0,,,2,-0.26,-0.32,,,,
2021-10-21,,,,0,,137,126,146,0.0,0.52,,,,,0,,,2,-0.26,-0.3,,,,
2021-10-22,,,,0,,137,126,146,0.0,0.52,,,,,0,,,2,-0.27,-0.31,,,,
2021-10-23,,,,0,,137,126,146,0.0,0.52,,,,,0,,,2,-0.25,-0.23,,,,
2021-10-24,,,,0,,137,126,146,0.0,0.52,,,,,0,,,0,,,,,,
2021-10-25,,,,0,,137,126,146,0.0,0.52,,,,,0,,,0,,,,,,
2021-10-26,,,,0,,137,126,146,0.0,0.52,,,,,0,,,0,,,,,,
2021-10-27,,,,0,,137,126,146,0.0,0.52,,,,,0,,,0,,,,,,
2021-10-28,,,,0,,137,126,146,0.0,0.52,,,,,0,,,0,,,,,,
2021-10-29,,,,0,,137,126,146,0.0,0.52,,,,,0,,,0,,,,,,
2021-10-30,,,,0,,137,126,146,0.0,0.52,,,,,0,,,0,,,,,,
2021-10-31,,,,0,,137,126,146,0.0,0.52,,,,,0,,,0,,,,,,
2021-11-01,,,,0,,137,126,146,0.0,0.52,,,,,0,,,0,,,,,,
2021-11-02,,,,0,,137,126,146,0.0,0.52,,,,,0,,,0,,,,,,
2021-11-03,,,,0,,137,126,146,0.0,0.52,,,,,0,,,0,,,,,,
2021-11-04,,,,0,,137,126,146,0.0,0.52,,,,,0,,,0,,,,,,
2021-11-05,,,,0,,137,126,146,0.0,0.52,,,,,0,,,0,,,,,,
2021-11-06,,,,0,,137,126,146,0.0,0.52,,,,,0,,,0,,,,,,
2021-11-07,,,,0,,137,126,146,0.0,0.52,,,,,0,,,0,,,,,,
2021-11-08,,,,0,,137,126,146,0.0,0.52,,,,,0,,,0,,,,,,
2021-11-09,,,,0,,137,126,146,0.0,0.52,,,,,0,,,0,,,,,,
2021-11-10,,,,0,,137,126,146,0.0,0.52,,,,,0,,,0,,,,,,
2021-11-11,,,,0,,137,126,146,0.0,0.52,,,,,0,,,0,,,,,,
2021-11-12,,,,0,,137,126,146,0.0,0.52,,,,,0,,,0,,,,,,
2021-11-13,,,,0,,137,126,146,0.0,0.52,,,,,0,,,0,,,,,,
2021-11-14,,,,0,,137,126,146,0.0,0.52,,,,,0,,,0,,,,,,
2021-11-15,,,,0,,137,126,146,0.0,0.52,,,,,0,,,0,,,,,,
2021-11-16,,,,0,,137,126,146,0.0,0.52,,,,,0,,,0,,,,,,
2021-11-17,,,,0,,137,126,146,0.0,0.52,,,,,0,,,0,,,,,,
2021-11-18,,,,0,,137,126,146,0.0,0.52,,,,,0,,,0,,,,,,
2021-11-19,,,,0,,137,126,146,0.0,0.52,,,,,0,,,0,,,,,,
2021-11-20,,,,0,,137,126,146,0.0,0.52,,,,,0,,,0,,,,,,
2021-11-21,,,,0,,137,126,146,0.0,0.52,,,,,0,,,0,,,,,,
2021-11-22,,,,0,,137,126,146,0.0,0.52,,,,,0,,,0,,,,,,
2021-11-23,,,,0,,137,126,146,0.0,0.52,,,,,0,,,0,,,,,,
2021-11-24,,,,0,,137,126,146,0.0,0.52,,,,,0,,,0,,,,,,
2021-11-25,,,,0,,137,126,146,0.0,0.52,,,,,0,,,0,,,,,,
2021-11-26,,,,0,,137,126,146,0.0,0.52,,,,,0,,,0,,,,,,
2021-11-27,,,,0,,137,126,146,0.0,0.52,,,,,0,,,0,,,,,,
2021-11-28,,,,0,,137,126,146,0.0,0.52,,,,,0,,,0,,,,,,
2021-11-29,,,,0,,137,126,146,0.0,0.52,,,,,0,,,0,,,,,,
2021-11-30,,,,0,,137,126,146,0.0,0.52,,,,,0,,,0,,,,,,
2021-12-01,,,,0,,137,126,146,0.0,0.52,,,,,0,,,0,,,,,,
2021-12-02,,,,0,,137,126,146,0.0,0.52,,,,,0,,,0,,,,,,
2021-12-03,,,,0,,137,126,146,0.0,0.52,,,,,0,,,0,,,,,,
2021-12-04,,,,0,,137,126,146,0.0,0.52,,,,,0,,,0,,,,,,
2021-12-05,,,,0,,137,126,146,0.0,0.52,,,,,0,,,0,,,,,,
2021-12-06,,,,0,,137,126,146,0.0,0.52,,,,,0,,,0,,,,,,
2021-12-07,,,,0,,137,126,146,0.0,0.52,,,,,0,,,0,,,,,,
2021-12-08,,,,0,,137,126,146,0.0,0.52,,,,,0,,,0,,,,,,
2021-12-09,,,,0,,137,126,146,0.0,0.52,,,,,0,,,0,,,,,,
2021-12-10,,,,0,,137,126,146,0.0,0.52,,,,,0,,,0,,,,,,
2021-12-11,,,,0,,137,126,146,0.0,0.52,,,,,0,,,0,,,,,,
2021-12-12,,,,0,,137,126,146,0.0,0.52,,,,,0,,,0,,,,,,
2021-12-13,,,,0,,137,126,146,0.0,0.52,,,,,0,,,0,,,,,,
2021-12-14,,,,0,,137,126,146,0.0,0.52,,,,,0,,,0,,,,,,
2021-12-15,,,,0,,137,126,146,0.0,0.52,,,,,0,,,0,,,,,,
2021-12-16,,,,0,,137,126,146,0.0,0.52,,,,,0,,,0,,,,,,
2021-12-17,,,,0,,137,126,146,0.0,0.52,,,,,0,,,0,,,,,,
2021-12-18,,,,0,,137,126,146,0.0,0.52,,,,,0,,,0,,,,,,
2021-12-19,,,,0,,137,126,146,0.0,0.52,,,,,0,,,0,,,,,,
2021-12-20,,,,0,,137,126,146,0.0,0.52,,,,,0,,,0,,,,,,
2021-12-21,,,,0,,137,126,146,0.0,0.52,,,,,0,,,0,,,,,,
2021-12-22,,,,0,,137,126,146,0.0,0.52,,,,,0,,,0,,,,,,
2021-12-23,,,,0,,137,126,146,0.0,0.52,,,,,0,,,0,,,,,,
2021-12-24,,,,0,,137,126,146,0.0,0.52,,,,,0,,,0,,,,,,
2021-12-25,,,,0,,137,126,146,0.0,0.52,,,,,0,,,0,,,,,,
2021-12-26,,,,0,,137,126,146,0.0,0.52,,,,,0,,,0,,,,,,
2021-12-27,,,,0,,137,126,146,0.0,0.52,,,,,0,,,0,,,,,,
2021-12-28,,,,0,,137,126,146,0.0,0.52,,,,,0,,,0,,,,,,
2021-12-29,,,,0,,137,126,146,0.0,0.52,,,,,0,,,0,,,,,,
2021-12-30,,,,0,,137,126,146,0.0,0.52,,,,,0,,,0,,,,,,
2021-12-31,,,,0,,137,126,146,0.0,0.52,,,,,0,,,0,,,,,,
2022-01-01,,,,0,,137,126,146,0.0,0.52,,,,,0,,,0,,,,,,
2022-01-02,,,,0,,137,126,146,0.0,0.52,,,,,0,,,0,,,,,,
2022-01-03,,,,0,,137,126,146,0.0,0.52,,,,,0,,,0,,,,,,
2022-01-04,,,,0,,137,126,146,0.0,0.52,,,,,0,,,0,,,,,,
2022-01-05,,,,0,,137,126,146,0.0,0.52,,,,,0,,,0,,,,,,
2022-01-06,,,,0,,137,126,146,0.0,0.52,,,,,0,,,0,,,,,,
2022-01-07,,,,0,,137,126,146,0.0,0.52,,,,,0,,,0,,,,,,
2022-01-08,,,,0,,137,126,146,0.0,0.52,,,,,0,,,0,,,,,,
2022-01-09,,,,0,,137,126,146,0.0,0.52,,,,,0,,,0,,,,,,
2022-01-10,,,,0,,137,126,146,0.0,0.52,,,,,0,,,0,,,,,,
2022-01-11,,,,0,,137,126,146,0.0,0.52,,,,,0,,,0,,,,,,
2022-01-12,,,,0,,137,126,146,0.0,0.52,,,,,0,,,0,,,,,,
2022-01-13,,,,0,,137,126,146,0.0,0.52,,,,,0,,,0,,,,,,
2022-01-14,,,,0,,137,126,146,0.0,0.52,,,,,0,,,0,,,,,,
2022-01-15,,,,0,,137,126,146,0.0,0.52,,,,,0,,,0,,,,,,
2022-01-16,,,,0,,137,126,146,0.0,0.52,,,,,0,,,0,,,,,,
2022-01-17,,,,0,,137,126,146,0.0,0.52,,,,,0,,,0,,,,,,
2022-01-18,,,,0,,137,126,146,0.0,0.52,,,,,0,,,0,,,,,,
2022-01-19,,,,0,,137,126,146,0.0,0.52,,,,,0,,,0,,,,,,
2022-01-20,,,,0,,137,126,146,0.0,0.52,,,,,0,,,0,,,,,,
2022-01-21,,,,0,,137,126,146,0.0,0.52,,,,,0,,,0,,,,,,
2022-01-22,,,,0,,137,126,146,0.0,0.52,,,,,0,,,0,,,,,,
2022-01-23,,,,0,,137,126,146,0.0,0.52,,,,,0,,,0,,,,,,
2022-01-24,,,,0,,137,126,146,0.0,0.52,,,,,0,,,0,,,,,,
2022-01-25,,,,0,,137,126,146,0.0,0.52,,,,,0,,,0,,,,,,
2022-01-26,,,,0,,137,126,146,0.0,0.52,,,,,0,,,0,,,,,,
2022-01-27,,,,0,,137,126,146,0.0,0.52,,,,,0,,,0,,,,,,
2022-01-28,,,,0,,137,126,146,0.0,0.52,,,,,0,,,0,,,,,,
2022-01-29,,,,0,,137,126,146,0.0,0.52,,,,,0,,,0,,,,,,
2022-01-30,,,,0,,137,126,146,0.0,0.52,,,,,0,,,0,,,,,,
2022-01-31,,,,0,,137,126,146,0.0,0.52,,,,,0,,,0,,,,,,
2022-02-01,,,,0,,137,126,146,0.0,0.52,,,,,0,,,0,,,,,,
2022-02-02,,,,0,,137,126,146,0.0,0.52,,,,,0,,,0,,,,,,
2022-02-03,,,,0,,137,126,146,0.0,0.52,,,,,0,,,0,,,,,,
2022-02-04,,,,0,,137,126,146,0.0,0.52,,,,,0,,,0,,,,,,
2022-02-05,,,,0,,137,126,146,0.0,0.52,,,,,0,,,0,,,,,,
2022-02-06,,,,0,,137,126,146,0.0,0.52,,,,,0,,,0,,,,,,
2022-02-07,,,,0,,137,126,146,0.0,0.52,,,,,0,,,0,,,,,,
2022-02-08,,,,0,,137,126,146,0.0,0.52,,,,,0,,,0,,,,,,
2022-02-09,,,,0,,137,126,146,0.0,0.52,,,,,0,,,0,,,,,,
2022-02-10,,,,0,,137,126,146,0.0,0.52,,,,,0,,,0,,,,,,
2022-02-11,,,,0,,137,126,146,0.0,0.52,,,,,0,,,0,,,,,,
2022-02-12,,,,0,,137,126,146,0.0,0.52,,,,,0,,,0,,,,,,
2022-02-13,,,,0,,137,126,146,0.0,0.52,,,,,0,,,0,,,,,,
2022-02-14,,,,0,,137,126,146,0.0,0.52,,,,,0,,,0,,,,,,
2022-02-15,,,,0,,137,126,146,0.0,0.52,,,,,0,,,0,,,,,,
2022-02-16,,,,0,,137,126,146,0.0,0.52,,,,,0,,,0,,,,,,
2022-02-17,,,,0,,137,126,146,0.0,0.52,,,,,0,,,0,,,,,,
2022-02-18,,,,0,,137,126,146,0.0,0.52,,,,,0,,,0,,,,,,
2022-02-19,,,,0,,137,126,146,0.0,0.52,,,,,0,,,0,,,,,,
2022-02-20,,,,0,,137,126,146,0.0,0.52,,,,,0,,,0,,,,,,
2022-02-21,,,,0,,137,126,146,0.0,0.52,,,,,0,,,0,,,,,,
2022-02-22,,,,0,,137,126,146,0.0,0.52,,,,,0,,,0,,,,,,
2022-02-23,,,,0,,137,126,146,0.0,0.52,,,,,0,,,0,,,,,,
2022-02-24,,,,0,,137,126,146,0.0,0.52,,,,,0,,,0,,,,,,
2022-02-25,,,,0,,137,126,146,0.0,0.52,,,,,0,,,0,,,,,,
2022-02-26,,,,0,,137,126,146,0.0,0.52,,,,,0,,,0,,,,,,
2022-02-27,,,,0,,137,126,146,0.0,0.52,,,,,0,,,0,,,,,,
2022-02-28,,,,0,,137,126,146,0.0,0.52,,,,,0,,,0,,,,,,
2022-03-01,,,,0,,137,126,146,0.0,0.52,,,,,0,,,0,,,,,,
2022-03-02,,,,0,,137,126,146,0.0,0.52,,,,,0,,,0,,,,,,
2022-03-03,,,,0,,137,126,146,0.0,0.52,,,,,0,,,0,,,,,,
2022-03-04,,,,0,,137,126,146,0.0,0.52,,,,,0,,,0,,,,,,
2022-03-05,,,,0,,137,126,146,0.0,0.52,,,,,0,,,0,,,,,,
2022-03-06,,,,0,,137,126,146,0.0,0.52,,,,,0,,,0,,,,,,
2022-03-07,,,,0,,137,126,146,0.0,0.52,,,,,0,,,0,,,,,,
2022-03-08,,,,0,,137,126,146,0.0,0.52,,,,,0,,,0,,,,,,
2022-03-09,,,,0,,137,126,146,0.0,0.52,,,,,0,,,0,,,,,,
2022-03-10,,,,0,,137,126,146,0.0,0.52,,,,,0,,,0,,,,,,
2022-03-11,,,,0,,137,126,146,0.0,0.52,,,,,0,,,0,,,,,,
2022-03-12,,,,0,,137,126,146,0.0,0.52,,,,,0,,,0,,,,,,
2022-03-13,,,,0,,137,126,146,0.0,0.52,,,,,0,,,0,,,,,,
2022-03-14,,,,0,,137,126,146,0.0,0.52,,,,,0,,,0,,,,,,
2022-03-15,,,,0,,137,126,146,0.0,0.52,,,,,0,,,0,,,,,,
2022-03-16,,,,0,,137,126,146,0.0,0.52,,,,,0,,,0,,,,,,
2022-03-17,,,,0,,137,126,146,0.0,0.52,,,,,0,,,0,,,,,,
2022-03-18,,,,0,,137,126,146,0.0,0.52,,,,,0,,,0,,,,,,
2022-03-19,,,,0,,137,126,146,0.0,0.52,,,,,0,,,0,,,,,,
2022-03-20,,,,0,,137,126,146,0.0,0.52,,,,,0,,,0,,,,,,
2022-03-21,,,,0,,137,126,146,0.0,0.52,,,,,0,,,0,,,,,,
2022-03-22,,,,0,,137,126,146,0.0,0.52,,,,,0,,,0,,,,,,
2022-03-23,,,,0,,137,126,146,0.0,0.52,,,,,0,,,0,,,,,,
2022-03-24,,,,0,,137,126,146,0.0,0.52,,,,,0,,,0,,,,,,
2022-03-25,,,,0,,137,126,146,0.0,0.52,,,,,0,,,0,,,,,,
2022-03-26,,,,0,,137,126,146,0.0,0.52,,,,,0,,,0,,,,,,
2022-03-27,,,,0,,137,126,146,0.0,0.52,,,,,0,,,0,,,,,,
2022-03-28,,,,0,,137,126,146,0.0,0.52,,,,,0,,,0,,,,,,
2022-03-29,,,,0,,137,126,146,0.0,0.52,,,,,0,,,0,,,,,,
2022-03-30,,,,0,,137,126,146,0.0,0.52,,,,,0,,,0,,,,,,
2022-03-31,,,,0,,137,126,146,0.0,0.52,,,,,0,,,0,,,,,,
2022-04-01,,,,0,,137,126,146,0.0,0.52,,,,,0,,,0,,,,,,
2022-04-02,,,,0,,137,126,146,0.0,0.52,,,,,0,,,0,,,,,,
2022-04-03,,,,0,,137,126,146,0.0,0.52,,,,,0,,,0,,,,,,
2022-04-04,,,,0,,137,126,146,0.0,0.52,,,,,0,,,0,,,,,,
2022-04-05,,,,0,,137,126,146,0.0,0.52,,,,,0,,,0,,,,,,
2022-04-06,,,,0,,137,126,146,0.0,0.52,,,,,0,,,0,,,,,,
2022-04-07,,,,0,,137,126,146,0.0,0.52,,,,,0,,,0,,,,,,
2022-04-08,,,,0,,137,126,146,0.0,0.52,,,,,0,,,0,,,,,,
2022-04-09,,,,0,,137,126,146,0.0,0.52,,,,,0,,,0,,,,,,
2022-04-10,,,,0,,137,126,146,0.0,0.52,,,,,0,,,0,,,,,,
2022-04-11,,,,0,,137,126,146,0.0,0.52,,,,,0,,,0,,,,,,
2022-04-12,,,,0,,137,126,146,0.0,0.52,,,,,0,,,0,,,,,,
2022-04-13,,,,0,,137,126,146,0.0,0.52,,,,,0,,,0,,,,,,
2022-04-14,,,,0,,137,126,146,0.0,0.52,,,,,0,,,0,,,,,,
2022-04-15,,,,0,,137,126,146,0.0,0.52,,,,,0,,,0,,,,,,
2022-04-16,,,,0,,137,126,146,0.0,0.52,,,,,0,,,0,,,,,,
2022-04-17,,,,0,,137,126,146,0.0,0.52,,,,,0,,,0,,,,,,
2022-04-18,,,,0,,137,126,146,0.0,0.52,,,,,0,,,0,,,,,,
2022-04-19,,,,0,,137,126,146,0.0,0.52,,,,,0,,,0,,,,,,
2022-04-20,,,,0,,137,126,146,0.0,0.52,,,,,0,,,0,,,,,,
2022-04-21,,,,0,,137,126,146,0.0,0.52,,,,,0,,,0,,,,,,
2022-04-22,,,,0,,137,126,146,0.0,0.52,,,,,0,,,0,,,,,,
2022-04-23,,,,0,,137,126,146,0.0,0.52,,,,,0,,,0,,,,,,
2022-04-24,,,,0,,137,126,146,0.0,0.52,,,,,0,,,0,,,,,,
2022-04-25,,,,0,,137,126,146,0.0,0.52,,,,,0,,,0,,,,,,
2022-04-26,,,,0,,137,126,146,0.0,0.52,,,,,0,,,0,,,,,,
2022-04-27,,,,0,,137,126,146,0.0,0.52,,,,,0,,,0,,,,,,
2022-04-28,,,,0,,137,126,146,0.0,0.52,,,,,0,,,0,,,,,,
2022-04-29,,,,0,,137,126,146,0.0,0.52,,,,,0,,,0,,,,,,
2022-04-30,,,,0,,137,126,146,0.0,0.52,,,,,0,,,0,,,,,,
2022-05-01,,,,0,,137,126,146,0.0,0.52,,,,,0,,,0,,,,,,
2022-05-02,,,,0,,137,126,146,0.0,0.52,,,,,0,,,0,,,,,,
2022-05-03,,,,0,,137,126,146,0.0,0.52,,,,,0,,,0,,,,,,
2022-05-04,,,,0,,137,126,146,0.0,0.52,,,,,0,,,0,,,,,,
2022-05-05,,,,0,,137,126,146,0.0,0.52,,,,,0,,,0,,,,,,
2022-05-06,,,,0,,137,126,146,0.0,0.52,,,,,0,,,0,,,,,,
2022-05-07,,,,0,,137,126,146,0.0,0.52,,,,,0,,,0,,,,,,
2022-05-08,,,,0,,137,126,146,0.0,0.52,,,,,0,,,0,,,,,,
2022-05-09,,,,0,,137,126,146,0.0,0.52,,,,,0,,,0,,,,,,
2022-05-10,,,,0,,137,126,146,0.0,0.52,,,,,0,,,0,,,,,,
2022-05-11,,,,0,,137,126,146,0.0,0.52,,,,,0,,,0,,,,,,
2022-05-12,,,,0,,137,126,146,0.0,0.52,,,,,0,,,0,,,,,,
2022-05-13,,,,0,,137,126,146,0.0,0.52,,,,,0,,,0,,,,,,
2022-05-14,,,,0,,137,126,146,0.0,0.52,,,,,0,,,0,,,,,,
2022-05-15,,,,0,,137,126,146,0.0,0.52,,,,,0,,,0,,,,,,
2022-05-16,,,,0,,137,126,146,0.0,0.52,,,,,0,,,0,,,,,,
2022-05-17,,,,0,,137,126,146,0.0,0.52,,,,,0,,,0,,,,,,
2022-05-18,,,,0,,137,126,146,0.0,0.52,,,,,0,,,0,,,,,,
2022-05-19,,,,0,,137,126,146,0.0,0.52,,,,,0,,,0,,,,,,
2022-05-20,,,,0,,137,126,146,0.0,0.52,,,,,0,,,0,,,,,,
2022-05-21,,,,0,,137,126,146,0.0,0.52,,,,,0,,,0,,,,,,
2022-05-22,,,,0,,137,126,146,0.0,0.52,,,,,0,,,0,,,,,,
2022-05-23,,,,0,,137,126,146,0.0,0.52,,,,,0,,,0,,,,,,
2022-05-24,,,,0,,137,126,146,0.0,0.52,,,,,0,,,0,,,,,,
2022-05-25,,,,0,,137,126,146,0.0,0.52,,,,,0,,,0,,,,,,
2022-05-26,,,,0,,137,126,146,0.0,0.52,,,,,0,,,0,,,,,,
2022-05-27,,,,0,,137,126,146,0.0,0.52,,,,,0,,,0,,,,,,
2022-05-28,,,,0,,137,126,146,0.0,0.52,,,,,0,,,0,,,,,,
2022-05-29,,,,0,,137,126,146,0.0,0.52,,,,,0,,,0,,,,,,
2022-05-30,,,,0,,137,126,146,0.0,0.52,,,,,0,,,0,,,,,,
2022-05-31,,,,0,,137,126,146,0.0,0.52,,,,,0,,,0,,,,,,
2022-06-01,,,,0,,137,126,146,0.0,0.52,,,,,0,,,0,,,,,,
2022-06-02,,,,0,,137,126,146,0.0,0.52,,,,,0,,,0,,,,,,
2022-06-03,,,,0,,137,126,146,0.0,0.52,,,,,0,,,0,,,,,,
2022-06-04,,,,0,,137,126,146,0.0,0.52,,,,,0,,,0,,,,,,
2022-06-05,,,,0,,137,126,146,0.0,0.52,,,,,0,,,0,,,,,,
2022-06-06,,,,0,,137,126,146,0.0,0.52,,,,,0,,,0,,,,,,
2022-06-07,,,,0,,137,126,146,0.0,0.52,,,,,0,,,0,,,,,,
2022-06-08,,,,0,,137,126,146,0.0,0.52,,,,,0,,,0,,,,,,
2022-06-09,,,,0,,137,126,146,0.0,0.52,,,,,0,,,0,,,,,,
2022-06-10,,,,0,,137,126,146,0.0,0.52,,,,,0,,,0,,,,,,
2022-06-11,,,,0,,137,126,146,0.0,0.52,,,,,0,,,0,,,,,,
2022-06-12,,,,0,,137,126,146,0.0,0.52,,,,,0,,,0,,,,,,
2022-06-13,,,,0,,137,126,146,0.0,0.52,,,,,0,,,0,,,,,,
2022-06-14,,,,0,,137,126,146,0.0,0.52,,,,,0,,,0,,,,,,
2022-06-15,,,,0,,137,126,146,0.0,0.52,,,,,0,,,0,,,,,,
2022-06-16,,,,0,,137,126,146,0.0,0.52,,,,,0,,,0,,,,,,
2022-06-17,,,,0,,137,126,146,0.0,0.52,,,,,0,,,0,,,,,,
2022-06-18,,,,0,,137,126,146,0.0,0.52,,,,,0,,,0,,,,,,
2022-06-19,,,,0,,137,126,146,0.0,0.52,,,,,0,,,0,,,,,,
2022-06-20,,,,0,,137,126,146,0.0,0.52,,,,,0,,,0,,,,,,
2022-06-21,,,,0,,137,126,146,0.0,0.52,,,,,0,,,0,,,,,,
2022-06-22,,,,0,,137,126,146,0.0,0.52,,,,,0,,,0,,,,,,
2022-06-23,,,,0,,137,126,146,0.0,0.52,,,,,0,,,0,,,,,,
2022-06-24,,,,0,,137,126,146,0.0,0.52,,,,,0,,,0,,,,,,
2022-06-25,,,,0,,137,126,146,0.0,0.52,,,,,0,,,0,,,,,,
2022-06-26,,,,0,,137,126,146,0.0,0.52,,,,,0,,,0,,,,,,
2022-06-27,,,,0,,137,126,146,0.0,0.52,,,,,0,,,0,,,,,,
2022-06-28,,,,0,,137,126,146,0.0,0.52,,,,,0,,,0,,,,,,
2022-06-29,,,,0,,137,126,146,0.0,0.52,,,,,0,,,0,,,,,,
2022-06-30,,,,0,,137,126,146,0.0,0.52,,,,,0,,,0,,,,,,
2022-07-01,,,,0,,137,126,146,0.0,0.52,,,,,0,,,0,,,,,,
2022-07-02,,,,0,,137,126,146,0.0,0.52,,,,,0,,,0,,,,,,
2022-07-03,,,,0,,137,126,146,0.0,0.52,,,,,0,,,0,,,,,,
2022-07-04,,,,0,,137,126,146,0.0,0.52,,,,,0,,,0,,,,,,
2022-07-05,,,,0,,137,126,146,0.0,0.52,,,,,0,,,0,,,,,,
2022-07-06,,,,0,,137,126,146,0.0,0.52,,,,,0,,,0,,,,,,
2022-07-07,,,,0,,137,126,146,0.0,0.52,,,,,0,,,0,,,,,,
2022-07-08,,,,0,,137,126,146,0.0,0.52,,,,,0,,,0,,,,,,
2022-07-09,,,,0,,137,126,146,0.0,0.52,,,,,0,,,0,,,,,,
2022-07-10,,,,0,,137,126,146,0.0,0.52,,,,,0,,,0,,,,,,
2022-07-11,,,,0,,137,126,146,0.0,0.52,,,,,0,,,0,,,,,,
2022-07-12,,,,0,,137,126,146,0.0,0.52,,,,,0,,,0,,,,,,
2022-07-13,,,,0,,137,126,146,0.0,0.52,,,,,0,,,0,,,,,,
2022-07-14,,,,0,,137,126,146,0.0,0.52,,,,,0,,,0,,,,,,
2022-07-15,,,,0,,137,126,146,0.0,0.52,,,,,0,,,0,,,,,,
2022-07-16,,,,0,,137,126,146,0.0,0.52,,,,,0,,,0,,,,,,
2022-07-17,,,,0,,137,126,146,0.0,0.52,,,,,0,,,0,,,,,,
2022-07-18,,,,0,,137,126,146,0.0,0.52,,,,,0,,,0,,,,,,
2022-07-19,,,,0,,137,126,146,0.0,0.52,,,,,0,,,0,,,,,,
2022-07-20,,,,0,,137,126,146,0.0,0.52,,,,,0,,,0,,,,,,
2022-07-21,,,,0,,137,126,146,0.0,0.52,,,,,0,,,0,,,,,,
2022-07-22,,,,0,,137,126,146,0.0,0.52,,,,,0,,,0,,,,,,
2022-07-23,,,,0,,137,126,146,0.0,0.52,,,,,0,,,0,,,,,,
2022-07-24,,,,0,,137,126,146,0.0,0.52,,,,,0,,,0,,,,,,
2022-07-25,,,,0,,137,126,146,0.0,0.52,,,,,0,,,0,,,,,,
2022-07-26,,,,0,,137,126,146,0.0,0.52,,,,,0,,,0,,,,,,
2022-07-27,,,,0,,137,126,146,0.0,0.52,,,,,0,,,0,,,,,,
2022-07-28,,,,0,,137,126,146,0.0,0.52,,,,,0,,,0,,,,,,
2022-07-29,,,,0,,137,126,146,0.0,0.52,,,,,0,,,0,,,,,,
2022-07-30,,,,0,,137,126,146,0.0,0.52,,,,,0,,,0,,,,,,
2022-07-31,,,,0,,137,126,146,0.0,0.52,,,,,0,,,0,,,,,,
2022-08-01,,,,0,,137,126,146,0.0,0.52,,,,,0,,,0,,,,,,
2022-08-02,,,,0,,137,126,146,0.0,0.52,,,,,0,,,0,,,,,,
2022-08-03,,,,0,,137,126,146,0.0,0.52,,,,,0,,,0,,,,,,
2022-08-04,,,,0,,137,126,146,0.0,0.52,,,,,0,,,0,,,,,,
2022-08-05,,,,0,,137,126,146,0.0,0.52,,,,,0,,,0,,,,,,
2022-08-06,,,,0,,137,126,146,0.0,0.52,,,,,0,,,0,,,,,,
2022-08-07,,,,0,,137,126,146,0.0,0.52,,,,,0,,,0,,,,,,
2022-08-08,,,,0,,137,126,146,0.0,0.52,,,,,0,,,0,,,,,,
2022-08-09,,,,0,,137,126,146,0.0,0.52,,,,,0,,,0,,,,,,
2022-08-10,,,,0,,137,126,146,0.0,0.52,,,,,0,,,0,,,,,,
2022-08-11,,,,0,,137,126,146,0.0,0.52,,,,,0,,,0,,,,,,
2022-08-12,,,,0,,137,126,146,0.0,0.52,,,,,0,,,0,,,,,,
2022-08-13,,,,0,,137,126,146,0.0,0.52,,,,,0,,,0,,,,,,
2022-08-14,,,,0,,137,126,146,0.0,0.52,,,,,0,,,0,,,,,,
2022-08-15,,,,0,,137,126,146,0.0,0.52,,,,,0,,,0,,,,,,
2022-08-16,,,,0,,137,126,146,0.0,0.52,,,,,0,,,0,,,,,,
2022-08-17,,,,0,,137,126,146,0.0,0.52,,,,,0,,,0,,,,,,
2022-08-18,,,,0,,137,126,146,0.0,0.52,,,,,0,,,0,,,,,,
2022-08-19,,,,0,,137,126,146,0.0,0.52,,,,,0,,,0,,,,,,
2022-08-20,,,,0,,137,126,146,0.0,0.52,,,,,0,,,0,,,,,,
2022-08-21,,,,0,,137,126,146,0.0,0.52,,,,,0,,,0,,,,,,
2022-08-22,,,,0,,137,126,146,0.0,0.52,,,,,0,,,0,,,,,,
2022-08-23,,,,0,,137,126,146,0.0,0.52,,,,,0,,,0,,,,,,
2022-08-24,,,,0,,137,126,146,0.0,0.52,,,,,0,,,0,,,,,,
2022-08-25,,,,0,,137,126,146,0.0,0.52,,,,,0,,,0,,,,,,
2022-08-26,,,,0,,137,126,146,0.0,0.52,,,,,0,,,0,,,,,,
2022-08-27,,,,0,,137,126,146,0.0,0.52,,,,,0,,,0,,,,,,
2022-08-28,,,,0,,137,126,146,0.0,0.52,,,,,0,,,0,,,,,,
2022-08-29,,,,0,,137,126,146,0.0,0.52,,,,,0,,,0,,,,,,
2022-08-30,,,,0,,137,126,146,0.0,0.52,,,,,0,,,0,,,,,,
2022-08-31,,,,0,,137,126,146,0.0,0.52,,,,,0,,,0,,,,,,
2022-09-01,,,,0,,137,126,146,0.0,0.52,,,,,0,,,0,,,,,,
2022-09-02,,,,0,,137,126,146,0.0,0.52,,,,,0,,,0,,,,,,
2022-09-03,,,,0,,137,126,146,0.0,0.52,,,,,0,,,0,,,,,,
2022-09-04,,,,0,,137,126,146,0.0,0.52,,,,,0,,,0,,,,,,
2022-09-05,,,,0,,137,126,146,0.0,0.52,,,,,0,,,0,,,,,,
2022-09-06,,,,0,,137,126,146,0.0,0.52,,,,,0,,,0,,,,,,
2022-09-07,,,,0,,137,126,146,0.0,0.52,,,,,0,,,0,,,,,,
2022-09-08,,,,0,,137,126,146,0.0,0.52,,,,,0,,,0,,,,,,
2022-09-09,,,,0,,137,126,146,0.0,0.52,,,,,0,,,0,,,,,,
2022-09-10,,,,0,,137,126,146,0.0,0.52,,,,,0,,,0,,,,,,
2022-09-11,,,,0,,137,126,146,0.0,0.52,,,,,0,,,0,,,,,,
2022-09-12,,,,0,,137,126,146,0.0,0.52,,,,,0,,,0,,,,,,
2022-09-13,,,,0,,137,126,146,0.0,0.52,,,,,0,,,0,,,,,,
2022-09-14,,,,0,,137,126,146,0.0,0.52,,,,,0,,,0,,,,,,
2022-09-15,,,,0,,137,126,146,0.0,0.52,,,,,0,,,0,,,,,,
2022-09-16,,,,0,,137,126,146,0.0,0.52,,,,,0,,,0,,,,,,
2022-09-17,,,,0,,137,126,146,0.0,0.52,,,,,0,,,0,,,,,,
2022-09-18,,,,0,,137,126,146,0.0,0.52,,,,,0,,,0,,,,,,
2022-09-19,,,,0,,137,126,146,0.0,0.52,,,,,0,,,0,,,,,,
2022-09-20,,,,0,,137,126,146,0.0,0.52,,,,,0,,,0,,,,,,
2022-09-21,,,,0,,137,126,146,0.0,0.52,,,,,0,,,0,,,,,,
2022-09-22,,,,0,,137,126,146,0.0,0.52,,,,,0,,,0,,,,,,
2022-09-23,,,,0,,137,126,146,0.0,0.52,,,,,0,,,0,,,,,,
2022-09-24,,,,0,,137,126,146,0.0,0.52,,,,,0,,,0,,,,,,
2022-09-25,,,,0,,137,126,146,0.0,0.52,,,,,0,,,0,,,,,,
2022-09-26,,,,0,,137,126,146,0.0,0.52,,,,,0,,,0,,,,,,
2022-09-27,,,,0,,137,126,146,0.0,0.52,,,,,0,,,0,,,,,,
2022-09-28,,,,0,,137,126,146,0.0,0.52,,,,,0,,,0,,,,,,
2022-09-29,,,,0,,137,126,146,0.0,0.52,,,,,0,,,0,,,,,,
2022-09-30,,,,0,,137,126,146,0.0,0.52,,,,,0,,,0,,,,,,
2022-10-01,,,,0,,137,126,146,0.0,0.52,,,,,0,,,0,,,,,,
2022-10-02,,,,0,,137,126,146,0.0,0.52,,,,,0,,,0,,,,,,
2022-10-03,,,,0,,137,126,146,0.0,0.52,,,,,0,,,0,,,,,,
2022-10-04,,,,0,,137,126,146,0.0,0.52,,,,,0,,,0,,,,,,
2022-10-05,,,,0,,137,126,146,0.0,0.52,,,,,0,,,0,,,,,,
2022-10-06,,,,0,,137,126,146,0.0,0.52,,,,,0,,,0,,,,,,
2022-10-07,,,,0,,137,126,146,0.0,0.52,,,,,0,,,0,,,,,,
2022-10-08,,,,0,,137,126,146,0.0,0.52,,,,,0,,,0,,,,,,
2022-10-09,,,,0,,137,126,146,0.0,0.52,,,,,0,,,0,,,,,,
2022-10-10,,,,0,,137,126,146,0.0,0.52,,,,,0,,,0,,,,,,
2022-10-11,,,,0,,137,126,146,0.0,0.52,,,,,0,,,0,,,,,,
2022-10-12,,,,0,,137,126,146,0.0,0.52,,,,,0,,,0,,,,,,
2022-10-13,,,,0,,137,126,146,0.0,0.52,,,,,0,,,0,,,,,,
2022-10-14,,,,0,,137,126,146,0.0,0.52,,,,,0,,,0,,,,,,
2022-10-15,,,,0,,137,126,146,0.0,0.52,,,,,0,,,0,,,,,,
2022-10-16,,,,0,,137,126,146,0.0,0.52,,,,,0,,,0,,,,,,
2022-10-17,,,,0,,137,126,146,0.0,0.52,,,,,0,,,0,,,,,,
2022-10-18,,,,0,,137,126,146,0.0,0.52,,,,,0,,,0,,,,,,
2022-10-19,,,,0,,137,126,146,0.0,0.52,,,,,0,,,0,,,,,,
2022-10-20,,,,0,,137,126,146,0.0,0.52,,,,,0,,,0,,,,,,
2022-10-21,,,,0,,137,126,146,0.0,0.52,,,,,0,,,0,,,,,,
2022-10-22,,,,0,,137,126,146,0.0,0.52,,,,,0,,,0,,,,,,
2022-10-23,,,,0,,137,126,146,0.0,0.52,,,,,0,,,0,,,,,,
2022-10-24,,,,0,,137,126,146,0.0,0.52,,,,,0,,,0,,,,,,
2022-10-25,,,,0,,137,126,146,0.0,0.52,,,,,0,,,0,,,,,,
2022-10-26,,,,0,,137,126,146,0.0,0.52,,,,,0,,,0,,,,,,
2022-10-27,,,,0,,137,126,146,0.0,0.52,,,,,0,,,0,,,,,,
2022-10-28,,,,0,,137,126,146,0.0,0.52,,,,,0,,,0,,,,,,
2022-10-29,,,,0,,137,126,146,0.0,0.52,,,,,0,,,0,,,,,,
2022-10-30,,,,0,,137,126,146,0.0,0.52,,,,,0,,,0,,,,,,
2022-10-31,,,,0,,137,126,146,0.0,0.52,,,,,0,,,0,,,,,,
2022-11-01,,,,0,,137,126,146,0.0,0.52,,,,,0,,,0,,,,,,
2022-11-02,,,,0,,137,126,146,0.0,0.52,,,,,0,,,0,,,,,,
2022-11-03,,,,0,,137,126,146,0.0,0.52,,,,,0,,,0,,,,,,
2022-11-04,,,,0,,137,126,146,0.0,0.52,,,,,0,,,0,,,,,,
2022-11-05,,,,0,,137,126,146,0.0,0.52,,,,,0,,,0,,,,,,
2022-11-06,,,,0,,137,126,146,0.0,0.52,,,,,0,,,0,,,,,,
2022-11-07,,,,0,,137,126,146,0.0,0.52,,,,,0,,,0,,,,,,
2022-11-08,,,,0,,137,126,146,0.0,0.52,,,,,0,,,0,,,,,,
2022-11-09,,,,0,,137,126,146,0.0,0.52,,,,,0,,,0,,,,,,
2022-11-10,,,,0,,137,126,146,0.0,0.52,,,,,0,,,0,,,,,,
2022-11-11,,,,0,,137,126,146,0.0,0.52,,,,,0,,,0,,,,,,
2022-11-12,,,,0,,137,126,146,0.0,0.52,,,,,0,,,0,,,,,,
2022-11-13,,,,0,,137,126,146,0.0,0.52,,,,,0,,,0,,,,,,
2022-11-14,,,,0,,137,126,146,0.0,0.52,,,,,0,,,0,,,,,,
2022-11-15,,,,0,,137,126,146,0.0,0.52,,,,,0,,,0,,,,,,
2022-11-16,,,,0,,137,126,146,0.0,0.52,,,,,0,,,0,,,,,,
2022-11-17,,,,0,,137,126,146,0.0,0.52,,,,,0,,,0,,,,,,
2022-11-18,,,,0,,137,126,146,0.0,0.52,,,,,0,,,0,,,,,,
2022-11-19,,,,0,,137,126,146,0.0,0.52,,,,,0,,,0,,,,,,
2022-11-20,,,,0,,137,126,146,0.0,0.52,,,,,0,,,0,,,,,,
2022-11-21,,,,0,,137,126,146,0.0,0.52,,,,,0,,,0,,,,,,
2022-11-22,,,,0,,137,126,146,0.0,0.52,,,,,0,,,0,,,,,,
2022-11-23,,,,0,,137,126,146,0.0,0.52,,,,,0,,,0,,,,,,
2022-11-24,,,,0,,137,126,146,0.0,0.52,,,,,0,,,0,,,,,,
2022-11-25,,,,0,,137,126,146,0.0,0.52,,,,,0,,,0,,,,,,
2022-11-26,,,,0,,137,126,146,0.0,0.52,,,,,0,,,0,,,,,,
2022-11-27,,,,0,,137,126,146,0.0,0.52,,,,,0,,,0,,,,,,
2022-11-28,,,,0,,137,126,146,0.0,0.52,,,,,0,,,0,,,,,,
2022-11-29,,,,0,,137,126,146,0.0,0.52,,,,,0,,,0,,,,,,
2022-11-30,,,,0,,137,126,146,0.0,0.52,,,,,0,,,0,,,,,,
2022-12-01,,,,0,,137,126,146,0.0,0.52,,,,,0,,,0,,,,,,
2022-12-02,,,,0,,137,126,146,0.0,0.52,,,,,0,,,0,,,,,,
2022-12-03,,,,0,,137,126,146,0.0,0.52,,,,,0,,,0,,,,,,
2022-12-04,,,,0,,137,126,146,0.0,0.52,,,,,0,,,0,,,,,,
2022-12-05,,,,0,,137,126,146,0.0,0.52,,,,,0,,,0,,,,,,
2022-12-06,,,,0,,137,126,146,0.0,0.52,,,,,0,,,0,,,,,,
2022-12-07,,,,0,,137,126,146,0.0,0.52,,,,,0,,,0,,,,,,
2022-12-08,,,,0,,137,126,146,0.0,0.52,,,,,0,,,0,,,,,,
2022-12-09,,,,0,,137,126,146,0.0,0.52,,,,,0,,,0,,,,,,
2022-12-10,,,,0,,137,126,146,0.0,0.52,,,,,0,,,0,,,,,,
2022-12-11,,,,0,,137,126,146,0.0,0.52,,,,,0,,,0,,,,,,
2022-12-12,,,,0,,137,126,146,0.0,0.52,,,,,0,,,0,,,,,,
2022-12-13,,,,0,,137,126,146,0.0,0.52,,,,,0,,,0,,,,,,
2022-12-14,,,,0,,137,126,146,0.0,0.52,,,,,0,,,0,,,,,,
2022-12-15,,,,0,,137,126,146,0.0,0.52,,,,,0,,,0,,,,,,
2022-12-16,,,,0,,137,126,146,0.0,0.52,,,,,0,,,0,,,,,,
2022-12-17,,,,0,,137,126,146,0.0,0.52,,,,,0,,,0,,,,,,
2022-12-18,,,,0,,137,126,146,0.0,0.52,,,,,0,,,0,,,,,,
2022-12-19,,,,0,,137,126,146,0.0,0.52,,,,,0,,,0,,,,,,
2022-12-20,,,,0,,137,126,146,0.0,0.52,,,,,0,,,0,,,,,,
2022-12-21,,,,0,,137,126,146,0.0,0.52,,,,,0,,,0,,,,,,
2022-12-22,,,,0,,137,126,146,0.0,0.52,,,,,0,,,0,,,,,,
2022-12-23,,,,0,,137,126,146,0.0,0.52,,,,,0,,,0,,,,,,
2022-12-24,,,,0,,137,126,146,0.0,0.52,,,,,0,,,0,,,,,,
2022-12-25,,,,0,,137,126,146,0.0,0.52,,,,,0,,,0,,,,,,
2022-12-26,,,,0,,137,126,146,0.0,0.52,,,,,0,,,0,,,,,,
2022-12-27,,,,0,,137,126,146,0.0,0.52,,,,,0,,,0,,,,,,
2022-12-28,,,,0,,137,126,146,0.0,0.52,,,,,0,,,0,,,,,,
2022-12-29,,,,0,,137,126,146,0.0,0.52,,,,,0,,,0,,,,,,
2022-12-30,,,,0,,137,126,146,0.0,0.52,,,,,0,,,0,,,,,,
2022-12-31,,,,0,,137,126,146,0.0,0.52,,,,,0,,,0,,,,,,
2023-01-01,,,,0,,137,126,146,0.0,0.52,,,,,0,,,0,,,,,,
2023-01-02,,,,0,,137,126,146,0.0,0.52,,,,,0,,,0,,,,,,
2023-01-03,,,,0,,137,126,146,0.0,0.52,,,,,0,,,0,,,,,,
2023-01-04,,,,0,,137,126,146,0.0,0.52,,,,,0,,,0,,,,,,
2023-01-05,,,,0,,137,126,146,0.0,0.52,,,,,0,,,0,,,,,,
2023-01-06,,,,0,,137,126,146,0.0,0.52,,,,,0,,,0,,,,,,
2023-01-07,,,,0,,137,126,146,0.0,0.52,,,,,0,,,0,,,,,,
2023-01-08,,,,0,,137,126,146,0.0,0.52,,,,,0,,,0,,,,,,
2023-01-09,,,,0,,137,126,146,0.0,0.52,,,,,0,,,0,,,,,,
2023-01-10,,,,0,,137,126,146,0.0,0.52,,,,,0,,,0,,,,,,
2023-01-11,,,,0,,137,126,146,0.0,0.52,,,,,0,,,0,,,,,,
2023-01-12,,,,0,,137,126,146,0.0,0.52,,,,,0,,,0,,,,,,
2023-01-13,,,,0,,137,126,146,0.0,0.52,,,,,0,,,0,,,,,,
2023-01-14,,,,0,,137,126,146,0.0,0.52,,,,,0,,,0,,,,,,
2023-01-15,,,,0,,137,126,146,0.0,0.52,,,,,0,,,0,,,,,,
2023-01-16,,,,0,,137,126,146,0.0,0.52,,,,,0,,,0,,,,,,
2023-01-17,,,,0,,137,126,146,0.0,0.52,,,,,0,,,0,,,,,,
2023-01-18,,,,0,,137,126,146,0.0,0.52,,,,,0,,,0,,,,,,
2023-01-19,,,,0,,137,126,146,0.0,0.52,,,,,0,,,0,,,,,,
2023-01-20,,,,0,,137,126,146,0.0,0.52,,,,,0,,,0,,,,,,
2023-01-21,,,,0,,137,126,146,0.0,0.52,,,,,0,,,0,,,,,,
2023-01-22,,,,0,,137,126,146,0.0,0.52,,,,,0,,,0,,,,,,
2023-01-23,,,,0,,137,126,146,0.0,0.52,,,,,0,,,0,,,,,,
2023-01-24,,,,0,,137,126,146,0.0,0.52,,,,,0,,,0,,,,,,
2023-01-25,,,,0,,137,126,146,0.0,0.52,,,,,0,,,0,,,,,,
2023-01-26,,,,0,,137,126,146,0.0,0.52,,,,,0,,,0,,,,,,
2023-01-27,,,,0,,137,126,146,0.0,0.52,,,,,0,,,0,,,,,,
2023-01-28,,,,0,,137,126,146,0.0,0.52,,,,,0,,,0,,,,,,
2023-01-29,,,,0,,137,126,146,0.0,0.52,,,,,0,,,0,,,,,,
2023-01-30,,,,0,,137,126,146,0.0,0.52,,,,,0,,,0,,,,,,
2023-01-31,,,,0,,137,126,146,0.0,0.52,,,,,0,,,0,,,,,,
2023-02-01,,,,0,,137,126,146,0.0,0.52,,,,,0,,,0,,,,,,
2023-02-02,,,,0,,137,126,146,0.0,0.52,,,,,0,,,0,,,,,,
2023-02-03,,,,0,,137,126,146,0.0,0.52,,,,,0,,,0,,,,,,
2023-02-04,,,,0,,137,126,146,0.0,0.52,,,,,0,,,0,,,,,,
2023-02-05,,,,0,,137,126,146,0.0,0.52,,,,,0,,,0,,,,,,
2023-02-06,,,,0,,137,126,146,0.0,0.52,,,,,0,,,0,,,,,,
2023-02-07,,,,0,,137,126,146,0.0,0.52,,,,,0,,,0,,,,,,
2023-02-08,,,,0,,137,126,146,0.0,0.52,,,,,0,,,0,,,,,,
2023-02-09,,,,0,,137,126,146,0.0,0.52,,,,,0,,,0,,,,,,
2023-02-10,,,,0,,137,126,146,0.0,0.52,,,,,0,,,0,,,,,,
2023-02-11,,,,0,,137,126,146,0.0,0.52,,,,,0,,,0,,,,,,
2023-02-12,,,,0,,137,126,146,0.0,0.52,,,,,0,,,0,,,,,,
2023-02-13,,,,0,,137,126,146,0.0,0.52,,,,,0,,,0,,,,,,
2023-02-14,,,,0,,137,126,146,0.0,0.52,,,,,0,,,0,,,,,,
2023-02-15,,,,0,,137,126,146,0.0,0.52,,,,,0,,,0,,,,,,
2023-02-16,,,,0,,137,126,146,0.0,0.52,,,,,0,,,0,,,,,,
2023-02-17,,,,0,,137,126,146,0.0,0.52,,,,,0,,,0,,,,,,
2023-02-18,,,,0,,137,126,146,0.0,0.52,,,,,0,,,0,,,,,,
2023-02-19,,,,0,,137,126,146,0.0,0.52,,,,,0,,,0,,,,,,
2023-02-20,,,,0,,137,126,146,0.0,0.52,,,,,0,,,0,,,,,,
2023-02-21,,,,0,,137,126,146,0.0,0.52,,,,,0,,,0,,,,,,
2023-02-22,,,,0,,137,126,146,0.0,0.52,,,,,0,,,0,,,,,,
2023-02-23,,,,0,,137,126,146,0.0,0.52,,,,,0,,,0,,,,,,
2023-02-24,,,,0,,137,126,146,0.0,0.52,,,,,0,,,0,,,,,,
2023-02-25,,,,0,,137,126,146,0.0,0.52,,,,,0,,,0,,,,,,
2023-02-26,,,,0,,137,126,146,0.0,0.52,,,,,0,,,0,,,,,,
2023-02-27,,,,0,,137,126,146,0.0,0.52,,,,,0,,,0,,,,,,
2023-02-28,,,,0,,137,126,146,0.0,0.52,,,,,0,,,0,,,,,,
2023-03-01,,,,0,,137,126,146,0.0,0.52,,,,,0,,,0,,,,,,
2023-03-02,,,,0,,137,126,146,0.0,0.52,,,,,0,,,0,,,,,,
2023-03-03,,,,0,,137,126,146,0.0,0.52,,,,,0,,,0,,,,,,
2023-03-04,,,,0,,137,126,146,0.0,0.52,,,,,0,,,0,,,,,,
2023-03-05,,,,0,,137,126,146,0.0,0.52,,,,,0,,,0,,,,,,
2023-03-06,,,,0,,137,126,146,0.0,0.52,,,,,0,,,0,,,,,,
2023-03-07,,,,0,,137,126,146,0.0,0.52,,,,,0,,,0,,,,,,
2023-03-08,,,,0,,137,126,146,0.0,0.52,,,,,0,,,0,,,,,,
2023-03-09,,,,0,,137,126,146,0.0,0.52,,,,,0,,,0,,,,,,
2023-03-10,,,,0,,137,126,146,0.0,0.52,,,,,0,,,0,,,,,,
2023-03-11,,,,0,,137,126,146,0.0,0.52,,,,,0,,,0,,,,,,
2023-03-12,,,,0,,137,126,146,0.0,0.52,,,,,0,,,0,,,,,,
2023-03-13,,,,0,,137,126,146,0.0,0.52,,,,,0,,,0,,,,,,
2023-03-14,,,,0,,137,126,146,0.0,0.52,,,,,0,,,0,,,,,,
2023-03-15,,,,0,,137,126,146,0.0,0.52,,,,,0,,,0,,,,,,
2023-03-16,,,,0,,137,126,146,0.0,0.52,,,,,0,,,0,,,,,,
2023-03-17,,,,0,,137,126,146,0.0,0.52,,,,,0,,,0,,,,,,
2023-03-18,,,,0,,137,126,146,0.0,0.52,,,,,0,,,0,,,,,,
2023-03-19,,,,0,,137,126,146,0.0,0.52,,,,,0,,,0,,,,,,
2023-03-20,,,,0,,137,126,146,0.0,0.52,,,,,0,,,0,,,,,,
2023-03-21,,,,0,,137,126,146,0.0,0.52,,,,,0,,,0,,,,,,
2023-03-22,,,,0,,137,126,146,0.0,0.52,,,,,0,,,0,,,,,,
2023-03-23,,,,0,,137,126,146,0.0,0.52,,,,,0,,,0,,,,,,
2023-03-24,,,,0,,137,126,146,0.0,0.52,,,,,0,,,0,,,,,,
2023-03-25,,,,0,,137,126,146,0.0,0.52,,,,,0,,,0,,,,,,
2023-03-26,,,,0,,137,126,146,0.0,0.52,,,,,0,,,0,,,,,,
2023-03-27,,,,0,,137,126,146,0.0,0.52,,,,,0,,,0,,,,,,
2023-03-28,,,,0,,137,126,146,0.0,0.52,,,,,0,,,0,,,,,,
2023-03-29,,,,0,,137,126,146,0.0,0.52,,,,,0,,,0,,,,,,
2023-03-30,,,,0,,137,126,146,0.0,0.52,,,,,0,,,0,,,,,,
2023-03-31,,,,0,,137,126,146,0.0,0.52,,,,,0,,,0,,,,,,
2023-04-01,,,,0,,137,126,146,0.0,0.52,,,,,0,,,0,,,,,,
2023-04-02,,,,0,,137,126,146,0.0,0.52,,,,,0,,,0,,,,,,
2023-04-03,,,,0,,137,126,146,0.0,0.52,,,,,0,,,0,,,,,,
2023-04-04,,,,0,,137,126,146,0.0,0.52,,,,,0,,,0,,,,,,
2023-04-05,,,,0,,137,126,146,0.0,0.52,,,,,0,,,0,,,,,,
2023-04-06,,,,0,,137,126,146,0.0,0.52,,,,,0,,,0,,,,,,
2023-04-07,,,,0,,137,126,146,0.0,0.52,,,,,0,,,0,,,,,,
2023-04-08,,,,0,,137,126,146,0.0,0.52,,,,,0,,,0,,,,,,
2023-04-09,,,,0,,137,126,146,0.0,0.52,,,,,0,,,0,,,,,,
2023-04-10,,,,0,,137,126,146,0.0,0.52,,,,,0,,,2,0.0,0.0,,,,
2023-04-11,22.4,21,27,1,,137,126,146,0.0,0.52,37.1,173.0,38.4,81.1,1,1,,2,0.0,0.0,,,,
2023-04-12,17.1,12,29,1,,137,126,146,0.0,0.52,57.8,333.0,55.5,134.4,1,1,,2,0.0,0.0,,,,
2023-04-13,15.9,11,26,1,,137,126,146,0.0,0.52,15.6,151.0,13.5,50.1,1,1,,2,0.0,0.0,,,,
2023-04-14,11.1,9,27,1,,137,126,146,0.0,0.52,19.4,180.0,10.5,57.6,1,1,,2,0.0,0.0,,,,
2023-04-15,18.0,16,22,1,,137,126,146,0.0,0.52,71.6,355.0,83.4,152.2,1,1,,2,0.0,0.0,,,,
2023-04-16,20.2,16,28,2,,137,126,146,0.0,0.52,71.4,512.0,73.2,177.4,2,1,,2,0.0,0.0,,,,
2023-04-17,18.3,12,29,1,,137,126,146,0.0,0.52,47.6,246.0,45.4,110.7,1,1,,2,0.04,1.25,,,,
2023-04-18,23.3,22,25,1,,137,126,146,0.0,0.52,17.4,139.0,11.7,49.8,1,1,,2,0.07,0.83,,,,
2023-04-19,20.3,15,30,1,,137,126,146,0.0,0.52,46.7,245.0,51.9,99.9,1,1,,2,0.11,0.43,,,,
2023-04-20,17.7,15,27,1,,137,126,146,0.0,0.52,26.3,160.0,33.1,58.5,1,1,,2,0.14,0.12,,,,
2023-04-21,17.5,15,23,1,,137,126,146,0.0,0.52,24.4,127.0,18.4,77.3,1,1,,2,0.17,-0.16,,,,
2023-04-22,18.5,16,24,1,,137,126,146,0.0,0.52,25.5,141.0,22.8,84.0,1,1,,2,0.2,-0.48,,,,
2023-04-23,20.2,18,23,1,,137,126,146,0.0,0.52,34.5,664.0,5.7,165.3,1,0,,2,0.21,-0.79,,,,
2023-04-24,21.3,17,27,1,,137,126,146,0.0,0.52,39.8,198.0,43.2,85.7,1,1,,2,0.23,-1.04,,,,
2023-04-25,16.9,12,27,1,,137,126,146,0.0,0.52,68.1,248.0,65.1,166.5,1,1,,2,0.25,-1.22,,,,
2023-04-26,19.3,11,28,1,,137,126,146,0.0,0.52,69.5,426.0,60.9,172.3,1,1,,2,0.27,-1.35,,,,
2023-04-27,,,,0,,137,126,146,0.0,0.52,,,,,0,,,2,0.29,-1.46,,,,
2023-04-28,15.0,13,27,1,,137,126,146,0.0,0.52,17.5,153.0,14.1,51.3,1,1,,2,0.31,-1.53,,,,
2023-04-29,17.0,14,22,1,,137,126,146,0.0,0.52,53.8,351.0,43.3,139.5,1,1,,2,0.34,-1.53,,,,
2023-04-30,19.6,17,27,1,,137,126,146,0.0,0.52,92.7,486.0,86.7,215.4,1,1,,2,0.37,-1.58,,,,
2023-05-01,16.0,14,20,1,,137,126,146,0.0,0.52,24.9,138.0,35.9,49.7,1,1,,2,0.39,-1.65,,,,
2023-05-02,19.5,15,29,1,,137,126,146,0.0,0.52,21.2,140.0,16.1,55.8,1,1,,2,0.41,-1.72,,,,
2023-05-03,21.1,19,25,1,,137,126,146,0.0,0.52,69.0,346.0,78.2,146.1,1,1,,2,0.43,-1.81,,,,
2023-05-04,23.3,20,26,1,,137,126,146,0.0,0.52,15.3,209.0,6.5,62.8,1,0,,2,0.45,-1.83,,,,
2023-05-05,,,,0,,137,126,146,0.0,0.52,,,,,0,,,2,0.47,-1.87,,,,
2023-05-06,22.3,14,33,1,,137,126,146,0.0,0.52,128.5,840.0,121.6,319.0,1,1,,2,0.51,-1.81,,,,
2023-05-07,20.8,18,27,1,,137,126,146,0.0,0.52,28.7,217.0,25.1,74.9,1,1,,2,0.53,-1.85,,,,
2023-05-08,21.4,18,27,1,,137,126,146,0.0,0.52,37.5,255.0,37.7,104.0,1,1,,2,0.53,-2.09,,,,
2023-05-09,19.9,17,29,1,,137,126,146,0.0,0.52,10.2,156.0,6.1,43.3,1,1,,2,0.53,-1.91,,,,
2023-05-10,16.1,13,27,1,,137,126,146,0.0,0.52,24.3,128.0,32.2,49.7,1,1,,2,0.51,-1.8,,,,
2023-05-11,17.0,14,30,1,,137,126,146,0.0,0.52,32.2,160.0,38.8,66.6,1,1,,2,0.5,-1.72,,,,
2023-05-12,18.8,16,24,1,,137,126,146,0.0,0.52,28.4,138.0,28.5,69.2,1,1,,2,0.48,-1.62,,,,
2023-05-13,16.9,11,25,1,,137,126,146,0.0,0.52,105.2,386.0,88.4,274.4,1,1,,2,0.44,-1.65,,,,
2023-05-14,17.1,14,23,1,,137,126,146,0.0,0.52,85.3,426.0,93.8,217.2,1,1,,2,0.42,-1.62,,,,
2023-05-15,21.5,15,28,1,,137,126,146,0.0,0.52,56.5,229.0,47.8,140.7,1,1,,2,0.39,-1.59,,,,
2023-05-16,20.2,18,25,1,,137,126,146,0.0,0.52,41.0,177.0,35.8,108.2,1,1,,2,0.36,-1.55,,,,
2023-05-17,18.5,16,27,1,,137,126,146,0.0,0.52,34.1,206.0,34.2,74.8,1,1,,2,0.34,-1.5,,,,
2023-05-18,16.9,13,24,1,,137,126,146,0.0,0.52,77.1,439.0,73.6,181.9,1,1,,2,0.33,-1.37,,,,
2023-05-19,20.3,16,27,1,,137,126,146,0.0,0.52,21.7,174.0,21.4,57.2,1,1,,2,0.32,-1.26,,,,
2023-05-20,16.4,11,24,1,,137,126,146,0.0,0.52,159.3,577.0,165.3,377.3,1,1,,2,0.32,-1.13,,,,
2023-05-21,19.2,13,28,1,,137,126,146,0.0,0.52,115.3,576.0,128.2,246.6,1,1,,2,0.33,-0.96,,,,
2023-05-22,24.5,18,30,1,,137,126,146,0.0,0.52,49.5,349.0,38.6,128.1,1,1,,2,0.36,-0.76,,,,
2023-05-23,25.3,22,28,1,,137,126,146,0.0,0.52,51.7,268.0,56.2,113.2,1,1,,2,0.39,-0.57,,,,
2023-05-24,20.6,19,27,1,,137,126,146,0.0,0.52,21.8,176.0,18.5,57.7,1,1,,2,0.42,-0.37,,,,
2023-05-25,23.0,17,29,1,,137,126,146,0.0,0.52,80.7,530.0,70.2,196.2,1,1,,2,0.45,-0.25,,,,
2023-05-26,25.1,19,31,1,,137,126,146,0.0,0.52,40.2,229.0,42.4,97.8,1,1,,2,0.47,-0.14,,,,
2023-05-27,22.1,15,33,1,,137,126,146,0.0,0.52,239.7,1109.0,285.5,505.9,1,1,,2,0.52,0.0,,,,
2023-05-28,23.6,20,28,1,,137,126,146,0.0,0.52,28.2,137.0,20.9,89.9,1,1,,2,0.55,0.05,,,,
2023-05-29,22.4,18,27,1,,137,126,146,0.0,0.52,40.2,256.0,29.5,99.3,1,1,,2,0.57,0.06,,,,
2023-05-30,24.4,19,30,1,,137,126,146,0.0,0.52,45.1,238.0,47.5,107.6,1,1,,2,0.58,0.03,,,,
2023-05-31,22.5,15,29,1,,137,126,146,0.0,0.52,62.1,362.0,58.2,147.4,1,1,,2,0.6,0.07,,,,
2023-06-01,20.0,16,26,1,,137,126,146,0.0,0.52,11.9,47.0,13.4,25.6,1,1,,2,0.6,0.01,,,,
2023-06-02,24.1,16,33,1,,137,126,146,0.0,0.52,171.2,921.0,168.8,404.5,1,1,,2,0.63,0.05,,,,
2023-06-03,22.3,20,27,1,,137,126,146,0.0,0.52,0.0,120.0,16.3,108.2,1,0,,2,0.61,-0.03,,,,
2023-06-04,26.3,21,34,1,,137,126,146,0.0,0.52,245.8,1391.0,259.7,537.7,1,1,,2,0.65,0.03,,,,
2023-06-05,,,,0,,137,126,146,0.0,0.52,,,,,0,,,2,0.67,0.04,,,,
2023-06-06,17.8,16,28,1,,137,126,146,0.0,0.52,80.5,487.0,80.0,179.3,1,1,,2,0.71,0.09,,,,
2023-06-07,18.6,15,28,1,,137,126,146,0.0,0.52,17.8,115.0,13.9,69.1,1,1,,2,0.73,0.09,,,,
2023-06-08,26.8,23,33,1,,137,126,146,0.0,0.52,25.3,157.0,22.3,65.0,1,1,,2,0.75,0.1,,,,
2023-06-09,23.9,20,30,1,,137,126,146,0.0,0.52,56.2,270.0,54.2,145.1,1,1,,2,0.73,-0.02,,,,
2023-06-10,25.4,21,29,1,,137,126,146,0.0,0.52,143.1,551.0,149.8,324.3,1,1,,2,0.73,-0.08,,,,
2023-06-11,25.2,17,35,1,,137,126,146,0.0,0.52,159.0,912.0,150.8,372.1,1,1,,2,0.7,-0.19,,,,
2023-06-12,,,,0,,137,126,146,0.0,0.52,,,,,0,,,2,0.67,-0.28,,,,
2023-06-13,17.0,14,25,1,,137,126,146,0.0,0.52,76.2,390.0,77.9,170.3,1,1,,2,0.64,-0.38,,,,
2023-06-14,26.2,20,31,1,,137,126,146,0.0,0.52,47.9,210.0,44.1,131.3,1,1,,2,0.61,-0.45,,,,
2023-06-15,23.1,18,30,1,,137,126,146,0.0,0.52,68.9,358.0,76.1,151.9,1,1,,2,0.59,-0.48,,,,
2023-06-16,,,,0,,137,126,146,0.0,0.52,,,,,0,,,2,0.57,-0.51,,,,
2023-06-17,23.0,16,31,1,,137,126,146,0.0,0.52,143.9,852.0,129.3,344.9,1,1,,2,0.57,-0.48,,,,
2023-06-18,27.9,23,34,1,,137,126,146,0.0,0.52,0.7,191.0,22.6,146.9,1,0,,2,0.52,-0.54,,,,
2023-06-19,26.7,21,34,1,,137,126,146,0.0,0.52,60.3,351.0,62.6,139.8,1,1,,2,0.5,-0.56,,,,
2023-06-20,19.8,18,27,1,,137,126,146,0.0,0.52,67.2,488.0,62.9,175.8,1,1,,2,0.48,-0.56,,,,
2023-06-21,23.2,22,28,1,,137,126,146,0.0,0.52,37.9,207.0,39.5,99.2,1,1,,2,0.45,-0.56,,,,
2023-06-22,25.0,24,29,1,,137,126,146,0.0,0.52,23.3,165.0,21.2,55.2,1,1,,2,0.42,-0.58,,,,
2023-06-23,29.5,25,34,1,,137,126,146,0.0,0.52,33.3,256.0,23.7,86.1,1,1,,2,0.4,-0.56,,,,
2023-06-24,21.5,13,32,1,,137,126,146,0.0,0.52,102.6,806.0,99.3,276.6,1,1,,2,0.38,-0.54,,,,
2023-06-25,29.4,25,35,1,,137,126,146,0.0,0.52,49.2,236.0,41.6,159.1,1,1,,2,0.37,-0.52,,,,
2023-06-26,,,,0,,137,126,146,0.0,0.52,,,,,0,,,2,0.34,-0.53,,,,
2023-06-27,22.4,18,30,1,,137,126,146,0.0,0.52,78.1,775.0,69.2,198.7,1,1,,2,0.31,-0.53,,,,
2023-06-28,13.7,11,29,1,,137,126,146,0.0,0.52,59.8,321.0,57.9,135.4,1,1,,2,0.3,-0.5,,,,
2023-06-29,20.7,15,33,1,,137,126,146,0.0,0.52,13.6,413.0,24.2,113.2,1,1,,2,0.3,-0.45,,,,
2023-06-30,,,,0,,137,126,146,0.0,0.52,,,,,0,,,2,0.29,-0.41,,,,
2023-07-01,,,,0,,137,126,146,0.0,0.52,,,,,0,,,2,0.25,-0.46,,,,
2023-07-02,12.4,10,16,1,,137,126,146,0.0,0.52,42.1,396.0,37.5,111.3,1,1,,2,0.23,-0.45,,,,
2023-07-03,28.5,27,30,1,,137,126,146,0.0,0.52,0.0,94.0,10.7,67.7,1,1,,2,0.21,-0.43,,,,
2023-07-04,28.2,26,30,1,,137,126,146,0.0,0.52,22.0,146.0,22.7,48.6,1,1,,2,0.17,-0.48,,,,
2023-07-05,23.0,18,29,1,,137,126,146,0.0,0.52,62.6,277.0,61.0,142.1,1,1,,2,0.12,-0.55,,,,
2023-07-06,23.9,19,29,1,,137,126,146,0.0,0.52,46.6,308.0,38.9,134.9,1,1,,2,0.06,-0.63,,,,
2023-07-07,26.5,24,31,1,,137,126,146,0.0,0.52,18.7,147.0,16.4,54.3,1,1,,2,0.01,-0.68,,,,
2023-07-08,25.0,20,35,1,,137,126,146,0.0,0.52,133.6,441.0,132.0,327.5,1,1,,2,-0.02,-0.67,,,,
2023-07-09,29.5,25,35,1,,137,126,146,0.0,0.52,45.9,260.0,34.4,131.1,1,1,,2,-0.06,-0.67,,,,
2023-07-10,30.0,24,37,1,,137,126,146,0.0,0.52,43.0,241.0,37.2,101.0,1,1,,2,-0.08,-0.66,,,,
2023-07-11,24.4,22,30,1,,137,126,146,0.0,0.52,23.3,160.0,21.4,57.5,1,1,,2,-0.11,-0.63,,,,
2023-07-12,28.5,26,31,1,,137,126,146,0.0,0.52,19.4,142.0,18.8,65.0,1,1,,2,-0.13,-0.62,,,,
2023-07-13,28.1,25,33,1,,137,126,146,0.0,0.52,62.5,278.0,62.8,152.4,1,1,,2,-0.16,-0.61,,,,
2023-07-14,25.3,22,32,1,,137,126,146,0.0,0.52,0.0,310.0,32.6,184.5,1,1,,2,-0.18,-0.6,,,,
2023-07-15,26.6,20,31,1,,137,126,146,0.0,0.52,33.6,279.0,42.4,169.1,1,1,,2,-0.21,-0.6,,,,
2023-07-16,26.1,21,32,2,,137,126,146,0.0,0.52,35.4,265.0,51.2,184.2,2,0,,2,-0.24,-0.6,,,,
2023-07-17,25.4,24,30,1,,137,126,146,0.0,0.52,28.6,138.0,29.7,69.1,1,1,,2,-0.26,-0.61,,,,
2023-07-18,35.0,34,36,1,,137,126,146,0.0,0.52,16.3,143.0,10.9,45.6,1,1,,2,-0.29,-0.6,,,,
2023-07-19,28.6,27,33,2,,137,126,146,0.0,0.52,32.4,164.0,43.4,67.5,2,1,,2,-0.31,-0.58,,,,
2023-07-20,28.7,26,32,2,,137,126,146,0.0,0.52,8.0,76.0,6.4,25.2,2,1,,2,-0.33,-0.59,,,,
2023-07-21,27.8,25,32,1,,137,126,146,0.0,0.52,82.6,339.0,75.0,199.6,1,1,,2,-0.35,-0.57,,,,
2023-07-22,23.2,20,29,1,,137,126,146,0.0,0.52,73.0,285.0,74.5,166.0,1,1,,2,-0.35,-0.53,,,,
2023-07-23,22.9,21,29,1,,137,126,146,0.0,0.52,50.7,171.0,46.9,121.5,1,1,,2,-0.36,-0.48,,,,
2023-07-24,24.1,23,28,1,,137,126,146,0.0,0.52,10.4,116.0,11.5,41.4,1,1,,2,-0.37,-0.45,,,,
2023-07-25,26.8,23,30,1,,137,126,146,0.0,0.52,33.7,175.0,39.3,89.5,1,1,,2,-0.37,-0.41,,,,
2023-07-26,31.0,27,33,1,,137,126,146,0.0,0.52,51.1,282.0,59.3,106.6,1,1,,2,-0.36,-0.35,,,,
2023-07-27,27.8,25,31,1,,137,126,146,0.0,0.52,46.7,216.0,39.3,140.9,1,1,,2,-0.35,-0.27,,,,
2023-07-28,19.2,16,29,1,,137,126,146,0.0,0.52,16.3,179.0,14.3,57.8,1,1,,2,-0.34,-0.23,,,,
2023-07-29,24.0,22,26,1,,137,126,146,0.0,0.52,19.7,216.0,2.3,67.7,1,0,,2,-0.34,-0.2,,,,
2023-07-30,22.8,17,29,1,,137,126,146,0.0,0.52,124.5,697.0,131.5,277.3,1,1,,2,-0.31,-0.08,,,,
2023-07-31,28.2,27,31,1,,137,126,146,0.0,0.52,25.6,139.0,36.1,53.4,1,1,,2,-0.28,0.02,,,,
2023-08-01,26.2,23,30,1,,137,126,146,0.0,0.52,58.1,348.0,58.6,131.7,1,1,,2,-0.24,0.15,,,,
2023-08-02,26.7,23,31,1,,137,126,146,0.0,0.52,34.7,254.0,28.0,103.3,1,1,,2,-0.2,0.25,,,,
2023-08-03,28.0,23,32,1,,137,126,146,0.0,0.52,14.0,73.0,11.4,40.2,1,1,,2,-0.17,0.33,,,,
2023-08-04,27.3,26,30,1,,137,126,146,0.0,0.52,30.3,154.0,31.1,64.3,1,1,,2,-0.14,0.39,,,,
2023-08-05,21.1,13,33,1,,137,126,146,0.0,0.52,197.2,1037.0,219.7,426.8,1,1,,2,-0.07,0.54,,,,
2023-08-06,15.2,11,26,1,,137,126,146,0.0,0.52,89.6,406.0,88.7,198.4,1,1,,2,-0.03,0.6,,,,
2023-08-07,22.0,7,34,2,,137,126,146,0.0,0.52,140.6,729.0,155.2,300.8,2,1,,2,0.03,0.71,,,,
2023-08-08,,,,0,,137,126,146,0.0,0.52,,,,,0,,,2,0.08,0.74,,,,
2023-08-09,26.6,19,33,1,,137,126,146,0.0,0.52,121.3,605.0,123.1,265.3,1,1,,2,0.13,0.82,,,,
2023-08-10,,,,0,,137,126,146,0.0,0.52,,,,,0,,,2,0.19,0.88,,,,
2023-08-11,,,,0,,137,126,146,0.0,0.52,,,,,0,,,2,0.24,0.93,,,,
2023-08-12,24.7,21,33,1,,137,126,146,0.0,0.52,23.0,139.0,20.3,53.2,1,1,,2,0.25,0.83,,,,
2023-08-13,25.9,23,31,1,,137,126,146,0.0,0.52,22.1,166.0,15.6,58.4,1,1,,2,0.25,0.7,,,,
2023-08-14,,,,0,,137,126,146,0.0,0.52,,,,,0,,,2,0.21,0.5,,,,
2023-08-15,31.3,30,33,1,,137,126,146,0.0,0.52,17.0,141.0,8.7,44.6,1,1,,2,0.17,0.34,,,,
2023-08-16,28.7,28,31,1,,137,126,146,0.0,0.52,20.4,127.0,17.2,45.7,1,1,,2,0.12,0.13,,,,
2023-08-17,,,,0,,137,126,146,0.0,0.52,,,,,0,,,2,0.06,-0.05,,,,
2023-08-18,29.8,29,31,1,,137,126,146,0.0,0.52,23.3,111.0,31.0,47.0,1,1,,2,0.01,-0.2,,,,
2023-08-19,28.6,27,33,1,,137,126,146,0.0,0.52,25.4,159.0,22.2,57.5,1,1,,2,-0.03,-0.32,,,,
2023-08-20,30.2,29,32,2,,137,126,146,0.0,0.52,9.8,74.0,7.8,30.7,2,1,,2,-0.08,-0.43,,,,
2023-08-21,31.2,30,32,1,,137,126,146,0.0,0.52,31.0,201.0,22.2,72.0,1,1,,2,-0.12,-0.51,,,,
2023-08-22,,,,0,,137,126,146,0.0,0.52,,,,,0,,,2,-0.16,-0.59,,,,
2023-08-23,,,,0,,137,126,146,0.0,0.52,,,,,0,,,2,-0.21,-0.67,,,,
2023-08-24,,,,0,,137,126,146,0.0,0.52,,,,,0,,,2,-0.25,-0.73,,,,
2023-08-25,34.5,31,37,1,,137,126,146,0.0,0.52,48.2,271.0,43.8,117.2,1,1,,2,-0.28,-0.76,,,,
2023-08-26,28.4,25,31,1,,137,126,146,0.0,0.52,83.8,424.0,76.4,195.6,1,1,,2,-0.3,-0.73,,,,
2023-08-27,,,,0,,137,126,146,0.0,0.52,,,,,0,,,2,-0.31,-0.68,,,,
2023-08-28,24.1,22,28,1,,137,126,146,0.0,0.52,13.4,205.0,9.9,57.0,1,1,,2,-0.33,-0.64,,,,
2023-08-29,,,,0,,137,126,146,0.0,0.52,,,,,0,,,2,-0.33,-0.58,,,,
2023-08-30,23.8,19,29,1,,137,126,146,0.0,0.52,44.0,260.0,49.9,102.7,1,1,,2,-0.34,-0.51,,,,
2023-08-31,19.4,17,27,1,,137,126,146,0.0,0.52,4.0,173.0,1.2,42.5,1,1,,2,-0.33,-0.43,,,,
2023-09-01,23.9,21,31,1,,137,126,146,0.0,0.52,24.1,134.0,17.4,65.6,1,1,,2,-0.34,-0.39,,,,
2023-09-02,19.7,17,27,1,,137,126,146,0.0,0.52,75.2,340.0,88.8,157.8,1,1,,2,-0.33,-0.33,,,,
2023-09-03,29.6,27,33,1,,137,126,146,0.0,0.52,0.0,184.0,22.9,132.7,1,1,,2,-0.32,-0.26,,,,
2023-09-04,26.7,23,31,1,,137,126,146,0.0,0.52,35.9,202.0,34.4,79.8,1,1,,2,-0.31,-0.18,,,,
2023-09-05,23.1,21,31,1,,137,126,146,0.0,0.52,15.6,185.0,12.5,53.6,1,1,,2,-0.29,-0.08,,,,
2023-09-06,28.8,27,30,1,,137,126,146,0.0,0.52,24.1,178.0,19.3,63.8,1,1,,2,-0.26,0.02,,,,
2023-09-07,25.4,21,32,1,,137,126,146,0.0,0.52,61.7,326.0,56.5,141.7,1,1,,2,-0.23,0.12,,,,
2023-09-08,20.2,17,30,1,,137,126,146,0.0,0.52,26.8,185.0,21.1,65.5,1,1,,2,-0.2,0.22,,,,
2023-09-09,23.8,22,29,1,,137,126,146,0.0,0.52,31.7,268.0,27.7,99.0,1,1,,2,-0.18,0.26,,,,
2023-09-10,22.2,20,27,1,,137,126,146,0.0,0.52,64.6,340.0,63.6,148.1,1,1,,2,-0.14,0.35,,,,
2023-09-11,22.2,20,29,1,,137,126,146,0.0,0.52,25.1,144.0,27.3,61.4,1,1,,2,-0.12,0.39,,,,
2023-09-12,28.1,25,32,1,,137,126,146,0.0,0.52,44.0,182.0,46.7,99.5,1,1,,2,-0.1,0.42,,,,
2023-09-13,26.3,24,31,1,,137,126,146,0.0,0.52,32.7,183.0,43.4,71.3,1,1,,2,-0.08,0.45,,,,
2023-09-14,20.0,17,29,1,,137,126,146,0.0,0.52,27.9,145.0,28.2,59.3,1,1,,2,-0.07,0.42,,,,
2023-09-15,,,,0,,137,126,146,0.0,0.52,,,,,0,,,2,-0.06,0.4,,,,
2023-09-16,19.5,18,25,1,,137,126,146,0.0,0.52,67.0,331.0,64.0,151.7,1,1,,2,-0.05,0.39,,,,
2023-09-17,23.1,21,28,2,,137,126,146,0.0,0.52,16.5,292.0,10.5,86.1,2,1,,2,-0.04,0.35,,,,
2023-09-18,,,,0,,137,126,146,0.0,0.52,,,,,0,,,2,-0.04,0.33,,,,
2023-09-19,25.6,25,31,1,,137,126,146,0.0,0.52,26.1,212.0,25.4,69.5,1,1,,2,-0.03,0.3,,,,
2023-09-20,20.6,18,32,1,,137,126,146,0.0,0.52,20.1,149.0,20.3,51.2,1,1,,2,-0.03,0.27,,,,
2023-09-21,21.5,17,27,1,,137,126,146,0.0,0.52,38.5,210.0,37.6,88.0,1,1,,2,-0.03,0.25,,,,
2023-09-22,20.6,19,29,1,,137,126,146,0.0,0.52,20.0,181.0,15.0,57.5,1,1,,2,-0.02,0.23,,,,
2023-09-23,20.9,18,27,1,,137,126,146,0.0,0.52,44.6,261.0,48.7,98.1,1,1,,2,-0.03,0.19,,,,
2023-09-24,20.9,15,27,1,,137,126,146,0.0,0.52,60.0,389.0,61.6,169.9,1,1,,2,-0.03,0.15,,,,
2023-09-25,21.6,16,29,1,,137,126,146,0.0,0.52,39.8,259.0,43.7,106.6,1,1,,2,-0.03,0.11,,,,
2023-09-26,27.7,27,29,1,,137,126,146,0.0,0.52,23.9,165.0,17.6,60.4,1,1,,2,-0.04,0.07,,,,
2023-09-27,25.4,21,29,1,,137,126,146,0.0,0.52,50.5,283.0,49.9,112.8,1,1,,2,-0.04,0.07,,,,
2023-09-28,25.6,22,29,1,,137,126,146,0.0,0.52,38.2,195.0,44.3,82.2,1,1,,2,-0.04,0.08,,,,
2023-09-29,17.4,14,28,1,,137,126,146,0.0,0.52,14.4,207.0,10.3,65.4,1,1,,2,-0.03,0.09,,,,
2023-09-30,21.6,19,26,1,,137,126,146,0.0,0.52,71.5,377.0,70.9,161.7,1,1,,2,-0.01,0.14,,,,
2023-10-01,18.7,16,28,1,,137,126,146,0.0,0.52,15.4,177.0,13.9,58.9,1,1,,2,-0.0,0.16,,,,
2023-10-02,24.0,19,32,2,,137,126,146,0.0,0.52,43.4,310.0,40.0,116.3,2,1,,2,0.01,0.18,,,,
2023-10-03,21.0,19,28,1,,137,126,146,0.0,0.52,25.0,150.0,29.2,51.8,1,1,,2,0.02,0.2,,,,
2023-10-04,,,,0,,137,126,146,0.0,0.52,,,,,0,,,2,0.02,0.17,,,,
2023-10-05,24.6,19,28,1,,137,126,146,0.0,0.52,58.4,290.0,59.0,139.4,1,1,,2,0.02,0.15,,,,
2023-10-06,22.4,17,28,1,,137,126,146,0.0,0.52,52.8,271.0,47.8,121.5,1,1,,2,0.02,0.13,,,,
2023-10-07,19.8,16,28,1,,137,126,146,0.0,0.52,140.5,610.0,137.6,343.8,1,1,,2,0.02,0.11,,,,
2023-10-08,22.8,22,25,1,,137,126,146,0.0,0.52,18.3,160.0,11.2,54.7,1,1,,2,0.02,0.1,,,,
2023-10-09,21.7,19,27,1,,137,126,146,0.0,0.52,21.2,137.0,21.3,63.2,1,1,,2,0.02,0.07,,,,
2023-10-10,24.7,23,28,1,,137,126,146,0.0,0.52,24.0,148.0,25.6,51.3,1,1,,2,0.01,0.05,,,,
2023-10-11,18.7,16,29,1,,137,126,146,0.0,0.52,34.4,151.0,56.5,68.1,1,1,,2,0.01,0.05,,,,
2023-10-12,20.0,17,27,1,,137,126,146,0.0,0.52,72.5,294.0,73.8,180.7,1,1,,2,0.01,0.03,,,,
2023-10-13,23.0,22,27,1,,137,126,146,0.0,0.52,25.5,152.0,21.9,58.5,1,1,,2,0.01,0.01,,,,
2023-10-14,19.2,14,27,1,,137,126,146,0.0,0.52,86.4,312.0,88.9,195.4,1,1,,2,-0.01,-0.04,,,,
2023-10-15,21.3,20,24,1,,137,126,146,0.0,0.52,15.1,130.0,12.5,36.5,1,1,,2,-0.02,-0.09,,,,
2023-10-16,15.0,13,27,1,,137,126,146,0.0,0.52,19.4,208.0,18.7,66.7,1,1,,2,-0.03,-0.12,,,,
2023-10-17,19.2,17,26,1,,137,126,146,0.0,0.52,34.2,219.0,27.7,81.9,1,1,,2,-0.04,-0.13,,,,
2023-10-18,15.3,13,25,1,,137,126,146,0.0,0.52,42.3,277.0,37.2,107.9,1,1,,2,-0.04,-0.12,,,,
2023-10-19,,,,0,,137,126,146,0.0,0.52,,,,,0,,,2,-0.04,-0.11,,,,
2023-10-20,18.8,16,26,1,,137,126,146,0.0,0.52,34.0,163.0,33.1,73.3,1,1,,2,-0.05,-0.11,,,,
2023-10-21,17.9,15,26,1,,137,126,146,0.0,0.52,41.3,191.0,54.1,83.7,1,1,,2,-0.05,-0.13,,,,
2023-10-22,21.2,16,28,2,,137,126,146,0.0,0.52,75.5,426.0,93.7,242.8,2,1,,2,-0.05,-0.11,,,,
2023-10-23,20.1,16,26,1,,137,126,146,0.0,0.52,24.1,123.0,21.1,80.2,1,1,,2,-0.06,-0.11,,,,
2023-10-24,16.4,14,26,1,,137,126,146,0.0,0.52,15.3,207.0,7.6,64.7,1,1,,2,-0.07,-0.13,,,,
2023-10-25,20.5,16,27,1,,137,126,146,0.0,0.52,49.0,287.0,40.5,140.2,1,1,,2,-0.07,-0.12,,,,
2023-10-26,15.8,12,28,1,,137,126,146,0.0,0.52,17.8,171.0,11.0,58.3,1,1,,2,-0.07,-0.13,,,,
2023-10-27,,,,0,,137,126,146,0.0,0.52,,,,,0,,,2,-0.08,-0.15,,,,
2023-10-28,,,,0,,137,126,146,0.0,0.52,,,,,0,,,2,-0.09,-0.16,,,,
2023-10-29,17.2,14,31,1,,137,126,146,0.0,0.52,17.5,131.0,10.5,45.5,1,1,,2,-0.1,-0.2,,,,
2023-10-30,20.8,18,33,1,,137,126,146,0.0,0.52,32.2,134.0,42.7,65.2,1,1,,2,-0.11,-0.23,,,,
2023-10-31,22.0,19,32,2,,137,126,146,0.0,0.52,48.6,342.0,33.0,120.2,2,1,,2,-0.12,-0.24,,,,
2023-11-01,,,,0,,137,126,146,0.0,0.52,,,,,0,,,2,-0.14,-0.29,,,,
2023-11-02,22.5,19,29,1,,137,126,146,0.0,0.52,41.1,361.0,32.1,122.1,1,1,,2,-0.16,-0.31,,,,
2023-11-03,20.5,17,30,1,,137,126,146,0.0,0.52,29.7,150.0,26.5,70.4,1,1,,2,-0.16,-0.3,,,,
2023-11-04,20.6,19,26,1,,137,126,146,0.0,0.52,20.8,132.0,12.6,54.1,1,1,,2,-0.16,-0.25,,,,
2023-11-05,,,,0,,137,126,146,0.0,0.52,,,,,0,,,2,-0.16,-0.22,,,,
2023-11-06,13.1,9,23,1,,137,126,146,0.0,0.52,24.1,196.0,18.8,74.7,1,1,,2,-0.16,-0.19,,,,
2023-11-07,17.0,14,25,1,,137,126,146,0.0,0.52,15.4,200.0,19.5,61.9,1,1,,2,-0.16,-0.18,,,,
2023-11-08,17.6,11,29,1,,137,126,146,0.0,0.52,45.9,299.0,47.3,117.3,1,1,,2,-0.15,-0.13,,,,
2023-11-09,13.3,11,23,1,,137,126,146,0.0,0.52,36.0,144.0,35.0,86.8,1,1,,2,-0.16,-0.13,,,,
2023-11-10,13.2,10,24,1,,137,126,146,0.0,0.52,25.2,184.0,11.1,64.6,1,1,,2,-0.16,-0.13,,,,
2023-11-11,16.5,12,24,1,,137,126,146,0.0,0.52,68.8,262.0,72.7,151.4,1,1,,2,-0.16,-0.1,,,,
2023-11-12,18.4,15,24,1,,137,126,146,0.0,0.52,10.5,137.0,10.3,43.5,1,1,,2,-0.15,-0.05,,,,
2023-11-13,17.7,13,27,1,,137,126,146,0.0,0.52,44.3,297.0,51.3,115.0,1,1,,2,-0.14,-0.0,,,,
2023-11-14,18.2,15,24,1,,137,126,146,0.0,0.52,27.7,154.0,28.4,59.5,1,1,,2,-0.13,0.03,,,,
2023-11-15,,,,0,,137,126,146,0.0,0.52,,,,,0,,,2,-0.12,0.05,,,,
2023-11-16,17.4,14,27,1,,137,126,146,0.0,0.52,43.8,276.0,38.5,113.4,1,1,,2,-0.11,0.09,,,,
2023-11-17,22.4,19,27,1,,137,126,146,0.0,0.52,20.1,188.0,9.2,60.8,1,0,,2,-0.1,0.12,,,,
2023-11-18,15.2,11,25,1,,137,126,146,0.0,0.52,84.0,485.0,100.4,182.1,1,1,,2,-0.09,0.18,,,,
2023-11-19,12.2,9,25,1,,137,126,146,0.0,0.52,14.9,181.0,16.9,58.4,1,1,,2,-0.07,0.25,,,,
2023-11-20,15.6,11,28,1,,137,126,146,0.0,0.52,36.4,253.0,31.0,113.3,1,1,,2,-0.05,0.29,,,,
2023-11-21,17.1,12,24,1,,137,126,146,0.0,0.52,20.9,167.0,16.1,57.1,1,1,,2,-0.03,0.34,,,,
2023-11-22,18.6,14,27,1,,137,126,146,0.0,0.52,37.0,211.0,39.8,80.0,1,1,,2,-0.01,0.39,,,,
2023-11-23,16.9,12,25,1,,137,126,146,0.0,0.52,23.2,155.0,21.4,58.2,1,1,,2,0.01,0.43,,,,
2023-11-24,16.3,10,27,1,,137,126,146,0.0,0.52,46.7,259.0,42.9,118.9,1,1,,2,0.03,0.45,,,,
2023-11-25,15.1,11,24,1,,137,126,146,0.0,0.52,53.2,203.0,57.2,112.9,1,1,,2,0.03,0.39,,,,
2023-11-26,19.4,16,24,1,,137,126,146,0.0,0.52,49.1,259.0,58.4,104.5,1,1,,2,0.03,0.34,,,,
2023-11-27,,,,0,,137,126,146,0.0,0.52,,,,,0,,,2,0.03,0.3,,,,
2023-11-28,15.4,12,22,1,,137,126,146,0.0,0.52,28.6,148.0,24.9,81.3,1,1,,2,0.03,0.26,,,,
2023-11-29,,,,0,,137,126,146,0.0,0.52,,,,,0,,,2,0.03,0.21,,,,
2023-11-30,,,,0,,137,126,146,0.0,0.52,,,,,0,,,2,0.02,0.17,,,,
2023-12-01,15.5,8,28,1,,137,126,146,0.0,0.52,14.3,178.0,12.3,52.4,1,1,,2,0.02,0.14,,,,
2023-12-02,10.3,7,22,1,,137,126,146,0.0,0.52,27.4,321.0,18.5,105.7,1,1,,2,0.02,0.12,,,,
2023-12-03,17.2,7,28,1,,137,126,146,0.0,0.52,39.2,257.0,45.9,182.3,1,1,,2,0.02,0.09,,,,
2023-12-04,,,,0,,137,126,146,0.0,0.52,,,,,0,,,2,0.01,0.06,,,,
2023-12-05,10.0,6,26,1,,137,126,146,0.0,0.52,14.2,156.0,10.9,47.6,1,1,,2,0.01,0.04,,,,
2023-12-06,,,,0,,137,126,146,0.0,0.52,,,,,0,,,2,0.0,0.0,,,,
2023-12-07,18.8,15,24,1,,137,126,146,0.0,0.52,36.9,211.0,34.4,82.5,1,1,,2,-0.0,-0.02,,,,
2023-12-08,7.9,5,19,1,,137,126,146,0.0,0.52,37.7,461.0,13.6,149.3,1,1,,2,0.0,-0.01,,,,
2023-12-09,13.3,10,24,1,,137,126,146,0.0,0.52,55.4,157.0,52.7,124.8,1,1,,2,0.0,-0.01,,,,
2023-12-10,7.1,-1,19,1,,137,126,146,0.0,0.52,0.0,194.0,23.9,151.0,1,1,,2,-0.0,-0.03,,,,
2023-12-11,14.0,9,23,1,,137,126,146,0.0,0.52,0.0,62.0,11.3,74.8,1,0,,2,-0.01,-0.07,,,,
2023-12-12,16.7,13,26,1,,137,126,146,0.0,0.52,14.9,105.0,12.8,69.5,1,1,,2,-0.02,-0.11,,,,
2023-12-13,,,,0,,137,126,146,0.0,0.52,,,,,0,,,2,-0.03,-0.11,,,,
2023-12-14,16.9,14,26,1,,137,126,146,0.0,0.52,19.7,170.0,20.0,59.2,1,1,,2,-0.03,-0.13,,,,
2023-12-15,16.4,9,27,1,,137,126,146,0.0,0.52,22.9,145.0,23.5,78.0,1,1,,2,-0.06,-0.21,,,,
2023-12-16,14.1,11,25,1,,137,126,146,0.0,0.52,22.8,390.0,16.5,114.0,1,1,,2,-0.06,-0.22,,,,
2023-12-17,15.3,9,23,1,,137,126,146,0.0,0.52,45.4,290.0,38.8,108.4,1,1,,2,-0.06,-0.19,,,,
2023-12-18,13.6,10,24,1,,137,126,146,0.0,0.52,18.3,208.0,19.2,63.5,1,1,,2,-0.06,-0.13,,,,
2023-12-19,18.7,15,28,1,,137,126,146,0.0,0.52,30.1,231.0,24.1,79.1,1,1,,2,-0.04,-0.04,,,,
2023-12-20,12.7,9,26,1,,137,126,146,0.0,0.52,50.6,302.0,52.0,127.2,1,1,,2,-0.02,0.04,,,,
2023-12-21,12.3,9,24,1,,137,126,146,0.0,0.52,12.5,191.0,10.9,58.5,1,1,,2,-0.0,0.12,,,,
2023-12-22,16.2,12,25,2,,137,126,146,0.0,0.52,23.6,342.0,14.8,106.4,2,0,,2,0.02,0.22,,,,
2023-12-23,15.2,10,25,1,,137,126,146,0.0,0.52,90.9,599.0,86.5,216.9,1,1,,2,0.05,0.33,,,,
2023-12-24,17.4,13,23,1,,137,126,146,0.0,0.52,76.0,398.0,71.5,190.8,1,1,,2,0.08,0.4,,,,
2023-12-25,17.9,14,26,1,,137,126,146,0.0,0.52,0.0,86.0,9.4,50.5,1,1,,2,0.11,0.44,,,,
2023-12-26,18.9,15,25,1,,137,126,146,0.0,0.52,174.3,503.0,183.9,381.4,1,1,,2,0.14,0.49,,,,
2023-12-27,18.3,11,26,1,,137,126,146,0.0,0.52,203.1,609.0,195.4,461.5,1,1,,2,0.17,0.57,,,,
2023-12-28,14.1,12,22,1,,137,126,146,0.0,0.52,31.9,163.0,37.7,67.0,1,1,,2,0.21,0.62,,,,
2023-12-29,12.7,7,22,1,,137,126,146,0.0,0.52,70.4,284.0,59.3,191.9,1,1,,2,0.24,0.65,,,,
2023-12-30,14.1,10,22,1,,137,126,146,0.0,0.52,79.2,296.0,78.3,192.7,1,1,,2,0.25,0.59,,,,
2023-12-31,10.6,9,23,1,,137,126,146,0.0,0.52,25.0,279.0,15.3,86.9,1,1,,2,0.25,0.53,,,,
2024-01-01,17.0,12,29,2,,137,126,146,0.0,0.52,85.0,305.0,75.2,218.3,2,1,,2,0.27,0.51,,,,
2024-01-02,,,,0,,137,126,146,0.0,0.52,,,,,0,,,2,0.26,0.42,,,,
2024-01-03,15.8,13,28,1,,137,126,146,0.0,0.52,30.0,156.0,28.7,65.2,1,1,,2,0.24,0.27,,,,
2024-01-04,13.3,9,24,1,,137,126,146,0.0,0.52,0.0,169.0,21.4,120.9,1,1,,2,0.21,0.14,,,,
2024-01-05,13.1,7,27,2,,137,126,146,0.0,0.52,22.4,238.0,18.4,88.6,2,0,,2,0.19,0.03,,,,
2024-01-06,14.0,11,25,1,,137,126,146,0.0,0.52,56.5,236.0,49.6,149.0,1,1,,2,0.16,-0.08,,,,
2024-01-07,10.4,2,22,1,,137,126,146,0.0,0.52,0.0,233.0,29.4,166.2,1,1,,2,0.13,-0.19,,,,
2024-01-08,15.4,12,27,1,,137,126,146,0.0,0.52,44.7,186.0,39.0,106.6,1,1,,2,0.09,-0.31,,,,
2024-01-09,10.6,8,24,1,,137,126,146,0.0,0.52,18.9,206.0,9.7,65.2,1,1,,2,0.06,-0.39,,,,
2024-01-10,9.9,6,25,1,,137,126,146,0.0,0.52,19.6,206.0,11.7,66.0,1,1,,2,0.03,-0.45,,,,
2024-01-11,10.4,7,23,1,,137,126,146,0.0,0.52,46.3,233.0,48.2,110.9,1,1,,2,0.01,-0.48,,,,
2024-01-12,15.6,14,24,1,,137,126,146,0.0,0.52,18.1,192.0,7.2,60.8,1,1,,2,-0.02,-0.52,,,,
2024-01-13,12.2,6,28,2,,137,126,146,0.0,0.52,77.6,475.0,53.0,207.6,2,1,,2,-0.03,-0.5,,,,
2024-01-14,,,,0,,137,126,146,0.0,0.52,,,,,0,,,2,-0.04,-0.46,,,,
2024-01-15,7.3,4,24,1,,137,126,146,0.0,0.52,13.5,375.0,12.3,99.8,1,1,,2,-0.03,-0.39,,,,
2024-01-16,11.5,8,26,1,,137,126,146,0.0,0.52,15.5,135.0,11.4,43.0,1,1,,2,-0.03,-0.34,,,,
2024-01-17,13.3,10,30,1,,137,126,146,0.0,0.52,4.8,196.0,1.7,46.5,1,0,,2,-0.03,-0.29,,,,
2024-01-18,15.3,12,25,1,,137,126,146,0.0,0.52,39.9,220.0,43.2,105.0,1,1,,2,-0.03,-0.25,,,,
2024-01-19,15.7,11,26,2,,137,126,146,0.0,0.52,51.3,322.0,49.5,143.0,2,1,,2,-0.03,-0.2,,,,
2024-01-20,11.2,6,19,1,,137,126,146,0.0,0.52,0.0,181.0,23.9,158.8,1,0,,2,-0.03,-0.18,,,,
2024-01-21,6.4,3,23,1,,137,126,146,0.0,0.52,20.9,480.0,11.2,131.2,1,0,,2,-0.03,-0.14,,,,
2024-01-22,16.9,11,29,1,,137,126,146,0.0,0.52,44.2,223.0,45.5,103.7,1,1,,2,-0.03,-0.14,,,,
2024-01-23,15.1,11,26,2,,137,126,146,0.0,0.52,54.4,279.0,53.1,132.0,2,1,,2,-0.03,-0.11,,,,
2024-01-24,12.8,11,24,1,,137,126,146,0.0,0.52,20.2,185.0,18.9,63.4,1,1,,2,-0.02,-0.07,,,,
2024-01-25,,,,0,,137,126,146,0.0,0.52,,,,,0,,,2,-0.02,-0.06,,,,
2024-01-26,15.9,12,23,1,,137,126,146,0.0,0.52,33.6,137.0,26.8,100.6,1,1,,2,-0.03,-0.07,,,,
2024-01-27,11.0,10,14,1,,137,126,146,0.0,0.52,7.8,253.0,3.0,60.9,1,1,,2,-0.02,-0.05,,,,
2024-01-28,9.9,7,17,2,,137,126,146,0.0,0.52,0.0,129.0,17.3,107.8,2,0,,2,-0.04,-0.09,,,,
2024-01-29,10.4,4,24,1,,137,126,146,0.0,0.52,45.0,225.0,47.1,105.2,1,1,,2,-0.05,-0.12,,,,
2024-01-30,17.1,13,27,1,,137,126,146,0.0,0.52,30.5,185.0,36.6,64.6,1,1,,2,-0.06,-0.17,,,,
2024-01-31,17.7,14,29,1,,137,126,146,0.0,0.52,31.4,167.0,40.0,63.9,1,1,,2,-0.08,-0.22,,,,
2024-02-01,13.3,11,24,2,,137,126,146,0.0,0.52,22.4,357.0,15.4,144.5,2,0,,2,-0.09,-0.22,,,,
2024-02-02,18.7,13,23,1,,137,126,146,0.0,0.52,46.9,204.0,33.9,135.3,1,1,,2,-0.09,-0.23,,,,
2024-02-03,16.5,14,24,1,,137,126,146,0.0,0.52,10.3,200.0,7.1,52.3,1,1,,2,-0.1,-0.25,,,,
2024-02-04,16.0,6,26,1,,137,126,146,0.0,0.52,96.4,570.0,99.4,219.9,1,1,,2,-0.09,-0.17,,,,
2024-02-05,18.4,10,27,1,,137,126,146,0.0,0.52,42.0,230.0,38.9,98.9,1,1,,2,-0.08,-0.1,,,,
2024-02-06,14.6,12,26,1,,137,126,146,0.0,0.52,28.3,209.0,15.6,75.5,1,1,,2,-0.07,-0.04,,,,
2024-02-07,16.5,14,25,1,,137,126,146,0.0,0.52,36.6,161.0,55.8,73.5,1,1,,2,-0.06,0.03,,,,
2024-02-08,14.9,12,25,1,,137,126,146,0.0,0.52,33.0,177.0,40.3,69.0,1,1,,2,-0.05,0.05,,,,
2024-02-09,,,,0,,137,126,146,0.0,0.52,,,,,0,,,2,-0.04,0.11,,,,
2024-02-10,,,,0,,137,126,146,0.0,0.52,,,,,0,,,2,-0.02,0.14,,,,
2024-02-11,13.5,6,23,1,,137,126,146,0.0,0.52,0.0,135.0,18.6,123.7,1,0,,2,-0.04,0.07,,,,
2024-02-12,13.9,10,21,1,,137,126,146,0.0,0.52,59.2,316.0,44.5,172.4,1,1,,2,-0.05,0.02,,,,
2024-02-13,18.9,15,28,1,,137,126,146,0.0,0.52,18.4,187.0,8.2,61.9,1,1,,2,-0.06,-0.03,,,,
2024-02-14,18.8,12,28,1,,137,126,146,0.0,0.52,41.0,213.0,34.1,103.2,1,1,,2,-0.07,-0.07,,,,
2024-02-15,19.2,11,28,2,,137,126,146,0.0,0.52,42.9,280.0,56.3,147.8,2,0,,2,-0.07,-0.09,,,,
2024-02-16,16.4,12,25,1,,137,126,146,0.0,0.52,21.2,181.0,17.5,63.2,1,1,,2,-0.08,-0.11,,,,
2024-02-17,17.3,8,27,1,,137,126,146,0.0,0.52,0.0,248.0,29.2,176.8,1,1,,2,-0.09,-0.12,,,,
2024-02-18,9.6,6,30,1,,137,126,146,0.0,0.52,5.4,266.0,3.3,65.2,1,0,,2,-0.08,-0.09,,,,
2024-02-19,16.4,10,27,1,,137,126,146,0.0,0.52,36.3,269.0,29.2,100.8,1,1,,2,-0.08,-0.07,,,,
2024-02-20,14.7,12,25,1,,137,126,146,0.0,0.52,20.3,193.0,15.7,62.9,1,1,,2,-0.08,-0.05,,,,
2024-02-21,18.7,11,30,1,,137,126,146,0.0,0.52,44.7,178.0,45.0,98.3,1,1,,2,-0.08,-0.03,,,,
2024-02-22,13.7,11,21,1,,137,126,146,0.0,0.52,21.1,231.0,17.3,75.0,1,1,,2,-0.07,-0.02,,,,
2024-02-23,,,,0,,137,126,146,0.0,0.52,,,,,0,,,2,-0.07,-0.01,,,,
2024-02-24,13.2,10,25,1,,137,126,146,0.0,0.52,64.6,368.0,77.8,138.3,1,1,,2,-0.06,0.02,,,,
2024-02-25,13.7,10,26,1,,137,126,146,0.0,0.52,31.7,323.0,21.0,110.3,1,1,,2,-0.06,0.05,,,,
2024-02-26,10.4,7,27,1,,137,126,146,0.0,0.52,15.1,136.0,8.2,41.2,1,1,,2,-0.05,0.07,,,,
2024-02-27,,,,0,,137,126,146,0.0,0.52,,,,,0,,,2,-0.04,0.09,,,,
2024-02-28,17.8,14,27,1,,137,126,146,0.0,0.52,45.8,225.0,49.7,98.2,1,1,,2,-0.04,0.11,,,,
2024-02-29,17.9,14,26,1,,137,126,146,0.0,0.52,40.7,247.0,39.4,98.1,1,1,,2,-0.03,0.13,,,,
2024-03-01,,,,0,,137,126,146,0.0,0.52,,,,,0,,,2,-0.02,0.14,,,,
2024-03-02,11.2,9,23,1,,137,126,146,0.0,0.52,17.2,316.0,8.0,78.8,1,1,,2,-0.02,0.14,,,,
2024-03-03,16.4,14,19,1,,137,126,146,0.0,0.52,78.1,249.0,78.8,180.5,1,1,,2,-0.01,0.14,,,,
2024-03-04,15.8,12,25,2,,137,126,146,0.0,0.52,43.4,229.0,45.4,103.0,2,1,,2,-0.01,0.16,,,,
2024-03-05,11.1,9,22,1,,137,126,146,0.0,0.52,5.4,244.0,2.4,63.5,1,0,,2,-0.0,0.16,,,,
2024-03-06,18.2,15,24,1,,137,126,146,0.0,0.52,24.6,171.0,18.1,63.0,1,1,,2,0.0,0.17,,,,
2024-03-07,17.2,10,23,1,,137,126,146,0.0,0.52,27.3,235.0,18.5,82.2,1,1,,2,0.01,0.18,,,,
2024-03-08,15.2,11,28,1,,137,126,146,0.0,0.52,41.4,249.0,38.4,102.4,1,1,,2,0.02,0.19,,,,
2024-03-09,,,,0,,137,126,146,0.0,0.52,,,,,0,,,2,0.02,0.18,,,,
2024-03-10,18.0,15,25,1,,137,126,146,0.0,0.52,31.9,358.0,24.6,109.7,1,1,,2,0.03,0.18,,,,
2024-03-11,24.8,22,30,1,,137,126,146,0.0,0.52,27.7,136.0,29.1,59.0,1,1,,2,0.03,0.17,,,,
2024-03-12,16.4,14,27,1,,137,126,146,0.0,0.52,27.8,141.0,36.2,56.3,1,1,,2,0.03,0.15,,,,
2024-03-13,18.6,13,28,1,,137,126,146,0.0,0.52,42.6,216.0,47.7,99.2,1,1,,2,0.03,0.12,,,,
2024-03-14,20.8,19,24,1,,137,126,146,0.0,0.52,25.6,189.0,13.8,66.1,1,1,,2,0.03,0.09,,,,
2024-03-15,15.4,14,23,1,,137,126,146,0.0,0.52,27.5,185.0,26.8,62.9,1,1,,2,0.02,0.05,,,,
2024-03-16,19.3,15,25,1,,137,126,146,0.0,0.52,90.0,498.0,99.7,197.3,1,1,,2,0.03,0.06,,,,
2024-03-17,16.2,12,21,1,,137,126,146,0.0,0.52,24.5,473.0,16.4,133.7,1,1,,2,0.03,0.09,,,,
2024-03-18,18.3,14,29,1,,137,126,146,0.0,0.52,38.1,228.0,31.9,102.8,1,1,,2,0.05,0.12,,,,
2024-03-19,22.8,20,26,1,,137,126,146,0.0,0.52,30.0,157.0,38.0,65.4,1,1,,2,0.06,0.15,,,,
2024-03-20,20.8,15,28,1,,137,126,146,0.0,0.52,43.3,188.0,44.0,102.0,1,1,,2,0.07,0.18,,,,
2024-03-21,12.5,10,24,1,,137,126,146,0.0,0.52,12.2,211.0,13.4,63.1,1,1,,2,0.08,0.21,,,,
2024-03-22,15.6,14,21,1,,137,126,146,0.0,0.52,14.7,110.0,13.8,31.6,1,1,,2,0.09,0.22,,,,
2024-03-23,19.2,17,22,1,,137,126,146,0.0,0.52,3.6,25.0,3.3,9.7,1,1,,2,0.08,0.14,,,,
2024-03-24,17.3,15,21,1,,137,126,146,0.0,0.52,11.7,320.0,8.1,76.5,1,1,,2,0.06,0.05,,,,
2024-03-25,11.3,9,20,1,,137,126,146,0.0,0.52,24.8,135.0,25.9,55.3,1,1,,2,0.04,-0.03,,,,
2024-03-26,16.1,13,27,1,,137,126,146,0.0,0.52,22.9,180.0,17.2,63.6,1,1,,2,0.03,-0.09,,,,
2024-03-27,,,,0,,137,126,146,0.0,0.52,,,,,0,,,2,0.02,-0.14,,,,
2024-03-28,,,,0,,137,126,146,0.0,0.52,,,,,0,,,2,-0.0,-0.18,,,,
2024-03-29,17.4,14,25,2,,137,126,146,0.0,0.52,41.7,305.0,29.7,112.5,2,1,,2,-0.01,-0.2,,,,
2024-03-30,17.3,15,23,1,,137,126,146,0.0,0.52,100.0,702.0,76.7,264.7,1,1,,2,0.01,-0.1,,,,
2024-03-31,13.1,10,24,1,,137,126,146,0.0,0.52,11.9,,6.6,71.7,1,1,,2,0.02,-0.02,,,,
2024-04-01,15.3,12,24,1,,137,126,146,0.0,0.52,44.2,,47.9,115.1,1,1,,2,0.04,0.04,,,,
2024-04-02,21.3,19,25,1,,137,126,146,0.0,0.52,31.2,182.0,27.2,70.7,1,1,,2,0.05,0.09,,,,
2024-04-03,17.5,13,26,1,,137,126,146,0.0,0.52,35.6,203.0,38.7,78.8,1,1,,2,0.07,0.14,,,,
2024-04-04,20.8,18,25,1,,137,126,146,0.0,0.52,65.8,353.0,73.2,142.2,1,1,,2,0.09,0.21,,,,
2024-04-05,15.7,12,30,1,,137,126,146,0.0,0.52,18.5,138.0,17.0,46.5,1,1,,2,0.11,0.25,,,,
2024-04-06,17.3,13,26,1,,137,126,146,0.0,0.52,96.7,404.0,97.1,219.6,1,1,,2,0.11,0.22,,,,
2024-04-07,19.9,14,27,1,,137,126,146,0.0,0.52,68.9,264.0,73.2,168.3,1,1,,2,0.11,0.19,,,,
2024-04-08,20.4,17,28,1,,137,126,146,0.0,0.52,17.7,141.0,16.8,46.8,1,1,,2,0.11,0.16,,,,
2024-04-09,17.1,14,28,1,,137,126,146,0.0,0.52,22.6,190.0,16.9,67.2,1,1,,2,0.11,0.14,,,,
2024-04-10,,,,0,,137,126,146,0.0,0.52,,,,,0,,,2,0.11,0.12,,,,
2024-04-11,,,,0,,137,126,146,0.0,0.52,,,,,0,,,2,0.09,0.04,,,,
2024-04-12,18.0,16,28,1,,137,126,146,0.0,0.52,32.5,167.0,35.3,68.8,1,1,,2,0.08,-0.03,,,,
2024-04-13,17.2,14,29,1,,137,126,146,0.0,0.52,32.5,172.0,33.1,72.9,1,1,,2,0.06,-0.11,,,,
2024-04-14,,,,0,,137,126,146,0.0,0.52,,,,,0,,,2,0.03,-0.2,,,,
2024-04-15,23.6,21,27,1,,137,126,146,0.0,0.52,29.4,655.0,5.3,175.9,1,0,,2,0.02,-0.21,,,,
2024-04-16,,,,0,,137,126,146,0.0,0.52,,,,,0,,,2,0.0,-0.24,,,,
2024-04-17,20.0,17,26,1,,137,126,146,0.0,0.52,38.7,149.0,35.5,97.0,1,1,,2,-0.01,-0.28,,,,
2024-04-18,,,,0,,137,126,146,0.0,0.52,,,,,0,,,2,-0.03,-0.3,,,,
2024-04-19,20.6,17,28,1,,137,126,146,0.0,0.52,68.2,316.0,82.2,161.5,1,1,,2,-0.04,-0.31,,,,
2024-04-20,15.5,13,25,1,,137,126,146,0.0,0.52,44.1,219.0,45.7,107.3,1,1,,2,-0.05,-0.31,,,,
2024-04-21,18.3,15,25,1,,137,126,146,0.0,0.52,0.1,69.0,7.5,38.6,1,1,,2,-0.05,-0.29,,,,
2024-04-22,,,,0,,137,126,146,0.0,0.52,1.5,110.0,8.7,43.5,1,1,,2,-0.08,-0.37,,,,
2024-04-23,12.5,9,26,1,,137,126,146,0.0,0.52,21.1,126.0,16.1,50.7,1,1,,2,-0.1,-0.42,,,,
2024-04-24,14.4,11,27,1,,137,126,146,0.0,0.52,9.5,55.0,7.9,27.1,1,1,,2,-0.13,-0.47,,,,
2024-04-25,,,,0,,137,126,146,0.0,0.52,,,,,0,,,2,-0.15,-0.51,,,,
2024-04-26,17.6,14,25,1,,137,126,146,0.0,0.52,22.1,92.0,17.3,56.5,1,1,,2,-0.18,-0.57,,,,
2024-04-27,11.3,8,25,1,,137,126,146,0.0,0.52,25.0,161.0,23.2,121.7,1,1,,2,-0.2,-0.61,,,,
2024-04-28,,,,0,,137,126,146,0.0,0.52,,,,,0,,,2,-0.22,-0.63,,,,
2024-04-29,21.8,15,28,1,,137,126,146,0.0,0.52,38.9,221.0,38.5,99.0,1,1,,2,-0.24,-0.63,,,,
2024-04-30,25.7,22,32,1,,137,126,146,0.0,0.52,55.4,287.0,55.8,147.3,1,1,,2,-0.25,-0.61,,,,
2024-05-01,18.3,15,26,1,,137,126,146,0.0,0.52,69.4,344.0,68.2,167.1,1,1,,2,-0.25,-0.55,,,,
2024-05-02,19.2,16,28,1,,137,126,146,0.0,0.52,25.6,110.0,34.0,52.2,1,1,,2,-0.24,-0.46,,,,
2024-05-03,,,,0,,137,126,146,0.0,0.52,,,,,0,,,2,-0.24,-0.39,,,,
2024-05-04,18.9,16,25,1,,137,126,146,0.0,0.52,114.2,470.0,115.2,269.9,1,1,,2,-0.22,-0.27,,,,
2024-05-05,18.4,12,27,1,,137,126,146,0.0,0.52,132.9,489.0,139.5,305.9,1,1,,2,-0.19,-0.08,,,,
2024-05-06,20.0,17,28,1,,137,126,146,0.0,0.52,44.5,283.0,36.9,121.4,1,1,,2,-0.16,0.09,,,,
2024-05-07,20.3,18,27,1,,137,126,146,0.0,0.52,32.8,136.0,44.3,65.8,1,1,,2,-0.13,0.21,,,,
2024-05-08,14.3,11,24,1,,137,126,146,0.0,0.52,41.5,185.0,43.7,99.1,1,1,,2,-0.11,0.28,,,,
2024-05-09,18.8,15,25,2,,137,126,146,0.0,0.52,52.7,315.0,40.2,143.9,2,1,,2,-0.08,0.36,,,,
2024-05-10,23.3,17,29,1,,137,126,146,0.0,0.52,52.7,272.0,56.8,139.7,1,1,,2,-0.05,0.46,,,,
2024-05-11,20.8,18,27,1,,137,126,146,0.0,0.52,75.0,325.0,66.4,184.3,1,1,,2,-0.03,0.51,,,,
2024-05-12,23.3,17,33,1,,137,126,146,0.0,0.52,113.6,613.0,109.7,326.1,1,1,,2,-0.01,0.53,,,,
2024-05-13,22.3,16,29,2,,137,126,146,0.0,0.52,40.0,242.0,36.7,116.9,2,0,,2,0.01,0.56,,,,
2024-05-14,17.3,12,26,2,,137,126,146,0.0,0.52,64.5,305.0,65.0,161.9,2,1,,2,0.04,0.6,,,,
2024-05-15,,,,0,,137,126,146,0.0,0.52,,,,,0,,,2,0.06,0.63,,,,
2024-05-16,22.7,18,26,1,,137,126,146,0.0,0.52,38.5,147.0,32.0,104.5,1,1,,2,0.08,0.63,,,,
2024-05-17,21.7,15,30,1,,137,126,146,0.0,0.52,47.4,224.0,46.4,113.3,1,1,,2,0.1,0.63,,,,
2024-05-18,21.7,16,28,1,,137,126,146,0.0,0.52,148.1,901.0,143.6,337.9,1,1,,2,0.14,0.71,,,,
2024-05-19,21.9,18,28,1,,137,126,146,0.0,0.52,47.1,195.0,47.7,121.4,1,1,,2,0.16,0.72,,,,
2024-05-20,17.7,13,26,2,,137,126,146,0.0,0.52,72.6,351.0,83.4,171.2,2,1,,2,0.2,0.74,,,,
2024-05-21,,,,0,,137,126,146,0.0,0.52,,,,,0,,,2,0.22,0.75,,,,
2024-05-22,21.4,16,32,2,,137,126,146,0.0,0.52,49.9,304.0,60.9,113.3,2,1,,2,0.25,0.74,,,,
2024-05-23,18.5,14,25,2,,137,126,146,0.0,0.52,56.2,301.0,63.0,130.0,2,1,,2,0.28,0.76,,,,
2024-05-24,17.6,13,28,1,,137,126,146,0.0,0.52,21.8,149.0,22.4,63.3,1,1,,2,0.31,0.76,,,,
2024-05-25,17.8,15,25,1,,137,126,146,0.0,0.52,55.2,253.0,77.2,112.6,1,1,,2,0.29,0.6,,,,
2024-05-26,22.8,17,29,1,,137,126,146,0.0,0.52,117.9,673.0,114.6,270.0,1,1,,2,0.3,0.54,,,,
2024-05-27,22.6,17,30,1,,137,126,146,0.0,0.52,64.5,347.0,57.8,151.8,1,1,,2,0.31,0.47,,,,
2024-05-28,23.6,20,29,1,,137,126,146,0.0,0.52,63.4,345.0,71.1,134.4,1,1,,2,0.32,0.44,,,,
2024-05-29,17.8,15,27,1,,137,126,146,0.0,0.52,19.7,194.0,18.6,65.7,1,1,,2,0.34,0.41,,,,
2024-05-30,21.3,20,26,1,,137,126,146,0.0,0.52,33.0,138.0,45.0,66.2,1,1,,2,0.34,0.36,,,,
2024-05-31,22.2,20,28,1,,137,126,146,0.0,0.52,35.3,168.0,63.7,69.2,1,1,,2,0.34,0.3,,,,
2024-06-01,24.0,14,33,1,,137,126,146,0.0,0.52,178.0,1024.0,177.2,414.8,1,1,,2,0.39,0.38,,,,
2024-06-02,18.9,12,27,1,,137,126,146,0.0,0.52,86.9,584.0,61.1,225.8,1,1,,2,0.42,0.4,,,,
2024-06-03,19.1,17,27,1,,137,126,146,0.0,0.52,20.8,219.0,12.5,68.5,1,1,,2,0.44,0.38,,,,
2024-06-04,16.9,14,25,1,,137,126,146,0.0,0.52,68.7,534.0,63.2,185.9,1,1,,2,0.46,0.37,,,,
2024-06-05,24.3,17,32,1,,137,126,146,0.0,0.52,79.2,468.0,72.8,189.2,1,1,,2,0.49,0.38,,,,
2024-06-06,18.5,17,27,1,,137,126,146,0.0,0.52,46.3,273.0,41.0,111.2,1,1,,2,0.53,0.42,,,,
2024-06-07,29.2,27,30,1,,137,126,146,0.0,0.52,30.5,149.0,36.9,62.6,1,1,,2,0.57,0.46,,,,
2024-06-08,21.3,17,29,1,,137,126,146,0.0,0.52,155.9,841.0,169.3,336.7,1,1,,2,0.59,0.42,,,,
2024-06-09,24.5,21,29,1,,137,126,146,0.0,0.52,111.8,653.0,112.6,253.5,1,1,,2,0.61,0.39,,,,
2024-06-10,24.3,19,30,1,,137,126,146,0.0,0.52,70.2,388.0,71.2,161.1,1,1,,2,0.64,0.38,,,,
2024-06-11,,,,0,,137,126,146,0.0,0.52,,,,,0,,,2,0.65,0.32,,,,
2024-06-12,23.2,17,29,1,,137,126,146,0.0,0.52,34.0,374.0,31.7,114.9,1,1,,2,0.64,0.23,,,,
2024-06-13,20.7,16,28,1,,137,126,146,0.0,0.52,30.6,422.0,23.5,120.5,1,1,,2,0.63,0.14,,,,
2024-06-14,15.6,14,24,1,,137,126,146,0.0,0.52,80.5,466.0,81.9,180.5,1,1,,2,0.64,0.1,,,,
2024-06-15,19.0,16,28,1,,137,126,146,0.0,0.52,38.0,243.0,33.5,103.0,1,1,,2,0.61,0.01,,,,
2024-06-16,23.3,17,34,1,,137,126,146,0.0,0.52,121.6,818.0,118.3,299.5,1,1,,2,0.59,-0.06,,,,
2024-06-17,25.2,18,32,1,,137,126,146,0.0,0.52,51.4,288.0,49.5,126.7,1,1,,2,0.56,-0.14,,,,
2024-06-18,18.1,16,26,1,,137,126,146,0.0,0.52,62.9,300.0,64.7,141.6,1,1,,2,0.54,-0.19,,,,
2024-06-19,18.1,16,27,1,,137,126,146,0.0,0.52,35.7,161.0,55.1,71.2,1,1,,2,0.52,-0.24,,,,
2024-06-20,16.8,14,28,1,,137,126,146,0.0,0.52,28.2,187.0,24.9,70.3,1,1,,2,0.49,-0.29,,,,
2024-06-21,28.1,25,32,1,,137,126,146,0.0,0.52,53.8,218.0,55.6,122.5,1,1,,2,0.45,-0.38,,,,
2024-06-22,22.1,16,30,1,,137,126,146,0.0,0.52,140.8,568.0,144.3,333.8,1,1,,2,0.41,-0.43,,,,
2024-06-23,,,,0,,137,126,146,0.0,0.52,,,,,0,,,2,0.35,-0.53,,,,
2024-06-24,22.9,19,28,1,,137,126,146,0.0,0.52,59.3,354.0,59.5,175.1,1,1,,2,0.29,-0.61,,,,
2024-06-25,18.4,16,26,1,,137,126,146,0.0,0.52,63.6,376.0,56.1,151.3,1,1,,2,0.24,-0.66,,,,
2024-06-26,18.8,17,26,1,,137,126,146,0.0,0.52,50.3,284.0,54.0,113.6,1,1,,2,0.2,-0.67,,,,
2024-06-27,22.3,21,27,1,,137,126,146,0.0,0.52,17.4,143.0,13.3,48.3,1,1,,2,0.16,-0.68,,,,
2024-06-28,23.6,22,28,1,,137,126,146,0.0,0.52,36.7,210.0,36.7,85.0,1,1,,2,0.12,-0.69,,,,
2024-06-29,26.9,22,31,1,,137,126,146,0.0,0.52,122.0,876.0,100.7,313.5,1,1,,2,0.11,-0.62,,,,
2024-06-30,26.4,22,33,1,,137,126,146,0.0,0.52,91.1,501.0,89.1,214.3,1,1,,2,0.12,-0.52,,,,
2024-07-01,,,,0,,137,126,146,0.0,0.52,,,,,0,,,2,0.13,-0.44,,,,
2024-07-02,19.4,11,29,1,,137,126,146,0.0,0.52,129.8,837.0,118.8,320.2,1,1,,2,0.15,-0.33,,,,
2024-07-03,14.0,10,31,1,,137,126,146,0.0,0.52,47.0,204.0,48.0,114.8,1,1,,2,0.16,-0.25,,,,
2024-07-04,25.6,20,29,1,,137,126,146,0.0,0.52,53.5,205.0,46.9,136.6,1,1,,2,0.18,-0.16,,,,
2024-07-05,18.9,14,27,1,,137,126,146,0.0,0.52,60.4,330.0,63.6,133.3,1,1,,2,0.21,-0.09,,,,
2024-07-06,22.1,20,26,1,,137,126,146,0.0,0.52,19.2,102.0,17.5,46.2,1,1,,2,0.2,-0.1,,,,
2024-07-07,15.4,12,22,1,,137,126,146,0.0,0.52,145.2,952.0,169.6,323.0,1,1,,2,0.21,-0.07,,,,
2024-07-08,27.4,23,31,1,,137,126,146,0.0,0.52,21.5,102.0,17.7,56.9,1,1,,2,0.22,-0.02,,,,
2024-07-09,,,,0,,137,126,146,0.0,0.52,,,,,0,,,2,0.2,-0.07,,,,
2024-07-10,27.2,26,31,1,,137,126,146,0.0,0.52,25.6,134.0,31.6,57.1,1,1,,2,0.17,-0.12,,,,
2024-07-11,32.1,26,36,1,,137,126,146,0.0,0.52,55.1,245.0,51.8,141.8,1,1,,2,0.15,-0.16,,,,
2024-07-12,,,,0,,137,126,146,0.0,0.52,,,,,0,,,2,0.12,-0.21,,,,
2024-07-13,24.7,19,33,1,,137,126,146,0.0,0.52,105.2,458.0,99.4,286.6,1,1,,2,0.1,-0.23,,,,
2024-07-14,13.5,9,25,1,,137,126,146,0.0,0.52,68.6,360.0,70.8,164.6,1,1,,2,0.06,-0.3,,,,
2024-07-15,27.9,22,35,1,,137,126,146,0.0,0.52,49.2,273.0,52.8,113.4,1,1,,2,0.02,-0.36,,,,
2024-07-16,24.0,22,30,1,,137,126,146,0.0,0.52,25.6,143.0,22.7,57.1,1,1,,2,-0.01,-0.39,,,,
2024-07-17,22.9,20,29,1,,137,126,146,0.0,0.52,45.2,208.0,44.5,105.6,1,1,,2,-0.04,-0.41,,,,
2024-07-18,30.9,27,35,1,,137,126,146,0.0,0.52,80.4,320.0,81.4,195.7,1,1,,2,-0.07,-0.42,,,,
2024-07-19,28.1,24,34,1,,137,126,146,0.0,0.52,48.7,249.0,48.7,111.7,1,1,,2,-0.09,-0.41,,,,
2024-07-20,28.0,23,36,1,,137,126,146,0.0,0.52,128.0,485.0,121.2,298.0,1,1,,2,-0.11,-0.41,,,,
2024-07-21,25.0,20,30,1,,137,126,146,0.0,0.52,75.9,374.0,86.3,177.5,1,1,,2,-0.13,-0.42,,,,
2024-07-22,34.4,33,36,1,,137,126,146,0.0,0.52,28.9,153.0,23.5,65.7,1,1,,2,-0.16,-0.43,,,,
2024-07-23,22.8,21,29,1,,137,126,146,0.0,0.52,53.8,318.0,72.8,143.6,1,1,,2,-0.18,-0.42,,,,
2024-07-24,24.4,20,33,2,,137,126,146,0.0,0.52,12.8,407.0,33.3,228.4,2,0,,2,-0.19,-0.4,,,,
2024-07-25,29.9,26,34,1,,137,126,146,0.0,0.52,34.9,177.0,38.7,85.1,1,1,,2,-0.21,-0.4,,,,
2024-07-26,28.9,24,35,1,,137,126,146,0.0,0.52,47.1,258.0,47.8,109.5,1,1,,2,-0.23,-0.39,,,,
2024-07-27,26.4,20,35,1,,137,126,146,0.0,0.52,188.4,685.0,193.3,414.6,1,1,,2,-0.23,-0.35,,,,
2024-07-28,28.2,24,34,1,,137,126,146,0.0,0.52,88.1,532.0,114.8,244.7,1,1,,2,-0.23,-0.29,,,,
2024-07-29,29.0,23,36,1,,137,126,146,0.0,0.52,38.3,236.0,34.1,112.5,1,1,,2,-0.22,-0.25,,,,
2024-07-30,24.3,23,29,1,,137,126,146,0.0,0.52,27.9,123.0,25.0,72.0,1,1,,2,-0.22,-0.2,,,,
2024-07-31,32.0,31,33,1,,137,126,146,0.0,0.52,0.0,70.0,14.9,99.2,1,0,,2,-0.22,-0.18,,,,
2024-08-01,30.9,28,35,1,,137,126,146,0.0,0.52,53.7,252.0,50.3,144.6,1,1,,2,-0.22,-0.16,,,,
2024-08-02,31.5,28,34,1,,137,126,146,0.0,0.52,31.9,189.0,35.2,87.5,1,1,,2,-0.22,-0.14,,,,
2024-08-03,28.0,27,28,1,,137,126,146,0.0,0.52,3.2,41.0,5.9,27.2,1,1,,2,-0.24,-0.19,,,,
2024-08-04,27.3,26,30,1,,137,126,146,0.0,0.52,60.2,224.0,62.0,135.9,1,1,,2,-0.26,-0.22,,,,
2024-08-05,29.7,27,34,1,,137,126,146,0.0,0.52,42.9,361.0,38.8,141.2,1,1,,2,-0.27,-0.25,,,,
2024-08-06,31.1,28,34,1,,137,126,146,0.0,0.52,35.3,254.0,30.2,89.3,1,1,,2,-0.28,-0.24,,,,
2024-08-07,28.8,26,32,1,,137,126,146,0.0,0.52,30.2,127.0,31.2,66.9,1,1,,2,-0.29,-0.23,,,,
2024-08-08,21.7,20,29,1,,137,126,146,0.0,0.52,23.4,173.0,13.7,64.6,1,1,,2,-0.29,-0.22,,,,
2024-08-09,24.4,19,35,1,,137,126,146,0.0,0.52,199.1,1066.0,210.1,443.4,1,1,,2,-0.27,-0.12,,,,
2024-08-10,29.1,13,36,1,,137,126,146,0.0,0.52,158.0,850.0,146.3,371.2,1,1,,2,-0.21,0.05,,,,
2024-08-11,27.9,20,33,1,57.4,134,123,143,-2.8,0.459,6.5,218.0,33.0,147.8,1,1,-2.4,3,-0.15,0.21,,,,0.0
2024-08-12,25.8,23,30,1,57.4,134,123,143,-2.8,0.459,65.4,383.0,70.6,165.0,1,1,-2.7,3,-0.09,0.35,,,,0.0
2024-08-13,29.1,25,32,1,57.4,134,123,143,-2.8,0.459,41.2,228.0,43.0,117.9,1,1,-2.9,3,-0.04,0.44,,,,0.0
2024-08-14,25.5,21,34,1,61.7,132,121,142,-4.4,0.426,0.0,131.0,21.1,108.7,1,0,-3.0,3,0.01,0.53,,,,0.0
2024-08-15,25.0,22,29,1,60.7,133,122,142,-4.0,0.433,56.9,312.0,59.5,161.9,1,1,-3.0,3,0.07,0.61,,,,0.0
2024-08-16,,,,0,63.0,132,121,141,-4.9,0.417,,,,,0,,-2.6,3,0.07,0.54,,,,0.0
2024-08-17,16.0,13,23,1,62.1,132,121,142,-4.6,0.423,125.2,825.0,150.9,356.2,1,1,-2.1,3,0.06,0.45,,,,0.0
2024-08-18,16.3,15,23,1,63.7,132,121,141,-5.2,0.412,79.2,470.0,91.8,231.1,1,1,-1.7,3,0.07,0.4,,,,0.02
2024-08-19,15.4,12,27,1,63.0,132,121,141,-4.9,0.417,103.0,779.0,105.0,330.6,1,1,-1.3,3,0.08,0.37,,,,0.04
2024-08-20,,,,0,62.4,132,121,141,-4.7,0.421,,,,,0,,-0.9,3,0.08,0.34,,,,0.08
2024-08-21,14.4,12,22,1,61.9,132,121,142,-4.5,0.425,81.0,479.0,108.6,225.5,1,1,-0.9,3,0.1,0.35,,,,0.06
2024-08-22,17.1,14,25,1,63.0,132,121,141,-4.9,0.417,94.9,492.0,139.5,250.5,1,1,-0.6,3,0.13,0.38,,,,0.1
2024-08-23,17.8,14,24,1,62.5,132,121,141,-4.7,0.42,87.9,596.0,92.5,248.1,1,1,-0.8,3,0.17,0.43,,,,0.06
2024-08-24,13.6,11,23,1,63.4,132,121,141,-5.0,0.414,28.4,233.0,27.7,85.3,1,1,-0.4,3,0.19,0.42,,,,0.1
2024-08-25,,,,0,62.9,132,121,141,-4.9,0.417,,,,,0,,-0.3,3,0.19,0.37,,,,0.06
2024-08-26,,,,0,62.6,132,121,141,-4.7,0.42,,,,,0,,0.1,3,0.16,0.25,,,,0.04
2024-08-27,,,,0,62.3,132,121,142,-4.6,0.422,,,,,0,,0.4,3,0.14,0.15,,,,0.03
2024-08-28,27.2,21,35,1,63.0,132,121,141,-4.9,0.417,22.0,383.0,14.0,108.3,1,1,1.0,3,0.1,0.03,,,,0.07
2024-08-29,25.2,21,32,2,62.6,132,121,141,-4.8,0.42,19.7,280.0,24.1,107.8,2,1,1.2,3,0.05,-0.11,,,,0.03
2024-08-30,28.1,22,35,1,63.2,132,121,141,-5.0,0.415,32.6,323.0,29.0,106.9,1,1,1.8,3,-0.0,-0.23,,,,0.07
2024-08-31,28.2,25,34,1,62.9,132,121,141,-4.9,0.417,33.2,391.0,27.7,143.2,1,1,1.8,3,-0.05,-0.34,,,,0.03
2024-09-01,27.1,25,31,1,62.9,132,121,141,-4.9,0.418,11.1,305.0,4.0,92.9,1,1,2.1,3,-0.09,-0.4,,,,0.09
2024-09-02,26.3,22,32,1,62.7,132,121,141,-4.8,0.419,35.0,314.0,35.6,107.7,1,1,2.1,3,-0.12,-0.43,,,,0.09
2024-09-03,21.3,19,29,1,62.4,132,121,141,-4.7,0.421,22.6,169.0,22.2,63.9,1,1,2.0,3,-0.14,-0.44,,,,0.1
2024-09-04,,,,0,62.6,132,121,141,-4.7,0.42,,,,,0,,2.0,3,-0.17,-0.45,,,,0.13
2024-09-05,,,,0,62.2,132,121,142,-4.6,0.423,,,,,0,,0.9,3,-0.19,-0.46,,,,-0.04
2024-09-06,24.0,20,30,1,62.2,132,121,142,-4.6,0.423,38.5,294.0,42.9,109.0,1,1,0.7,3,-0.2,-0.43,,,,-0.03
2024-09-07,26.3,22,31,1,62.1,132,121,142,-4.6,0.423,49.6,334.0,47.1,147.0,1,1,0.8,3,-0.21,-0.4,,,,0.03
2024-09-08,24.9,23,30,1,61.9,132,121,142,-4.5,0.425,20.9,197.0,17.9,66.7,1,1,-0.6,3,-0.22,-0.38,,,,-0.18
2024-09-09,27.5,25,34,1,61.8,132,121,142,-4.4,0.426,19.5,212.0,12.1,67.0,1,1,-0.9,3,-0.23,-0.36,,,,-0.2
2024-09-10,17.0,15,27,1,61.6,133,121,142,-4.4,0.427,22.1,176.0,19.2,63.0,1,1,-1.2,3,-0.24,-0.34,,,,-0.22
2024-09-11,24.2,20,30,1,61.6,133,121,142,-4.4,0.427,39.6,305.0,42.2,110.3,1,1,-1.6,3,-0.25,-0.34,,,,-0.26
2024-09-12,18.2,15,26,1,61.6,133,121,142,-4.4,0.427,19.8,295.0,4.6,96.8,1,1,0.0,3,-0.26,-0.32,,,,0.04
2024-09-13,,,,0,61.4,133,121,142,-4.3,0.428,,,,,0,,-1.3,3,-0.28,-0.33,,,,-0.17
2024-09-14,16.1,14,26,1,61.6,133,121,142,-4.4,0.427,18.6,368.0,8.4,110.2,1,0,-1.5,3,-0.29,-0.32,,,,-0.18
2024-09-15,20.5,14,30,1,61.3,133,122,142,-4.3,0.429,55.8,339.0,63.6,150.2,1,1,-1.7,3,-0.29,-0.29,,,,-0.19
2024-09-16,20.2,15,28,1,61.2,133,122,142,-4.2,0.43,26.6,370.0,20.4,105.7,1,1,-2.0,3,-0.29,-0.25,,,,-0.19
2024-09-17,17.8,16,28,1,61.1,133,122,142,-4.2,0.431,9.5,241.0,4.1,66.1,1,0,-2.2,3,-0.28,-0.2,,,,-0.2
2024-09-18,19.4,17,26,1,61.0,133,122,142,-4.1,0.431,25.7,156.0,26.5,85.2,1,1,-3.6,3,-0.27,-0.16,,,,-0.41
2024-09-19,23.7,21,26,1,61.1,133,122,142,-4.2,0.43,18.8,201.0,18.6,68.2,1,1,-3.8,3,-0.27,-0.13,,,,-0.41
2024-09-20,,,,0,60.9,133,122,142,-4.1,0.432,,,,,0,,-4.1,3,-0.25,-0.08,,,,-0.43
2024-09-21,18.3,16,27,1,60.9,133,122,142,-4.1,0.432,47.9,376.0,42.7,147.9,1,1,-4.3,3,-0.24,-0.04,,,,-0.45
2024-09-22,16.3,14,23,1,60.9,133,122,142,-4.1,0.432,52.1,419.0,42.1,185.2,1,1,-2.5,3,-0.23,0.01,,,,-0.11
2024-09-23,22.4,20,26,1,60.8,133,122,142,-4.1,0.433,29.1,228.0,31.4,80.5,1,1,-2.7,3,-0.21,0.05,,,,-0.12
2024-09-24,,,,0,60.8,133,122,142,-4.0,0.433,,,,,0,,-2.8,3,-0.2,0.08,,,,-0.12
2024-09-25,19.3,17,28,1,60.6,133,122,142,-4.0,0.435,17.4,198.0,9.3,64.3,1,1,-2.9,3,-0.19,0.11,,,,-0.13
2024-09-26,16.3,15,25,1,60.6,133,122,142,-4.0,0.434,15.5,202.0,7.4,61.8,1,1,-3.1,3,-0.17,0.14,,,,-0.15
2024-09-27,24.9,23,28,1,60.6,133,122,142,-4.0,0.435,45.5,318.0,51.8,118.5,1,1,-1.2,3,-0.15,0.18,,,,0.19
2024-09-28,20.6,15,37,2,60.5,133,122,142,-3.9,0.435,20.2,431.0,20.9,160.4,2,1,-2.5,3,-0.13,0.22,,,,-0.02
2024-09-29,16.4,11,29,1,60.6,133,122,142,-4.0,0.434,75.1,549.0,91.8,200.9,1,1,-2.6,3,-0.11,0.27,,,,-0.02
2024-09-30,22.0,19,30,1,60.6,133,122,142,-4.0,0.435,41.0,211.0,45.2,112.7,1,1,-2.6,3,-0.09,0.3,,,,-0.02
2024-10-01,16.7,15,25,1,60.5,133,122,142,-3.9,0.435,19.7,238.0,17.3,77.5,1,1,-2.5,3,-0.07,0.32,,,,-0.02
2024-10-02,19.2,17,24,1,60.5,133,122,142,-3.9,0.435,18.4,253.0,19.5,77.1,1,1,-0.5,3,-0.05,0.34,,,,0.33
2024-10-03,,,,0,60.6,133,122,142,-4.0,0.434,,,,,0,,-0.8,3,-0.03,0.37,,,,0.27
2024-10-04,19.5,18,26,1,60.6,133,122,142,-4.0,0.434,23.6,170.0,18.1,65.2,1,1,-0.8,3,-0.02,0.35,,,,0.25
2024-10-05,22.4,21,25,1,60.7,133,122,142,-4.0,0.434,6.7,250.0,3.2,60.1,1,1,0.9,3,-0.0,0.35,,,,0.5
2024-10-06,14.2,13,25,1,60.7,133,122,142,-4.0,0.434,11.9,246.0,6.0,72.4,1,0,0.5,3,-0.01,0.3,,,,0.4
2024-10-07,16.7,15,25,1,60.6,133,122,142,-4.0,0.434,23.3,203.0,20.6,71.3,1,1,0.7,3,-0.01,0.25,,,,0.38
2024-10-08,,,,0,60.6,133,122,142,-4.0,0.435,,,,,0,,0.8,3,-0.01,0.2,,,,0.37
2024-10-09,,,,0,60.7,133,122,142,-4.0,0.434,,,,,0,,1.1,3,-0.02,0.17,,,,0.37
2024-10-10,21.3,19,27,1,60.7,133,122,142,-4.0,0.433,25.1,210.0,18.5,76.5,1,1,0.9,3,-0.02,0.13,,,,0.31
2024-10-11,20.2,17,28,1,60.9,133,122,142,-4.1,0.432,29.9,261.0,34.6,93.0,1,1,0.8,3,-0.02,0.12,,,,0.28
2024-10-12,18.7,14,28,1,60.9,133,122,142,-4.1,0.432,87.7,576.0,101.9,230.2,1,1,0.7,3,-0.01,0.13,,,,0.25
2024-10-13,15.5,13,25,1,60.8,133,122,142,-4.1,0.433,14.9,338.0,15.8,98.8,1,1,0.4,3,-0.0,0.14,,,,0.2
2024-10-14,21.3,16,30,1,60.8,133,122,142,-4.1,0.433,37.0,217.0,43.1,95.8,1,1,0.4,3,0.0,0.15,,,,0.21
2024-10-15,17.4,13,27,2,60.5,133,122,142,-4.0,0.435,29.8,330.0,22.6,109.1,2,0,0.4,3,0.01,0.16,,,,0.21
2024-10-16,19.2,17,27,1,60.6,133,122,142,-4.0,0.435,22.2,200.0,12.6,65.1,1,1,-0.0,3,0.02,0.16,,,,0.12
2024-10-17,17.9,15,26,1,60.4,133,122,142,-3.9,0.435,43.1,204.0,56.4,107.6,1,1,0.2,3,0.03,0.16,,,,0.16
2024-10-18,16.2,13,26,1,60.5,133,122,142,-3.9,0.435,8.3,263.0,4.3,74.9,1,1,-0.3,3,0.03,0.15,,,,0.05
2024-10-19,15.9,14,24,1,60.6,133,122,142,-4.0,0.434,56.5,399.0,65.3,146.0,1,1,0.1,3,0.02,0.1,,,,0.09
2024-10-20,16.0,14,20,1,60.7,133,122,142,-4.0,0.434,35.6,315.0,41.0,118.4,1,1,0.1,3,0.02,0.07,,,,0.07
2024-10-21,18.0,16,28,1,60.4,133,122,142,-3.9,0.436,16.3,147.0,5.3,52.1,1,1,0.3,3,0.01,0.04,,,,0.07
2024-10-22,19.4,16,29,2,60.4,133,122,142,-3.9,0.436,19.6,243.0,14.9,84.1,2,0,0.4,3,0.0,0.01,,,,0.08
2024-10-23,20.3,18,29,1,60.3,133,122,142,-3.9,0.437,20.3,184.0,12.0,61.3,1,1,0.2,3,-0.01,-0.02,,,,0.03
2024-10-24,19.1,17,29,1,60.3,133,122,142,-3.9,0.436,17.0,181.0,10.4,60.5,1,1,0.1,3,-0.01,-0.04,,,,0.0
2024-10-25,16.7,14,28,1,60.5,133,122,142,-4.0,0.435,39.4,262.0,42.7,106.1,1,1,0.4,3,-0.02,-0.06,,,,0.04
2024-10-26,17.4,15,27,1,60.5,133,122,142,-4.0,0.435,51.9,425.0,50.8,159.1,1,1,-0.0,3,-0.03,-0.1,,,,-0.05
2024-10-27,21.1,18,27,2,60.4,133,122,142,-3.9,0.436,61.5,517.0,99.0,255.5,2,1,0.2,3,-0.04,-0.1,,,,-0.01
2024-10-28,25.3,24,28,1,60.4,133,122,142,-3.9,0.436,20.2,207.0,8.1,66.7,1,1,0.2,3,-0.04,-0.09,,,,-0.01
2024-10-29,17.4,15,28,1,60.1,133,122,142,-3.8,0.438,25.2,168.0,28.6,67.0,1,1,0.2,3,-0.05,-0.1,,,,-0.0
2024-10-30,19.3,16,26,1,60.2,133,122,142,-3.8,0.437,24.4,218.0,18.4,75.3,1,1,-0.0,3,-0.05,-0.1,,,,-0.03
2024-10-31,20.4,15,28,1,60.3,133,122,142,-3.9,0.437,62.0,304.0,72.0,164.9,1,1,0.2,3,-0.05,-0.08,,,,0.01
2024-11-01,16.5,13,26,1,60.2,133,122,142,-3.8,0.437,41.3,251.0,77.1,98.6,1,1,-1.4,3,-0.05,-0.07,,,,-0.24
2024-11-02,18.4,13,28,1,60.1,133,122,142,-3.8,0.438,104.6,723.0,120.1,268.2,1,1,-1.4,3,-0.03,-0.01,,,,-0.21
2024-11-03,17.8,16,24,1,59.9,133,122,142,-3.7,0.439,19.4,243.0,22.3,82.6,1,1,-2.9,3,-0.03,0.0,,,,-0.45
2024-11-04,18.5,14,27,2,60.0,133,122,142,-3.8,0.439,22.6,272.0,16.9,80.6,2,1,-2.8,3,-0.02,0.02,,,,-0.42
2024-11-05,17.0,10,27,2,59.9,133,122,142,-3.7,0.439,14.3,394.0,9.9,108.2,2,0,-2.7,3,-0.01,0.06,,,,-0.39
2024-11-06,17.3,15,28,1,59.8,133,122,142,-3.7,0.44,52.7,276.0,64.0,133.3,1,1,-2.7,3,0.0,0.09,,,,-0.37
2024-11-07,17.7,15,28,1,59.8,133,122,142,-3.7,0.441,26.7,188.0,27.3,69.9,1,1,-4.3,3,0.01,0.11,,,,-0.64
2024-11-08,11.6,8,28,1,59.7,133,122,143,-3.6,0.441,9.5,258.0,8.4,69.0,1,0,-2.6,3,0.02,0.13,,,,-0.34
2024-11-09,14.7,9,24,1,59.6,133,122,143,-3.6,0.442,101.9,809.0,115.7,292.2,1,1,-4.2,3,0.03,0.15,,,,-0.62
2024-11-10,12.3,8,21,1,59.5,133,122,143,-3.6,0.443,25.1,671.0,10.3,182.8,1,1,-2.7,3,0.06,0.2,,,,-0.33
2024-11-11,18.2,15,25,1,59.4,133,122,143,-3.5,0.443,40.9,209.0,44.2,109.2,1,1,-3.0,3,0.08,0.24,,,,-0.37
2024-11-12,14.5,11,27,1,59.4,133,122,143,-3.6,0.443,25.6,198.0,24.7,69.9,1,1,-3.2,3,0.09,0.26,,,,-0.42
2024-11-13,16.1,13,26,1,59.2,133,122,143,-3.5,0.445,27.9,250.0,24.6,88.5,1,1,-4.6,3,0.11,0.27,,,,-0.68
2024-11-14,13.8,9,28,1,59.2,133,122,143,-3.5,0.444,25.3,255.0,10.2,82.8,1,1,-2.7,3,0.13,0.28,,,,-0.35
2024-11-15,15.9,12,23,1,59.2,133,122,143,-3.5,0.445,46.0,290.0,59.3,112.8,1,1,-4.1,3,0.15,0.31,,,,-0.59
2024-11-16,13.4,9,24,1,59.1,133,122,143,-3.4,0.445,12.5,389.0,6.3,109.7,1,0,-1.9,3,0.15,0.26,,,,-0.26
2024-11-17,15.9,11,25,1,59.1,133,122,143,-3.4,0.446,69.5,541.0,63.8,200.4,1,1,-3.1,3,0.14,0.22,,,,-0.5
2024-11-18,15.8,12,25,1,58.9,134,122,143,-3.3,0.447,37.3,185.0,41.1,97.5,1,1,-2.9,3,0.14,0.18,,,,-0.5
2024-11-19,12.1,9,28,2,59.0,134,122,143,-3.4,0.446,38.9,316.0,32.5,114.0,2,1,-2.7,3,0.14,0.15,,,,-0.5
2024-11-20,19.6,17,26,1,58.8,134,122,143,-3.3,0.447,4.3,250.0,1.7,61.1,1,0,-0.6,3,0.14,0.13,,,,-0.16
2024-11-21,16.9,14,25,1,58.7,134,123,143,-3.3,0.448,40.1,216.0,43.9,102.2,1,1,-1.9,3,0.14,0.11,,,,-0.4
2024-11-22,11.3,7,28,1,58.7,134,123,143,-3.3,0.449,22.2,210.0,12.1,69.0,1,1,0.2,3,0.13,0.07,,,,-0.07
2024-11-23,,,,0,58.6,134,123,143,-3.2,0.449,,,,,0,,-1.0,3,0.12,0.02,,,,-0.31
2024-11-24,11.7,9,21,1,58.6,134,123,143,-3.2,0.449,4.5,329.0,3.6,76.1,1,1,1.1,3,0.09,-0.05,,,,0.02
2024-11-25,12.3,9,25,1,58.5,134,123,143,-3.2,0.45,19.4,217.0,10.4,69.2,1,1,1.3,3,0.07,-0.11,,,,0.02
2024-11-26,17.6,13,26,1,58.5,134,123,143,-3.2,0.45,24.8,190.0,23.1,64.9,1,1,1.5,3,0.05,-0.17,,,,0.02
2024-11-27,14.1,11,24,1,58.5,134,123,143,-3.2,0.45,22.9,246.0,9.6,75.9,1,1,0.2,3,0.02,-0.23,,,,-0.22
2024-11-28,13.4,10,25,1,58.2,134,123,143,-3.1,0.452,20.6,92.0,45.4,45.7,1,1,2.2,3,-0.01,-0.28,,,,0.11
2024-11-29,17.2,13,25,1,58.2,134,123,143,-3.1,0.453,45.6,317.0,59.7,109.4,1,1,0.4,3,-0.03,-0.3,,,,-0.21
2024-11-30,18.7,10,28,1,58.1,134,123,143,-3.0,0.453,0.0,243.0,35.7,180.3,1,1,2.3,3,-0.05,-0.33,,,,0.12
2024-12-01,7.3,4,26,1,58.0,134,123,143,-3.0,0.454,14.0,323.0,3.7,89.7,1,1,0.6,3,-0.07,-0.35,,,,-0.15
2024-12-02,14.0,9,27,1,57.8,134,123,143,-3.0,0.455,4.6,185.0,1.6,48.4,1,0,0.5,3,-0.08,-0.34,,,,-0.14
2024-12-03,,,,0,57.8,134,123,143,-2.9,0.455,,,,,0,,0.5,3,-0.09,-0.34,,,,-0.13
2024-12-04,10.0,7,27,1,57.6,134,123,143,-2.9,0.457,33.3,281.0,18.0,93.0,1,1,1.1,3,-0.11,-0.34,,,,-0.01
2024-12-05,,,,0,57.5,134,123,143,-2.8,0.458,,,,,0,,0.0,3,-0.12,-0.34,,,,-0.17
2024-12-06,14.0,11,23,1,57.4,134,123,143,-2.8,0.459,29.8,201.0,33.0,71.5,1,1,0.5,3,-0.15,-0.38,,,,-0.09
2024-12-07,9.8,5,16,1,57.3,134,123,143,-2.8,0.459,58.7,403.0,58.6,169.3,1,1,-1.5,3,-0.15,-0.36,,,,-0.4
2024-12-08,8.9,7,24,1,57.1,134,123,143,-2.7,0.461,43.8,349.0,44.7,119.3,1,1,-0.7,3,-0.16,-0.34,,,,-0.24
2024-12-09,10.8,8,26,1,57.1,134,123,143,-2.7,0.461,10.5,254.0,6.2,69.3,1,1,-0.9,3,-0.17,-0.34,,,,-0.26
2024-12-10,12.0,8,24,1,56.9,134,123,144,-2.6,0.463,24.8,175.0,18.6,68.4,1,1,-1.3,3,-0.18,-0.32,,,,-0.28
2024-12-11,,,,0,56.8,134,123,144,-2.6,0.463,,,,,0,,-0.9,3,-0.19,-0.3,,,,-0.2
2024-12-12,14.2,11,23,1,56.5,134,123,144,-2.4,0.466,7.6,185.0,8.0,46.8,1,1,-2.0,3,-0.19,-0.27,,,,-0.34
2024-12-13,,,,0,56.4,134,123,144,-2.4,0.466,,,,,0,,-2.1,3,-0.19,-0.24,,,,-0.34
2024-12-14,16.1,13,28,1,56.4,135,123,144,-2.4,0.467,17.2,143.0,16.0,50.1,1,1,-1.1,3,-0.2,-0.24,,,,-0.14
2024-12-15,14.9,13,21,1,56.2,135,123,144,-2.3,0.468,10.0,690.0,3.9,159.9,1,0,-2.4,3,-0.19,-0.19,,,,-0.33
2024-12-16,,,,0,56.0,135,124,144,-2.3,0.469,17.6,72.0,18.4,45.1,1,1,-2.4,3,-0.19,-0.16,,,,-0.32
2024-12-17,14.7,12,26,1,56.0,135,124,144,-2.2,0.47,35.0,154.0,43.6,84.3,1,1,-2.5,3,-0.19,-0.15,,,,-0.31
2024-12-18,,,,0,55.7,135,124,144,-2.1,0.472,,,,,0,,-3.2,3,-0.19,-0.13,,,,-0.41
2024-12-19,12.7,9,25,1,55.6,135,124,144,-2.1,0.473,20.0,240.0,18.0,85.3,2,0,-3.2,3,-0.19,-0.11,,,,-0.39
2024-12-20,16.1,13,23,1,55.5,135,124,144,-2.1,0.473,15.3,143.0,11.9,49.0,1,1,-2.2,3,-0.17,-0.05,,,,-0.19
2024-12-21,16.5,10,24,1,55.4,135,124,144,-2.0,0.475,0.0,152.0,43.5,254.9,1,0,-3.5,3,-0.16,-0.0,,,,-0.38
2024-12-22,15.2,5,27,1,55.2,135,124,144,-1.9,0.476,15.9,202.0,34.8,150.3,1,1,-2.8,3,-0.17,-0.03,,,,-0.27
2024-12-23,15.7,11,25,2,55.1,135,124,144,-1.9,0.477,28.1,232.0,48.8,125.5,2,0,-2.7,3,-0.17,-0.03,,,,-0.26
2024-12-24,14.2,8,21,2,55.0,135,124,144,-1.9,0.478,42.8,435.0,43.2,187.2,2,1,-2.7,3,-0.16,-0.02,,,,-0.26
2024-12-25,15.3,12,25,1,54.9,135,124,144,-1.8,0.479,31.2,194.0,21.4,79.5,1,1,-2.6,3,-0.16,-0.01,,,,-0.23
2024-12-26,14.5,9,20,1,54.7,135,124,144,-1.8,0.48,58.5,446.0,72.0,149.5,1,1,-1.6,3,-0.15,0.04,,,,-0.04
2024-12-27,14.1,8,24,1,54.5,135,124,144,-1.7,0.482,20.2,224.0,18.0,72.7,1,1,-2.8,3,-0.14,0.06,,,,-0.22
2024-12-28,10.7,5,23,2,54.5,135,124,144,-1.7,0.482,20.1,287.0,33.8,147.9,2,1,-2.3,3,-0.13,0.09,,,,-0.11
2024-12-29,12.1,6,21,1,54.4,135,124,145,-1.6,0.483,16.4,230.0,5.1,64.6,1,1,-1.7,3,-0.11,0.14,,,,0.01
2024-12-30,15.0,7,22,1,54.2,135,124,145,-1.6,0.484,0.0,226.0,27.5,137.7,1,1,-1.7,3,-0.1,0.18,,,,0.02
2024-12-31,13.0,8,24,1,54.3,135,124,145,-1.6,0.484,61.8,476.0,57.2,171.9,1,1,-1.8,3,-0.07,0.24,,,,0.03
2025-01-01,12.7,7,26,2,54.4,135,124,144,-1.7,0.482,86.7,664.0,111.1,279.8,2,0,-0.8,3,-0.04,0.34,,,,0.25
2025-01-02,14.8,13,23,1,54.5,135,124,144,-1.7,0.481,20.2,202.0,22.2,67.6,1,1,-1.1,3,-0.02,0.36,,,,0.21
2025-01-03,14.2,11,24,2,54.6,135,124,144,-1.7,0.481,82.8,685.0,85.8,232.0,2,1,0.3,3,0.02,0.44,,,,0.46
2025-01-04,12.3,8,23,1,54.7,135,124,144,-1.8,0.48,14.7,395.0,11.7,108.1,1,1,0.6,3,0.06,0.52,,,,0.53
2025-01-05,7.8,4,27,1,54.8,135,124,144,-1.8,0.479,83.8,312.0,97.7,193.4,1,1,1.0,3,0.11,0.6,,,,0.62
2025-01-06,13.6,6,32,2,54.9,135,124,144,-1.8,0.479,37.1,316.0,37.2,131.3,2,1,1.0,3,0.16,0.69,,,,0.65
2025-01-07,12.4,9,27,1,54.9,135,124,144,-1.9,0.478,15.4,229.0,9.4,63.8,1,1,1.4,3,0.19,0.7,,,,0.67
2025-01-08,11.1,8,26,1,55.1,135,124,144,-1.9,0.477,41.0,236.0,39.4,107.1,1,1,0.6,3,0.2,0.64,,,,0.47
2025-01-09,12.1,10,24,1,55.2,135,124,144,-2.0,0.476,25.6,203.0,12.9,69.0,1,1,1.7,3,0.21,0.61,,,,0.6
2025-01-10,14.6,11,26,1,55.2,135,124,144,-2.0,0.476,33.9,244.0,30.2,89.0,1,1,0.7,3,0.2,0.49,,,,0.34
2025-01-11,8.9,5,25,1,55.3,135,124,144,-2.0,0.475,92.0,524.0,93.3,232.7,1,1,2.2,3,0.19,0.39,,,,0.51
2025-01-12,14.2,9,30,2,55.4,135,124,144,-2.0,0.474,0.0,259.0,33.6,192.2,2,1,1.2,3,0.18,0.3,,,,0.26
2025-01-13,13.4,10,27,1,55.5,135,124,144,-2.1,0.474,40.0,331.0,37.7,125.3,2,1,1.6,3,0.16,0.21,,,,0.25
2025-01-14,10.0,4,27,2,55.6,135,124,144,-2.1,0.473,48.2,371.0,63.2,123.8,2,1,1.8,3,0.15,0.14,,,,0.24
2025-01-15,,,,0,55.7,135,124,144,-2.1,0.472,0.0,11.0,1.5,8.9,1,0,2.9,3,0.14,0.09,,,,0.39
2025-01-16,11.6,7,24,2,55.8,135,124,144,-2.2,0.471,22.0,320.0,34.0,161.6,2,0,1.8,3,0.12,0.02,,,,0.15
2025-01-17,11.0,7,23,1,55.9,135,124,144,-2.2,0.47,41.0,306.0,43.4,109.9,1,1,3.0,3,0.12,-0.01,,,,0.34
2025-01-18,14.2,10,22,1,56.0,135,124,144,-2.2,0.47,66.1,457.0,67.1,167.2,1,1,1.6,3,0.11,-0.03,,,,0.1
2025-01-19,14.0,8,27,1,56.1,135,124,144,-2.3,0.469,48.6,330.0,44.5,121.2,1,1,2.5,3,0.11,-0.03,,,,0.25
2025-01-20,14.0,10,29,1,56.2,135,123,144,-2.3,0.468,55.8,326.0,68.5,140.5,2,1,2.0,4,0.11,-0.04,,,0.0,0.24
2025-01-21,14.9,12,24,1,56.2,135,123,144,-2.3,0.468,33.8,206.0,31.2,98.0,1,1,1.3,6,0.1,-0.05,0.0,0.0,0.0,0.23
2025-01-22,11.7,8,24,2,56.4,135,123,144,-2.4,0.467,47.2,362.0,33.2,126.8,2,1,0.6,6,0.1,-0.05,0.0,0.0,0.0,-0.01
2025-01-23,13.4,11,25,1,56.5,134,123,144,-2.4,0.466,29.2,323.0,12.6,98.0,1,1,1.2,6,0.1,-0.04,0.0,0.0,0.0,0.18
2025-01-24,16.5,12,25,1,56.5,134,123,144,-2.5,0.465,46.4,285.0,52.1,113.0,1,1,0.4,6,0.1,-0.04,0.0,0.0,0.0,-0.06
2025-01-25,13.5,9,25,2,56.6,134,123,144,-2.5,0.465,55.4,416.0,64.8,206.6,2,0,0.9,6,0.09,-0.06,0.0,0.0,0.0,0.09
2025-01-26,12.1,10,26,1,56.7,134,123,144,-2.5,0.464,42.0,445.0,24.6,138.5,1,1,0.3,6,0.08,-0.08,0.0,0.0,0.0,-0.11
2025-01-27,,,,0,56.8,134,123,144,-2.6,0.463,5.6,137.0,13.9,59.5,1,1,0.4,6,0.07,-0.1,0.0,0.0,-0.07,-0.12
2025-01-28,13.8,11,25,1,56.9,134,123,144,-2.6,0.463,31.0,223.0,36.9,78.0,1,1,0.3,6,0.07,-0.09,-0.0,-0.16,-0.22,-0.13
2025-01-29,15.4,11,24,1,57.0,134,123,144,-2.6,0.462,48.4,301.0,63.9,112.8,1,1,1.2,6,0.08,-0.07,-0.13,0.05,-0.29,0.1
2025-01-30,11.3,8,18,1,57.1,134,123,143,-2.7,0.461,71.3,456.0,67.1,196.3,1,1,1.3,6,0.08,-0.04,-0.08,0.2,-0.4,-0.12
2025-01-31,21.5,20,26,1,57.2,134,123,143,-2.7,0.46,20.0,123.0,35.1,46.1,1,1,1.7,6,0.09,-0.02,0.04,0.01,-0.28,0.11
2025-02-01,23.5,22,28,1,57.2,134,123,143,-2.7,0.46,34.5,190.0,36.6,84.0,1,1,1.3,6,0.08,-0.04,-0.13,0.24,-0.12,0.12
2025-02-02,22.3,20,27,1,57.2,134,123,143,-2.7,0.46,43.3,268.0,40.5,106.9,1,1,0.6,6,0.07,-0.06,-0.45,0.23,0.04,0.41
2025-02-03,19.4,17,28,1,57.3,134,123,143,-2.7,0.459,33.8,225.0,30.2,83.9,1,1,2.3,6,0.06,-0.09,-0.03,0.08,-0.12,0.44
2025-02-04,17.2,14,26,1,57.4,134,123,143,-2.8,0.458,29.5,251.0,16.9,91.2,1,1,1.6,6,0.05,-0.11,-0.2,-0.02,-0.17,0.47
2025-02-05,16.4,14,26,1,57.5,134,123,143,-2.8,0.458,30.7,193.0,32.3,78.4,1,1,1.7,6,0.03,-0.16,-0.18,-0.02,-0.13,0.48
2025-02-06,21.9,21,27,1,57.4,134,123,143,-2.8,0.459,32.5,284.0,30.3,92.4,1,1,1.7,6,0.0,-0.22,-0.3,0.04,0.1,0.72
2025-02-07,20.5,18,26,1,57.4,134,123,143,-2.8,0.459,13.4,112.0,9.3,36.1,1,1,3.7,6,-0.02,-0.28,-0.15,0.51,0.02,0.68
2025-02-08,15.5,14,25,1,57.4,134,123,143,-2.8,0.459,32.6,648.0,21.5,171.8,1,1,2.2,6,-0.04,-0.28,-0.26,0.22,0.02,0.62
2025-02-09,15.8,13,27,1,57.3,134,123,143,-2.7,0.46,24.9,168.0,26.1,62.0,1,1,2.9,6,-0.05,-0.3,0.06,0.39,0.24,0.46
2025-02-10,15.6,13,28,1,57.4,134,123,143,-2.8,0.458,33.1,319.0,43.7,123.3,2,1,0.1,6,-0.07,-0.31,-0.23,0.13,0.57,0.41
2025-02-11,,,,0,57.5,134,123,143,-2.8,0.458,,,,,0,,-2.2,6,-0.09,-0.33,-0.18,-0.33,0.98,0.35
2025-02-12,13.7,10,28,1,57.4,134,123,143,-2.8,0.459,11.2,169.0,6.2,51.3,1,1,-3.5,6,-0.1,-0.35,0.32,-1.29,1.09,0.24
2025-02-13,14.2,13,22,1,57.6,134,123,143,-2.8,0.457,23.2,184.0,30.2,64.7,1,1,-2.9,6,-0.12,-0.37,0.47,-1.3,0.98,0.19
2025-02-14,12.1,2,24,3,57.5,134,123,143,-2.8,0.457,60.7,524.0,71.6,242.2,3,1,-2.3,6,-0.13,-0.34,0.91,-1.56,1.11,0.19
2025-02-15,13.8,10,26,1,57.4,134,123,143,-2.8,0.459,39.9,254.0,39.3,111.8,1,1,-1.8,6,-0.14,-0.33,0.81,-1.16,1.07,0.09
2025-02-16,12.4,7,24,1,57.6,134,123,143,-2.8,0.457,9.8,437.0,4.1,108.1,1,1,0.3,6,-0.14,-0.3,0.96,-0.88,0.77,0.13
2025-02-17,14.8,9,28,1,57.6,134,123,143,-2.9,0.457,17.9,226.0,13.9,63.5,1,1,1.6,6,-0.15,-0.28,1.04,-0.68,0.55,0.13
2025-02-18,8.9,5,26,1,57.7,134,123,143,-2.9,0.456,51.3,299.0,53.4,167.6,2,1,3.5,6,-0.15,-0.24,1.2,-0.54,0.12,0.14
2025-02-19,9.9,6,26,1,57.9,134,123,143,-3.0,0.455,28.7,215.0,30.3,74.7,1,1,5.2,6,-0.14,-0.19,1.12,0.05,-0.16,0.12
2025-02-20,11.7,7,26,1,57.9,134,123,143,-3.0,0.455,17.2,140.0,19.9,44.1,1,1,5.5,6,-0.13,-0.12,1.2,-0.12,-0.42,0.11
2025-02-21,19.2,15,24,2,57.7,134,123,143,-2.9,0.456,36.1,279.0,40.6,97.6,2,1,6.0,6,-0.13,-0.09,1.14,0.04,-0.71,0.02
2025-02-22,14.1,12,25,1,57.8,134,123,143,-2.9,0.456,91.7,410.0,95.4,252.9,1,1,5.6,6,-0.12,-0.05,1.27,-0.28,-0.67,0.05
2025-02-23,13.3,12,18,1,57.8,134,123,143,-2.9,0.456,10.7,325.0,12.3,77.2,1,1,3.7,6,-0.11,-0.02,0.86,-0.36,-0.71,-0.01
2025-02-24,18.2,16,28,1,57.8,134,123,143,-3.0,0.455,39.6,332.0,39.3,125.8,2,0,2.8,6,-0.1,0.02,0.59,-0.39,-0.87,-0.0
2025-02-25,16.0,13,24,1,58.0,134,123,143,-3.0,0.454,47.9,224.0,49.3,130.2,1,1,3.5,6,-0.09,0.06,0.67,-0.29,-0.93,0.0
2025-02-26,,,,0,58.0,134,123,143,-3.0,0.454,,,,,0,,3.1,6,-0.07,0.09,0.6,-0.3,-0.91,-0.01
2025-02-27,15.1,12,26,1,57.9,134,123,143,-3.0,0.455,27.0,333.0,24.8,111.4,1,1,2.4,6,-0.06,0.14,0.43,-0.15,-0.89,-0.1
2025-02-28,12.7,10,21,1,58.0,134,123,143,-3.0,0.454,10.6,229.0,10.5,64.2,1,1,0.9,6,-0.04,0.17,0.22,-0.43,-0.89,-0.06
2025-03-01,13.2,11,24,1,58.2,134,123,143,-3.1,0.453,191.0,1155.0,274.7,453.6,1,1,1.0,6,-0.01,0.25,-0.01,-0.03,-0.83,-0.01
2025-03-02,14.9,13,21,1,58.4,134,123,143,-3.2,0.451,10.6,703.0,5.7,160.8,1,0,0.9,6,0.03,0.34,0.02,-0.15,-0.89,0.04
2025-03-03,17.8,13,23,1,58.3,134,123,143,-3.1,0.451,33.7,234.0,34.2,91.5,1,1,-0.0,6,0.07,0.42,-0.01,-0.29,-0.63,0.1
2025-03-04,20.3,18,25,1,58.3,134,123,143,-3.1,0.452,22.9,232.0,13.9,76.8,1,1,-0.8,6,0.11,0.48,-0.11,-0.34,-0.51,0.15
2025-03-05,16.0,10,29,2,58.5,134,123,143,-3.2,0.45,43.1,421.0,30.3,137.7,2,1,-1.6,6,0.15,0.54,-0.28,-0.37,-0.42,0.21
2025-03-06,12.9,6,28,2,58.7,134,123,143,-3.3,0.448,48.7,425.0,44.0,157.8,2,1,-1.3,6,0.18,0.57,-0.13,-0.48,-0.32,0.28
2025-03-07,11.3,9,26,1,59.0,134,122,143,-3.4,0.447,42.2,403.0,39.4,147.8,2,1,-2.3,6,0.21,0.61,-0.19,-0.59,-0.08,0.3
2025-03-08,13.4,8,24,1,59.2,133,122,143,-3.5,0.444,104.7,671.0,113.4,278.5,1,1,-2.1,6,0.23,0.58,-0.25,-0.57,-0.22,0.25
2025-03-09,13.2,9,25,1,59.5,133,122,143,-3.6,0.442,26.2,568.0,14.0,155.4,1,1,-2.6,6,0.24,0.52,-0.27,-0.8,-0.3,0.2
2025-03-10,17.9,12,29,2,59.4,133,122,143,-3.6,0.443,47.6,386.0,41.8,135.6,2,1,-1.3,6,0.25,0.47,-0.16,-0.72,-0.55,0.15
2025-03-11,17.0,14,26,2,59.4,133,122,143,-3.5,0.443,44.9,380.0,52.3,135.4,2,1,-0.2,6,0.26,0.43,-0.27,-0.2,-0.57,0.11
2025-03-12,12.9,9,28,1,59.6,133,122,143,-3.6,0.442,30.3,188.0,46.5,72.6,1,1,-0.1,6,0.26,0.4,-0.31,-0.22,-0.69,0.05
2025-03-13,14.5,9,28,2,59.8,133,122,142,-3.7,0.44,49.2,385.0,44.8,145.4,2,1,0.5,6,0.27,0.36,-0.4,0.19,-0.61,0.02
2025-03-14,13.1,8,24,1,60.1,133,122,142,-3.8,0.438,45.2,212.0,43.6,136.2,1,1,1.5,6,0.28,0.32,-0.46,0.48,-0.75,0.01
2025-03-15,16.3,12,25,1,60.4,133,122,142,-3.9,0.436,60.0,525.0,66.8,194.7,2,1,2.6,6,0.26,0.24,-0.08,0.22,-0.81,0.0
2025-03-16,14.5,10,26,2,60.5,133,122,142,-4.0,0.435,75.1,509.0,65.6,246.5,2,1,3.7,6,0.25,0.18,0.07,0.43,-0.73,0.0
2025-03-17,18.6,14,28,2,60.5,133,122,142,-3.9,0.435,34.1,344.0,29.5,134.5,2,1,3.8,6,0.24,0.11,0.12,0.34,-0.71,0.0
2025-03-18,14.0,7,24,2,60.4,133,122,142,-3.9,0.436,33.5,369.0,27.6,144.2,2,1,3.7,6,0.23,0.05,0.11,0.2,-0.81,-0.0
2025-03-19,10.8,6,23,2,60.6,133,122,142,-4.0,0.435,55.4,431.0,63.1,146.7,2,1,3.9,6,0.21,-0.0,0.1,0.37,-0.65,-0.0
2025-03-20,19.4,17,27,1,60.8,133,122,142,-4.1,0.433,39.2,310.0,46.2,122.6,2,1,3.1,6,0.19,-0.06,-0.03,0.3,-0.59,-0.01
2025-03-21,13.6,10,25,1,61.1,133,122,142,-4.2,0.431,48.7,380.0,46.5,148.6,1,1,3.8,6,0.18,-0.09,-0.04,0.58,-0.57,-0.02
2025-03-22,13.5,10,28,1,61.3,133,122,142,-4.3,0.429,26.1,524.0,28.4,149.7,1,1,4.0,6,0.17,-0.11,-0.13,0.7,-0.65,-0.02
2025-03-23,11.9,7,23,1,61.5,133,121,142,-4.3,0.427,22.7,344.0,20.5,108.4,1,1,4.7,6,0.15,-0.15,0.09,0.78,-0.51,-0.03
2025-03-24,16.4,12,27,2,61.5,133,121,142,-4.3,0.428,52.3,389.0,69.8,150.3,2,1,5.5,6,0.14,-0.17,0.13,1.04,-0.48,-0.03
2025-03-25,14.3,10,25,1,61.4,133,122,142,-4.3,0.428,24.4,239.0,18.4,84.8,1,1,5.2,6,0.12,-0.21,0.03,1.2,-0.32,-0.04
2025-03-26,13.6,9,24,2,61.6,133,121,142,-4.4,0.427,70.8,428.0,67.2,195.2,2,1,5.3,6,0.1,-0.23,0.13,1.01,-0.44,-0.05
2025-03-27,15.9,10,26,2,61.9,132,121,142,-4.5,0.425,42.5,465.0,24.5,147.3,2,1,5.7,6,0.09,-0.24,0.21,0.91,-0.63,-0.06
2025-03-28,17.2,13,26,1,62.1,132,121,142,-4.6,0.423,41.4,281.0,48.8,113.9,1,1,4.4,6,0.07,-0.26,0.04,0.66,-0.63,-0.06
2025-03-29,14.2,10,25,1,62.4,132,121,141,-4.7,0.421,100.4,810.0,102.8,306.2,1,1,3.9,6,0.08,-0.21,0.12,0.53,-0.48,-0.06
2025-03-30,19.9,11,29,2,62.6,132,121,141,-4.8,0.42,18.1,411.0,30.3,185.7,2,0,3.0,6,0.09,-0.15,-0.17,0.64,-0.49,-0.04
2025-03-31,16.7,10,28,1,62.6,132,121,141,-4.7,0.42,61.2,434.0,69.5,176.1,1,1,1.1,6,0.11,-0.08,-0.44,0.63,-0.2,-0.03
2025-04-01,18.7,15,25,1,62.5,132,121,141,-4.7,0.42,14.8,233.0,13.7,72.3,1,1,-1.8,6,0.12,-0.03,-0.35,-0.38,-0.04,-0.02
2025-04-02,16.1,9,28,1,62.2,132,121,142,-4.6,0.422,72.0,557.0,71.1,217.7,1,1,-2.6,6,0.15,0.04,-0.38,-0.3,0.14,-0.13
2025-04-03,11.4,8,26,1,62.1,132,121,142,-4.6,0.423,20.4,261.0,17.0,83.2,1,1,-4.7,6,0.17,0.09,-0.64,-0.52,0.3,-0.15
2025-04-04,18.5,11,34,1,62.0,132,121,142,-4.5,0.424,61.9,360.0,70.3,171.6,1,1,-5.1,6,0.2,0.16,-0.4,-0.74,0.42,-0.27
2025-04-05,15.4,13,24,1,61.7,132,121,142,-4.4,0.426,16.5,134.0,15.9,51.4,1,1,-5.7,6,0.21,0.15,-0.57,-0.7,0.34,-0.4
2025-04-06,19.5,17,24,1,61.6,133,121,142,-4.4,0.427,10.6,685.0,7.1,164.1,1,0,-5.6,6,0.22,0.16,-0.6,-0.58,0.28,-0.47
2025-04-07,15.0,10,28,1,61.8,132,121,142,-4.4,0.426,64.0,429.0,74.3,172.4,1,1,-4.9,6,0.23,0.16,-0.62,-0.31,0.24,-0.48
2025-04-08,10.7,7,23,1,61.8,132,121,142,-4.4,0.426,19.3,304.0,10.1,94.5,1,0,-2.9,6,0.24,0.16,-0.58,0.08,-0.1,-0.5
2025-04-09,,,,0,61.6,133,121,142,-4.4,0.427,,,,,0,,-2.7,6,0.24,0.15,-0.64,0.1,-0.14,-0.41
2025-04-10,11.9,8,22,1,61.7,133,121,142,-4.4,0.427,15.4,271.0,14.8,81.2,1,1,-2.1,6,0.24,0.13,-0.29,-0.01,-0.08,-0.53
2025-04-11,14.2,11,28,1,61.4,133,122,142,-4.3,0.428,41.1,203.0,46.0,115.3,1,1,-1.0,6,0.22,0.06,-0.26,0.21,-0.16,-0.52
2025-04-12,16.7,9,25,1,61.3,133,122,142,-4.2,0.429,101.5,871.0,119.4,303.4,1,1,-1.3,6,0.23,0.08,-0.25,0.22,0.14,-0.42
2025-04-13,15.0,12,27,1,61.3,133,122,142,-4.3,0.429,16.8,480.0,12.9,134.6,1,1,-2.7,6,0.24,0.07,-0.26,-0.06,0.34,-0.49
2025-04-14,16.2,12,29,3,61.3,133,122,142,-4.2,0.429,88.4,572.0,103.1,254.7,3,1,-3.7,6,0.24,0.06,-0.28,-0.53,0.16,-0.49
2025-04-15,18.1,12,27,2,61.3,133,122,142,-4.2,0.429,51.8,385.0,64.9,147.1,2,1,-3.0,6,0.24,0.05,-0.3,-0.18,0.3,-0.48
2025-04-16,25.0,23,30,1,61.3,133,122,142,-4.3,0.429,14.8,197.0,10.6,60.5,1,1,-2.8,6,0.24,0.04,-0.3,-0.14,0.18,-0.55
2025-04-17,17.0,15,24,1,61.0,133,122,142,-4.2,0.431,14.0,265.0,15.1,80.8,1,1,-2.3,6,0.24,0.04,-0.38,-0.03,0.06,-0.48
2025-04-18,14.8,11,22,1,60.9,133,122,142,-4.1,0.432,66.1,601.0,68.2,222.8,1,1,-1.8,6,0.26,0.07,-0.33,-0.01,0.12,-0.35
2025-04-19,14.0,10,27,1,60.8,133,122,142,-4.0,0.433,155.5,1257.0,159.9,492.4,1,1,-2.0,6,0.27,0.09,-0.4,0.02,0.0,-0.42
2025-04-20,15.2,13,26,1,60.5,133,122,142,-3.9,0.435,17.9,342.0,16.6,100.2,1,1,-1.2,6,0.28,0.1,-0.33,0.03,-0.08,-0.36
2025-04-21,12.9,10,26,1,60.5,133,122,142,-3.9,0.435,56.4,452.0,56.2,178.9,1,1,0.5,6,0.3,0.11,0.05,0.14,-0.04,-0.35
2025-04-22,20.0,10,28,2,60.7,133,122,142,-4.0,0.434,66.4,485.0,72.6,186.1,2,1,0.9,6,0.32,0.13,0.14,0.17,-0.02,-0.35
2025-04-23,15.4,13,25,1,60.4,133,122,142,-3.9,0.436,29.1,308.0,20.2,101.1,1,1,0.6,6,0.33,0.13,0.19,-0.01,0.1,-0.28
2025-04-24,16.1,14,28,1,60.3,133,122,142,-3.9,0.437,27.5,207.0,19.1,75.6,1,1,1.0,6,0.34,0.13,0.14,0.1,0.2,-0.15
2025-04-25,16.9,15,22,1,60.1,133,122,142,-3.8,0.438,24.6,113.0,24.9,71.7,1,1,0.1,6,0.33,0.09,-0.01,-0.07,0.06,-0.22
2025-04-26,18.6,9,31,1,59.9,133,122,142,-3.7,0.44,205.5,1280.0,265.5,528.7,1,1,0.8,6,0.33,0.07,0.06,0.08,0.16,-0.15
2025-04-27,22.7,11,35,2,59.8,133,122,142,-3.7,0.44,57.8,375.0,53.2,172.1,2,1,0.4,6,0.34,0.07,0.14,-0.11,0.44,-0.02
2025-04-28,26.1,25,28,1,59.9,133,122,142,-3.7,0.439,0.0,20.0,4.5,24.2,1,0,-1.3,6,0.33,0.03,-0.13,-0.19,0.63,-0.02
2025-04-29,17.3,11,27,2,59.9,133,122,142,-3.7,0.44,45.8,362.0,39.2,131.5,2,1,-2.3,6,0.31,-0.01,-0.16,-0.41,0.81,-0.01
2025-04-30,,,,0,59.6,133,122,143,-3.6,0.442,,,,,0,,-3.3,6,0.29,-0.05,-0.32,-0.5,0.99,0.08
2025-05-01,26.3,24,32,1,59.1,133,122,143,-3.4,0.446,0.0,50.0,11.4,62.1,1,0,-4.1,6,0.27,-0.1,-0.39,-0.44,1.09,-0.1
2025-05-02,,,,0,58.8,134,122,143,-3.3,0.447,,,,,0,,-4.2,6,0.25,-0.14,-0.26,-0.53,1.31,-0.05
2025-05-03,,,,0,58.7,134,123,143,-3.3,0.448,,,,,0,,-4.2,6,0.17,-0.3,-0.34,-0.54,1.15,-0.12
2025-05-04,,,,0,58.3,134,123,143,-3.1,0.452,,,,,0,,-3.2,6,0.09,-0.44,-0.39,-0.18,0.83,-0.31
2025-05-05,,,,0,58.0,134,123,143,-3.0,0.454,,,,,0,,-1.6,6,0.02,-0.55,-0.33,0.19,0.73,-0.29
2025-05-06,,,,0,57.7,134,123,143,-2.9,0.456,,,,,0,,-0.3,6,-0.05,-0.64,-0.33,0.48,0.53,-0.28
2025-05-07,19.4,16,25,1,57.3,134,123,143,-2.7,0.459,9.1,121.0,22.0,93.3,1,1,0.1,6,-0.1,-0.69,-0.29,0.64,0.3,-0.48
2025-05-08,,,,0,56.7,134,123,144,-2.5,0.464,,,,,0,,1.8,6,-0.15,-0.71,-0.25,0.74,-0.1,-0.34
2025-05-09,,,,0,56.6,134,123,144,-2.5,0.465,,,,,0,,2.4,6,-0.19,-0.7,-0.38,1.14,-0.32,-0.45
2025-05-10,,,,0,56.4,134,123,144,-2.4,0.466,,,,,0,,2.6,6,-0.2,-0.65,-0.34,1.16,-0.44,-0.45
2025-05-11,19.4,16,27,2,55.9,135,124,144,-2.2,0.471,9.7,254.0,36.5,189.2,2,1,2.6,6,-0.22,-0.61,-0.48,1.12,-0.57,-0.31
2025-05-12,19.3,15,29,2,55.7,135,124,144,-2.1,0.472,19.9,157.0,27.4,117.0,2,0,0.1,6,-0.24,-0.56,-0.72,0.46,-0.81,-0.33
2025-05-13,,,,0,55.4,135,124,144,-2.0,0.475,,,,,0,,-1.6,6,-0.25,-0.52,-0.93,0.31,-0.75,-0.35
2025-05-14,20.6,17,26,1,54.8,135,124,144,-1.8,0.479,42.1,179.0,39.1,120.2,1,1,1.0,6,-0.26,-0.49,-0.64,0.57,-0.91,-0.19
2025-05-15,23.0,17,29,2,54.5,135,124,144,-1.7,0.482,47.7,390.0,74.6,248.6,2,1,1.5,6,-0.28,-0.47,-0.21,0.52,-0.63,-0.28
2025-05-16,19.1,15,29,2,54.3,135,124,145,-1.6,0.483,71.0,302.0,74.0,185.2,2,1,1.9,6,-0.29,-0.44,0.01,0.61,-0.36,-0.26
2025-05-17,15.9,13,28,1,54.1,135,124,145,-1.5,0.485,41.2,276.0,40.6,100.8,1,1,2.2,6,-0.3,-0.4,0.1,0.59,-0.22,-0.09
2025-05-18,12.9,10,27,1,53.7,135,124,145,-1.4,0.488,89.5,351.0,85.2,244.2,1,1,1.4,6,-0.3,-0.34,0.0,0.66,-0.16,-0.18
2025-05-19,23.3,17,30,2,53.4,136,125,145,-1.3,0.49,49.0,396.0,62.4,220.1,2,1,3.1,6,-0.29,-0.29,0.44,0.8,-0.02,-0.18
2025-05-20,21.7,15,28,2,53.1,136,125,145,-1.2,0.493,72.7,370.0,68.3,184.4,2,1,4.1,6,-0.29,-0.23,0.6,0.79,-0.28,-0.18
2025-05-21,14.4,12,25,1,52.8,136,125,145,-1.1,0.496,57.5,219.0,49.4,156.7,1,1,3.5,6,-0.28,-0.18,0.54,0.73,-0.36,-0.28
2025-05-22,14.9,13,24,1,52.3,136,125,145,-0.9,0.5,30.5,298.0,23.9,118.3,2,0,3.2,6,-0.27,-0.14,0.53,0.5,-0.53,-0.26
2025-05-23,16.8,13,26,2,52.1,136,125,145,-0.8,0.502,96.2,464.0,94.3,230.8,2,1,3.9,6,-0.26,-0.1,0.4,0.5,-0.85,-0.09
2025-05-24,18.0,13,25,1,52.0,136,125,145,-0.7,0.503,79.1,386.0,69.4,210.2,1,1,3.0,6,-0.23,-0.01,0.34,0.3,-1.01,-0.18
2025-05-25,16.6,13,27,1,51.5,136,125,146,-0.6,0.507,25.0,302.0,19.6,100.7,1,1,2.2,6,-0.21,0.05,0.38,-0.03,-0.99,-0.16
2025-05-26,24.6,14,32,2,51.2,136,125,146,-0.5,0.509,80.1,400.0,70.7,218.4,2,1,1.1,6,-0.18,0.1,0.13,-0.14,-1.07,-0.16
2025-05-27,17.7,14,27,2,51.0,137,125,146,-0.4,0.511,78.1,342.0,74.0,183.8,2,1,-0.7,6,-0.16,0.14,0.09,-0.55,-0.91,-0.16
2025-05-28,19.6,13,32,2,50.5,137,126,146,-0.2,0.515,48.9,376.0,66.1,227.7,2,0,-1.5,6,-0.14,0.18,0.15,-0.77,-0.71,-0.14
2025-05-29,20.0,18,27,1,50.0,137,126,146,0.0,0.52,36.8,162.0,59.3,73.6,1,1,-1.7,6,-0.12,0.2,-0.11,-0.54,-0.61,-0.01
2025-05-30,18.0,13,28,1,49.9,137,126,146,0.1,0.521,60.2,333.0,55.9,161.8,1,1,-2.7,6,-0.11,0.2,-0.03,-0.89,-0.55,-0.09
2025-05-31,19.6,12,28,1,49.7,137,126,146,0.1,0.523,130.1,542.0,129.3,340.8,1,1,-2.9,6,-0.1,0.21,-0.13,-0.64,-0.38,-0.13
2025-06-01,21.7,18,28,1,49.9,137,126,146,0.0,0.521,88.3,364.0,83.1,207.8,1,1,-1.3,6,-0.08,0.22,-0.05,-0.5,-0.4,0.13
2025-06-02,20.0,16,30,1,50.0,137,126,146,-0.0,0.52,54.5,324.0,41.3,179.2,1,1,-2.1,6,-0.07,0.23,-0.42,-0.32,-0.4,0.16
2025-06-03,23.2,21,30,1,50.2,137,126,146,-0.1,0.519,29.5,206.0,15.8,76.1,1,1,-0.9,6,-0.06,0.22,-0.34,-0.08,-0.42,0.2
2025-06-04,21.7,17,27,2,50.3,137,126,146,-0.1,0.517,72.1,312.0,78.7,158.8,2,1,-0.4,6,-0.06,0.21,-0.27,0.04,-0.3,0.24
2025-06-05,20.6,17,29,2,50.4,137,126,146,-0.2,0.516,62.5,337.0,50.3,183.2,2,1,0.2,6,-0.04,0.21,-0.18,-0.11,-0.38,0.37
2025-06-06,27.1,24,31,1,50.3,137,126,146,-0.1,0.517,62.8,298.0,68.5,148.8,1,1,0.4,6,-0.03,0.21,-0.41,0.34,-0.32,0.36
2025-06-07,20.8,19,27,1,50.3,137,126,146,-0.1,0.517,35.1,328.0,20.5,108.2,1,1,2.5,6,-0.04,0.17,-0.17,0.32,-0.46,0.59
2025-06-08,20.1,16,29,1,50.3,137,126,146,-0.1,0.517,142.0,460.0,142.8,332.0,1,1,2.3,6,-0.04,0.15,-0.06,0.36,-0.49,0.32
2025-06-09,,,,0,50.5,137,126,146,-0.2,0.516,,,,,0,,2.8,6,-0.04,0.11,0.21,0.2,-0.42,0.29
2025-06-10,,,,0,50.7,137,126,146,-0.3,0.514,,,,,0,,1.0,6,-0.05,0.07,-0.16,0.24,-0.22,0.27
2025-06-11,,,,0,50.8,137,125,146,-0.3,0.513,,,,,0,,1.9,6,-0.07,0.02,-0.07,0.25,-0.1,0.49
2025-06-12,33.6,30,38,1,50.9,137,125,146,-0.3,0.512,0.0,86.0,17.3,112.8,1,0,0.4,6,-0.08,-0.02,-0.03,0.27,0.22,0.18
2025-06-13,23.8,21,31,1,50.8,137,125,146,-0.3,0.513,21.2,118.0,17.5,74.4,1,1,0.6,6,-0.1,-0.08,0.15,-0.01,0.4,0.37
2025-06-14,,,,0,50.7,137,126,146,-0.3,0.513,,,,,0,,-2.1,6,-0.12,-0.12,-0.2,-0.02,0.63,0.12
2025-06-15,25.9,22,31,1,50.9,137,125,146,-0.3,0.513,24.9,216.0,29.9,94.0,1,1,-2.7,6,-0.15,-0.2,-0.31,-0.07,0.99,0.34
2025-06-16,27.7,26,30,1,51.1,136,125,146,-0.4,0.51,0.0,70.0,12.6,81.5,1,0,-3.2,6,-0.17,-0.23,-0.38,-0.01,1.15,0.33
2025-06-17,17.1,16,27,1,51.2,136,125,146,-0.5,0.509,37.2,154.0,30.2,105.0,1,1,-2.4,6,-0.19,-0.24,-0.24,0.1,1.17,0.33
2025-06-18,21.0,18,32,2,51.3,136,125,146,-0.5,0.509,58.6,420.0,69.0,268.7,2,1,-4.0,6,-0.2,-0.24,-0.51,0.14,1.03,0.05
2025-06-19,31.0,27,34,1,51.5,136,125,146,-0.6,0.507,60.3,348.0,56.8,140.7,1,1,-3.8,6,-0.2,-0.23,-0.64,0.15,0.97,0.26
2025-06-20,29.2,25,35,2,51.4,136,125,146,-0.5,0.508,37.9,500.0,67.9,281.3,2,1,-4.1,6,-0.2,-0.19,-0.51,0.16,0.97,0.01
2025-06-21,24.7,24,30,1,51.4,136,125,146,-0.5,0.508,18.5,226.0,16.2,75.5,1,1,-2.8,6,-0.19,-0.15,-0.29,0.11,0.97,0.23
2025-06-22,23.6,19,30,1,51.5,136,125,146,-0.6,0.507,139.8,689.0,156.5,309.4,1,1,-3.8,6,-0.17,-0.06,-0.32,0.05,0.79,-0.06
2025-06-23,26.1,18,36,2,51.6,136,125,146,-0.6,0.506,39.5,298.0,55.3,209.3,2,0,-2.3,6,-0.14,0.02,0.01,-0.03,0.57,-0.07
2025-06-24,22.1,21,28,1,51.8,136,125,145,-0.7,0.505,35.5,208.0,33.4,89.2,1,1,-3.3,6,-0.12,0.09,-0.13,-0.05,0.65,-0.07
2025-06-25,29.0,24,36,1,52.0,136,125,145,-0.7,0.503,63.8,338.0,62.2,170.2,1,1,-3.6,6,-0.09,0.16,-0.34,-0.05,0.67,0.14
2025-06-26,23.6,22,31,1,52.0,136,125,145,-0.8,0.502,38.0,278.0,37.2,100.7,1,1,-3.9,6,-0.08,0.18,-0.35,0.06,0.61,-0.11
2025-06-27,21.0,17,31,1,52.0,136,125,145,-0.7,0.503,64.8,229.0,64.4,151.6,1,1,-2.9,6,-0.06,0.2,-0.38,-0.05,0.3,0.11
2025-06-28,25.2,23,31,1,51.9,136,125,145,-0.7,0.503,59.4,347.0,65.5,151.6,2,1,-3.5,6,-0.04,0.23,-0.45,0.05,0.14,-0.18
2025-06-29,26.3,17,36,1,52.0,136,125,145,-0.8,0.503,173.8,845.0,189.9,389.0,1,1,-1.5,6,-0.03,0.24,-0.33,0.27,0.16,0.11
2025-06-30,20.0,16,29,2,52.2,136,125,145,-0.8,0.501,60.6,333.0,61.2,151.2,2,1,-2.5,6,-0.01,0.26,-0.49,0.34,0.4,0.12
2025-07-01,14.8,12,30,1,52.4,136,125,145,-0.9,0.499,54.7,273.0,52.3,145.1,1,1,-1.1,6,0.01,0.29,-0.22,0.26,0.18,0.12
2025-07-02,21.8,20,31,1,52.5,136,125,145,-0.9,0.498,35.7,330.0,19.1,119.8,1,1,-1.0,6,0.03,0.3,-0.04,0.29,0.14,-0.14
2025-07-03,25.3,18,31,1,52.7,136,125,145,-1.0,0.496,47.9,168.0,52.7,108.7,1,1,0.1,6,0.05,0.31,0.03,0.15,-0.18,-0.03
2025-07-04,22.9,21,30,1,52.8,136,125,145,-1.0,0.496,33.1,211.0,23.7,86.5,1,1,0.3,6,0.06,0.31,-0.0,0.41,-0.1,-0.12
2025-07-05,25.8,23,32,1,52.7,136,125,145,-1.0,0.497,34.5,275.0,35.5,102.8,1,1,2.1,6,0.07,0.3,0.36,0.25,-0.32,-0.04
2025-07-06,28.2,27,30,1,53.0,136,125,145,-1.1,0.494,27.8,123.0,47.4,57.4,1,1,1.6,6,0.06,0.22,0.31,0.17,-0.57,-0.32
2025-07-07,23.7,17,32,1,53.2,136,125,145,-1.2,0.492,135.5,596.0,130.5,391.9,1,1,2.7,6,0.05,0.16,0.36,0.21,-0.87,-0.33
2025-07-08,20.7,15,29,2,53.3,136,125,145,-1.3,0.491,56.5,304.0,86.4,127.7,2,1,3.3,6,0.04,0.11,0.47,0.16,-0.95,-0.34
2025-07-09,22.5,15,31,1,53.6,136,124,145,-1.4,0.489,52.0,286.0,45.1,140.5,1,1,2.8,6,0.03,0.07,0.39,-0.13,-1.13,-0.29
2025-07-10,25.7,22,29,1,53.9,135,124,145,-1.5,0.487,36.8,216.0,32.9,97.6,1,1,3.3,6,0.02,0.03,0.57,-0.27,-0.99,-0.15
2025-07-11,18.4,15,28,1,53.8,135,124,145,-1.4,0.487,42.6,249.0,66.2,112.7,2,1,2.0,6,0.01,0.0,0.2,0.03,-0.89,-0.35
2025-07-12,22.5,18,30,1,53.9,135,124,145,-1.5,0.487,128.0,476.0,125.2,326.5,1,1,-0.2,6,0.01,0.01,-0.18,0.05,-0.63,-0.36
2025-07-13,21.9,21,30,1,54.2,135,124,145,-1.6,0.485,15.8,339.0,9.7,98.6,1,0,-0.6,6,0.02,0.02,-0.3,-0.13,-0.55,-0.12
2025-07-14,24.4,18,34,1,54.3,135,124,145,-1.6,0.484,62.7,324.0,66.3,148.5,1,1,-1.1,6,0.01,-0.0,-0.35,-0.21,-0.49,-0.11
2025-07-15,19.5,17,29,1,54.4,135,124,144,-1.7,0.482,58.1,263.0,76.9,131.3,2,1,-1.6,6,-0.0,-0.03,-0.38,-0.31,-0.42,-0.11
2025-07-16,23.0,19,31,2,54.7,135,124,144,-1.8,0.48,71.7,331.0,75.6,176.1,2,1,-0.4,6,-0.01,-0.04,-0.06,-0.37,-0.26,0.06
2025-07-17,25.5,21,32,1,54.8,135,124,144,-1.8,0.479,51.2,276.0,50.2,139.9,1,1,-1.9,6,-0.01,-0.05,-0.27,-0.38,-0.2,-0.1
2025-07-18,21.3,19,29,1,54.9,135,124,144,-1.8,0.479,13.8,257.0,12.5,78.5,1,1,-1.8,6,-0.01,-0.05,0.02,-0.84,-0.28,-0.1
2025-07-19,23.1,20,30,1,54.9,135,124,144,-1.8,0.479,106.0,425.0,113.4,264.5,1,1,-0.6,6,-0.02,-0.07,0.03,-0.72,-0.3,0.15
2025-07-20,21.6,19,30,1,55.0,135,124,144,-1.9,0.478,59.6,579.0,42.4,193.6,1,1,0.1,6,-0.02,-0.05,0.37,-0.55,-0.14,-0.09
2025-07-21,27.2,23,32,1,55.1,135,124,144,-1.9,0.477,47.9,253.0,46.2,126.2,1,1,0.6,6,-0.02,-0.05,0.53,-0.49,-0.02,-0.08
2025-07-22,24.1,18,35,2,55.4,135,124,144,-2.0,0.475,49.7,471.0,90.7,357.3,2,0,-0.9,6,-0.02,-0.04,0.13,-0.43,0.02,-0.08
2025-07-23,28.4,26,31,1,55.4,135,124,144,-2.1,0.474,21.2,236.0,46.7,99.8,2,1,-1.1,6,-0.02,-0.04,-0.03,-0.21,-0.14,-0.25
2025-07-24,20.4,19,29,1,55.7,135,124,144,-2.1,0.472,26.8,258.0,23.2,90.4,1,1,0.2,6,-0.03,-0.05,0.17,0.08,-0.02,-0.24
2025-07-25,18.7,17,29,1,55.7,135,124,144,-2.2,0.472,56.2,291.0,57.4,145.7,1,1,2.2,6,-0.03,-0.05,0.29,0.34,-0.02,0.01
2025-07-26,17.6,14,28,2,55.7,135,124,144,-2.1,0.472,82.8,650.0,79.7,250.6,2,1,1.6,6,-0.03,-0.04,0.3,0.37,-0.06,-0.23
2025-07-27,23.2,17,29,1,55.9,135,124,144,-2.2,0.47,83.4,398.0,86.9,199.7,1,1,1.0,6,-0.02,-0.02,0.06,0.38,-0.1,-0.15
2025-07-28,22.3,18,30,1,56.2,135,123,144,-2.3,0.468,64.3,306.0,69.6,158.0,1,1,1.6,6,-0.01,0.01,0.2,0.35,-0.18,-0.15
2025-07-29,16.2,14,28,1,56.3,135,123,144,-2.4,0.467,51.2,264.0,56.7,131.1,2,1,3.8,6,-0.01,0.03,0.57,0.5,-0.3,-0.15
2025-07-30,22.2,17,30,1,56.5,134,123,144,-2.5,0.465,55.3,364.0,44.8,165.8,1,1,2.3,6,0.0,0.05,0.44,0.43,0.02,-0.13
2025-07-31,18.6,16,30,1,56.6,134,123,144,-2.5,0.465,45.2,244.0,67.6,101.1,1,1,2.9,6,0.01,0.08,0.31,0.55,-0.08,0.05
2025-08-01,20.1,18,30,1,56.5,134,123,144,-2.4,0.466,32.9,215.0,35.3,99.2,1,1,1.5,6,0.02,0.09,0.28,0.37,0.06,-0.09
2025-08-02,17.6,16,27,1,56.2,135,123,144,-2.3,0.468,28.4,461.0,21.3,140.4,1,1,2.0,6,0.01,0.05,0.24,0.22,-0.02,0.15
2025-08-03,18.1,12,25,1,55.9,135,124,144,-2.2,0.47,123.6,744.0,139.1,301.8,1,1,3.0,6,0.02,0.06,0.48,0.13,-0.16,0.17
2025-08-04,24.3,18,31,1,56.0,135,124,144,-2.2,0.47,58.9,265.0,57.2,160.6,1,1,2.9,6,0.02,0.07,0.38,0.36,0.02,0.18
2025-08-05,17.8,15,29,1,56.1,135,124,144,-2.3,0.469,45.2,317.0,47.6,136.0,2,1,2.7,6,0.03,0.08,0.37,0.34,0.1,0.2
2025-08-06,24.3,19,30,2,55.8,135,124,144,-2.2,0.471,56.2,374.0,60.2,161.2,2,1,2.5,6,0.04,0.09,0.23,0.35,-0.02,0.2
2025-08-07,21.0,19,29,1,55.8,135,124,144,-2.2,0.472,30.1,302.0,20.1,101.8,1,1,1.6,6,0.05,0.1,0.3,0.05,-0.08,0.04
2025-08-08,23.6,20,32,1,55.5,135,124,144,-2.1,0.474,57.1,329.0,57.6,146.0,1,1,1.0,6,0.06,0.12,0.28,-0.21,0.04,0.2
2025-08-09,25.9,20,35,2,55.2,135,124,144,-1.9,0.476,143.1,948.0,143.7,370.0,2,1,-0.5,6,0.1,0.21,0.41,-0.3,0.28,-0.12
2025-08-10,22.1,19,31,1,55.1,135,124,144,-1.9,0.477,42.8,393.0,23.6,131.3,1,1,-2.6,6,0.11,0.21,0.04,-0.39,0.53,-0.07
2025-08-11,24.3,23,30,1,55.1,135,124,144,-1.9,0.477,49.8,273.0,61.2,134.2,2,1,-3.0,6,0.12,0.22,0.01,-0.57,0.42,-0.1
2025-08-12,29.9,24,37,1,55.2,135,124,144,-1.9,0.476,158.4,605.0,146.8,447.4,1,1,-3.8,6,0.15,0.25,-0.03,-0.66,0.55,-0.13
2025-08-13,26.1,22,35,1,55.1,135,124,144,-1.9,0.477,89.6,365.0,83.4,253.8,1,1,-3.3,6,0.17,0.28,0.16,-0.74,0.61,-0.07
2025-08-14,26.3,25,31,1,54.9,135,124,144,-1.8,0.479,40.6,205.0,51.0,92.9,2,1,-4.5,6,0.2,0.3,-0.06,-0.88,0.87,0.13
2025-08-15,25.7,20,34,1,54.6,135,124,144,-1.7,0.481,133.6,621.0,119.3,372.1,1,1,-5.2,6,0.22,0.33,-0.28,-0.77,0.61,-0.16
2025-08-16,21.5,20,29,1,54.4,135,124,144,-1.7,0.482,24.9,490.0,16.6,145.0,1,1,-3.9,6,0.22,0.28,-0.24,-0.61,0.48,-0.08
2025-08-17,21.8,19,29,1,54.2,135,124,145,-1.6,0.484,65.9,337.0,62.4,184.8,1,1,-2.6,6,0.22,0.25,-0.18,-0.68,0.22,0.11
2025-08-18,20.7,19,29,1,54.2,135,124,145,-1.6,0.484,25.6,455.0,44.2,162.9,2,1,-2.7,6,0.23,0.22,-0.22,-0.78,0.16,0.12
2025-08-19,23.7,16,31,1,54.3,135,124,145,-1.6,0.483,144.8,871.0,132.0,367.0,1,1,-2.3,6,0.24,0.21,-0.18,-0.91,-0.1,0.12
2025-08-20,27.7,27,29,1,54.1,135,124,145,-1.5,0.485,64.8,337.0,91.2,154.9,2,1,-0.8,6,0.24,0.19,-0.09,-1.05,-0.42,0.31
2025-08-21,19.9,16,30,1,53.9,135,124,145,-1.4,0.487,82.2,473.0,72.7,220.8,1,1,-0.4,6,0.25,0.19,0.02,-0.9,-0.63,0.03
2025-08-22,20.4,16,27,3,53.7,136,124,145,-1.4,0.488,86.8,653.0,102.4,346.1,3,0,1.8,6,0.26,0.18,0.17,-0.55,-0.71,0.11
2025-08-23,17.2,11,28,3,53.7,136,124,145,-1.4,0.488,30.1,291.0,47.5,175.6,3,1,1.1,6,0.27,0.17,0.01,-0.57,-0.65,0.14
2025-08-24,18.5,16,28,1,53.4,136,125,145,-1.3,0.49,28.4,274.0,23.2,95.0,1,1,0.9,6,0.27,0.15,0.13,-0.51,-0.55,-0.09
2025-08-25,18.5,14,33,1,53.5,136,124,145,-1.3,0.49,153.3,1057.0,113.1,447.2,1,1,0.7,6,0.3,0.19,0.14,-0.59,-0.51,-0.03
2025-08-26,21.6,13,29,1,53.6,136,124,145,-1.3,0.489,142.1,768.0,149.1,359.6,2,1,1.0,6,0.31,0.19,0.11,-0.32,-0.26,0.03
2025-08-27,21.6,18,30,2,53.4,136,125,145,-1.3,0.491,67.9,440.0,69.9,176.8,2,1,0.4,6,0.32,0.19,0.06,-0.03,0.0,-0.2
2025-08-28,24.0,23,27,1,53.3,136,125,145,-1.2,0.492,43.5,201.0,56.6,93.6,1,1,2.7,6,0.33,0.16,0.39,0.15,0.0,-0.06
2025-08-29,19.1,18,26,1,53.0,136,125,145,-1.1,0.495,60.8,373.0,60.0,164.1,2,1,3.8,6,0.32,0.12,0.37,0.28,0.04,0.2
2025-08-30,15.4,14,26,2,52.7,136,125,145,-1.0,0.497,21.7,338.0,17.6,104.2,2,1,3.9,6,0.32,0.09,0.28,0.42,0.06,0.2
2025-08-31,21.0,16,26,2,52.6,136,125,145,-1.0,0.498,76.9,678.0,66.1,242.5,2,0,3.7,6,0.33,0.11,0.13,0.66,0.1,0.15
2025-09-01,17.4,15,28,1,52.5,136,125,145,-0.9,0.499,50.0,401.0,44.2,163.8,2,1,4.6,6,0.32,0.05,0.24,0.78,0.0,0.09
2025-09-02,21.8,18,29,1,52.5,136,125,145,-0.9,0.499,57.1,287.0,55.1,141.3,1,1,4.6,6,0.28,-0.04,0.25,0.78,-0.04,0.02
2025-09-03,20.9,15,29,1,52.5,136,125,145,-0.9,0.498,71.7,323.0,74.9,167.2,1,1,4.5,6,0.24,-0.13,0.15,0.89,0.02,0.02
2025-09-04,17.0,15,28,1,52.5,136,125,145,-0.9,0.499,62.9,383.0,63.9,166.8,2,1,4.4,6,0.2,-0.2,0.12,0.99,0.18,0.03
2025-09-05,19.0,17,27,1,52.6,136,125,145,-1.0,0.497,26.9,215.0,30.7,78.2,1,1,3.5,6,0.17,-0.26,0.03,0.95,0.38,0.02
2025-09-06,19.4,14,26,2,52.6,136,125,145,-1.0,0.498,73.8,1046.0,30.8,318.1,2,0,3.3,6,0.16,-0.25,0.15,0.69,0.44,0.1
2025-09-07,22.1,19,24,1,52.6,136,125,145,-1.0,0.498,33.8,356.0,21.5,115.6,1,1,4.6,6,0.14,-0.26,0.47,0.85,0.65,0.17
2025-09-08,21.3,17,30,1,52.5,136,125,145,-1.0,0.498,70.1,340.0,69.8,168.8,1,1,3.6,6,0.12,-0.26,0.22,1.08,0.93,0.18
2025-09-09,19.8,18,30,1,52.6,136,125,145,-1.0,0.498,48.4,412.0,59.2,166.2,2,1,3.5,6,0.11,-0.26,0.24,1.09,0.99,0.19
2025-09-10,23.4,17,29,1,52.6,136,125,145,-1.0,0.498,48.9,240.0,55.6,111.1,1,1,2.6,6,0.1,-0.25,0.11,1.0,1.05,0.21
2025-09-11,18.3,15,29,1,52.7,136,125,145,-1.0,0.497,40.6,374.0,45.9,151.8,2,1,2.2,6,0.08,-0.26,-0.1,1.0,1.11,0.39
2025-09-12,25.4,23,29,1,52.7,136,125,145,-1.0,0.497,46.9,197.0,56.9,102.5,1,1,0.9,6,0.07,-0.25,-0.01,0.85,1.15,0.09
2025-09-13,18.4,16,29,1,52.7,136,125,145,-1.0,0.497,39.9,347.0,30.9,114.8,1,1,3.0,6,0.03,-0.3,0.21,1.12,0.97,0.08
2025-09-14,20.5,18,26,2,52.8,136,125,145,-1.1,0.496,60.0,560.0,53.1,198.5,2,0,3.0,6,0.0,-0.33,0.0,0.87,0.57,0.28
2025-09-15,19.3,18,26,1,52.9,136,125,145,-1.1,0.495,34.7,320.0,48.7,125.3,2,1,3.2,6,-0.03,-0.36,0.09,0.67,0.4,0.28
2025-09-16,21.5,19,28,1,52.8,136,125,145,-1.1,0.496,28.4,180.0,35.6,65.5,1,1,2.7,6,-0.06,-0.38,0.06,0.4,0.18,0.28
2025-09-17,25.4,24,28,1,52.9,136,125,145,-1.1,0.495,41.8,235.0,41.7,101.1,1,1,2.7,6,-0.08,-0.39,-0.03,0.18,0.02,0.48
2025-09-18,17.9,16,26,1,53.0,136,125,145,-1.1,0.495,19.3,197.0,10.9,64.9,1,1,1.3,6,-0.11,-0.41,-0.03,0.01,0.0,0.2
2025-09-19,24.3,23,32,2,53.0,136,125,145,-1.1,0.494,27.5,161.0,27.4,72.9,2,1,0.3,6,-0.13,-0.41,-0.22,0.01,0.12,0.22
2025-09-20,28.1,23,35,5,53.1,136,125,145,-1.2,0.493,266.2,1032.0,352.9,612.0,5,1,-2.4,6,-0.14,-0.37,-0.67,-0.21,0.36,0.37
2025-09-21,28.0,27,33,1,53.2,136,125,145,-1.2,0.493,16.0,117.0,17.7,39.1,1,1,-6.6,6,-0.16,-0.37,-0.75,-0.67,1.15,0.11
2025-09-22,22.9,21,30,1,53.1,136,125,145,-1.2,0.493,40.4,171.0,41.1,103.9,1,1,-7.2,6,-0.17,-0.35,-0.88,-0.6,1.27,0.12
2025-09-23,20.6,18,27,1,53.1,136,125,145,-1.2,0.494,23.0,194.0,22.2,69.8,1,1,-7.6,6,-0.18,-0.32,-1.0,-0.55,1.29,0.14
2025-09-24,19.5,17,28,1,53.1,136,125,145,-1.2,0.493,49.3,294.0,49.3,121.6,1,1,-6.9,6,-0.18,-0.28,-0.58,-0.57,1.27,-0.12
2025-09-25,12.8,10,25,1,53.1,136,125,145,-1.2,0.494,22.3,248.0,14.3,79.8,1,1,-6.7,6,-0.18,-0.25,-0.59,-0.71,0.99,-0.09
2025-09-26,15.5,13,25,1,53.2,136,125,145,-1.2,0.492,20.0,206.0,12.0,68.3,1,1,-5.5,6,-0.17,-0.19,-0.5,-0.71,0.81,0.13
2025-09-27,,,,0,53.2,136,125,145,-1.2,0.493,,,,,0,,-5.2,6,-0.19,-0.22,-0.38,-0.61,0.63,-0.15
2025-09-28,16.6,13,28,1,53.2,136,125,145,-1.2,0.493,44.8,240.0,54.6,97.8,1,1,-1.5,6,-0.2,-0.23,-0.33,0.03,-0.12,-0.13
2025-09-29,18.8,12,27,1,53.1,136,125,145,-1.2,0.493,34.2,351.0,26.6,119.1,1,1,0.2,6,-0.21,-0.22,0.03,-0.11,-0.44,-0.13
2025-09-30,21.8,20,26,1,53.3,136,125,145,-1.2,0.492,21.7,230.0,14.4,76.6,1,1,1.2,6,-0.22,-0.21,0.22,0.11,-0.3,-0.13
2025-10-01,18.6,13,28,1,53.6,136,124,145,-1.4,0.489,38.5,276.0,35.9,105.8,1,1,2.0,6,-0.22,-0.21,0.23,0.17,-0.3,0.08
2025-10-02,13.3,10,26,1,53.8,135,124,145,-1.4,0.487,14.3,246.0,11.5,77.0,1,1,2.6,6,-0.23,-0.2,0.4,0.17,-0.22,0.12
2025-10-03,13.0,10,27,1,53.8,135,124,145,-1.4,0.487,30.9,200.0,34.8,76.3,1,1,3.5,6,-0.25,-0.22,0.56,0.1,-0.4,0.15
2025-10-04,14.8,12,26,1,53.7,136,124,145,-1.4,0.488,45.8,400.0,38.5,135.8,1,1,3.9,6,-0.25,-0.21,0.73,-0.13,-0.46,0.22
2025-10-05,17.2,14,25,1,54.0,135,124,145,-1.5,0.486,76.1,497.0,65.3,197.5,1,1,4.9,6,-0.24,-0.16,1.0,-0.28,-0.44,0.39
2025-10-06,26.2,26,27,1,54.2,135,124,145,-1.6,0.484,0.3,25.0,3.1,14.8,1,1,3.3,6,-0.24,-0.14,1.12,-0.6,0.06,0.4
2025-10-07,13.7,11,26,1,54.5,135,124,144,-1.7,0.482,52.5,258.0,74.5,115.6,1,1,3.3,6,-0.23,-0.11,1.19,-0.61,0.12,0.41
2025-10-08,12.2,8,29,1,54.7,135,124,144,-1.8,0.48,30.4,189.0,37.1,69.0,1,1,1.2,6,-0.23,-0.08,0.84,-0.67,0.08,0.2
2025-10-09,17.9,15,28,1,54.8,135,124,144,-1.8,0.479,27.6,158.0,31.8,63.3,1,1,0.6,6,-0.23,-0.06,0.48,-0.64,-0.02,0.37
2025-10-10,23.6,21,28,1,54.7,135,124,144,-1.8,0.48,19.1,184.0,22.8,64.4,1,1,0.4,6,-0.22,-0.05,0.45,-0.56,-0.2,0.16
2025-10-11,19.3,17,27,1,54.7,135,124,144,-1.8,0.48,62.4,421.0,57.3,161.4,1,1,1.1,6,-0.21,-0.02,0.52,-0.42,-0.1,0.27
2025-10-12,21.0,17,28,2,54.8,135,124,144,-1.8,0.48,48.5,350.0,85.4,193.7,2,0,1.5,6,-0.21,-0.02,0.57,-0.28,-0.18,0.13
2025-10-13,21.1,17,28,1,55.1,135,124,144,-1.9,0.477,43.7,277.0,43.5,119.2,1,1,2.9,6,-0.21,-0.01,0.38,0.22,-0.51,0.13
2025-10-14,15.5,12,26,1,55.4,135,124,144,-2.0,0.475,42.3,249.0,43.3,103.0,1,1,3.3,6,-0.21,-0.01,0.3,0.23,-0.81,0.13
2025-10-15,19.0,16,29,1,55.5,135,124,144,-2.1,0.473,54.4,298.0,56.1,144.5,1,1,4.9,6,-0.2,0.0,0.5,0.32,-0.85,0.31
2025-10-16,24.9,24,28,1,55.7,135,124,144,-2.2,0.472,27.4,150.0,31.1,63.8,1,1,4.9,6,-0.2,0.01,0.75,0.4,-0.59,0.1
2025-10-17,20.1,18,30,1,55.7,135,124,144,-2.2,0.472,29.4,191.0,23.7,74.2,1,1,4.4,6,-0.19,0.02,0.81,0.42,-0.12,0.23
2025-10-18,,,,0,55.6,135,124,144,-2.1,0.473,,,,,0,,5.2,6,-0.2,0.01,0.91,0.65,-0.17,0.09
2025-10-19,19.5,15,27,1,56.0,135,124,144,-2.2,0.47,42.3,213.0,36.4,121.6,1,1,3.5,6,-0.2,-0.01,0.53,0.45,-0.13,0.21
2025-10-20,14.8,12,28,1,56.3,135,123,144,-2.4,0.468,57.7,285.0,57.9,153.9,1,1,3.2,6,-0.21,-0.03,0.48,0.43,-0.11,0.2
2025-10-21,18.8,17,26,1,56.4,134,123,144,-2.4,0.466,33.3,183.0,47.3,75.3,1,1,1.1,6,-0.21,-0.05,0.18,0.27,0.12,0.2
2025-10-22,17.4,14,29,1,56.3,135,123,144,-2.4,0.467,46.4,288.0,49.9,131.3,1,1,-0.8,6,-0.22,-0.08,-0.03,0.18,0.16,-0.01
2025-10-23,14.5,11,26,1,56.6,134,123,144,-2.5,0.465,15.0,278.0,10.1,80.1,1,1,1.6,6,-0.23,-0.09,0.21,0.52,0.12,0.12
2025-10-24,12.4,10,28,1,56.5,134,123,144,-2.5,0.466,48.2,308.0,56.5,116.1,1,1,2.1,6,-0.23,-0.09,0.33,0.47,-0.11,-0.02
2025-10-25,12.9,9,24,1,56.5,134,123,144,-2.5,0.465,74.7,471.0,77.3,193.5,1,1,2.0,6,-0.22,-0.04,0.09,0.5,-0.31,0.1
2025-10-26,11.4,7,24,1,56.7,134,123,144,-2.5,0.464,61.4,597.0,35.1,192.2,1,1,0.8,6,-0.2,0.01,0.02,0.61,-0.09,-0.1
2025-10-27,14.7,10,28,1,56.9,134,123,144,-2.6,0.463,47.2,338.0,43.6,141.4,1,1,0.4,6,-0.18,0.07,-0.03,0.53,-0.15,-0.1
2025-10-28,14.4,9,26,1,57.2,134,123,143,-2.7,0.46,30.3,212.0,30.3,76.6,1,1,0.9,6,-0.16,0.12,0.01,0.52,-0.33,-0.1
2025-10-29,15.6,12,27,1,57.5,134,123,143,-2.8,0.458,59.0,347.0,66.7,146.4,1,1,0.2,6,-0.14,0.18,-0.18,0.46,-0.23,0.08
2025-10-30,16.4,14,24,1,57.5,134,123,143,-2.8,0.458,29.5,213.0,24.7,84.9,1,1,-0.5,6,-0.11,0.23,-0.21,0.3,-0.43,-0.1
2025-10-31,15.2,12,27,1,57.5,134,123,143,-2.8,0.458,31.1,159.0,30.9,90.4,1,1,-1.3,6,-0.09,0.26,-0.57,0.26,-0.48,0.09
2025-11-01,16.9,15,25,1,57.5,134,123,143,-2.8,0.458,60.4,397.0,53.0,187.9,1,1,-2.6,6,-0.08,0.25,-0.44,0.13,-0.25,-0.19
2025-11-02,17.6,16,28,1,57.3,134,123,143,-2.7,0.459,39.6,456.0,45.2,146.3,1,1,-1.7,6,-0.07,0.25,-0.35,-0.15,-0.5,0.01
2025-11-03,19.0,17,24,1,57.2,134,123,143,-2.7,0.46,24.1,204.0,24.8,66.7,1,1,-1.2,6,-0.07,0.21,-0.24,-0.27,-0.6,0.03
2025-11-04,12.5,9,26,1,57.1,134,123,143,-2.7,0.461,36.5,171.0,35.3,99.0,1,1,-1.4,6,-0.07,0.19,-0.18,-0.47,-0.57,0.06
2025-11-05,12.2,9,24,1,57.1,134,123,143,-2.7,0.461,26.8,198.0,20.3,70.4,1,1,-0.8,6,-0.08,0.14,0.1,-0.53,-0.75,-0.22
2025-11-06,18.7,16,24,1,56.8,134,123,144,-2.6,0.463,32.5,214.0,37.2,78.6,1,1,-0.9,6,-0.09,0.1,-0.1,-0.67,-0.87,-0.02
2025-11-07,17.6,15,24,1,56.8,134,123,144,-2.5,0.464,32.7,316.0,30.4,112.6,1,1,-0.8,6,-0.09,0.08,0.13,-0.76,-1.02,-0.32
2025-11-08,14.9,11,25,1,56.6,134,123,144,-2.5,0.465,39.0,594.0,30.6,183.1,1,1,-0.5,6,-0.08,0.08,0.03,-0.84,-0.98,-0.01
2025-11-09,14.6,11,24,1,56.4,134,123,144,-2.4,0.466,50.4,411.0,39.4,167.1,1,1,-1.4,6,-0.08,0.09,0.16,-0.84,-0.86,-0.33
2025-11-10,14.8,10,26,1,56.3,135,123,144,-2.4,0.467,32.8,199.0,37.3,76.8,1,1,-2.0,6,-0.07,0.1,0.13,-0.8,-0.62,-0.37
2025-11-11,14.0,11,24,1,56.3,135,123,144,-2.4,0.467,34.6,175.0,35.6,93.0,1,1,-2.1,6,-0.06,0.11,0.09,-0.68,-0.55,-0.4
2025-11-12,14.3,10,26,1,56.1,135,124,144,-2.3,0.469,32.2,210.0,33.9,77.3,1,1,-1.5,6,-0.06,0.12,-0.08,-0.37,-0.33,-0.09
2025-11-13,14.9,11,27,1,55.9,135,124,144,-2.2,0.471,55.7,228.0,75.5,126.0,1,1,-2.5,6,-0.05,0.13,-0.01,-0.28,-0.11,-0.42
2025-11-14,17.4,15,26,1,55.7,135,124,144,-2.1,0.472,31.6,220.0,32.5,74.8,1,1,-2.0,6,-0.05,0.11,-0.07,-0.36,-0.04,-0.08
2025-11-15,16.1,14,27,1,55.6,135,124,144,-2.1,0.473,53.9,438.0,58.0,145.6,1,1,-3.7,6,-0.05,0.09,-0.25,-0.53,-0.18,-0.38
2025-11-16,13.0,11,25,1,55.3,135,124,144,-2.0,0.475,18.5,377.0,11.0,112.1,1,0,-3.3,6,-0.06,0.03,-0.52,-0.39,-0.18,-0.04
2025-11-17,13.6,11,27,1,55.3,135,124,144,-2.0,0.475,30.1,223.0,24.1,81.0,1,1,-3.5,6,-0.07,-0.01,-0.6,-0.39,-0.18,-0.04
2025-11-18,14.6,11,25,1,55.3,135,124,144,-2.0,0.475,41.0,213.0,48.0,95.8,1,1,-2.2,6,-0.08,-0.03,-0.44,-0.14,-0.12,-0.04
2025-11-19,10.5,7,24,1,55.1,135,124,144,-1.9,0.477,32.6,206.0,33.5,78.3,1,1,-2.4,6,-0.09,-0.06,-0.28,-0.2,-0.26,-0.34
2025-11-20,10.9,8,24,2,54.9,135,124,144,-1.9,0.478,10.9,368.0,10.7,93.0,2,0,-1.1,6,-0.1,-0.08,-0.3,-0.16,-0.32,-0.0
2025-11-21,6.0,3,21,1,54.8,135,124,144,-1.8,0.479,34.8,151.0,42.1,78.1,1,1,-1.7,6,-0.11,-0.1,-0.27,0.06,-0.12,-0.3
2025-11-22,7.1,3,12,1,54.7,135,124,144,-1.8,0.48,2.8,178.0,23.1,108.8,1,1,0.4,6,-0.13,-0.14,-0.11,0.3,-0.02,0.04
2025-11-23,7.3,5,22,1,54.6,135,124,144,-1.7,0.481,37.5,445.0,20.3,137.7,1,1,0.6,6,-0.14,-0.16,0.11,0.47,0.1,-0.26
2025-11-24,8.1,6,26,1,54.6,135,124,144,-1.7,0.481,17.6,222.0,15.3,66.5,1,1,0.4,6,-0.15,-0.17,-0.08,0.56,-0.02,-0.26
2025-11-25,10.7,8,23,1,54.4,135,124,144,-1.7,0.482,30.4,203.0,21.9,74.9,1,1,0.1,6,-0.15,-0.18,-0.12,0.56,0.04,-0.26
2025-11-26,17.9,14,27,1,54.3,135,124,145,-1.6,0.484,44.1,258.0,46.6,107.4,2,1,0.5,6,-0.16,-0.18,-0.18,0.56,0.2,0.08
2025-11-27,9.0,5,25,1,54.1,135,124,145,-1.6,0.485,38.5,180.0,38.0,97.1,1,1,-0.5,6,-0.17,-0.18,-0.22,0.71,0.3,-0.21
2025-11-28,7.0,5,23,1,54.0,135,124,145,-1.5,0.486,21.0,223.0,15.3,72.8,1,1,0.3,6,-0.17,-0.18,-0.23,0.69,0.38,0.12
2025-11-29,16.6,11,24,1,53.9,135,124,145,-1.5,0.487,13.4,108.0,7.3,38.6,1,1,-1.1,6,-0.18,-0.17,-0.35,0.75,0.38,-0.21
2025-11-30,8.5,6,17,1,53.7,136,124,145,-1.4,0.488,17.2,666.0,4.5,158.5,1,0,-1.1,6,-0.17,-0.14,-0.44,0.51,0.4,0.14
2025-12-01,15.6,12,26,1,53.8,135,124,145,-1.4,0.488,18.6,97.0,18.6,42.6,1,1,-1.4,6,-0.17,-0.13,-0.37,0.51,0.61,0.14
2025-12-02,13.7,12,24,1,53.8,135,124,145,-1.4,0.488,32.0,205.0,27.1,88.2,1,1,-1.7,6,-0.17,-0.11,-0.4,0.42,0.57,0.15
2025-12-03,13.0,10,25,1,53.8,135,124,145,-1.4,0.487,34.5,140.0,35.2,83.1,1,1,-2.3,6,-0.18,-0.11,-0.37,0.31,0.57,0.03
2025-12-04,14.8,12,24,1,53.8,135,124,145,-1.4,0.488,8.4,254.0,7.7,68.8,1,1,-2.5,6,-0.18,-0.1,-0.35,-0.04,0.79,0.41
2025-12-05,15.0,10,27,2,53.6,136,124,145,-1.4,0.489,57.0,269.0,58.3,157.8,2,1,-2.4,6,-0.18,-0.09,-0.18,-0.04,0.75,0.23
2025-12-06,13.6,8,25,2,53.6,136,124,145,-1.3,0.489,34.6,326.0,37.5,118.1,2,1,-0.9,6,-0.17,-0.05,0.08,-0.11,0.81,0.51
2025-12-07,12.7,10,20,1,53.7,136,124,145,-1.4,0.489,45.8,427.0,31.8,158.3,1,1,-0.7,6,-0.17,-0.03,0.04,0.07,0.77,0.44
2025-12-08,13.7,10,23,1,53.6,136,124,145,-1.4,0.489,28.0,173.0,26.7,118.5,1,1,0.9,6,-0.16,-0.01,0.27,0.21,0.61,0.43
2025-12-09,13.7,9,28,1,53.7,135,124,145,-1.4,0.488,45.4,181.0,52.5,103.2,1,1,-0.2,6,-0.15,0.01,0.08,0.13,0.65,0.42
2025-12-10,12.2,10,26,1,53.7,136,124,145,-1.4,0.488,30.7,183.0,32.1,71.5,1,1,0.0,6,-0.15,0.03,0.07,0.11,0.57,0.49
2025-12-11,15.3,14,25,1,53.6,136,124,145,-1.4,0.489,40.2,188.0,42.9,98.1,1,1,-0.1,6,-0.14,0.05,0.09,0.15,0.34,0.23
2025-12-12,17.3,15,27,1,53.6,136,124,145,-1.3,0.489,16.8,216.0,11.7,64.5,1,1,-1.4,6,-0.13,0.06,-0.13,-0.13,0.28,0.28
2025-12-13,14.3,7,25,2,53.5,136,124,145,-1.3,0.49,69.8,484.0,53.9,216.7,2,1,-2.3,6,-0.12,0.09,-0.45,-0.02,0.22,0.28
2025-12-14,,,,0,53.4,136,125,145,-1.3,0.491,,,,,0,,-3.9,6,-0.12,0.08,-0.72,-0.15,0.12,0.15
2025-12-15,17.0,13,27,1,53.5,136,125,145,-1.3,0.49,14.1,224.0,11.7,66.5,1,1,-5.1,6,-0.12,0.06,-0.83,-0.42,0.18,0.15
2025-12-16,9.7,7,26,1,53.4,136,125,145,-1.3,0.491,39.0,160.0,43.2,91.2,1,1,-4.4,6,-0.12,0.05,-0.73,-0.48,0.02,0.15
2025-12-17,11.1,9,25,1,53.4,136,125,145,-1.3,0.491,21.5,217.0,13.1,72.8,1,1,-4.8,6,-0.12,0.04,-0.7,-0.48,-0.08,-0.07
2025-12-18,13.1,10,24,1,53.3,136,125,145,-1.2,0.492,40.5,165.0,43.1,96.1,1,1,-4.0,6,-0.12,0.03,-0.65,-0.44,-0.12,0.03
2025-12-19,13.4,11,26,1,53.3,136,125,145,-1.2,0.492,29.8,181.0,26.0,71.5,1,1,-2.8,6,-0.12,0.02,-0.61,-0.14,-0.2,0.05
2025-12-20,9.0,6,22,1,53.1,136,125,145,-1.2,0.493,29.5,376.0,13.1,125.7,1,0,-2.9,6,-0.13,-0.02,-0.53,-0.32,-0.4,-0.09
2025-12-21,10.8,8,23,1,53.2,136,125,145,-1.2,0.493,80.4,400.0,79.7,198.5,1,1,-0.8,6,-0.13,0.01,-0.05,-0.35,-0.51,-0.08
2025-12-22,13.8,12,23,1,53.1,136,125,145,-1.2,0.493,31.3,184.0,32.1,73.4,1,1,0.2,6,-0.12,0.03,0.17,-0.39,-0.63,-0.08
2025-12-23,12.9,11,22,1,53.3,136,125,145,-1.2,0.492,41.2,184.0,46.0,95.9,1,1,-0.3,6,-0.11,0.05,-0.06,-0.27,-0.67,-0.07
2025-12-24,10.1,8,23,1,53.2,136,125,145,-1.2,0.492,59.0,292.0,66.5,151.0,1,1,-0.2,6,-0.1,0.09,-0.21,-0.19,-0.77,0.02
2025-12-25,11.6,7,24,1,53.3,136,125,145,-1.2,0.492,32.3,149.0,45.3,71.1,1,1,0.5,6,-0.09,0.11,-0.31,0.06,-0.91,0.04
2025-12-26,,,,0,53.1,136,125,145,-1.2,0.493,,,,,0,,-0.1,6,-0.08,0.14,-0.29,0.04,-0.83,-0.09
2025-12-27,9.6,6,23,1,53.1,136,125,145,-1.2,0.494,73.1,320.0,74.7,177.1,1,1,0.6,6,-0.07,0.16,0.02,-0.05,-0.73,-0.08
2025-12-28,13.1,7,24,1,53.0,136,125,145,-1.1,0.494,48.0,260.0,59.4,105.3,1,1,-0.6,6,-0.06,0.16,-0.15,-0.18,-0.49,0.02
2025-12-29,11.2,6,25,1,53.1,136,125,145,-1.2,0.493,18.8,128.0,10.5,48.5,1,1,-1.2,6,-0.06,0.15,-0.32,-0.16,-0.51,0.03
2025-12-30,27.0,26,29,1,53.1,136,125,145,-1.2,0.493,0.0,2.0,1.0,6.5,1,0,0.3,6,-0.06,0.12,0.04,-0.19,-0.53,0.03
2025-12-31,17.7,14,28,1,53.1,136,125,145,-1.2,0.493,17.8,82.0,24.0,37.9,1,1,1.5,6,-0.07,0.06,0.27,-0.03,-0.28,0.12
2026-01-01,20.7,19,25,1,53.5,136,124,145,-1.3,0.49,9.6,144.0,4.1,44.7,1,0,0.3,6,-0.08,0.02,0.27,-0.21,0.06,0.12
2026-01-02,22.1,20,25,2,53.6,136,124,145,-1.3,0.489,24.2,139.0,35.0,60.6,2,1,1.4,6,-0.09,-0.04,0.46,-0.2,0.18,0.27
2026-01-03,13.0,10,27,1,53.5,136,124,145,-1.3,0.49,29.3,172.0,35.5,64.3,1,1,2.4,6,-0.11,-0.11,0.45,0.01,0.22,0.38
2026-01-04,,,,0,53.7,136,124,145,-1.4,0.488,25.3,142.0,25.0,60.0,1,1,4.4,6,-0.13,-0.18,0.8,0.2,0.1,0.3
2026-01-05,15.0,11,26,1,54.0,135,124,145,-1.5,0.486,20.1,115.0,28.3,43.2,1,1,5.8,6,-0.15,-0.24,1.04,0.43,0.24,0.34
2026-01-06,23.4,22,28,1,54.3,135,124,145,-1.6,0.484,19.2,118.0,21.6,43.2,1,1,4.1,6,-0.17,-0.28,0.76,0.44,0.49,0.29
2026-01-07,,,,0,54.5,135,124,144,-1.7,0.482,,,,,0,,4.0,6,-0.18,-0.31,0.81,0.3,0.55,0.35
2026-01-08,18.2,15,22,1,54.6,135,124,144,-1.7,0.481,0.0,56.0,18.3,108.9,1,0,4.9,6,-0.2,-0.34,1.06,0.41,0.4,0.12
2026-01-09,12.3,9,26,1,54.7,135,124,144,-1.7,0.48,16.9,147.0,17.4,52.3,1,1,4.7,6,-0.21,-0.37,1.02,0.4,0.42,0.1
2026-01-10,12.5,10,24,1,54.9,135,124,144,-1.8,0.479,35.4,177.0,41.4,81.7,1,1,4.2,6,-0.23,-0.38,0.98,0.38,0.57,0.13
2026-01-11,12.0,9,23,1,55.3,135,124,144,-2.0,0.475,10.6,181.0,5.7,54.9,1,1,3.8,6,-0.24,-0.39,0.81,0.49,0.71,0.22
2026-01-12,21.1,19,27,1,55.3,135,124,144,-2.0,0.475,23.4,169.0,20.5,62.0,1,1,2.3,6,-0.25,-0.4,0.6,0.48,0.89,0.16
2026-01-13,15.3,10,25,1,55.3,135,124,144,-2.0,0.475,19.3,178.0,19.1,63.1,1,1,3.5,6,-0.26,-0.39,0.94,0.37,1.05,0.35
2026-01-14,11.2,8,28,1,55.2,135,124,144,-2.0,0.476,16.0,213.0,8.1,64.8,1,0,0.8,6,-0.26,-0.35,0.62,0.06,1.25,0.35
2026-01-15,22.4,18,28,1,55.6,135,124,144,-2.1,0.473,3.8,20.0,4.0,9.4,1,1,1.7,6,-0.26,-0.3,0.8,0.04,1.48,0.66
2026-01-16,11.2,8,27,1,55.6,135,124,144,-2.1,0.473,27.4,199.0,21.1,70.3,1,1,1.3,6,-0.25,-0.24,0.79,-0.09,1.41,0.66
2026-01-17,10.1,8,25,1,55.6,135,124,144,-2.1,0.473,66.4,304.0,70.0,176.2,1,1,0.5,6,-0.24,-0.15,0.66,0.1,1.47,0.5
2026-01-18,11.8,7,26,1,55.6,135,124,144,-2.1,0.473,23.5,323.0,17.8,100.1,1,1,-0.4,6,-0.22,-0.06,0.56,0.18,1.52,0.39
2026-01-19,,,,0,55.7,135,124,144,-2.2,0.472,,,,,0,,0.8,6,-0.2,0.03,0.64,0.2,1.21,0.49
2026-01-20,11.4,9,23,1,55.8,135,124,144,-2.2,0.471,38.6,229.0,41.6,96.5,1,1,0.9,6,-0.18,0.12,0.62,0.23,0.93,0.36
2026-01-21,12.0,6,26,1,55.9,135,124,144,-2.2,0.47,23.6,209.0,22.1,71.9,1,1,2.5,6,-0.16,0.2,0.78,0.44,0.53,0.25
2026-01-22,12.8,9,22,2,55.8,135,124,144,-2.2,0.471,21.9,312.0,34.0,154.4,2,1,2.6,6,-0.14,0.27,0.64,0.61,0.3,0.17
2026-01-23,10.9,9,22,1,56.0,135,124,144,-2.2,0.47,25.3,203.0,28.4,72.1,1,1,3.0,6,-0.12,0.33,0.55,0.72,0.06,0.17
2026-01-24,15.7,11,26,1,55.9,135,124,144,-2.2,0.471,0.0,170.0,24.8,139.4,1,1,1.5,6,-0.1,0.35,0.32,0.51,-0.26,-0.08
2026-01-25,12.7,7,24,2,55.8,135,124,144,-2.2,0.471,51.8,428.0,41.0,156.2,2,1,1.0,6,-0.09,0.37,0.17,0.4,-0.48,-0.13
2026-01-26,9.3,6,26,1,55.7,135,124,144,-2.2,0.472,31.5,204.0,33.6,77.6,1,1,-0.2,6,-0.07,0.38,-0.05,0.36,-0.49,-0.21
2026-01-27,14.5,11,24,1,55.9,135,124,144,-2.2,0.47,31.8,189.0,35.3,97.7,1,1,-1.2,6,-0.06,0.38,-0.17,0.33,-0.49,-0.37
2026-01-28,,,,0,56.2,135,123,144,-2.3,0.468,13.0,52.0,14.0,33.4,1,1,-1.7,6,-0.05,0.38,-0.41,0.38,-0.57,-0.32
2026-01-29,12.8,10,22,1,56.4,134,123,144,-2.4,0.466,29.2,192.0,26.4,72.1,1,1,-2.6,6,-0.04,0.36,-0.62,0.13,-0.69,-0.27
2026-01-30,13.5,7,23,1,56.4,134,123,144,-2.4,0.466,0.0,142.0,13.7,76.5,1,1,-3.6,6,-0.04,0.33,-0.7,0.0,-0.65,-0.37
2026-01-31,6.8,3,20,1,56.4,134,123,144,-2.4,0.467,0.0,175.0,26.4,150.0,1,1,-2.9,6,-0.03,0.3,-0.64,-0.08,-0.59,-0.14
2026-02-01,11.6,8,24,1,56.5,134,123,144,-2.5,0.465,58.1,383.0,76.9,137.9,1,1,-1.8,6,-0.03,0.28,-0.47,-0.22,-0.61,0.07
2026-02-02,15.6,11,24,1,56.8,134,123,144,-2.6,0.463,26.3,193.0,20.8,66.5,1,0,-2.0,6,-0.03,0.27,-0.36,-0.44,-0.65,0.02
2026-02-03,8.4,6,22,1,56.8,134,123,144,-2.6,0.463,28.5,189.0,24.8,71.5,1,1,-1.1,6,-0.02,0.25,-0.48,-0.33,-0.67,0.31
2026-02-04,11.9,8,25,1,56.8,134,123,144,-2.6,0.463,39.2,148.0,40.4,101.0,1,1,-0.2,6,-0.02,0.23,-0.26,-0.43,-0.83,0.27
2026-02-05,10.8,5,21,1,56.7,134,123,144,-2.5,0.464,0.0,112.0,16.7,86.8,1,1,-1.0,6,-0.02,0.19,-0.35,-0.45,-0.77,0.17
2026-02-06,11.9,9,26,1,56.9,134,123,144,-2.6,0.463,26.1,205.0,15.8,73.8,1,1,-0.1,6,-0.02,0.17,-0.25,-0.44,-0.77,0.27
2026-02-07,11.2,9,24,1,56.8,134,123,144,-2.5,0.464,48.6,307.0,47.2,150.1,1,1,1.4,6,-0.01,0.18,-0.23,-0.32,-0.93,0.51
2026-02-08,14.0,12,22,1,56.6,134,123,144,-2.5,0.465,18.2,309.0,10.2,81.2,1,1,1.3,6,-0.01,0.18,-0.24,-0.36,-1.03,0.43
2026-02-09,21.5,19,29,1,56.8,134,123,144,-2.6,0.463,46.6,249.0,78.7,114.4,2,1,1.3,6,-0.01,0.15,-0.33,-0.17,-0.87,0.47
2026-02-10,13.6,11,24,1,56.8,134,123,144,-2.6,0.463,39.0,162.0,42.1,98.9,1,1,0.8,6,-0.01,0.13,-0.31,-0.27,-0.89,0.36
2026-02-11,10.6,8,26,1,57.0,134,123,143,-2.7,0.461,27.6,213.0,22.5,76.4,1,1,-0.1,6,-0.01,0.12,-0.28,-0.34,-0.67,0.26
2026-02-12,14.3,11,28,1,57.3,134,123,143,-2.8,0.459,42.7,169.0,50.7,103.2,1,1,-1.5,6,-0.0,0.12,-0.39,-0.53,-0.73,0.05
2026-02-13,19.7,18,27,1,57.3,134,123,143,-2.7,0.459,42.0,166.0,46.5,105.3,1,1,-2.6,6,0.0,0.13,-0.6,-0.47,-0.65,-0.01
2026-02-14,12.6,7,26,1,57.1,134,123,143,-2.7,0.461,40.8,356.0,46.0,123.5,1,1,-2.8,6,0.01,0.14,-0.29,-0.61,-0.48,-0.22
2026-02-15,16.0,10,24,1,57.3,134,123,143,-2.7,0.459,56.9,488.0,47.5,184.2,1,1,-4.0,6,0.02,0.17,-0.36,-0.58,-0.26,-0.37
2026-02-16,13.4,9,22,1,57.5,134,123,143,-2.8,0.458,17.2,223.0,12.2,72.5,1,1,-4.1,6,0.03,0.2,-0.35,-0.55,-0.14,-0.32
2026-02-17,12.0,8,20,1,57.6,134,123,143,-2.9,0.457,75.1,645.0,76.0,247.3,1,1,-3.7,6,0.06,0.28,-0.14,-0.53,-0.08,-0.41
2026-02-18,13.5,7,31,2,57.8,134,123,143,-2.9,0.455,39.3,354.0,27.2,124.9,2,1,-4.3,6,0.08,0.35,-0.16,-0.37,0.1,-0.55
2026-02-19,,,,0,57.9,134,123,143,-3.0,0.455,16.6,70.0,18.1,46.0,1,1,-3.1,6,0.11,0.42,-0.03,-0.04,0.46,-0.31
2026-02-20,13.8,6,27,2,57.8,134,123,143,-2.9,0.456,47.6,354.0,39.8,135.8,2,1,-1.6,6,0.14,0.49,0.36,-0.08,0.42,-0.28
2026-02-21,12.4,10,23,1,57.8,134,123,143,-2.9,0.455,51.3,567.0,29.4,189.1,1,1,-3.4,6,0.18,0.57,-0.05,0.17,0.55,-0.43
2026-02-22,12.8,6,26,1,57.8,134,123,143,-2.9,0.456,69.0,565.0,93.9,195.9,1,1,-3.8,6,0.21,0.61,-0.23,0.19,0.49,-0.41
2026-02-23,17.1,11,27,1,57.9,134,123,143,-3.0,0.455,29.6,327.0,32.8,120.6,1,1,-3.6,6,0.24,0.64,-0.12,0.05,0.22,-0.57
2026-02-24,11.4,9,28,1,57.8,134,123,143,-2.9,0.455,22.8,257.0,11.4,84.4,1,1,-3.4,6,0.26,0.6,-0.21,0.01,0.1,-0.48
2026-02-25,19.2,17,27,1,58.1,134,123,143,-3.0,0.454,45.8,278.0,62.5,119.7,2,1,-3.8,6,0.27,0.55,-0.47,-0.0,0.22,-0.27
2026-02-26,10.5,9,25,1,58.0,134,123,143,-3.0,0.454,51.3,260.0,57.0,130.2,1,1,-2.6,6,0.27,0.5,-0.34,-0.01,-0.1,-0.34
2026-02-27,17.7,12,28,2,58.1,134,123,143,-3.0,0.453,33.6,370.0,42.9,157.2,2,0,-4.5,6,0.28,0.46,-0.52,-0.11,0.06,-0.58
2026-02-28,14.5,13,23,1,58.2,134,123,143,-3.1,0.452,86.7,654.0,80.1,247.8,1,1,-3.2,6,0.29,0.42,-0.17,-0.42,0.12,-0.32
2026-03-01,15.0,12,25,1,58.1,134,123,143,-3.1,0.453,22.2,432.0,13.8,124.3,1,1,-1.6,6,0.3,0.37,0.1,-0.24,0.26,-0.26
2026-03-02,19.2,17,28,1,57.7,134,123,143,-2.9,0.456,32.5,299.0,40.6,117.0,2,1,-0.9,6,0.3,0.33,0.15,-0.15,0.4,-0.14
2026-03-03,17.6,15,25,1,57.9,134,123,143,-3.0,0.454,37.1,293.0,29.2,111.8,1,1,-1.5,6,0.31,0.29,0.05,-0.2,0.49,-0.11
2026-03-04,13.1,10,29,1,58.1,134,123,143,-3.1,0.453,30.2,222.0,30.7,80.6,1,1,0.3,6,0.31,0.26,0.33,-0.15,0.22,-0.19
2026-03-05,13.0,8,27,1,58.2,134,123,143,-3.1,0.453,56.3,371.0,58.7,160.1,1,1,0.7,6,0.31,0.23,0.4,-0.13,0.36,-0.11
2026-03-06,18.7,17,25,1,58.2,134,123,143,-3.1,0.452,28.3,309.0,18.8,110.6,1,1,2.6,6,0.32,0.19,0.38,0.19,0.34,0.19
2026-03-07,13.5,9,23,1,57.9,134,123,143,-3.0,0.455,27.6,515.0,18.1,158.9,1,1,3.9,6,0.3,0.1,0.45,0.33,0.2,0.22
2026-03-08,16.2,9,25,1,58.0,134,123,143,-3.0,0.454,122.8,424.0,148.3,300.8,1,1,3.9,6,0.31,0.1,0.3,0.39,0.08,0.27
2026-03-09,22.9,20,28,1,57.9,134,123,143,-3.0,0.455,45.0,278.0,68.5,120.5,2,1,3.7,6,0.31,0.09,0.29,0.33,0.14,0.27
2026-03-10,13.3,11,27,2,57.9,134,123,143,-3.0,0.455,48.8,331.0,50.1,133.3,2,1,3.6,6,0.33,0.1,0.3,0.5,0.08,0.03
2026-03-11,12.6,10,26,1,57.8,134,123,143,-2.9,0.456,30.9,293.0,26.2,100.6,1,1,2.5,6,0.34,0.12,0.16,0.23,0.06,0.09
2026-03-12,11.5,8,27,1,57.6,134,123,143,-2.8,0.457,60.2,259.0,68.6,148.4,1,1,2.8,6,0.35,0.12,0.19,0.06,-0.18,0.08
2026-03-13,16.5,12,24,1,57.6,134,123,143,-2.9,0.457,32.1,322.0,32.7,109.2,1,1,2.2,6,0.36,0.12,0.14,-0.08,-0.26,0.01
2026-03-14,11.7,10,27,1,57.6,134,123,143,-2.9,0.457,33.2,399.0,37.7,127.1,1,1,2.6,6,0.37,0.11,0.18,-0.04,-0.42,-0.06
2026-03-15,13.6,11,25,1,57.8,134,123,143,-2.9,0.456,78.2,524.0,73.0,260.1,1,1,3.6,6,0.35,0.04,0.32,-0.19,-0.48,0.08
2026-03-16,13.3,11,26,1,57.8,134,123,143,-2.9,0.456,31.0,199.0,33.1,76.4,1,1,3.6,6,0.34,-0.03,0.17,-0.21,-0.57,0.19
2026-03-17,15.9,10,28,2,57.9,134,123,143,-3.0,0.454,73.4,452.0,74.4,190.9,2,1,4.2,6,0.32,-0.08,0.29,-0.44,-0.53,0.43
2026-03-18,18.5,16,27,1,58.0,134,123,143,-3.0,0.454,30.6,318.0,32.2,119.4,2,1,5.4,6,0.3,-0.13,0.38,-0.27,-0.63,0.46
2026-03-19,11.0,8,25,1,57.7,134,123,143,-2.9,0.456,40.3,179.0,40.4,116.9,1,1,3.3,6,0.28,-0.18,0.02,-0.23,-0.53,0.24
2026-03-20,11.1,8,19,2,57.8,134,123,143,-2.9,0.455,31.5,368.0,29.0,118.7,2,1,3.4,6,0.26,-0.23,0.06,-0.24,-0.44,0.3
2026-03-21,20.3,19,25,1,58.1,134,123,143,-3.1,0.453,19.5,120.0,27.4,45.5,1,1,1.3,6,0.24,-0.28,-0.38,-0.28,-0.22,0.35
2026-03-22,14.6,14,20,1,57.9,134,123,143,-3.0,0.455,17.0,671.0,4.5,164.0,1,0,-0.3,6,0.21,-0.32,-0.39,-0.26,-0.1,-0.07
2026-03-23,15.7,13,25,1,58.1,134,123,143,-3.0,0.453,27.6,157.0,31.0,67.1,1,1,-0.6,6,0.19,-0.36,-0.28,-0.15,0.06,-0.27
2026-03-24,14.5,12,26,1,57.9,134,123,143,-3.0,0.454,43.6,210.0,47.7,115.7,1,1,-0.3,6,0.15,-0.41,-0.36,0.12,0.18,-0.25
2026-03-25,13.1,11,26,1,58.0,134,123,143,-3.0,0.454,42.7,300.0,40.6,126.4,2,1,-0.7,6,0.12,-0.45,-0.4,0.27,0.57,-0.16
2026-03-26,8.7,5,24,1,58.6,134,123,143,-3.2,0.45,37.4,394.0,33.5,139.2,1,1,1.3,6,0.1,-0.47,-0.11,0.4,0.65,0.09
2026-03-27,20.1,16,24,1,58.7,134,123,143,-3.3,0.449,29.2,312.0,28.4,109.5,1,1,1.1,6,0.08,-0.47,-0.06,0.48,0.69,-0.08
2026-03-28,12.2,6,25,1,58.5,134,123,143,-3.2,0.45,62.2,537.0,56.1,218.5,1,1,1.2,6,0.08,-0.41,0.11,0.61,0.75,-0.24
2026-03-29,11.4,8,26,1,58.5,134,123,143,-3.2,0.45,27.4,541.0,15.7,167.1,1,1,1.9,6,0.07,-0.37,0.06,0.64,0.75,0.06
2026-03-30,16.5,9,26,1,58.5,134,123,143,-3.2,0.45,45.5,469.0,40.6,171.6,1,1,2.2,6,0.08,-0.31,0.06,0.5,0.59,0.23
2026-03-31,15.7,10,26,1,58.5,134,123,143,-3.2,0.45,38.2,331.0,35.1,127.1,2,1,1.7,6,0.08,-0.24,0.04,0.33,0.51,0.22
2026-04-01,18.3,13,25,1,58.5,134,123,143,-3.2,0.45,49.8,324.0,53.8,128.7,1,1,1.5,6,0.09,-0.18,0.05,0.12,0.34,0.26
2026-04-02,11.7,7,26,1,58.4,134,123,143,-3.2,0.451,40.1,317.0,30.6,134.0,2,1,1.2,6,0.1,-0.14,0.1,0.14,0.49,0.23
2026-04-03,13.8,8,25,1,58.3,134,123,143,-3.1,0.451,101.0,848.0,88.8,332.8,1,1,1.1,6,0.12,-0.06,-0.01,0.03,0.4,0.39
2026-04-04,14.7,8,27,1,58.6,134,123,143,-3.2,0.45,48.1,422.0,41.7,155.6,1,1,1.7,6,0.13,-0.02,0.04,-0.04,0.24,0.49
2026-04-05,16.9,11,27,1,58.5,134,123,143,-3.2,0.45,91.6,818.0,103.1,297.2,1,1,1.8,6,0.17,0.07,0.15,-0.24,0.1,0.5
2026-04-06,14.0,12,26,1,58.7,134,123,143,-3.3,0.449,35.6,279.0,24.4,102.0,1,1,1.7,6,0.19,0.12,0.21,-0.18,0.18,0.42
2026-04-07,27.1,24,31,1,58.5,134,123,143,-3.2,0.45,49.0,278.0,50.9,128.6,1,1,1.8,6,0.21,0.17,0.36,-0.23,0.16,0.32
2026-04-08,15.6,12,27,1,58.6,134,123,143,-3.2,0.45,11.5,458.0,20.0,153.8,2,1,1.1,6,0.23,0.2,0.41,-0.17,0.2,0.01
2026-04-09,14.8,13,28,1,58.9,134,122,143,-3.3,0.447,55.0,238.0,65.4,136.5,1,1,1.2,6,0.25,0.23,0.42,-0.21,0.02,-0.09
2026-04-10,12.4,10,25,1,59.1,133,122,143,-3.4,0.446,68.8,448.0,70.7,203.2,2,1,1.0,6,0.26,0.2,0.42,-0.22,-0.08,-0.23
2026-04-11,15.4,13,26,1,59.0,134,122,143,-3.4,0.446,55.0,336.0,90.6,129.8,1,1,1.1,6,0.26,0.17,0.53,-0.3,-0.06,-0.27
2026-04-12,15.2,11,26,1,59.0,134,122,143,-3.4,0.446,104.3,916.0,84.1,337.8,1,1,1.8,6,0.26,0.15,0.53,-0.12,-0.06,-0.25
2026-04-13,18.7,17,25,1,58.9,134,122,143,-3.3,0.447,43.2,317.0,49.4,132.4,2,1,1.7,6,0.26,0.13,0.38,-0.08,-0.22,-0.25
2026-04-14,12.5,10,26,1,58.9,134,122,143,-3.4,0.447,27.8,366.0,22.6,116.4,1,1,1.5,6,0.26,0.12,0.19,-0.02,-0.3,-0.2
2026-04-15,17.1,13,27,1,59.2,133,122,143,-3.5,0.444,62.8,436.0,62.3,175.7,1,1,1.9,6,0.27,0.12,0.08,-0.07,-0.44,-0.03
2026-04-16,23.6,21,29,1,59.4,133,122,143,-3.5,0.444,44.3,295.0,58.8,131.6,2,1,0.4,6,0.28,0.12,-0.13,-0.22,-0.46,-0.1
2026-04-17,15.7,13,26,1,59.1,133,122,143,-3.4,0.445,53.8,379.0,48.5,154.4,1,1,0.2,6,0.28,0.11,-0.07,-0.46,-0.44,-0.06
2026-04-18,18.7,13,26,1,59.1,133,122,143,-3.4,0.445,119.2,839.0,130.0,310.2,1,1,-1.1,6,0.31,0.15,-0.38,-0.49,-0.38,0.0
2026-04-19,15.7,14,28,1,59.1,133,122,143,-3.4,0.446,39.1,342.0,25.4,116.5,1,1,-2.4,6,0.3,0.12,-0.56,-0.67,-0.46,-0.12
2026-04-20,19.1,13,30,1,59.1,133,122,143,-3.4,0.446,66.0,480.0,73.3,178.7,1,1,-2.3,6,0.31,0.11,-0.51,-0.58,-0.34,-0.14
2026-04-21,14.1,12,27,1,59.2,133,122,143,-3.5,0.445,26.4,348.0,30.3,126.8,2,1,-1.9,6,0.31,0.09,-0.42,-0.46,-0.18,-0.12
2026-04-22,17.7,13,23,1,59.2,133,122,143,-3.5,0.445,55.0,388.0,58.3,145.9,1,1,-2.2,6,0.31,0.08,-0.43,-0.42,-0.08,-0.19
2026-04-23,10.7,8,26,1,59.2,133,122,143,-3.5,0.445,26.3,569.0,19.5,169.3,1,1,-2.4,6,0.32,0.07,-0.44,-0.36,-0.02,-0.28
2026-04-24,18.9,11,29,1,59.2,133,122,143,-3.4,0.445,58.8,403.0,63.1,160.1,1,1,-2.2,6,0.32,0.06,-0.49,-0.19,0.02,-0.26
2026-04-25,16.9,10,31,1,59.4,133,122,143,-3.5,0.443,94.5,417.0,97.5,263.0,1,1,-0.8,6,0.3,0.0,-0.31,-0.01,-0.22,-0.42
2026-04-26,22.2,19,28,2,59.2,133,122,143,-3.4,0.445,18.9,465.0,19.3,119.8,2,0,-0.6,6,0.29,-0.03,-0.28,0.18,0.04,-0.39
2026-04-27,21.8,14,30,1,59.3,133,122,143,-3.5,0.444,67.1,450.0,71.8,179.7,1,1,-2.0,6,0.27,-0.07,-0.6,0.31,0.16,-0.47
2026-04-28,25.3,24,28,1,59.3,133,122,143,-3.5,0.444,43.9,282.0,53.6,125.6,2,1,-2.2,6,0.26,-0.1,-0.66,0.3,0.14,-0.49
2026-04-29,18.6,13,29,1,59.4,133,122,143,-3.5,0.443,58.7,390.0,57.2,166.1,1,1,-1.1,6,0.24,-0.14,-0.59,0.31,0.06,-0.31
2026-04-30,15.8,13,27,1,59.4,133,122,143,-3.5,0.443,36.3,212.0,53.3,85.8,1,1,0.4,6,0.21,-0.19,-0.34,0.22,0.14,-0.02
2026-05-01,16.8,11,25,1,59.4,133,122,143,-3.5,0.443,113.2,965.0,97.5,353.4,1,1,1.4,6,0.21,-0.16,-0.24,0.42,0.1,-0.02
2026-05-02,17.8,14,28,1,59.4,133,122,143,-3.5,0.443,27.2,476.0,22.7,151.0,1,1,1.9,6,0.21,-0.15,-0.16,0.47,0.32,0.18
2026-05-03,15.5,10,25,1,59.3,133,122,143,-3.5,0.444,66.4,616.0,29.6,242.1,1,1,1.3,6,0.24,-0.07,-0.23,0.34,0.36,0.26
2026-05-04,27.2,25,29,1,59.1,133,122,143,-3.4,0.445,55.9,265.0,101.3,130.1,2,1,3.0,6,0.26,-0.02,0.18,0.09,0.22,0.44
2026-05-05,13.9,11,23,1,58.9,134,122,143,-3.3,0.447,50.6,227.0,57.0,130.7,1,1,3.9,6,0.28,0.02,0.34,0.03,0.08,0.48
2026-05-06,16.1,13,28,1,59.3,133,122,143,-3.5,0.444,32.6,296.0,41.0,104.6,1,1,3.6,6,0.29,0.05,0.29,0.06,0.04,0.4
2026-05-07,24.5,20,29,1,59.3,133,122,143,-3.5,0.444,80.1,287.0,117.4,198.7,1,1,3.9,6,0.31,0.08,0.25,0.16,0.0,0.43
2026-05-08,19.8,11,27,2,59.5,133,122,143,-3.6,0.443,72.2,511.0,73.1,191.7,2,1,4.5,6,0.31,0.06,0.24,0.22,-0.04,0.52
2026-05-09,15.7,10,24,1,59.4,133,122,143,-3.5,0.443,69.6,756.0,74.5,264.0,1,1,3.9,6,0.32,0.07,0.22,0.0,-0.1,0.51
2026-05-10,15.0,13,25,1,59.4,133,122,143,-3.6,0.443,24.3,684.0,18.4,194.3,1,1,4.7,6,0.3,0.01,0.38,-0.01,-0.26,0.45
2026-05-11,16.1,14,27,1,59.5,133,122,143,-3.6,0.442,35.6,311.0,27.8,125.1,2,1,4.8,6,0.28,-0.03,0.44,-0.16,-0.34,0.43
2026-05-12,22.8,19,26,1,59.7,133,122,143,-3.6,0.441,53.7,453.0,47.8,170.1,1,1,2.9,6,0.27,-0.06,0.11,-0.36,-0.34,0.39
2026-05-13,22.3,17,29,1,59.9,133,122,142,-3.7,0.44,117.3,782.0,134.3,304.9,1,1,2.8,6,0.28,-0.04,0.22,-0.38,-0.14,0.42
2026-05-14,15.5,13,27,1,59.9,133,122,142,-3.7,0.44,28.0,234.0,31.2,86.0,1,1,1.8,6,0.28,-0.03,-0.03,-0.5,-0.3,0.42
2026-05-15,13.8,11,27,1,59.9,133,122,142,-3.7,0.44,55.3,352.0,80.3,151.9,2,1,1.3,6,0.28,-0.04,0.04,-0.73,-0.2,0.41
2026-05-16,14.1,11,25,1,59.8,133,122,142,-3.7,0.44,26.2,526.0,21.6,156.8,1,1,0.4,6,0.26,-0.08,0.03,-0.92,-0.1,0.37
2026-05-17,14.0,10,25,1,59.9,133,122,142,-3.7,0.44,95.4,854.0,104.6,319.3,1,1,0.2,6,0.25,-0.08,-0.06,-0.87,-0.08,0.42
2026-05-18,26.6,24,29,1,60.1,133,122,142,-3.8,0.438,42.2,283.0,69.5,122.7,2,1,-0.0,6,0.25,-0.08,-0.15,-0.67,0.06,0.39
2026-05-19,21.5,17,25,1,60.3,133,122,142,-3.9,0.437,57.7,429.0,62.2,163.3,1,1,1.4,6,0.24,-0.08,0.13,-0.49,0.16,0.42
2026-05-20,19.5,13,29,1,60.0,133,122,142,-3.8,0.438,66.8,450.0,70.7,186.4,1,1,0.8,6,0.23,-0.11,-0.12,-0.45,-0.04,0.34
2026-05-21,29.0,27,31,1,60.4,133,122,142,-3.9,0.436,47.5,309.0,58.6,138.2,2,1,1.2,6,0.21,-0.12,-0.11,-0.24,0.04,0.33
2026-05-22,17.4,14,26,1,60.6,133,122,142,-4.0,0.435,54.1,387.0,58.1,149.4,1,1,-0.2,6,0.21,-0.12,-0.27,-0.27,0.24,0.3
2026-05-23,20.5,17,25,1,60.7,133,122,142,-4.0,0.433,42.8,314.0,48.9,114.1,1,1,-1.1,6,0.19,-0.13,-0.45,-0.16,0.12,0.04
2026-05-24,25.5,17,34,1,60.7,133,122,142,-4.0,0.434,149.8,1141.0,170.7,406.4,1,1,-1.2,6,0.19,-0.12,-0.44,-0.07,0.06,-0.09
2026-05-25,22.1,22,27,1,60.4,133,122,142,-3.9,0.436,12.2,72.0,14.4,43.7,1,1,-2.5,6,0.19,-0.11,-0.63,-0.17,0.14,-0.09
2026-05-26,27.5,22,34,2,60.5,133,122,142,-3.9,0.435,78.5,395.0,99.5,207.3,2,1,-2.5,6,0.19,-0.11,-0.73,0.03,0.22,-0.09
2026-05-27,21.9,20,29,1,60.7,133,122,142,-4.0,0.434,45.2,353.0,47.7,148.0,2,1,-2.4,6,0.17,-0.13,-0.51,0.03,0.36,-0.23
2026-05-28,18.2,15,27,1,60.7,133,122,142,-4.0,0.434,42.8,388.0,55.7,134.7,1,1,-2.7,6,0.15,-0.15,-0.54,0.06,0.26,-0.39
2026-05-29,24.3,19,31,1,60.7,133,122,142,-4.0,0.434,80.5,802.0,67.1,283.4,1,1,-2.4,6,0.16,-0.12,-0.65,0.19,-0.1,-0.52
2026-05-30,25.3,22,29,1,60.6,133,122,142,-4.0,0.434,45.1,358.0,44.8,131.2,1,1,-0.5,6,0.17,-0.09,-0.63,0.59,-0.2,-0.37
2026-05-31,24.0,16,34,1,60.8,133,122,142,-4.1,0.433,140.6,548.0,164.2,368.7,1,1,-0.5,6,0.15,-0.11,-0.59,0.48,-0.22,-0.32
2026-06-01,28.1,27,30,1,60.8,133,122,142,-4.1,0.433,42.0,310.0,50.5,133.6,2,1,-0.1,6,0.14,-0.12,-0.41,0.64,-0.26,-0.57
2026-06-02,17.3,14,28,1,60.9,133,122,142,-4.1,0.432,91.8,625.0,83.8,304.1,1,1,-0.3,6,0.14,-0.1,-0.38,0.56,-0.3,-0.62
2026-06-03,18.3,12,32,1,60.8,133,122,142,-4.0,0.433,75.2,430.0,88.0,203.8,1,1,-1.6,6,0.14,-0.09,-0.53,0.43,-0.28,-0.7
2026-06-04,19.4,17,28,1,60.7,133,122,142,-4.0,0.434,61.2,369.0,85.8,155.7,2,1,-2.0,6,0.14,-0.08,-0.25,0.39,-0.04,-0.96
2026-06-05,22.0,15,29,2,60.5,133,122,142,-3.9,0.435,74.4,436.0,84.0,212.5,2,1,-2.1,6,0.12,-0.1,-0.13,0.49,0.1,-1.12
2026-06-06,22.4,16,28,2,60.5,133,122,142,-3.9,0.435,55.0,300.0,78.1,141.5,2,1,-1.2,6,0.11,-0.11,0.11,0.33,0.2,-0.93
2026-06-07,24.9,17,34,1,60.5,133,122,142,-4.0,0.435,157.6,801.0,164.5,437.8,1,1,-1.8,6,0.11,-0.11,0.23,0.32,0.4,-1.1
2026-06-08,26.5,25,30,1,60.2,133,122,142,-3.9,0.437,28.0,314.0,35.5,126.7,2,0,-3.3,6,0.1,-0.11,0.09,0.09,0.51,-1.08
2026-06-09,21.3,20,26,1,59.8,133,122,142,-3.7,0.44,19.2,275.0,6.0,89.5,1,0,-4.6,6,0.08,-0.14,0.08,-0.07,0.53,-1.35
2026-06-10,22.9,19,29,1,59.9,133,122,142,-3.7,0.44,63.1,357.0,64.0,178.4,1,1,-2.6,6,0.06,-0.16,0.24,-0.01,0.48,-1.01
2026-06-11,22.5,15,29,2,59.8,133,122,142,-3.7,0.441,65.2,390.0,76.9,180.3,2,1,-2.1,6,0.04,-0.18,0.16,-0.16,0.38,-0.67
2026-06-12,24.7,14,33,2,59.5,133,122,143,-3.6,0.442,110.1,558.0,143.3,300.1,3,1,-2.0,6,0.02,-0.19,0.16,-0.08,0.49,-0.61
2026-06-13,20.2,18,27,1,59.7,133,122,143,-3.6,0.441,48.4,293.0,60.4,119.2,1,1,-2.3,6,0.0,-0.2,0.13,0.06,0.65,-0.66
2026-06-14,25.9,20,33,1,59.3,133,122,143,-3.5,0.444,145.4,708.0,149.0,399.1,1,1,-3.0,6,-0.01,-0.21,-0.02,0.03,0.63,-0.66
2026-06-15,19.9,17,29,1,59.4,133,122,143,-3.5,0.443,30.1,342.0,43.5,147.5,2,1,-0.7,6,-0.03,-0.22,0.13,0.08,0.38,-0.36
2026-06-16,15.6,13,27,1,59.5,133,122,143,-3.6,0.443,20.1,420.0,15.6,111.4,1,1,0.2,6,-0.04,-0.2,0.02,0.25,0.4,-0.03
2026-06-17,26.1,19,35,1,59.4,133,122,143,-3.6,0.443,69.1,524.0,80.2,206.4,1,1,0.5,6,-0.04,-0.17,-0.0,0.41,0.36,-0.06
2026-06-18,22.0,20,28,1,59.4,133,122,143,-3.5,0.443,30.2,401.0,32.7,143.2,2,1,0.7,6,-0.04,-0.15,0.09,0.35,0.42,0.01
2026-06-19,22.2,21,30,1,59.1,133,122,143,-3.4,0.445,47.3,200.0,56.1,119.3,1,1,0.8,6,-0.05,-0.15,0.16,0.2,0.44,0.12
2026-06-20,28.0,23,38,3,58.9,134,122,143,-3.3,0.447,77.9,692.0,91.7,369.2,3,0,-0.4,6,-0.05,-0.14,0.13,0.12,0.36,-0.2
2026-06-21,26.4,23,31,1,58.7,134,123,143,-3.3,0.449,67.7,367.0,74.7,176.9,1,1,1.4,6,-0.06,-0.14,0.22,0.03,0.2,0.23
2026-06-22,22.4,21,29,1,58.7,134,123,143,-3.3,0.448,15.1,397.0,30.7,128.0,2,1,2.5,6,-0.07,-0.14,0.26,0.09,0.02,0.34
2026-06-23,31.6,29,34,1,58.8,134,122,143,-3.3,0.448,41.2,194.0,47.5,103.5,1,1,3.3,6,-0.08,-0.15,0.37,-0.07,-0.2,0.45
2026-06-24,25.5,24,30,1,58.6,134,123,143,-3.2,0.449,47.0,271.0,58.2,122.7,2,1,2.8,6,-0.11,-0.19,0.47,-0.19,-0.26,0.24
2026-06-25,25.7,24,29,1,58.7,134,123,143,-3.3,0.448,39.8,310.0,38.8,114.2,1,1,2.0,6,-0.13,-0.22,0.18,-0.13,-0.32,0.24
2026-06-26,30.6,29,31,1,58.6,134,123,143,-3.2,0.449,25.4,140.0,48.6,57.1,1,1,3.6,6,-0.15,-0.23,0.29,-0.28,-0.57,0.58
2026-06-27,28.8,27,31,1,58.3,134,123,143,-3.1,0.452,23.2,115.0,24.5,62.9,1,1,3.5,6,-0.18,-0.27,0.27,-0.5,-0.55,0.76
2026-06-28,29.3,29,31,1,58.0,134,123,143,-3.0,0.454,42.0,288.0,46.6,107.8,1,1,2.7,6,-0.21,-0.31,0.24,-0.29,-0.51,0.42
2026-06-29,24.7,22,30,1,57.8,134,123,143,-2.9,0.456,0.0,36.0,6.3,34.9,1,0,0.7,6,-0.25,-0.36,0.11,-0.27,-0.4,-0.0
2026-06-30,18.3,16,29,1,57.7,134,123,143,-2.9,0.456,27.5,214.0,26.5,86.0,1,1,0.2,6,-0.28,-0.39,0.18,-0.16,-0.49,-0.39
2026-07-01,22.4,15,31,1,57.5,134,123,143,-2.8,0.458,109.7,488.0,110.5,289.1,1,1,-0.6,6,-0.3,-0.39,-0.18,-0.09,-0.4,-0.17
2026-07-02,19.4,11,29,2,57.5,134,123,143,-2.8,0.458,48.6,482.0,36.1,161.7,2,1,-0.2,6,-0.32,-0.37,0.08,-0.1,-0.34,-0.25
2026-07-03,23.2,18,32,1,57.6,134,123,143,-2.9,0.457,80.3,354.0,84.3,217.2,1,1,-1.8,6,-0.32,-0.33,-0.17,0.02,-0.08,-0.33
2026-07-04,24.5,20,29,1,57.6,134,123,143,-2.9,0.457,26.4,232.0,27.2,97.0,1,1,-1.5,6,-0.32,-0.29,-0.15,0.12,-0.06,-0.29
2026-07-05,19.1,13,26,1,57.4,134,123,143,-2.8,0.459,102.5,690.0,128.8,253.1,1,1,-1.6,6,-0.29,-0.19,-0.19,0.08,0.02,-0.1
2026-07-06,27.8,21,32,1,57.3,134,123,143,-2.7,0.46,42.9,266.0,45.7,108.7,1,1,-0.1,6,-0.26,-0.09,-0.0,0.2,0.18,0.2
2026-07-07,21.9,19,28,1,57.1,134,123,143,-2.7,0.461,20.9,319.0,8.6,100.3,1,1,0.9,6,-0.22,0.0,0.1,0.29,0.44,0.53
2026-07-08,21.1,19,27,1,57.4,134,123,143,-2.8,0.459,17.3,227.0,16.0,75.8,1,1,2.4,6,-0.2,0.05,0.53,0.23,0.32,0.45
2026-07-09,20.8,18,28,1,57.4,134,123,143,-2.8,0.459,45.0,314.0,41.1,133.9,1,1,3.3,6,-0.19,0.07,0.59,0.33,0.1,0.43
2026-07-10,31.8,27,35,1,57.2,134,123,143,-2.7,0.46,48.0,307.0,57.4,117.8,1,1,3.8,6,-0.18,0.09,0.75,0.25,-0.22,0.23
2026-07-11,26.2,20,32,1,57.1,134,123,143,-2.7,0.461,6.6,266.0,30.1,136.3,1,1,4.9,6,-0.17,0.11,0.67,0.34,-0.36,0.51
2026-07-12,19.4,16,30,1,57.0,134,123,144,-2.6,0.462,36.4,697.0,22.9,218.9,1,0,5.3,6,-0.16,0.1,0.76,0.28,-0.53,0.42
2026-07-13,26.2,22,35,1,57.0,134,123,144,-2.6,0.462,55.7,387.0,51.0,158.0,1,1,4.7,6,-0.15,0.11,0.58,0.23,-0.57,0.46
2026-07-14,26.6,25,30,1,56.8,134,123,144,-2.5,0.464,23.1,208.0,18.1,73.8,1,1,4.3,6,-0.15,0.11,0.46,0.13,-0.65,0.51
2026-07-15,23.1,21,31,1,56.6,134,123,144,-2.5,0.465,48.0,283.0,52.5,124.2,1,1,4.0,6,-0.13,0.13,0.34,0.08,-0.67,0.56
2026-07-16,22.4,20,30,3,56.7,134,123,144,-2.5,0.464,24.4,326.0,25.9,105.5,3,0,4.4,6,-0.12,0.14,0.38,0.07,-0.75,0.6
2026-07-17,30.3,26,35,1,56.8,134,123,144,-2.6,0.463,57.7,333.0,65.6,139.0,1,1,2.8,6,-0.11,0.15,0.12,0.09,-0.49,0.59
2026-07-18,25.6,19,33,2,56.7,134,123,144,-2.5,0.464,74.3,849.0,100.6,381.8,2,0,1.0,6,-0.08,0.2,-0.11,-0.09,-0.49,0.45
2026-07-19,23.3,20,28,1,56.8,134,123,144,-2.5,0.464,0.0,56.0,19.4,110.1,1,0,0.9,6,-0.07,0.2,-0.14,0.02,-0.3,0.52
2026-07-20,29.4,24,32,1,56.8,134,123,144,-2.5,0.463,41.8,309.0,45.8,108.7,1,1,0.5,6,-0.06,0.19,-0.13,-0.08,-0.44,0.33
2026-07-21,22.0,21,29,1,56.5,134,123,144,-2.4,0.466,35.7,178.0,57.5,78.9,1,1,-0.7,6,-0.05,0.18,-0.36,0.0,-0.48,0.12
2026-07-22,19.4,18,26,1,56.5,134,123,144,-2.5,0.466,21.2,272.0,24.1,89.5,1,1,-0.4,6,-0.05,0.16,-0.31,0.15,-0.49,-0.02
2026-07-23,18.7,16,28,1,56.6,134,123,144,-2.5,0.465,47.1,368.0,35.9,143.7,1,1,-2.5,6,-0.04,0.16,-0.46,-0.01,-0.36,-0.26
2026-07-24,18.3,16,28,1,56.6,134,123,144,-2.5,0.465,32.5,252.0,28.2,99.6,1,1,-0.6,6,-0.04,0.13,-0.21,0.02,-0.51,-0.15
2026-07-25,22.0,19,28,1,56.4,134,123,144,-2.4,0.466,52.2,428.0,51.8,162.9,1,1,0.4,6,-0.06,0.08,-0.14,0.13,-0.67,-0.15
2026-07-26,22.9,21,28,1,56.3,135,123,144,-2.4,0.467,51.3,293.0,66.3,121.1,1,1,-0.2,6,-0.06,0.06,-0.13,0.0,-0.81,-0.35
2026-07-27,25.1,19,34,1,56.1,135,124,144,-2.3,0.469,62.8,366.0,70.7,152.3,1,1,0.3,6,-0.07,0.03,-0.11,-0.1,-0.77,-0.13
2026-07-28,21.6,20,29,1,56.4,135,123,144,-2.4,0.467,42.2,210.0,46.7,98.0,1,1,0.9,6,-0.08,0.01,0.07,-0.3,-0.77,0.01
2026-07-29,22.5,21,29,1,56.5,134,123,144,-2.4,0.466,17.9,272.0,24.7,86.2,1,1,-0.5,6,-0.08,0.0,-0.22,-0.46,-0.69,0.11
2026-07-30,30.7,28,35,1,56.4,135,123,144,-2.4,0.467,22.5,320.0,13.5,98.0,1,1,0.3,6,-0.09,-0.02,-0.24,-0.39,-0.55,0.42
2026-07-31,23.9,22,30,1,56.4,134,123,144,-2.4,0.466,33.3,291.0,32.0,107.7,1,1,-0.4,6,-0.1,-0.03,-0.24,-0.41,-0.36,0.37
2026-08-01,23.6,22,30,1,56.2,135,123,144,-2.3,0.468,11.3,268.0,14.5,80.8,1,1,0.1,6,-0.12,-0.08,-0.02,-0.27,-0.08,0.31
2026-08-02,27.8,27,30,1,56.0,135,124,144,-2.3,0.469,20.4,309.0,10.2,92.4,1,1,-1.3,6,-0.13,-0.11,-0.24,-0.29,-0.1,0.16
2026-08-03,32.3,29,35,1,56.3,135,123,144,-2.4,0.467,45.8,267.0,53.7,108.5,1,1,-1.9,6,-0.15,-0.14,-0.13,-0.27,0.02,-0.11
2026-08-04,24.6,21,30,1,56.5,134,123,144,-2.5,0.465,19.5,292.0,18.7,96.9,1,1,-2.6,6,-0.16,-0.16,-0.19,-0.14,0.14,-0.28
2026-08-05,28.7,23,36,1,56.5,134,123,144,-2.5,0.465,54.1,370.0,55.0,152.8,1,1,-2.1,6,-0.18,-0.18,0.02,-0.15,0.24,-0.3
2026-08-06,24.0,22,29,1,56.6,134,123,144,-2.5,0.465,12.5,288.0,15.7,86.3,1,1,-3.0,6,-0.19,-0.19,-0.08,-0.24,0.24,-0.38
2026-08-07,26.3,25,31,1,56.7,134,123,144,-2.5,0.464,47.8,268.0,64.4,111.4,1,1,-2.8,6,-0.2,-0.19,-0.02,-0.36,0.06,-0.41
2026-08-08,22.9,18,32,1,57.0,134,123,144,-2.6,0.462,104.9,797.0,100.2,311.6,1,1,-3.6,6,-0.19,-0.13,0.03,-0.55,-0.06,-0.6
2026-08-09,25.3,23,31,1,57.1,134,123,143,-2.7,0.461,46.8,299.0,79.5,115.2,1,1,-2.6,6,-0.17,-0.08,0.2,-0.7,0.0,-0.28
2026-08-10,26.1,21,32,1,57.0,134,123,144,-2.6,0.462,81.0,389.0,76.5,235.0,1,1,-2.0,6,-0.15,-0.02,0.11,-0.6,-0.04,-0.08
2026-08-11,,,,0,57.2,134,123,143,-2.7,0.46,,,,,0,,-1.4,6,-0.14,0.02,0.2,-0.74,-0.08,0.11
