date,kcal,protein_g,carb_g,sugar_g,fiber_g,fat_g,satfat_g,magnesium_mg,potassium_mg,sodium_mg,vit_index,min_index,plants_day,plants_7d,tss,carb_target_g,carb_gap_g,microbiome,kcal_observed,kcal_assumed,n_items,pct_plant,pct_dairy,pct_upf,pct_animal,cnt_avocado,cnt_lenticchie,cnt_uova,cnt_banane,cnt_ceci,cnt_avena,cnt_patate_dolci,cnt_caffe
2024-08-11,1927,97.9,276.5,52.0,76.2,54.5,15.8,641,4444,1126,70.3,91.9,11,11,44,308,-31,59.1,0,1927,15,85.0,2.9,9.1,15.0,0.67,1.0,3.0,1.0,0.0,1.0,1.33,0.0
2024-08-12,1927,97.9,276.5,52.0,76.2,54.5,15.8,641,4444,1126,70.3,91.9,11,11,229,704,-427,61.2,0,1927,15,85.0,2.9,9.1,15.0,0.67,1.0,3.0,1.0,0.0,1.0,1.33,0.0
2024-08-13,1927,97.9,276.5,52.0,76.2,54.5,15.8,641,4444,1126,70.3,91.9,11,11,67,357,-81,63.4,0,1927,15,85.0,2.9,9.1,15.0,0.67,1.0,3.0,1.0,0.0,1.0,1.33,0.0
2024-08-14,1660,72.3,310.0,63.6,64.7,21.3,7.9,657,6622,1134,53.7,90.8,10,15,20,257,53,70.4,0,1660,13,97.7,2.3,10.6,2.3,0.0,0.0,0.0,1.0,0.0,1.0,0.0,0.0
2024-08-15,1999,100.6,283.4,54.4,42.3,56.8,19.9,619,3177,3190,56.4,96.2,7,17,113,456,-172,74.2,0,1999,13,83.0,11.7,14.1,17.0,0.0,0.0,0.0,1.0,0.0,2.89,0.0,0.0
2024-08-16,1660,72.3,310.0,63.6,64.7,21.3,7.9,657,6622,1134,53.7,90.8,10,17,0,214,96,77.4,0,1660,13,97.7,2.3,10.6,2.3,0.0,0.0,0.0,1.0,0.0,1.0,0.0,0.0
2024-08-17,1999,100.6,283.4,54.4,42.3,56.8,19.9,619,3177,3190,56.4,96.2,7,17,391,713,-429,78.4,0,1999,13,83.0,11.7,14.1,17.0,0.0,0.0,0.0,1.0,0.0,2.89,0.0,0.0
2024-08-18,1660,72.3,310.0,63.6,64.7,21.3,7.9,657,6622,1134,53.7,90.8,10,17,220,684,-374,79.5,0,1660,13,97.7,2.3,10.6,2.3,0.0,0.0,0.0,1.0,0.0,1.0,0.0,0.0
2024-08-19,1927,97.9,276.5,52.0,76.2,54.5,15.8,641,4444,1126,70.3,91.9,11,17,360,713,-436,79.9,0,1927,15,85.0,2.9,9.1,15.0,0.67,1.0,3.0,1.0,0.0,1.0,1.33,0.0
2024-08-20,1927,97.9,276.5,52.0,76.2,54.5,15.8,641,4444,1126,70.3,91.9,11,17,0,214,63,79.9,0,1927,15,85.0,2.9,9.1,15.0,0.67,1.0,3.0,1.0,0.0,1.0,1.33,0.0
2024-08-21,1999,100.6,283.4,54.4,42.3,56.8,19.9,619,3177,3190,56.4,96.2,7,17,250,713,-429,78.4,0,1999,13,83.0,11.7,14.1,17.0,0.0,0.0,0.0,1.0,0.0,2.89,0.0,0.0
2024-08-22,1660,72.3,310.0,63.6,64.7,21.3,7.9,657,6622,1134,53.7,90.8,10,17,246,713,-403,79.5,0,1660,13,97.7,2.3,10.6,2.3,0.0,0.0,0.0,1.0,0.0,1.0,0.0,0.0
2024-08-23,1999,100.6,283.4,54.4,42.3,56.8,19.9,619,3177,3190,56.4,96.2,7,17,152,539,-256,78.4,0,1999,13,83.0,11.7,14.1,17.0,0.0,0.0,0.0,1.0,0.0,2.89,0.0,0.0
2024-08-24,1660,72.3,310.0,63.6,64.7,21.3,7.9,657,6622,1134,53.7,90.8,10,17,68,359,-49,79.5,0,1660,13,97.7,2.3,10.6,2.3,0.0,0.0,0.0,1.0,0.0,1.0,0.0,0.0
2024-08-25,1999,100.6,283.4,54.4,42.3,56.8,19.9,619,3177,3190,56.4,96.2,7,17,0,214,70,78.4,0,1999,13,83.0,11.7,14.1,17.0,0.0,0.0,0.0,1.0,0.0,2.89,0.0,0.0
2024-08-26,1927,97.9,276.5,52.0,76.2,54.5,15.8,641,4444,1126,70.3,91.9,11,17,0,214,63,79.9,0,1927,15,85.0,2.9,9.1,15.0,0.67,1.0,3.0,1.0,0.0,1.0,1.33,0.0
2024-08-27,1927,97.9,276.5,52.0,76.2,54.5,15.8,641,4444,1126,70.3,91.9,11,17,0,214,63,79.9,0,1927,15,85.0,2.9,9.1,15.0,0.67,1.0,3.0,1.0,0.0,1.0,1.33,0.0
2024-08-28,1660,72.3,310.0,63.6,64.7,21.3,7.9,657,6622,1134,53.7,90.8,10,17,117,464,-154,79.5,0,1660,13,97.7,2.3,10.6,2.3,0.0,0.0,0.0,1.0,0.0,1.0,0.0,0.0
2024-08-29,1999,100.6,283.4,54.4,42.3,56.8,19.9,619,3177,3190,56.4,96.2,7,17,96,419,-136,78.4,0,1999,13,83.0,11.7,14.1,17.0,0.0,0.0,0.0,1.0,0.0,2.89,0.0,0.0
2024-08-30,1660,72.3,310.0,63.6,64.7,21.3,7.9,657,6622,1134,53.7,90.8,10,17,92,411,-101,79.5,0,1660,13,97.7,2.3,10.6,2.3,0.0,0.0,0.0,1.0,0.0,1.0,0.0,0.0
2024-08-31,1999,100.6,283.4,54.4,42.3,56.8,19.9,619,3177,3190,56.4,96.2,7,17,125,481,-198,78.4,0,1999,13,83.0,11.7,14.1,17.0,0.0,0.0,0.0,1.0,0.0,2.89,0.0,0.0
2024-09-01,1574,72.8,244.5,59.3,46.6,38.0,15.6,631,3927,1930,57.7,92.6,8,19,138,509,-264,82.0,0,1574,12,91.1,8.9,11.1,8.9,0.0,0.0,0.0,1.0,0.0,1.0,0.0,0.0
2024-09-02,1927,97.9,276.5,52.0,76.2,54.5,15.8,641,4444,1126,70.3,91.9,11,19,88,402,-126,82.6,0,1927,15,85.0,2.9,9.1,15.0,0.67,1.0,3.0,1.0,0.0,1.0,1.33,0.0
2024-09-03,1927,97.9,276.5,52.0,76.2,54.5,15.8,641,4444,1126,70.3,91.9,11,19,57,336,-59,82.6,0,1927,15,85.0,2.9,9.1,15.0,0.67,1.0,3.0,1.0,0.0,1.0,1.33,0.0
2024-09-04,1736,83.0,290.3,59.1,51.8,34.4,13.2,683,3496,695,38.2,89.9,9,21,105,438,-148,85.0,0,1736,13,91.9,8.1,10.1,8.1,0.0,0.0,0.0,1.0,0.99,1.0,0.0,0.0
2024-09-05,1939,101.0,250.1,35.8,26.7,61.1,24.8,411,2755,2820,57.4,82.2,8,22,104,436,-186,76.7,0,1939,12,71.0,2.0,42.0,29.0,0.0,0.0,0.0,1.0,0.0,1.0,0.0,0.0
2024-09-06,1574,72.8,244.5,59.3,46.6,38.0,15.6,631,3927,1930,57.7,92.6,8,20,82,389,-145,83.3,0,1574,12,91.1,8.9,11.1,8.9,0.0,0.0,0.0,1.0,0.0,1.0,0.0,0.0
2024-09-07,1939,101.5,289.9,49.4,43.3,45.5,16.3,551,3138,706,61.1,84.6,9,19,122,475,-185,82.6,0,1939,12,80.0,2.0,9.1,20.0,0.0,0.0,0.0,1.0,0.99,1.0,0.0,0.0
2024-09-08,1684,77.3,238.1,49.4,39.2,50.7,19.7,505,3431,4432,56.8,90.1,7,19,67,357,-119,70.8,0,1684,11,87.4,2.3,48.3,12.6,0.0,0.0,0.0,1.0,0.0,1.0,0.0,0.0
2024-09-09,1927,97.9,276.5,52.0,76.2,54.5,15.8,641,4444,1126,70.3,91.9,11,19,72,368,-91,82.6,0,1927,15,85.0,2.9,9.1,15.0,0.67,1.0,3.0,1.0,0.0,1.0,1.33,0.0
2024-09-10,1927,97.9,276.5,52.0,76.2,54.5,15.8,641,4444,1126,70.3,91.9,11,19,58,338,-61,82.6,0,1927,15,85.0,2.9,9.1,15.0,0.67,1.0,3.0,1.0,0.0,1.0,1.33,0.0
2024-09-11,1574,72.8,244.5,59.3,46.6,38.0,15.6,631,3927,1930,57.7,92.6,8,19,84,394,-149,82.0,0,1574,12,91.1,8.9,11.1,8.9,0.0,0.0,0.0,1.0,0.0,1.0,0.0,0.0
2024-09-12,1939,101.5,289.9,49.4,43.3,45.5,16.3,551,3138,706,61.1,84.6,9,19,124,479,-189,82.6,0,1939,12,80.0,2.0,9.1,20.0,0.0,0.0,0.0,1.0,0.99,1.0,0.0,0.0
2024-09-13,1684,77.3,238.1,49.4,39.2,50.7,19.7,505,3431,4432,56.8,90.1,7,19,0,214,24,70.8,0,1684,11,87.4,2.3,48.3,12.6,0.0,0.0,0.0,1.0,0.0,1.0,0.0,0.0
2024-09-14,1736,83.0,290.3,59.1,51.8,34.4,13.2,683,3496,695,38.2,89.9,9,19,155,545,-255,82.3,0,1736,13,91.9,8.1,10.1,8.1,0.0,0.0,0.0,1.0,0.99,1.0,0.0,0.0
2024-09-15,1939,101.0,250.1,35.8,26.7,61.1,24.8,411,2755,2820,57.4,82.2,8,19,94,415,-165,72.7,0,1939,12,71.0,2.0,42.0,29.0,0.0,0.0,0.0,1.0,0.0,1.0,0.0,0.0
2024-09-16,1927,97.9,276.5,52.0,76.2,54.5,15.8,641,4444,1126,70.3,91.9,11,19,107,443,-166,82.6,0,1927,15,85.0,2.9,9.1,15.0,0.67,1.0,3.0,1.0,0.0,1.0,1.33,0.0
2024-09-17,1927,97.9,276.5,52.0,76.2,54.5,15.8,641,4444,1126,70.3,91.9,11,19,95,417,-141,82.6,0,1927,15,85.0,2.9,9.1,15.0,0.67,1.0,3.0,1.0,0.0,1.0,1.33,0.0
2024-09-18,1684,77.3,238.1,49.4,39.2,50.7,19.7,505,3431,4432,56.8,90.1,7,19,49,319,-81,70.8,0,1684,11,87.4,2.3,48.3,12.6,0.0,0.0,0.0,1.0,0.0,1.0,0.0,0.0
2024-09-19,1736,83.0,290.3,59.1,51.8,34.4,13.2,683,3496,695,38.2,89.9,9,19,75,374,-84,82.3,0,1736,13,91.9,8.1,10.1,8.1,0.0,0.0,0.0,1.0,0.99,1.0,0.0,0.0
2024-09-20,1939,101.0,250.1,35.8,26.7,61.1,24.8,411,2755,2820,57.4,82.2,8,19,94,415,-165,72.7,0,1939,12,71.0,2.0,42.0,29.0,0.0,0.0,0.0,1.0,0.0,1.0,0.0,0.0
2024-09-21,1574,72.8,244.5,59.3,46.6,38.0,15.6,631,3927,1930,57.7,92.6,8,19,137,507,-262,82.0,0,1574,12,91.1,8.9,11.1,8.9,0.0,0.0,0.0,1.0,0.0,1.0,0.0,0.0
2024-09-22,1939,101.5,289.9,49.4,43.3,45.5,16.3,551,3138,706,61.1,84.6,9,19,198,637,-347,82.6,0,1939,12,80.0,2.0,9.1,20.0,0.0,0.0,0.0,1.0,0.99,1.0,0.0,0.0
2024-09-23,1927,97.9,276.5,52.0,76.2,54.5,15.8,641,4444,1126,70.3,91.9,11,19,130,492,-215,82.6,0,1927,15,85.0,2.9,9.1,15.0,0.67,1.0,3.0,1.0,0.0,1.0,1.33,0.0
2024-09-24,1927,97.9,276.5,52.0,76.2,54.5,15.8,641,4444,1126,70.3,91.9,11,19,75,374,-98,82.6,0,1927,15,85.0,2.9,9.1,15.0,0.67,1.0,3.0,1.0,0.0,1.0,1.33,0.0
2024-09-25,1939,101.0,250.1,35.8,26.7,61.1,24.8,411,2755,2820,57.4,82.2,8,19,72,368,-118,72.7,0,1939,12,71.0,2.0,42.0,29.0,0.0,0.0,0.0,1.0,0.0,1.0,0.0,0.0
2024-09-26,1574,72.8,244.5,59.3,46.6,38.0,15.6,631,3927,1930,57.7,92.6,8,19,76,376,-132,82.0,0,1574,12,91.1,8.9,11.1,8.9,0.0,0.0,0.0,1.0,0.0,1.0,0.0,0.0
2024-09-27,1939,101.5,289.9,49.4,43.3,45.5,16.3,551,3138,706,61.1,84.6,9,19,187,614,-324,82.6,0,1939,12,80.0,2.0,9.1,20.0,0.0,0.0,0.0,1.0,0.99,1.0,0.0,0.0
2024-09-28,1684,77.3,238.1,49.4,39.2,50.7,19.7,505,3431,4432,56.8,90.1,7,19,164,565,-326,70.8,0,1684,11,87.4,2.3,48.3,12.6,0.0,0.0,0.0,1.0,0.0,1.0,0.0,0.0
2024-09-29,1736,83.0,290.3,59.1,51.8,34.4,13.2,683,3496,695,38.2,89.9,9,19,311,713,-423,82.3,0,1736,13,91.9,8.1,10.1,8.1,0.0,0.0,0.0,1.0,0.99,1.0,0.0,0.0
2024-09-30,1927,97.9,276.5,52.0,76.2,54.5,15.8,641,4444,1126,70.3,91.9,11,19,58,338,-61,82.6,0,1927,15,85.0,2.9,9.1,15.0,0.67,1.0,3.0,1.0,0.0,1.0,1.33,0.0
2024-10-01,1927,97.9,276.5,52.0,76.2,54.5,15.8,641,4444,1126,70.3,91.9,11,19,89,404,-128,82.6,0,1927,15,85.0,2.9,9.1,15.0,0.67,1.0,3.0,1.0,0.0,1.0,1.33,0.0
2024-10-02,2107,105.9,314.6,124.0,45.6,64.3,27.6,663,4235,3335,47.2,100.0,7,20,94,415,-100,82.7,0,2107,13,75.1,19.9,13.3,24.9,0.0,0.0,0.0,1.0,0.0,1.0,0.0,0.0
2024-10-03,1846,87.5,309.8,62.8,47.8,36.0,14.5,612,3836,727,43.0,90.8,9,20,84,394,-84,83.8,0,1846,13,90.7,9.3,9.5,9.3,0.0,0.0,0.0,1.0,0.99,1.0,0.0,0.0
2024-10-04,2107,105.9,314.6,124.0,45.6,64.3,27.6,663,4235,3335,47.2,100.0,7,18,59,340,-25,80.0,0,2107,13,75.1,19.9,13.3,24.9,0.0,0.0,0.0,1.0,0.0,1.0,0.0,0.0
2024-10-05,1846,87.5,309.8,62.8,47.8,36.0,14.5,612,3836,727,43.0,90.8,9,17,232,710,-400,79.8,0,1846,13,90.7,9.3,9.5,9.3,0.0,0.0,0.0,1.0,0.99,1.0,0.0,0.0
2024-10-06,2107,105.9,314.6,124.0,45.6,64.3,27.6,663,4235,3335,47.2,100.0,7,17,105,438,-124,78.7,0,2107,13,75.1,19.9,13.3,24.9,0.0,0.0,0.0,1.0,0.0,1.0,0.0,0.0
2024-10-07,1927,97.9,276.5,52.0,76.2,54.5,15.8,641,4444,1126,70.3,91.9,11,17,69,361,-85,79.9,0,1927,15,85.0,2.9,9.1,15.0,0.67,1.0,3.0,1.0,0.0,1.0,1.33,0.0
2024-10-08,1927,97.9,276.5,52.0,76.2,54.5,15.8,641,4444,1126,70.3,91.9,11,17,89,404,-128,79.9,0,1927,15,85.0,2.9,9.1,15.0,0.67,1.0,3.0,1.0,0.0,1.0,1.33,0.0
2024-10-09,1846,87.5,309.8,62.8,47.8,36.0,14.5,612,3836,727,43.0,90.8,9,17,93,413,-103,79.8,0,1846,13,90.7,9.3,9.5,9.3,0.0,0.0,0.0,1.0,0.99,1.0,0.0,0.0
2024-10-10,2107,105.9,314.6,124.0,45.6,64.3,27.6,663,4235,3335,47.2,100.0,7,17,78,381,-66,78.7,0,2107,13,75.1,19.9,13.3,24.9,0.0,0.0,0.0,1.0,0.0,1.0,0.0,0.0
2024-10-11,1846,87.5,309.8,62.8,47.8,36.0,14.5,612,3836,727,43.0,90.8,9,17,156,548,-238,79.8,0,1846,13,90.7,9.3,9.5,9.3,0.0,0.0,0.0,1.0,0.99,1.0,0.0,0.0
2024-10-12,2107,105.9,314.6,124.0,45.6,64.3,27.6,663,4235,3335,47.2,100.0,7,17,333,713,-398,78.7,0,2107,13,75.1,19.9,13.3,24.9,0.0,0.0,0.0,1.0,0.0,1.0,0.0,0.0
2024-10-13,1846,87.5,309.8,62.8,47.8,36.0,14.5,612,3836,727,43.0,90.8,9,17,142,518,-208,79.8,0,1846,13,90.7,9.3,9.5,9.3,0.0,0.0,0.0,1.0,0.99,1.0,0.0,0.0
2024-10-14,1927,97.9,276.5,52.0,76.2,54.5,15.8,641,4444,1126,70.3,91.9,11,17,71,366,-89,79.9,0,1927,15,85.0,2.9,9.1,15.0,0.67,1.0,3.0,1.0,0.0,1.0,1.33,0.0
2024-10-15,1927,97.9,276.5,52.0,76.2,54.5,15.8,641,4444,1126,70.3,91.9,11,17,108,445,-168,79.9,0,1927,15,85.0,2.9,9.1,15.0,0.67,1.0,3.0,1.0,0.0,1.0,1.33,0.0
2024-10-16,2107,105.9,314.6,124.0,45.6,64.3,27.6,663,4235,3335,47.2,100.0,7,17,64,351,-36,78.7,0,2107,13,75.1,19.9,13.3,24.9,0.0,0.0,0.0,1.0,0.0,1.0,0.0,0.0
2024-10-17,1846,87.5,309.8,62.8,47.8,36.0,14.5,612,3836,727,43.0,90.8,9,17,70,364,-54,79.8,0,1846,13,90.7,9.3,9.5,9.3,0.0,0.0,0.0,1.0,0.99,1.0,0.0,0.0
2024-10-18,2107,105.9,314.6,124.0,45.6,64.3,27.6,663,4235,3335,47.2,100.0,7,17,117,464,-150,78.7,0,2107,13,75.1,19.9,13.3,24.9,0.0,0.0,0.0,1.0,0.0,1.0,0.0,0.0
2024-10-19,1846,87.5,309.8,62.8,47.8,36.0,14.5,612,3836,727,43.0,90.8,9,17,236,713,-403,79.8,0,1846,13,90.7,9.3,9.5,9.3,0.0,0.0,0.0,1.0,0.99,1.0,0.0,0.0
2024-10-20,2107,105.9,314.6,124.0,45.6,64.3,27.6,663,4235,3335,47.2,100.0,7,17,126,483,-169,78.7,0,2107,13,75.1,19.9,13.3,24.9,0.0,0.0,0.0,1.0,0.0,1.0,0.0,0.0
2024-10-21,1927,97.9,276.5,52.0,76.2,54.5,15.8,641,4444,1126,70.3,91.9,11,17,56,334,-57,79.9,0,1927,15,85.0,2.9,9.1,15.0,0.67,1.0,3.0,1.0,0.0,1.0,1.33,0.0
2024-10-22,1927,97.9,276.5,52.0,76.2,54.5,15.8,641,4444,1126,70.3,91.9,11,17,93,413,-136,79.9,0,1927,15,85.0,2.9,9.1,15.0,0.67,1.0,3.0,1.0,0.0,1.0,1.33,0.0
2024-10-23,1846,87.5,309.8,62.8,47.8,36.0,14.5,612,3836,727,43.0,90.8,9,17,64,351,-41,79.8,0,1846,13,90.7,9.3,9.5,9.3,0.0,0.0,0.0,1.0,0.99,1.0,0.0,0.0
2024-10-24,2107,105.9,314.6,124.0,45.6,64.3,27.6,663,4235,3335,47.2,100.0,7,17,69,361,-47,78.7,0,2107,13,75.1,19.9,13.3,24.9,0.0,0.0,0.0,1.0,0.0,1.0,0.0,0.0
2024-10-25,1846,87.5,309.8,62.8,47.8,36.0,14.5,612,3836,727,43.0,90.8,9,17,85,396,-86,79.8,0,1846,13,90.7,9.3,9.5,9.3,0.0,0.0,0.0,1.0,0.99,1.0,0.0,0.0
2024-10-26,2107,105.9,314.6,124.0,45.6,64.3,27.6,663,4235,3335,47.2,100.0,7,17,159,554,-239,78.7,0,2107,13,75.1,19.9,13.3,24.9,0.0,0.0,0.0,1.0,0.0,1.0,0.0,0.0
2024-10-27,1846,87.5,309.8,62.8,47.8,36.0,14.5,612,3836,727,43.0,90.8,9,17,227,699,-390,79.8,0,1846,13,90.7,9.3,9.5,9.3,0.0,0.0,0.0,1.0,0.99,1.0,0.0,0.0
2024-10-28,1927,97.9,276.5,52.0,76.2,54.5,15.8,641,4444,1126,70.3,91.9,11,17,73,370,-93,79.9,0,1927,15,85.0,2.9,9.1,15.0,0.67,1.0,3.0,1.0,0.0,1.0,1.33,0.0
2024-10-29,1927,97.9,276.5,52.0,76.2,54.5,15.8,641,4444,1126,70.3,91.9,11,17,50,321,-44,79.9,0,1927,15,85.0,2.9,9.1,15.0,0.67,1.0,3.0,1.0,0.0,1.0,1.33,0.0
2024-10-30,2107,105.9,314.6,124.0,45.6,64.3,27.6,663,4235,3335,47.2,100.0,7,17,76,376,-62,78.7,0,2107,13,75.1,19.9,13.3,24.9,0.0,0.0,0.0,1.0,0.0,1.0,0.0,0.0
2024-10-31,1846,87.5,309.8,62.8,47.8,36.0,14.5,612,3836,727,43.0,90.8,9,17,125,481,-171,79.8,0,1846,13,90.7,9.3,9.5,9.3,0.0,0.0,0.0,1.0,0.99,1.0,0.0,0.0
2024-11-01,1886,75.4,250.3,34.6,27.2,68.0,36.7,410,2249,1403,39.3,92.4,7,19,74,372,-122,72.7,0,1886,13,80.4,11.2,42.2,11.2,0.0,0.0,0.0,1.0,0.0,1.0,0.0,0.0
2024-11-02,1574,79.0,210.2,53.2,41.7,50.1,21.2,575,3874,1317,71.8,94.7,9,21,402,713,-503,84.7,0,1574,12,91.1,8.9,11.1,8.9,0.0,0.0,0.0,1.0,0.0,1.0,0.0,0.0
2024-11-03,1886,75.4,250.3,34.6,27.2,68.0,36.7,410,2249,1403,39.3,92.4,7,21,102,432,-182,75.3,0,1886,13,80.4,11.2,42.2,11.2,0.0,0.0,0.0,1.0,0.0,1.0,0.0,0.0
2024-11-04,1927,97.9,276.5,52.0,76.2,54.5,15.8,641,4444,1126,70.3,91.9,11,21,92,411,-134,85.3,0,1927,15,85.0,2.9,9.1,15.0,0.67,1.0,3.0,1.0,0.0,1.0,1.33,0.0
2024-11-05,1927,97.9,276.5,52.0,76.2,54.5,15.8,641,4444,1126,70.3,91.9,11,21,149,533,-256,85.3,0,1927,15,85.0,2.9,9.1,15.0,0.67,1.0,3.0,1.0,0.0,1.0,1.33,0.0
2024-11-06,1574,79.0,210.2,53.2,41.7,50.1,21.2,575,3874,1317,71.8,94.7,9,19,79,383,-173,82.0,0,1574,12,91.1,8.9,11.1,8.9,0.0,0.0,0.0,1.0,0.0,1.0,0.0,0.0
2024-11-07,1886,75.4,250.3,34.6,27.2,68.0,36.7,410,2249,1403,39.3,92.4,7,17,57,336,-86,70.0,0,1886,13,80.4,11.2,42.2,11.2,0.0,0.0,0.0,1.0,0.0,1.0,0.0,0.0
2024-11-08,1574,79.0,210.2,53.2,41.7,50.1,21.2,575,3874,1317,71.8,94.7,9,17,115,460,-250,79.3,0,1574,12,91.1,8.9,11.1,8.9,0.0,0.0,0.0,1.0,0.0,1.0,0.0,0.0
2024-11-09,1886,75.4,250.3,34.6,27.2,68.0,36.7,410,2249,1403,39.3,92.4,7,17,449,713,-463,70.0,0,1886,13,80.4,11.2,42.2,11.2,0.0,0.0,0.0,1.0,0.0,1.0,0.0,0.0
2024-11-10,1574,79.0,210.2,53.2,41.7,50.1,21.2,575,3874,1317,71.8,94.7,9,17,281,713,-503,79.3,0,1574,12,91.1,8.9,11.1,8.9,0.0,0.0,0.0,1.0,0.0,1.0,0.0,0.0
2024-11-11,1927,97.9,276.5,52.0,76.2,54.5,15.8,641,4444,1126,70.3,91.9,11,17,72,368,-91,79.9,0,1927,15,85.0,2.9,9.1,15.0,0.67,1.0,3.0,1.0,0.0,1.0,1.33,0.0
2024-11-12,1927,97.9,276.5,52.0,76.2,54.5,15.8,641,4444,1126,70.3,91.9,11,17,67,357,-81,79.9,0,1927,15,85.0,2.9,9.1,15.0,0.67,1.0,3.0,1.0,0.0,1.0,1.33,0.0
2024-11-13,1886,75.4,250.3,34.6,27.2,68.0,36.7,410,2249,1403,39.3,92.4,7,17,81,387,-137,70.0,0,1886,13,80.4,11.2,42.2,11.2,0.0,0.0,0.0,1.0,0.0,1.0,0.0,0.0
2024-11-14,1574,79.0,210.2,53.2,41.7,50.1,21.2,575,3874,1317,71.8,94.7,9,17,92,411,-200,79.3,0,1574,12,91.1,8.9,11.1,8.9,0.0,0.0,0.0,1.0,0.0,1.0,0.0,0.0
2024-11-15,1886,75.4,250.3,34.6,27.2,68.0,36.7,410,2249,1403,39.3,92.4,7,17,175,588,-338,70.0,0,1886,13,80.4,11.2,42.2,11.2,0.0,0.0,0.0,1.0,0.0,1.0,0.0,0.0
2024-11-16,1574,79.0,210.2,53.2,41.7,50.1,21.2,575,3874,1317,71.8,94.7,9,17,174,586,-376,79.3,0,1574,12,91.1,8.9,11.1,8.9,0.0,0.0,0.0,1.0,0.0,1.0,0.0,0.0
2024-11-17,1886,75.4,250.3,34.6,27.2,68.0,36.7,410,2249,1403,39.3,92.4,7,17,308,713,-463,70.0,0,1886,13,80.4,11.2,42.2,11.2,0.0,0.0,0.0,1.0,0.0,1.0,0.0,0.0
2024-11-18,1927,97.9,276.5,52.0,76.2,54.5,15.8,641,4444,1126,70.3,91.9,11,17,64,351,-74,79.9,0,1927,15,85.0,2.9,9.1,15.0,0.67,1.0,3.0,1.0,0.0,1.0,1.33,0.0
2024-11-19,1927,97.9,276.5,52.0,76.2,54.5,15.8,641,4444,1126,70.3,91.9,11,17,101,430,-153,79.9,0,1927,15,85.0,2.9,9.1,15.0,0.67,1.0,3.0,1.0,0.0,1.0,1.33,0.0
2024-11-20,1574,79.0,210.2,53.2,41.7,50.1,21.2,575,3874,1317,71.8,94.7,9,17,102,432,-222,79.3,0,1574,12,91.1,8.9,11.1,8.9,0.0,0.0,0.0,1.0,0.0,1.0,0.0,0.0
2024-11-21,1886,75.4,250.3,34.6,27.2,68.0,36.7,410,2249,1403,39.3,92.4,7,17,75,374,-124,70.0,0,1886,13,80.4,11.2,42.2,11.2,0.0,0.0,0.0,1.0,0.0,1.0,0.0,0.0
2024-11-22,1574,79.0,210.2,53.2,41.7,50.1,21.2,575,3874,1317,71.8,94.7,9,17,75,374,-164,79.3,0,1574,12,91.1,8.9,11.1,8.9,0.0,0.0,0.0,1.0,0.0,1.0,0.0,0.0
2024-11-23,1886,75.4,250.3,34.6,27.2,68.0,36.7,410,2249,1403,39.3,92.4,7,17,146,526,-276,70.0,0,1886,13,80.4,11.2,42.2,11.2,0.0,0.0,0.0,1.0,0.0,1.0,0.0,0.0
2024-11-24,1574,79.0,210.2,53.2,41.7,50.1,21.2,575,3874,1317,71.8,94.7,9,17,126,483,-273,79.3,0,1574,12,91.1,8.9,11.1,8.9,0.0,0.0,0.0,1.0,0.0,1.0,0.0,0.0
2024-11-25,1927,97.9,276.5,52.0,76.2,54.5,15.8,641,4444,1126,70.3,91.9,11,17,82,389,-113,79.9,0,1927,15,85.0,2.9,9.1,15.0,0.67,1.0,3.0,1.0,0.0,1.0,1.33,0.0
2024-11-26,1927,97.9,276.5,52.0,76.2,54.5,15.8,641,4444,1126,70.3,91.9,11,17,60,342,-66,79.9,0,1927,15,85.0,2.9,9.1,15.0,0.67,1.0,3.0,1.0,0.0,1.0,1.33,0.0
2024-11-27,1886,75.4,250.3,34.6,27.2,68.0,36.7,410,2249,1403,39.3,92.4,7,17,86,398,-148,70.0,0,1886,13,80.4,11.2,42.2,11.2,0.0,0.0,0.0,1.0,0.0,1.0,0.0,0.0
2024-11-28,1574,79.0,210.2,53.2,41.7,50.1,21.2,575,3874,1317,71.8,94.7,9,17,32,282,-72,79.3,0,1574,12,91.1,8.9,11.1,8.9,0.0,0.0,0.0,1.0,0.0,1.0,0.0,0.0
2024-11-29,1886,75.4,250.3,34.6,27.2,68.0,36.7,410,2249,1403,39.3,92.4,7,17,191,622,-372,70.0,0,1886,13,80.4,11.2,42.2,11.2,0.0,0.0,0.0,1.0,0.0,1.0,0.0,0.0
2024-11-30,1574,79.0,210.2,53.2,41.7,50.1,21.2,575,3874,1317,71.8,94.7,9,17,34,287,-76,79.3,0,1574,12,91.1,8.9,11.1,8.9,0.0,0.0,0.0,1.0,0.0,1.0,0.0,0.0
2024-12-01,1803,67.3,248.7,78.8,33.4,64.4,32.6,510,2850,718,45.0,87.0,7,17,140,513,-265,69.1,0,1803,12,88.0,7.8,45.2,7.8,0.0,0.0,0.0,1.0,0.0,1.0,0.0,0.0
2024-12-02,1927,97.9,276.5,52.0,76.2,54.5,15.8,641,4444,1126,70.3,91.9,11,17,176,590,-314,79.9,0,1927,15,85.0,2.9,9.1,15.0,0.67,1.0,3.0,1.0,0.0,1.0,1.33,0.0
2024-12-03,1927,97.9,276.5,52.0,76.2,54.5,15.8,641,4444,1126,70.3,91.9,11,17,0,214,63,79.9,0,1927,15,85.0,2.9,9.1,15.0,0.67,1.0,3.0,1.0,0.0,1.0,1.33,0.0
2024-12-04,1803,67.3,248.7,78.8,33.4,64.4,32.6,510,2850,718,45.0,87.0,7,17,96,419,-171,69.1,0,1803,12,88.0,7.8,45.2,7.8,0.0,0.0,0.0,1.0,0.0,1.0,0.0,0.0
2024-12-05,2276,111.3,304.2,72.3,39.0,72.3,30.8,606,4036,922,57.2,89.8,8,18,0,214,90,77.5,0,2276,15,80.3,6.2,21.8,26.2,0.0,0.0,0.0,1.0,0.0,1.0,0.0,0.0
2024-12-06,2452,100.7,296.0,95.8,29.7,99.3,45.7,445,3277,1333,52.1,88.9,7,16,62,346,-50,67.4,0,2452,13,82.8,1.6,46.4,20.1,0.0,0.0,0.0,1.0,0.0,1.0,0.0,0.0
2024-12-07,1803,67.3,248.7,78.8,33.4,64.4,32.6,510,2850,718,45.0,87.0,7,14,139,511,-262,65.1,0,1803,12,88.0,7.8,45.2,7.8,0.0,0.0,0.0,1.0,0.0,1.0,0.0,0.0
2024-12-08,2276,111.3,304.2,72.3,39.0,72.3,30.8,606,4036,922,57.2,89.8,8,14,115,460,-156,72.1,0,2276,15,80.3,6.2,21.8,26.2,0.0,0.0,0.0,1.0,0.0,1.0,0.0,0.0
2024-12-09,1927,97.9,276.5,52.0,76.2,54.5,15.8,641,4444,1126,70.3,91.9,11,14,106,441,-164,75.9,0,1927,15,85.0,2.9,9.1,15.0,0.67,1.0,3.0,1.0,0.0,1.0,1.33,0.0
2024-12-10,1927,97.9,276.5,52.0,76.2,54.5,15.8,641,4444,1126,70.3,91.9,11,14,71,366,-89,75.9,0,1927,15,85.0,2.9,9.1,15.0,0.67,1.0,3.0,1.0,0.0,1.0,1.33,0.0
2024-12-11,2276,111.3,304.2,72.3,39.0,72.3,30.8,606,4036,922,57.2,89.8,8,14,98,423,-119,72.1,0,2276,15,80.3,6.2,21.8,26.2,0.0,0.0,0.0,1.0,0.0,1.0,0.0,0.0
2024-12-12,2452,100.7,296.0,95.8,29.7,99.3,45.7,445,3277,1333,52.1,88.9,7,14,75,374,-78,64.8,0,2452,13,82.8,1.6,46.4,20.1,0.0,0.0,0.0,1.0,0.0,1.0,0.0,0.0
2024-12-13,1803,67.3,248.7,78.8,33.4,64.4,32.6,510,2850,718,45.0,87.0,7,14,0,214,35,65.1,0,1803,12,88.0,7.8,45.2,7.8,0.0,0.0,0.0,1.0,0.0,1.0,0.0,0.0
2024-12-14,2276,111.3,304.2,72.3,39.0,72.3,30.8,606,4036,922,57.2,89.8,8,14,51,323,-19,72.1,0,2276,15,80.3,6.2,21.8,26.2,0.0,0.0,0.0,1.0,0.0,1.0,0.0,0.0
2024-12-15,2452,100.7,296.0,95.8,29.7,99.3,45.7,445,3277,1333,52.1,88.9,7,14,267,713,-417,64.8,0,2452,13,82.8,1.6,46.4,20.1,0.0,0.0,0.0,1.0,0.0,1.0,0.0,0.0
2024-12-16,1927,97.9,276.5,52.0,76.2,54.5,15.8,641,4444,1126,70.3,91.9,11,14,23,263,13,75.9,0,1927,15,85.0,2.9,9.1,15.0,0.67,1.0,3.0,1.0,0.0,1.0,1.33,0.0
2024-12-17,1927,97.9,276.5,52.0,76.2,54.5,15.8,641,4444,1126,70.3,91.9,11,14,60,342,-66,75.9,0,1927,15,85.0,2.9,9.1,15.0,0.67,1.0,3.0,1.0,0.0,1.0,1.33,0.0
2024-12-18,2452,100.7,296.0,95.8,29.7,99.3,45.7,445,3277,1333,52.1,88.9,7,14,98,423,-127,64.8,0,2452,13,82.8,1.6,46.4,20.1,0.0,0.0,0.0,1.0,0.0,1.0,0.0,0.0
2024-12-19,1803,67.3,248.7,78.8,33.4,64.4,32.6,510,2850,718,45.0,87.0,7,14,86,398,-149,65.1,0,1803,12,88.0,7.8,45.2,7.8,0.0,0.0,0.0,1.0,0.0,1.0,0.0,0.0
2024-12-20,2276,111.3,304.2,72.3,39.0,72.3,30.8,606,4036,922,57.2,89.8,8,14,171,580,-275,72.1,0,2276,15,80.3,6.2,21.8,26.2,0.0,0.0,0.0,1.0,0.0,1.0,0.0,0.0
2024-12-21,2452,100.7,296.0,95.8,29.7,99.3,45.7,445,3277,1333,52.1,88.9,7,14,5,225,71,64.8,0,2452,13,82.8,1.6,46.4,20.1,0.0,0.0,0.0,1.0,0.0,1.0,0.0,0.0
2024-12-22,1803,67.3,248.7,78.8,33.4,64.4,32.6,510,2850,718,45.0,87.0,7,14,46,312,-64,65.1,0,1803,12,88.0,7.8,45.2,7.8,0.0,0.0,0.0,1.0,0.0,1.0,0.0,0.0
2024-12-23,1927,97.9,276.5,52.0,76.2,54.5,15.8,641,4444,1126,70.3,91.9,11,14,56,334,-57,75.9,0,1927,15,85.0,2.9,9.1,15.0,0.67,1.0,3.0,1.0,0.0,1.0,1.33,0.0
2024-12-24,1927,97.9,276.5,52.0,76.2,54.5,15.8,641,4444,1126,70.3,91.9,11,14,151,537,-260,75.9,0,1927,15,85.0,2.9,9.1,15.0,0.67,1.0,3.0,1.0,0.0,1.0,1.33,0.0
2024-12-25,1803,67.3,248.7,78.8,33.4,64.4,32.6,510,2850,718,45.0,87.0,7,14,72,368,-119,65.1,0,1803,12,88.0,7.8,45.2,7.8,0.0,0.0,0.0,1.0,0.0,1.0,0.0,0.0
2024-12-26,2276,111.3,304.2,72.3,39.0,72.3,30.8,606,4036,922,57.2,89.8,8,14,265,713,-409,72.1,0,2276,15,80.3,6.2,21.8,26.2,0.0,0.0,0.0,1.0,0.0,1.0,0.0,0.0
2024-12-27,2452,100.7,296.0,95.8,29.7,99.3,45.7,445,3277,1333,52.1,88.9,7,14,98,423,-127,64.8,0,2452,13,82.8,1.6,46.4,20.1,0.0,0.0,0.0,1.0,0.0,1.0,0.0,0.0
2024-12-28,1803,67.3,248.7,78.8,33.4,64.4,32.6,510,2850,718,45.0,87.0,7,14,67,357,-109,65.1,0,1803,12,88.0,7.8,45.2,7.8,0.0,0.0,0.0,1.0,0.0,1.0,0.0,0.0
2024-12-29,2276,111.3,304.2,72.3,39.0,72.3,30.8,606,4036,922,57.2,89.8,8,14,86,398,-94,72.1,0,2276,15,80.3,6.2,21.8,26.2,0.0,0.0,0.0,1.0,0.0,1.0,0.0,0.0
2024-12-30,1927,97.9,276.5,52.0,76.2,54.5,15.8,641,4444,1126,70.3,91.9,11,14,40,299,-23,75.9,0,1927,15,85.0,2.9,9.1,15.0,0.67,1.0,3.0,1.0,0.0,1.0,1.33,0.0
2024-12-31,1927,97.9,276.5,52.0,76.2,54.5,15.8,641,4444,1126,70.3,91.9,11,14,289,713,-436,75.9,0,1927,15,85.0,2.9,9.1,15.0,0.67,1.0,3.0,1.0,0.0,1.0,1.33,0.0
2025-01-01,1656,65.5,254.0,48.3,38.0,46.1,22.2,539,2701,374,40.2,90.6,7,17,329,713,-459,79.5,0,1656,13,80.7,14.1,10.6,14.1,0.0,0.0,0.0,1.0,0.0,2.89,0.0,0.0
2025-01-02,1930,65.6,292.9,77.0,38.0,59.5,27.8,483,3104,1155,61.1,88.1,9,19,79,383,-90,72.7,0,1930,12,94.1,2.0,42.3,2.0,0.0,0.0,0.0,1.0,0.9,1.0,0.0,0.0
2025-01-03,1656,65.5,254.0,48.3,38.0,46.1,22.2,539,2701,374,40.2,90.6,7,19,377,713,-459,82.2,0,1656,13,80.7,14.1,10.6,14.1,0.0,0.0,0.0,1.0,0.0,2.89,0.0,0.0
2025-01-04,1930,65.6,292.9,77.0,38.0,59.5,27.8,483,3104,1155,61.1,88.1,9,19,180,599,-306,72.7,0,1930,12,94.1,2.0,42.3,2.0,0.0,0.0,0.0,1.0,0.9,1.0,0.0,0.0
2025-01-05,1656,65.5,254.0,48.3,38.0,46.1,22.2,539,2701,374,40.2,90.6,7,17,117,464,-210,79.5,0,1656,13,80.7,14.1,10.6,14.1,0.0,0.0,0.0,1.0,0.0,2.89,0.0,0.0
2025-01-06,1927,97.9,276.5,52.0,76.2,54.5,15.8,641,4444,1126,70.3,91.9,11,17,104,436,-160,79.9,0,1927,15,85.0,2.9,9.1,15.0,0.67,1.0,3.0,1.0,0.0,1.0,1.33,0.0
2025-01-07,1927,97.9,276.5,52.0,76.2,54.5,15.8,641,4444,1126,70.3,91.9,11,17,86,398,-121,79.9,0,1927,15,85.0,2.9,9.1,15.0,0.67,1.0,3.0,1.0,0.0,1.0,1.33,0.0
2025-01-08,1930,65.6,292.9,77.0,38.0,59.5,27.8,483,3104,1155,61.1,88.1,9,17,82,389,-96,70.0,0,1930,12,94.1,2.0,42.3,2.0,0.0,0.0,0.0,1.0,0.9,1.0,0.0,0.0
2025-01-09,1656,65.5,254.0,48.3,38.0,46.1,22.2,539,2701,374,40.2,90.6,7,17,167,571,-317,79.5,0,1656,13,80.7,14.1,10.6,14.1,0.0,0.0,0.0,1.0,0.0,2.89,0.0,0.0
2025-01-10,1930,65.6,292.9,77.0,38.0,59.5,27.8,483,3104,1155,61.1,88.1,9,17,91,408,-116,70.0,0,1930,12,94.1,2.0,42.3,2.0,0.0,0.0,0.0,1.0,0.9,1.0,0.0,0.0
2025-01-11,1656,65.5,254.0,48.3,38.0,46.1,22.2,539,2701,374,40.2,90.6,7,17,184,607,-353,79.5,0,1656,13,80.7,14.1,10.6,14.1,0.0,0.0,0.0,1.0,0.0,2.89,0.0,0.0
2025-01-12,1930,65.6,292.9,77.0,38.0,59.5,27.8,483,3104,1155,61.1,88.1,9,17,33,284,8,70.0,0,1930,12,94.1,2.0,42.3,2.0,0.0,0.0,0.0,1.0,0.9,1.0,0.0,0.0
2025-01-13,1927,97.9,276.5,52.0,76.2,54.5,15.8,641,4444,1126,70.3,91.9,11,17,112,453,-177,79.9,0,1927,15,85.0,2.9,9.1,15.0,0.67,1.0,3.0,1.0,0.0,1.0,1.33,0.0
2025-01-14,1927,97.9,276.5,52.0,76.2,54.5,15.8,641,4444,1126,70.3,91.9,11,17,112,453,-177,79.9,0,1927,15,85.0,2.9,9.1,15.0,0.67,1.0,3.0,1.0,0.0,1.0,1.33,0.0
2025-01-15,1656,65.5,254.0,48.3,38.0,46.1,22.2,539,2701,374,40.2,90.6,7,17,112,453,-199,79.5,0,1656,13,80.7,14.1,10.6,14.1,0.0,0.0,0.0,1.0,0.0,2.89,0.0,0.0
2025-01-16,1930,65.6,292.9,77.0,38.0,59.5,27.8,483,3104,1155,61.1,88.1,9,17,98,423,-131,70.0,0,1930,12,94.1,2.0,42.3,2.0,0.0,0.0,0.0,1.0,0.9,1.0,0.0,0.0
2025-01-17,1656,65.5,254.0,48.3,38.0,46.1,22.2,539,2701,374,40.2,90.6,7,17,183,605,-351,79.5,0,1656,13,80.7,14.1,10.6,14.1,0.0,0.0,0.0,1.0,0.0,2.89,0.0,0.0
2025-01-18,1930,65.6,292.9,77.0,38.0,59.5,27.8,483,3104,1155,61.1,88.1,9,17,281,713,-420,70.0,0,1930,12,94.1,2.0,42.3,2.0,0.0,0.0,0.0,1.0,0.9,1.0,0.0,0.0
2025-01-19,1656,65.5,254.0,48.3,38.0,46.1,22.2,539,2701,374,40.2,90.6,7,17,108,445,-191,79.5,0,1656,13,80.7,14.1,10.6,14.1,0.0,0.0,0.0,1.0,0.0,2.89,0.0,0.0
2025-01-20,1927,97.9,276.5,52.0,76.2,54.5,15.8,641,4444,1126,70.3,91.9,11,17,116,462,-185,79.9,0,1927,15,85.0,2.9,9.1,15.0,0.67,1.0,3.0,1.0,0.0,1.0,1.33,0.0
2025-01-21,1927,97.9,276.5,52.0,76.2,54.5,15.8,641,4444,1126,70.3,91.9,11,17,65,353,-76,79.9,0,1927,15,85.0,2.9,9.1,15.0,0.67,1.0,3.0,1.0,0.0,1.0,1.33,0.0
2025-01-22,1930,65.6,292.9,77.0,38.0,59.5,27.8,483,3104,1155,61.1,88.1,9,17,134,500,-208,70.0,0,1930,12,94.1,2.0,42.3,2.0,0.0,0.0,0.0,1.0,0.9,1.0,0.0,0.0
2025-01-23,1656,65.5,254.0,48.3,38.0,46.1,22.2,539,2701,374,40.2,90.6,7,17,121,473,-219,79.5,0,1656,13,80.7,14.1,10.6,14.1,0.0,0.0,0.0,1.0,0.0,2.89,0.0,0.0
2025-01-24,1930,65.6,292.9,77.0,38.0,59.5,27.8,483,3104,1155,61.1,88.1,9,17,178,595,-302,70.0,0,1930,12,94.1,2.0,42.3,2.0,0.0,0.0,0.0,1.0,0.9,1.0,0.0,0.0
2025-01-25,1656,65.5,254.0,48.3,38.0,46.1,22.2,539,2701,374,40.2,90.6,7,17,214,672,-418,79.5,0,1656,13,80.7,14.1,10.6,14.1,0.0,0.0,0.0,1.0,0.0,2.89,0.0,0.0
2025-01-26,1930,65.6,292.9,77.0,38.0,59.5,27.8,483,3104,1155,61.1,88.1,9,17,151,537,-244,70.0,0,1930,12,94.1,2.0,42.3,2.0,0.0,0.0,0.0,1.0,0.9,1.0,0.0,0.0
2025-01-27,1927,97.9,276.5,52.0,76.2,54.5,15.8,641,4444,1126,70.3,91.9,11,17,109,447,-170,79.9,0,1927,15,85.0,2.9,9.1,15.0,0.67,1.0,3.0,1.0,0.0,1.0,1.33,0.0
2025-01-28,1927,97.9,276.5,52.0,76.2,54.5,15.8,641,4444,1126,70.3,91.9,11,17,83,391,-115,79.9,0,1927,15,85.0,2.9,9.1,15.0,0.67,1.0,3.0,1.0,0.0,1.0,1.33,0.0
2025-01-29,1656,65.5,254.0,48.3,38.0,46.1,22.2,539,2701,374,40.2,90.6,7,17,181,601,-347,79.5,0,1656,13,80.7,14.1,10.6,14.1,0.0,0.0,0.0,1.0,0.0,2.89,0.0,0.0
2025-01-30,1930,65.6,292.9,77.0,38.0,59.5,27.8,483,3104,1155,61.1,88.1,9,17,192,625,-332,70.0,0,1930,12,94.1,2.0,42.3,2.0,0.0,0.0,0.0,1.0,0.9,1.0,0.0,0.0
2025-01-31,1656,65.5,254.0,48.3,38.0,46.1,22.2,539,2701,374,40.2,90.6,7,17,45,310,-56,79.5,0,1656,13,80.7,14.1,10.6,14.1,0.0,0.0,0.0,1.0,0.0,2.89,0.0,0.0
2025-02-01,1639,87.0,246.2,51.2,67.8,38.0,13.0,562,3910,1896,65.5,90.6,10,20,75,374,-128,83.5,0,1639,13,88.1,2.3,10.7,11.9,0.0,1.0,2.0,1.0,0.0,1.0,0.0,0.0
2025-02-02,1622,89.7,227.8,50.9,68.7,43.0,16.4,572,4253,1604,66.8,93.7,10,21,104,436,-209,84.8,0,1622,12,97.6,2.4,10.8,2.4,0.0,1.0,0.0,1.0,0.0,1.0,0.0,0.0
2025-02-03,1927,97.9,276.5,52.0,76.2,54.5,15.8,641,4444,1126,70.3,91.9,11,21,73,370,-93,85.3,0,1927,15,85.0,2.9,9.1,15.0,0.67,1.0,3.0,1.0,0.0,1.0,1.33,0.0
2025-02-04,1927,97.9,276.5,52.0,76.2,54.5,15.8,641,4444,1126,70.3,91.9,11,21,82,389,-113,85.3,0,1927,15,85.0,2.9,9.1,15.0,0.67,1.0,3.0,1.0,0.0,1.0,1.33,0.0
2025-02-05,1622,89.7,227.8,50.9,68.7,43.0,16.4,572,4253,1604,66.8,93.7,10,21,58,338,-110,84.8,0,1622,12,97.6,2.4,10.8,2.4,0.0,1.0,0.0,1.0,0.0,1.0,0.0,0.0
2025-02-06,1538,77.3,182.0,51.2,39.8,57.9,21.3,470,3796,2621,80.7,94.5,7,18,99,426,-244,80.6,0,1538,11,87.4,2.5,11.4,12.6,0.0,0.0,2.0,1.0,0.0,1.0,0.0,0.0
2025-02-07,1639,87.0,246.2,51.2,67.8,38.0,13.0,562,3910,1896,65.5,90.6,10,15,38,295,-49,76.8,0,1639,13,88.1,2.3,10.7,11.9,0.0,1.0,2.0,1.0,0.0,1.0,0.0,0.0
2025-02-08,1622,89.7,227.8,50.9,68.7,43.0,16.4,572,4253,1604,66.8,93.7,10,15,213,669,-442,76.8,0,1622,12,97.6,2.4,10.8,2.4,0.0,1.0,0.0,1.0,0.0,1.0,0.0,0.0
2025-02-09,1538,77.3,182.0,51.2,39.8,57.9,21.3,470,3796,2621,80.7,94.5,7,15,65,353,-171,76.6,0,1538,11,87.4,2.5,11.4,12.6,0.0,0.0,2.0,1.0,0.0,1.0,0.0,0.0
2025-02-10,1927,97.9,276.5,52.0,76.2,54.5,15.8,641,4444,1126,70.3,91.9,11,15,96,419,-143,77.3,0,1927,15,85.0,2.9,9.1,15.0,0.67,1.0,3.0,1.0,0.0,1.0,1.33,0.0
2025-02-11,1927,97.9,276.5,52.0,76.2,54.5,15.8,641,4444,1126,70.3,91.9,11,15,0,214,63,77.3,0,1927,15,85.0,2.9,9.1,15.0,0.67,1.0,3.0,1.0,0.0,1.0,1.33,0.0
2025-02-12,1538,77.3,182.0,51.2,39.8,57.9,21.3,470,3796,2621,80.7,94.5,7,15,44,308,-126,76.6,0,1538,11,87.4,2.5,11.4,12.6,0.0,0.0,2.0,1.0,0.0,1.0,0.0,0.0
2025-02-13,1639,87.0,246.2,51.2,67.8,38.0,13.0,562,3910,1896,65.5,90.6,10,15,65,353,-107,76.8,0,1639,13,88.1,2.3,10.7,11.9,0.0,1.0,2.0,1.0,0.0,1.0,0.0,0.0
2025-02-14,1622,89.7,227.8,50.9,68.7,43.0,16.4,572,4253,1604,66.8,93.7,10,15,210,663,-435,76.8,0,1622,12,97.6,2.4,10.8,2.4,0.0,1.0,0.0,1.0,0.0,1.0,0.0,0.0
2025-02-15,1538,77.3,182.0,51.2,39.8,57.9,21.3,470,3796,2621,80.7,94.5,7,15,138,509,-327,76.6,0,1538,11,87.4,2.5,11.4,12.6,0.0,0.0,2.0,1.0,0.0,1.0,0.0,0.0
2025-02-16,1639,87.0,246.2,51.2,67.8,38.0,13.0,562,3910,1896,65.5,90.6,10,15,114,458,-211,76.8,0,1639,13,88.1,2.3,10.7,11.9,0.0,1.0,2.0,1.0,0.0,1.0,0.0,0.0
2025-02-17,1927,97.9,276.5,52.0,76.2,54.5,15.8,641,4444,1126,70.3,91.9,11,15,76,376,-100,77.3,0,1927,15,85.0,2.9,9.1,15.0,0.67,1.0,3.0,1.0,0.0,1.0,1.33,0.0
2025-02-18,1927,97.9,276.5,52.0,76.2,54.5,15.8,641,4444,1126,70.3,91.9,11,15,97,421,-145,77.3,0,1927,15,85.0,2.9,9.1,15.0,0.67,1.0,3.0,1.0,0.0,1.0,1.33,0.0
2025-02-19,1639,87.0,246.2,51.2,67.8,38.0,13.0,562,3910,1896,65.5,90.6,10,15,81,387,-141,76.8,0,1639,13,88.1,2.3,10.7,11.9,0.0,1.0,2.0,1.0,0.0,1.0,0.0,0.0
2025-02-20,1622,89.7,227.8,50.9,68.7,43.0,16.4,572,4253,1604,66.8,93.7,10,15,122,475,-247,76.8,0,1622,12,97.6,2.4,10.8,2.4,0.0,1.0,0.0,1.0,0.0,1.0,0.0,0.0
2025-02-21,1538,77.3,182.0,51.2,39.8,57.9,21.3,470,3796,2621,80.7,94.5,7,15,126,483,-301,76.6,0,1538,11,87.4,2.5,11.4,12.6,0.0,0.0,2.0,1.0,0.0,1.0,0.0,0.0
2025-02-22,1639,87.0,246.2,51.2,67.8,38.0,13.0,562,3910,1896,65.5,90.6,10,15,168,573,-327,76.8,0,1639,13,88.1,2.3,10.7,11.9,0.0,1.0,2.0,1.0,0.0,1.0,0.0,0.0
2025-02-23,1622,89.7,227.8,50.9,68.7,43.0,16.4,572,4253,1604,66.8,93.7,10,15,126,483,-256,76.8,0,1622,12,97.6,2.4,10.8,2.4,0.0,1.0,0.0,1.0,0.0,1.0,0.0,0.0
2025-02-24,1927,97.9,276.5,52.0,76.2,54.5,15.8,641,4444,1126,70.3,91.9,11,15,114,458,-181,77.3,0,1927,15,85.0,2.9,9.1,15.0,0.67,1.0,3.0,1.0,0.0,1.0,1.33,0.0
2025-02-25,1927,97.9,276.5,52.0,76.2,54.5,15.8,641,4444,1126,70.3,91.9,11,15,83,391,-115,77.3,0,1927,15,85.0,2.9,9.1,15.0,0.67,1.0,3.0,1.0,0.0,1.0,1.33,0.0
2025-02-26,1622,89.7,227.8,50.9,68.7,43.0,16.4,572,4253,1604,66.8,93.7,10,15,0,214,14,76.8,0,1622,12,97.6,2.4,10.8,2.4,0.0,1.0,0.0,1.0,0.0,1.0,0.0,0.0
2025-02-27,1538,77.3,182.0,51.2,39.8,57.9,21.3,470,3796,2621,80.7,94.5,7,15,177,592,-410,76.6,0,1538,11,87.4,2.5,11.4,12.6,0.0,0.0,2.0,1.0,0.0,1.0,0.0,0.0
2025-02-28,1639,87.0,246.2,51.2,67.8,38.0,13.0,562,3910,1896,65.5,90.6,10,15,67,357,-111,76.8,0,1639,13,88.1,2.3,10.7,11.9,0.0,1.0,2.0,1.0,0.0,1.0,0.0,0.0
2025-03-01,1761,90.1,309.1,46.1,75.5,25.2,8.0,879,4998,699,54.2,91.0,10,19,559,713,-404,82.3,0,1761,12,97.8,2.2,10.0,2.2,0.0,0.9,0.0,1.0,0.0,1.0,0.8,0.0
2025-03-02,1626,74.5,303.5,62.4,72.9,19.9,7.4,741,5374,524,62.6,90.6,9,20,242,713,-409,83.4,0,1626,11,97.6,2.4,10.8,2.4,0.0,0.9,0.0,1.0,0.0,1.0,2.54,0.0
2025-03-03,1927,97.9,276.5,52.0,76.2,54.5,15.8,641,4444,1126,70.3,91.9,11,20,129,490,-213,83.9,0,1927,15,85.0,2.9,9.1,15.0,0.67,1.0,3.0,1.0,0.0,1.0,1.33,0.0
2025-03-04,1927,97.9,276.5,52.0,76.2,54.5,15.8,641,4444,1126,70.3,91.9,11,20,81,387,-111,83.9,0,1927,15,85.0,2.9,9.1,15.0,0.67,1.0,3.0,1.0,0.0,1.0,1.33,0.0
2025-03-05,1626,74.5,303.5,62.4,72.9,19.9,7.4,741,5374,524,62.6,90.6,9,20,140,513,-210,83.4,0,1626,11,97.6,2.4,10.8,2.4,0.0,0.9,0.0,1.0,0.0,1.0,2.54,0.0
2025-03-06,1656,61.7,314.2,66.9,58.6,22.9,7.7,702,5067,855,62.6,89.9,8,19,136,505,-191,82.2,0,1656,11,97.7,2.3,10.6,2.3,0.0,0.0,0.0,1.0,0.0,1.0,3.34,0.0
2025-03-07,1761,90.1,309.1,46.1,75.5,25.2,8.0,879,4998,699,54.2,91.0,10,16,132,496,-187,78.3,0,1761,12,97.8,2.2,10.0,2.2,0.0,0.9,0.0,1.0,0.0,1.0,0.8,0.0
2025-03-08,1626,74.5,303.5,62.4,72.9,19.9,7.4,741,5374,524,62.6,90.6,9,16,375,713,-409,78.1,0,1626,11,97.6,2.4,10.8,2.4,0.0,0.9,0.0,1.0,0.0,1.0,2.54,0.0
2025-03-09,1656,61.7,314.2,66.9,58.6,22.9,7.7,702,5067,855,62.6,89.9,8,16,168,573,-259,78.2,0,1656,11,97.7,2.3,10.6,2.3,0.0,0.0,0.0,1.0,0.0,1.0,3.34,0.0
2025-03-10,1927,97.9,276.5,52.0,76.2,54.5,15.8,641,4444,1126,70.3,91.9,11,16,133,498,-222,78.6,0,1927,15,85.0,2.9,9.1,15.0,0.67,1.0,3.0,1.0,0.0,1.0,1.33,0.0
2025-03-11,1927,97.9,276.5,52.0,76.2,54.5,15.8,641,4444,1126,70.3,91.9,11,16,131,494,-218,78.6,0,1927,15,85.0,2.9,9.1,15.0,0.67,1.0,3.0,1.0,0.0,1.0,1.33,0.0
2025-03-12,1656,61.7,314.2,66.9,58.6,22.9,7.7,702,5067,855,62.6,89.9,8,16,167,571,-257,78.2,0,1656,11,97.7,2.3,10.6,2.3,0.0,0.0,0.0,1.0,0.0,1.0,3.34,0.0
2025-03-13,1761,90.1,309.1,46.1,75.5,25.2,8.0,879,4998,699,54.2,91.0,10,16,132,496,-187,78.3,0,1761,12,97.8,2.2,10.0,2.2,0.0,0.9,0.0,1.0,0.0,1.0,0.8,0.0
2025-03-14,1626,74.5,303.5,62.4,72.9,19.9,7.4,741,5374,524,62.6,90.6,9,16,94,415,-111,78.1,0,1626,11,97.6,2.4,10.8,2.4,0.0,0.9,0.0,1.0,0.0,1.0,2.54,0.0
2025-03-15,1656,61.7,314.2,66.9,58.6,22.9,7.7,702,5067,855,62.6,89.9,8,16,160,556,-242,78.2,0,1656,11,97.7,2.3,10.6,2.3,0.0,0.0,0.0,1.0,0.0,1.0,3.34,0.0
2025-03-16,1761,90.1,309.1,46.1,75.5,25.2,8.0,879,4998,699,54.2,91.0,10,16,213,669,-360,78.3,0,1761,12,97.8,2.2,10.0,2.2,0.0,0.9,0.0,1.0,0.0,1.0,0.8,0.0
2025-03-17,1927,97.9,276.5,52.0,76.2,54.5,15.8,641,4444,1126,70.3,91.9,11,16,108,445,-168,78.6,0,1927,15,85.0,2.9,9.1,15.0,0.67,1.0,3.0,1.0,0.0,1.0,1.33,0.0
2025-03-18,1927,97.9,276.5,52.0,76.2,54.5,15.8,641,4444,1126,70.3,91.9,11,16,119,468,-192,78.6,0,1927,15,85.0,2.9,9.1,15.0,0.67,1.0,3.0,1.0,0.0,1.0,1.33,0.0
2025-03-19,1761,90.1,309.1,46.1,75.5,25.2,8.0,879,4998,699,54.2,91.0,10,16,143,520,-211,78.3,0,1761,12,97.8,2.2,10.0,2.2,0.0,0.9,0.0,1.0,0.0,1.0,0.8,0.0
2025-03-20,1626,74.5,303.5,62.4,72.9,19.9,7.4,741,5374,524,62.6,90.6,9,16,106,441,-137,78.1,0,1626,11,97.6,2.4,10.8,2.4,0.0,0.9,0.0,1.0,0.0,1.0,2.54,0.0
2025-03-21,1656,61.7,314.2,66.9,58.6,22.9,7.7,702,5067,855,62.6,89.9,8,16,202,646,-332,78.2,0,1656,11,97.7,2.3,10.6,2.3,0.0,0.0,0.0,1.0,0.0,1.0,3.34,0.0
2025-03-22,1761,90.1,309.1,46.1,75.5,25.2,8.0,879,4998,699,54.2,91.0,10,16,160,556,-247,78.3,0,1761,12,97.8,2.2,10.0,2.2,0.0,0.9,0.0,1.0,0.0,1.0,0.8,0.0
2025-03-23,1626,74.5,303.5,62.4,72.9,19.9,7.4,741,5374,524,62.6,90.6,9,16,107,443,-139,78.1,0,1626,11,97.6,2.4,10.8,2.4,0.0,0.9,0.0,1.0,0.0,1.0,2.54,0.0
2025-03-24,1927,97.9,276.5,52.0,76.2,54.5,15.8,641,4444,1126,70.3,91.9,11,16,141,515,-239,78.6,0,1927,15,85.0,2.9,9.1,15.0,0.67,1.0,3.0,1.0,0.0,1.0,1.33,0.0
2025-03-25,1927,97.9,276.5,52.0,76.2,54.5,15.8,641,4444,1126,70.3,91.9,11,16,81,387,-111,78.6,0,1927,15,85.0,2.9,9.1,15.0,0.67,1.0,3.0,1.0,0.0,1.0,1.33,0.0
2025-03-26,1626,74.5,303.5,62.4,72.9,19.9,7.4,741,5374,524,62.6,90.6,9,16,162,560,-257,78.1,0,1626,11,97.6,2.4,10.8,2.4,0.0,0.9,0.0,1.0,0.0,1.0,2.54,0.0
2025-03-27,1656,61.7,314.2,66.9,58.6,22.9,7.7,702,5067,855,62.6,89.9,8,16,155,545,-231,78.2,0,1656,11,97.7,2.3,10.6,2.3,0.0,0.0,0.0,1.0,0.0,1.0,3.34,0.0
2025-03-28,1761,90.1,309.1,46.1,75.5,25.2,8.0,879,4998,699,54.2,91.0,10,16,154,543,-234,78.3,0,1761,12,97.8,2.2,10.0,2.2,0.0,0.9,0.0,1.0,0.0,1.0,0.8,0.0
2025-03-29,1626,74.5,303.5,62.4,72.9,19.9,7.4,741,5374,524,62.6,90.6,9,16,447,713,-409,78.1,0,1626,11,97.6,2.4,10.8,2.4,0.0,0.9,0.0,1.0,0.0,1.0,2.54,0.0
2025-03-30,1656,61.7,314.2,66.9,58.6,22.9,7.7,702,5067,855,62.6,89.9,8,16,142,518,-203,78.2,0,1656,11,97.7,2.3,10.6,2.3,0.0,0.0,0.0,1.0,0.0,1.0,3.34,0.0
2025-03-31,1927,97.9,276.5,52.0,76.2,54.5,15.8,641,4444,1126,70.3,91.9,11,16,227,699,-423,78.6,0,1927,15,85.0,2.9,9.1,15.0,0.67,1.0,3.0,1.0,0.0,1.0,1.33,0.0
2025-04-01,1927,97.9,276.5,52.0,76.2,54.5,15.8,641,4444,1126,70.3,91.9,11,16,76,376,-100,78.6,0,1927,15,85.0,2.9,9.1,15.0,0.67,1.0,3.0,1.0,0.0,1.0,1.33,0.0
2025-04-02,1738,105.7,188.4,47.8,43.2,66.2,24.4,549,4144,5015,79.8,95.2,7,18,299,713,-525,75.4,0,1738,11,79.1,2.2,28.8,20.9,0.0,0.0,0.0,1.0,0.0,1.0,0.0,0.0
2025-04-03,1708,88.3,210.1,48.4,34.8,60.0,24.3,471,3408,1976,71.7,94.5,8,19,89,404,-194,82.3,0,1708,11,94.4,5.6,10.3,17.9,0.0,0.0,0.0,1.0,0.0,1.0,0.0,0.0
2025-04-04,1924,114.1,234.9,45.2,37.4,63.4,23.9,539,3414,4662,67.4,92.2,7,19,383,713,-478,77.5,0,1924,12,78.1,5.0,26.0,32.8,0.0,0.0,0.0,1.0,0.0,1.0,0.0,0.0
2025-04-05,1738,105.7,188.4,47.8,43.2,66.2,24.4,549,4144,5015,79.8,95.2,7,17,50,321,-132,74.0,0,1738,11,79.1,2.2,28.8,20.9,0.0,0.0,0.0,1.0,0.0,1.0,0.0,0.0
2025-04-06,1708,88.3,210.1,48.4,34.8,60.0,24.3,471,3408,1976,71.7,94.5,8,14,231,708,-498,75.6,0,1708,11,94.4,5.6,10.3,17.9,0.0,0.0,0.0,1.0,0.0,1.0,0.0,0.0
2025-04-07,1927,97.9,276.5,52.0,76.2,54.5,15.8,641,4444,1126,70.3,91.9,11,14,222,689,-412,75.9,0,1927,15,85.0,2.9,9.1,15.0,0.67,1.0,3.0,1.0,0.0,1.0,1.33,0.0
2025-04-08,1927,97.9,276.5,52.0,76.2,54.5,15.8,641,4444,1126,70.3,91.9,11,14,99,426,-149,75.9,0,1927,15,85.0,2.9,9.1,15.0,0.67,1.0,3.0,1.0,0.0,1.0,1.33,0.0
2025-04-09,1708,88.3,210.1,48.4,34.8,60.0,24.3,471,3408,1976,71.7,94.5,8,14,0,214,-4,75.6,0,1708,11,94.4,5.6,10.3,17.9,0.0,0.0,0.0,1.0,0.0,1.0,0.0,0.0
2025-04-10,1924,114.1,234.9,45.2,37.4,63.4,23.9,539,3414,4662,67.4,92.2,7,14,84,394,-159,70.9,0,1924,12,78.1,5.0,26.0,32.8,0.0,0.0,0.0,1.0,0.0,1.0,0.0,0.0
2025-04-11,1738,105.7,188.4,47.8,43.2,66.2,24.4,549,4144,5015,79.8,95.2,7,14,93,413,-224,70.0,0,1738,11,79.1,2.2,28.8,20.9,0.0,0.0,0.0,1.0,0.0,1.0,0.0,0.0
2025-04-12,1708,88.3,210.1,48.4,34.8,60.0,24.3,471,3408,1976,71.7,94.5,8,14,483,713,-503,75.6,0,1708,11,94.4,5.6,10.3,17.9,0.0,0.0,0.0,1.0,0.0,1.0,0.0,0.0
2025-04-13,1924,114.1,234.9,45.2,37.4,63.4,23.9,539,3414,4662,67.4,92.2,7,14,143,520,-285,70.9,0,1924,12,78.1,5.0,26.0,32.8,0.0,0.0,0.0,1.0,0.0,1.0,0.0,0.0
2025-04-14,1927,97.9,276.5,52.0,76.2,54.5,15.8,641,4444,1126,70.3,91.9,11,14,206,654,-378,75.9,0,1927,15,85.0,2.9,9.1,15.0,0.67,1.0,3.0,1.0,0.0,1.0,1.33,0.0
2025-04-15,1927,97.9,276.5,52.0,76.2,54.5,15.8,641,4444,1126,70.3,91.9,11,14,134,500,-224,75.9,0,1927,15,85.0,2.9,9.1,15.0,0.67,1.0,3.0,1.0,0.0,1.0,1.33,0.0
2025-04-16,1924,114.1,234.9,45.2,37.4,63.4,23.9,539,3414,4662,67.4,92.2,7,14,197,635,-400,70.9,0,1924,12,78.1,5.0,26.0,32.8,0.0,0.0,0.0,1.0,0.0,1.0,0.0,0.0
2025-04-17,1738,105.7,188.4,47.8,43.2,66.2,24.4,549,4144,5015,79.8,95.2,7,14,86,398,-209,70.0,0,1738,11,79.1,2.2,28.8,20.9,0.0,0.0,0.0,1.0,0.0,1.0,0.0,0.0
2025-04-18,1708,88.3,210.1,48.4,34.8,60.0,24.3,471,3408,1976,71.7,94.5,8,14,306,713,-503,75.6,0,1708,11,94.4,5.6,10.3,17.9,0.0,0.0,0.0,1.0,0.0,1.0,0.0,0.0
2025-04-19,1924,114.1,234.9,45.2,37.4,63.4,23.9,539,3414,4662,67.4,92.2,7,14,609,713,-478,70.9,0,1924,12,78.1,5.0,26.0,32.8,0.0,0.0,0.0,1.0,0.0,1.0,0.0,0.0
2025-04-20,1738,105.7,188.4,47.8,43.2,66.2,24.4,549,4144,5015,79.8,95.2,7,14,98,423,-235,70.0,0,1738,11,79.1,2.2,28.8,20.9,0.0,0.0,0.0,1.0,0.0,1.0,0.0,0.0
2025-04-21,1927,97.9,276.5,52.0,76.2,54.5,15.8,641,4444,1126,70.3,91.9,11,14,252,713,-436,75.9,0,1927,15,85.0,2.9,9.1,15.0,0.67,1.0,3.0,1.0,0.0,1.0,1.33,0.0
2025-04-22,1927,97.9,276.5,52.0,76.2,54.5,15.8,641,4444,1126,70.3,91.9,11,14,226,697,-421,75.9,0,1927,15,85.0,2.9,9.1,15.0,0.67,1.0,3.0,1.0,0.0,1.0,1.33,0.0
2025-04-23,1738,105.7,188.4,47.8,43.2,66.2,24.4,549,4144,5015,79.8,95.2,7,14,101,430,-242,70.0,0,1738,11,79.1,2.2,28.8,20.9,0.0,0.0,0.0,1.0,0.0,1.0,0.0,0.0
2025-04-24,1708,88.3,210.1,48.4,34.8,60.0,24.3,471,3408,1976,71.7,94.5,8,14,76,376,-166,75.6,0,1708,11,94.4,5.6,10.3,17.9,0.0,0.0,0.0,1.0,0.0,1.0,0.0,0.0
2025-04-25,1924,114.1,234.9,45.2,37.4,63.4,23.9,539,3414,4662,67.4,92.2,7,14,68,359,-124,70.9,0,1924,12,78.1,5.0,26.0,32.8,0.0,0.0,0.0,1.0,0.0,1.0,0.0,0.0
2025-04-26,1738,105.7,188.4,47.8,43.2,66.2,24.4,549,4144,5015,79.8,95.2,7,14,745,713,-525,70.0,0,1738,11,79.1,2.2,28.8,20.9,0.0,0.0,0.0,1.0,0.0,1.0,0.0,0.0
2025-04-27,1708,88.3,210.1,48.4,34.8,60.0,24.3,471,3408,1976,71.7,94.5,8,14,205,652,-442,75.6,0,1708,11,94.4,5.6,10.3,17.9,0.0,0.0,0.0,1.0,0.0,1.0,0.0,0.0
2025-04-28,1927,97.9,276.5,52.0,76.2,54.5,15.8,641,4444,1126,70.3,91.9,11,14,3,220,56,75.9,0,1927,15,85.0,2.9,9.1,15.0,0.67,1.0,3.0,1.0,0.0,1.0,1.33,0.0
2025-04-29,1927,97.9,276.5,52.0,76.2,54.5,15.8,641,4444,1126,70.3,91.9,11,14,157,550,-273,75.9,0,1927,15,85.0,2.9,9.1,15.0,0.67,1.0,3.0,1.0,0.0,1.0,1.33,0.0
2025-04-30,1708,88.3,210.1,48.4,34.8,60.0,24.3,471,3408,1976,71.7,94.5,8,14,0,214,-4,75.6,0,1708,11,94.4,5.6,10.3,17.9,0.0,0.0,0.0,1.0,0.0,1.0,0.0,0.0
2025-05-01,2264,93.0,267.8,77.9,27.6,92.9,43.2,427,2592,3640,52.1,94.8,7,16,4,222,45,70.5,0,2264,12,84.3,11.0,36.2,15.7,0.0,0.0,0.0,1.0,0.0,1.0,0.0,1.0
2025-05-02,2427,137.1,257.0,47.7,38.8,97.5,41.4,571,3712,7135,73.5,100.0,7,16,0,214,43,73.8,0,2427,13,72.0,10.2,25.0,28.0,0.0,0.0,0.0,1.0,0.0,1.0,0.0,0.0
2025-05-03,1791,87.4,224.0,74.7,34.5,65.0,25.8,473,3029,4206,62.2,86.6,7,16,0,214,10,66.3,0,1791,11,79.7,2.1,57.9,20.3,0.0,0.0,0.0,1.0,0.0,1.0,0.0,1.0
2025-05-04,2264,93.0,267.8,77.9,27.6,92.9,43.2,427,2592,3640,52.1,94.8,7,16,126,483,-216,70.5,0,2264,12,84.3,11.0,36.2,15.7,0.0,0.0,0.0,1.0,0.0,1.0,0.0,1.0
2025-05-05,1927,97.9,276.5,52.0,76.2,54.5,15.8,641,4444,1126,70.3,91.9,11,16,99,426,-149,78.6,0,1927,15,85.0,2.9,9.1,15.0,0.67,1.0,3.0,1.0,0.0,1.0,1.33,0.0
2025-05-06,1927,97.9,276.5,52.0,76.2,54.5,15.8,641,4444,1126,70.3,91.9,11,16,107,443,-166,78.6,0,1927,15,85.0,2.9,9.1,15.0,0.67,1.0,3.0,1.0,0.0,1.0,1.33,0.0
2025-05-07,2264,93.0,267.8,77.9,27.6,92.9,43.2,427,2592,3640,52.1,94.8,7,14,147,528,-260,67.8,0,2264,12,84.3,11.0,36.2,15.7,0.0,0.0,0.0,1.0,0.0,1.0,0.0,1.0
2025-05-08,2427,137.1,257.0,47.7,38.8,97.5,41.4,571,3712,7135,73.5,100.0,7,14,140,513,-256,71.2,0,2427,13,72.0,10.2,25.0,28.0,0.0,0.0,0.0,1.0,0.0,1.0,0.0,0.0
2025-05-09,1791,87.4,224.0,74.7,34.5,65.0,25.8,473,3029,4206,62.2,86.6,7,14,104,436,-212,63.7,0,1791,11,79.7,2.1,57.9,20.3,0.0,0.0,0.0,1.0,0.0,1.0,0.0,1.0
2025-05-10,2264,93.0,267.8,77.9,27.6,92.9,43.2,427,2592,3640,52.1,94.8,7,14,142,518,-250,67.8,0,2264,12,84.3,11.0,36.2,15.7,0.0,0.0,0.0,1.0,0.0,1.0,0.0,1.0
2025-05-11,2427,137.1,257.0,47.7,38.8,97.5,41.4,571,3712,7135,73.5,100.0,7,14,65,353,-96,71.2,0,2427,13,72.0,10.2,25.0,28.0,0.0,0.0,0.0,1.0,0.0,1.0,0.0,0.0
2025-05-12,1927,97.9,276.5,52.0,76.2,54.5,15.8,641,4444,1126,70.3,91.9,11,14,144,522,-245,75.9,0,1927,15,85.0,2.9,9.1,15.0,0.67,1.0,3.0,1.0,0.0,1.0,1.33,0.0
2025-05-13,1927,97.9,276.5,52.0,76.2,54.5,15.8,641,4444,1126,70.3,91.9,11,14,111,451,-175,75.9,0,1927,15,85.0,2.9,9.1,15.0,0.67,1.0,3.0,1.0,0.0,1.0,1.33,0.0
2025-05-14,2427,137.1,257.0,47.7,38.8,97.5,41.4,571,3712,7135,73.5,100.0,7,14,71,366,-109,71.2,0,2427,13,72.0,10.2,25.0,28.0,0.0,0.0,0.0,1.0,0.0,1.0,0.0,0.0
2025-05-15,1791,87.4,224.0,74.7,34.5,65.0,25.8,473,3029,4206,62.2,86.6,7,14,131,494,-270,63.7,0,1791,11,79.7,2.1,57.9,20.3,0.0,0.0,0.0,1.0,0.0,1.0,0.0,1.0
2025-05-16,2264,93.0,267.8,77.9,27.6,92.9,43.2,427,2592,3640,52.1,94.8,7,14,118,466,-198,67.8,0,2264,12,84.3,11.0,36.2,15.7,0.0,0.0,0.0,1.0,0.0,1.0,0.0,1.0
2025-05-17,2427,137.1,257.0,47.7,38.8,97.5,41.4,571,3712,7135,73.5,100.0,7,14,101,430,-173,71.2,0,2427,13,72.0,10.2,25.0,28.0,0.0,0.0,0.0,1.0,0.0,1.0,0.0,0.0
2025-05-18,1791,87.4,224.0,74.7,34.5,65.0,25.8,473,3029,4206,62.2,86.6,7,14,155,545,-321,63.7,0,1791,11,79.7,2.1,57.9,20.3,0.0,0.0,0.0,1.0,0.0,1.0,0.0,1.0
2025-05-19,1927,97.9,276.5,52.0,76.2,54.5,15.8,641,4444,1126,70.3,91.9,11,14,144,522,-245,75.9,0,1927,15,85.0,2.9,9.1,15.0,0.67,1.0,3.0,1.0,0.0,1.0,1.33,0.0
2025-05-20,1927,97.9,276.5,52.0,76.2,54.5,15.8,641,4444,1126,70.3,91.9,11,14,145,524,-247,75.9,0,1927,15,85.0,2.9,9.1,15.0,0.67,1.0,3.0,1.0,0.0,1.0,1.33,0.0
2025-05-21,1791,87.4,224.0,74.7,34.5,65.0,25.8,473,3029,4206,62.2,86.6,7,14,95,417,-193,63.7,0,1791,11,79.7,2.1,57.9,20.3,0.0,0.0,0.0,1.0,0.0,1.0,0.0,1.0
2025-05-22,2264,93.0,267.8,77.9,27.6,92.9,43.2,427,2592,3640,52.1,94.8,7,14,90,406,-139,67.8,0,2264,12,84.3,11.0,36.2,15.7,0.0,0.0,0.0,1.0,0.0,1.0,0.0,1.0
2025-05-23,2427,137.1,257.0,47.7,38.8,97.5,41.4,571,3712,7135,73.5,100.0,7,14,211,665,-408,71.2,0,2427,13,72.0,10.2,25.0,28.0,0.0,0.0,0.0,1.0,0.0,1.0,0.0,0.0
2025-05-24,1791,87.4,224.0,74.7,34.5,65.0,25.8,473,3029,4206,62.2,86.6,7,14,179,597,-373,63.7,0,1791,11,79.7,2.1,57.9,20.3,0.0,0.0,0.0,1.0,0.0,1.0,0.0,1.0
2025-05-25,2264,93.0,267.8,77.9,27.6,92.9,43.2,427,2592,3640,52.1,94.8,7,14,93,413,-145,67.8,0,2264,12,84.3,11.0,36.2,15.7,0.0,0.0,0.0,1.0,0.0,1.0,0.0,1.0
2025-05-26,1927,97.9,276.5,52.0,76.2,54.5,15.8,641,4444,1126,70.3,91.9,11,14,162,560,-284,75.9,0,1927,15,85.0,2.9,9.1,15.0,0.67,1.0,3.0,1.0,0.0,1.0,1.33,0.0
2025-05-27,1927,97.9,276.5,52.0,76.2,54.5,15.8,641,4444,1126,70.3,91.9,11,14,148,530,-254,75.9,0,1927,15,85.0,2.9,9.1,15.0,0.67,1.0,3.0,1.0,0.0,1.0,1.33,0.0
2025-05-28,2264,93.0,267.8,77.9,27.6,92.9,43.2,427,2592,3640,52.1,94.8,7,14,139,511,-243,67.8,0,2264,12,84.3,11.0,36.2,15.7,0.0,0.0,0.0,1.0,0.0,1.0,0.0,1.0
2025-05-29,2427,137.1,257.0,47.7,38.8,97.5,41.4,571,3712,7135,73.5,100.0,7,14,72,368,-111,71.2,0,2427,13,72.0,10.2,25.0,28.0,0.0,0.0,0.0,1.0,0.0,1.0,0.0,0.0
2025-05-30,1791,87.4,224.0,74.7,34.5,65.0,25.8,473,3029,4206,62.2,86.6,7,14,140,513,-289,63.7,0,1791,11,79.7,2.1,57.9,20.3,0.0,0.0,0.0,1.0,0.0,1.0,0.0,1.0
2025-05-31,2264,93.0,267.8,77.9,27.6,92.9,43.2,427,2592,3640,52.1,94.8,7,14,265,713,-445,67.8,0,2264,12,84.3,11.0,36.2,15.7,0.0,0.0,0.0,1.0,0.0,1.0,0.0,1.0
2025-06-01,1846,137.3,255.6,43.9,35.2,35.9,11.1,608,5150,682,76.2,87.1,9,18,171,580,-324,81.1,0,1846,13,71.5,2.1,9.5,28.5,0.0,0.0,0.0,1.0,0.0,1.0,0.0,0.0
2025-06-02,1927,97.9,276.5,52.0,76.2,54.5,15.8,641,4444,1126,70.3,91.9,11,18,125,481,-205,81.3,0,1927,15,85.0,2.9,9.1,15.0,0.67,1.0,3.0,1.0,0.0,1.0,1.33,0.0
2025-06-03,1927,97.9,276.5,52.0,76.2,54.5,15.8,641,4444,1126,70.3,91.9,11,18,78,381,-104,81.3,0,1927,15,85.0,2.9,9.1,15.0,0.67,1.0,3.0,1.0,0.0,1.0,1.33,0.0
2025-06-04,1916,73.8,249.2,87.6,27.4,72.9,36.7,393,2439,1949,65.0,90.0,6,19,130,492,-243,70.3,0,1916,13,82.6,9.7,54.3,13.5,0.0,0.0,0.0,1.0,0.0,1.0,0.0,0.0
2025-06-05,1846,137.3,255.6,43.9,35.2,35.9,11.1,608,5150,682,76.2,87.1,9,19,130,492,-236,82.5,0,1846,13,71.5,2.1,9.5,28.5,0.0,0.0,0.0,1.0,0.0,1.0,0.0,0.0
2025-06-06,1916,73.8,249.2,87.6,27.4,72.9,36.7,393,2439,1949,65.0,90.0,6,18,125,481,-232,69.0,0,1916,13,82.6,9.7,54.3,13.5,0.0,0.0,0.0,1.0,0.0,1.0,0.0,0.0
2025-06-07,1846,137.3,255.6,43.9,35.2,35.9,11.1,608,5150,682,76.2,87.1,9,16,112,453,-198,78.5,0,1846,13,71.5,2.1,9.5,28.5,0.0,0.0,0.0,1.0,0.0,1.0,0.0,0.0
2025-06-08,1916,73.8,249.2,87.6,27.4,72.9,36.7,393,2439,1949,65.0,90.0,6,16,255,713,-464,66.3,0,1916,13,82.6,9.7,54.3,13.5,0.0,0.0,0.0,1.0,0.0,1.0,0.0,0.0
2025-06-09,1927,97.9,276.5,52.0,76.2,54.5,15.8,641,4444,1126,70.3,91.9,11,16,0,214,63,78.6,0,1927,15,85.0,2.9,9.1,15.0,0.67,1.0,3.0,1.0,0.0,1.0,1.33,0.0
2025-06-10,1927,97.9,276.5,52.0,76.2,54.5,15.8,641,4444,1126,70.3,91.9,11,16,0,214,63,78.6,0,1927,15,85.0,2.9,9.1,15.0,0.67,1.0,3.0,1.0,0.0,1.0,1.33,0.0
2025-06-11,1846,137.3,255.6,43.9,35.2,35.9,11.1,608,5150,682,76.2,87.1,9,16,0,214,42,78.5,0,1846,13,71.5,2.1,9.5,28.5,0.0,0.0,0.0,1.0,0.0,1.0,0.0,0.0
2025-06-12,1916,73.8,249.2,87.6,27.4,72.9,36.7,393,2439,1949,65.0,90.0,6,16,20,257,-7,66.3,0,1916,13,82.6,9.7,54.3,13.5,0.0,0.0,0.0,1.0,0.0,1.0,0.0,0.0
2025-06-13,1846,137.3,255.6,43.9,35.2,35.9,11.1,608,5150,682,76.2,87.1,9,16,39,297,-42,78.5,0,1846,13,71.5,2.1,9.5,28.5,0.0,0.0,0.0,1.0,0.0,1.0,0.0,0.0
2025-06-14,1916,73.8,249.2,87.6,27.4,72.9,36.7,393,2439,1949,65.0,90.0,6,16,0,214,35,66.3,0,1916,13,82.6,9.7,54.3,13.5,0.0,0.0,0.0,1.0,0.0,1.0,0.0,0.0
2025-06-15,1846,137.3,255.6,43.9,35.2,35.9,11.1,608,5150,682,76.2,87.1,9,16,80,385,-129,78.5,0,1846,13,71.5,2.1,9.5,28.5,0.0,0.0,0.0,1.0,0.0,1.0,0.0,0.0
2025-06-16,1927,97.9,276.5,52.0,76.2,54.5,15.8,641,4444,1126,70.3,91.9,11,16,14,244,33,78.6,0,1927,15,85.0,2.9,9.1,15.0,0.67,1.0,3.0,1.0,0.0,1.0,1.33,0.0
2025-06-17,1927,97.9,276.5,52.0,76.2,54.5,15.8,641,4444,1126,70.3,91.9,11,16,60,342,-66,78.6,0,1927,15,85.0,2.9,9.1,15.0,0.67,1.0,3.0,1.0,0.0,1.0,1.33,0.0
2025-06-18,1916,73.8,249.2,87.6,27.4,72.9,36.7,393,2439,1949,65.0,90.0,6,16,132,496,-247,66.3,0,1916,13,82.6,9.7,54.3,13.5,0.0,0.0,0.0,1.0,0.0,1.0,0.0,0.0
2025-06-19,1846,137.3,255.6,43.9,35.2,35.9,11.1,608,5150,682,76.2,87.1,9,16,211,665,-410,78.5,0,1846,13,71.5,2.1,9.5,28.5,0.0,0.0,0.0,1.0,0.0,1.0,0.0,0.0
2025-06-20,1916,73.8,249.2,87.6,27.4,72.9,36.7,393,2439,1949,65.0,90.0,6,16,152,539,-290,66.3,0,1916,13,82.6,9.7,54.3,13.5,0.0,0.0,0.0,1.0,0.0,1.0,0.0,0.0
2025-06-21,1846,137.3,255.6,43.9,35.2,35.9,11.1,608,5150,682,76.2,87.1,9,16,63,349,-93,78.5,0,1846,13,71.5,2.1,9.5,28.5,0.0,0.0,0.0,1.0,0.0,1.0,0.0,0.0
2025-06-22,1916,73.8,249.2,87.6,27.4,72.9,36.7,393,2439,1949,65.0,90.0,6,16,424,713,-464,66.3,0,1916,13,82.6,9.7,54.3,13.5,0.0,0.0,0.0,1.0,0.0,1.0,0.0,0.0
2025-06-23,1927,97.9,276.5,52.0,76.2,54.5,15.8,641,4444,1126,70.3,91.9,11,16,101,430,-153,78.6,0,1927,15,85.0,2.9,9.1,15.0,0.67,1.0,3.0,1.0,0.0,1.0,1.33,0.0
2025-06-24,1927,97.9,276.5,52.0,76.2,54.5,15.8,641,4444,1126,70.3,91.9,11,16,81,387,-111,78.6,0,1927,15,85.0,2.9,9.1,15.0,0.67,1.0,3.0,1.0,0.0,1.0,1.33,0.0
2025-06-25,1846,137.3,255.6,43.9,35.2,35.9,11.1,608,5150,682,76.2,87.1,9,16,134,500,-245,78.5,0,1846,13,71.5,2.1,9.5,28.5,0.0,0.0,0.0,1.0,0.0,1.0,0.0,0.0
2025-06-26,1916,73.8,249.2,87.6,27.4,72.9,36.7,393,2439,1949,65.0,90.0,6,16,101,430,-181,66.3,0,1916,13,82.6,9.7,54.3,13.5,0.0,0.0,0.0,1.0,0.0,1.0,0.0,0.0
2025-06-27,1846,137.3,255.6,43.9,35.2,35.9,11.1,608,5150,682,76.2,87.1,9,16,118,466,-211,78.5,0,1846,13,71.5,2.1,9.5,28.5,0.0,0.0,0.0,1.0,0.0,1.0,0.0,0.0
2025-06-28,1916,73.8,249.2,87.6,27.4,72.9,36.7,393,2439,1949,65.0,90.0,6,16,128,488,-238,66.3,0,1916,13,82.6,9.7,54.3,13.5,0.0,0.0,0.0,1.0,0.0,1.0,0.0,0.0
2025-06-29,1846,137.3,255.6,43.9,35.2,35.9,11.1,608,5150,682,76.2,87.1,9,16,433,713,-457,78.5,0,1846,13,71.5,2.1,9.5,28.5,0.0,0.0,0.0,1.0,0.0,1.0,0.0,0.0
2025-06-30,1927,97.9,276.5,52.0,76.2,54.5,15.8,641,4444,1126,70.3,91.9,11,16,137,507,-230,78.6,0,1927,15,85.0,2.9,9.1,15.0,0.67,1.0,3.0,1.0,0.0,1.0,1.33,0.0
2025-07-01,1927,97.9,276.5,52.0,76.2,54.5,15.8,641,4444,1126,70.3,91.9,11,16,127,485,-209,78.6,0,1927,15,85.0,2.9,9.1,15.0,0.67,1.0,3.0,1.0,0.0,1.0,1.33,0.0
2025-07-02,1998,89.2,271.5,75.0,28.1,66.6,25.7,436,2637,3412,43.6,88.8,7,18,110,449,-178,71.7,0,1998,12,88.0,6.7,41.0,12.0,0.0,0.0,0.0,1.0,0.0,1.0,0.0,1.0
2025-07-03,1737,75.9,270.9,75.7,28.9,43.3,18.3,435,2663,704,45.5,76.1,8,18,80,385,-114,71.7,0,1737,12,91.6,2.2,41.0,8.4,0.0,0.0,0.0,1.0,0.0,1.0,0.0,1.0
2025-07-04,2107,121.7,307.6,45.8,33.6,49.6,16.4,542,3390,3406,53.2,92.7,8,18,77,379,-71,80.0,0,2107,14,83.5,6.4,13.3,16.5,0.0,0.0,0.0,1.0,0.0,1.0,0.0,0.0
2025-07-05,1998,89.2,271.5,75.0,28.1,66.6,25.7,436,2637,3412,43.6,88.8,7,17,88,402,-131,70.4,0,1998,12,88.0,6.7,41.0,12.0,0.0,0.0,0.0,1.0,0.0,1.0,0.0,1.0
2025-07-06,1737,75.9,270.9,75.7,28.9,43.3,18.3,435,2663,704,45.5,76.1,8,15,53,327,-56,67.7,0,1737,12,91.6,2.2,41.0,8.4,0.0,0.0,0.0,1.0,0.0,1.0,0.0,1.0
2025-07-07,1927,97.9,276.5,52.0,76.2,54.5,15.8,641,4444,1126,70.3,91.9,11,15,287,713,-436,77.3,0,1927,15,85.0,2.9,9.1,15.0,0.67,1.0,3.0,1.0,0.0,1.0,1.33,0.0
2025-07-08,1927,97.9,276.5,52.0,76.2,54.5,15.8,641,4444,1126,70.3,91.9,11,15,131,494,-218,77.3,0,1927,15,85.0,2.9,9.1,15.0,0.67,1.0,3.0,1.0,0.0,1.0,1.33,0.0
2025-07-09,1737,75.9,270.9,75.7,28.9,43.3,18.3,435,2663,704,45.5,76.1,8,15,113,456,-185,67.7,0,1737,12,91.6,2.2,41.0,8.4,0.0,0.0,0.0,1.0,0.0,1.0,0.0,1.0
2025-07-10,2107,121.7,307.6,45.8,33.6,49.6,16.4,542,3390,3406,53.2,92.7,8,15,91,408,-101,76.0,0,2107,14,83.5,6.4,13.3,16.5,0.0,0.0,0.0,1.0,0.0,1.0,0.0,0.0
2025-07-11,1998,89.2,271.5,75.0,28.1,66.6,25.7,436,2637,3412,43.6,88.8,7,15,89,404,-133,67.7,0,1998,12,88.0,6.7,41.0,12.0,0.0,0.0,0.0,1.0,0.0,1.0,0.0,1.0
2025-07-12,1737,75.9,270.9,75.7,28.9,43.3,18.3,435,2663,704,45.5,76.1,8,15,258,713,-442,67.7,0,1737,12,91.6,2.2,41.0,8.4,0.0,0.0,0.0,1.0,0.0,1.0,0.0,1.0
2025-07-13,2107,121.7,307.6,45.8,33.6,49.6,16.4,542,3390,3406,53.2,92.7,8,15,101,430,-122,76.0,0,2107,14,83.5,6.4,13.3,16.5,0.0,0.0,0.0,1.0,0.0,1.0,0.0,0.0
2025-07-14,1927,97.9,276.5,52.0,76.2,54.5,15.8,641,4444,1126,70.3,91.9,11,15,126,483,-207,77.3,0,1927,15,85.0,2.9,9.1,15.0,0.67,1.0,3.0,1.0,0.0,1.0,1.33,0.0
2025-07-15,1927,97.9,276.5,52.0,76.2,54.5,15.8,641,4444,1126,70.3,91.9,11,15,129,490,-213,77.3,0,1927,15,85.0,2.9,9.1,15.0,0.67,1.0,3.0,1.0,0.0,1.0,1.33,0.0
2025-07-16,2107,121.7,307.6,45.8,33.6,49.6,16.4,542,3390,3406,53.2,92.7,8,15,141,515,-208,76.0,0,2107,14,83.5,6.4,13.3,16.5,0.0,0.0,0.0,1.0,0.0,1.0,0.0,0.0
2025-07-17,1998,89.2,271.5,75.0,28.1,66.6,25.7,436,2637,3412,43.6,88.8,7,15,107,443,-171,67.7,0,1998,12,88.0,6.7,41.0,12.0,0.0,0.0,0.0,1.0,0.0,1.0,0.0,1.0
2025-07-18,1737,75.9,270.9,75.7,28.9,43.3,18.3,435,2663,704,45.5,76.1,8,15,77,379,-108,67.7,0,1737,12,91.6,2.2,41.0,8.4,0.0,0.0,0.0,1.0,0.0,1.0,0.0,1.0
2025-07-19,2107,121.7,307.6,45.8,33.6,49.6,16.4,542,3390,3406,53.2,92.7,8,15,210,663,-355,76.0,0,2107,14,83.5,6.4,13.3,16.5,0.0,0.0,0.0,1.0,0.0,1.0,0.0,0.0
2025-07-20,1998,89.2,271.5,75.0,28.1,66.6,25.7,436,2637,3412,43.6,88.8,7,15,190,620,-349,67.7,0,1998,12,88.0,6.7,41.0,12.0,0.0,0.0,0.0,1.0,0.0,1.0,0.0,1.0
2025-07-21,1927,97.9,276.5,52.0,76.2,54.5,15.8,641,4444,1126,70.3,91.9,11,15,96,419,-143,77.3,0,1927,15,85.0,2.9,9.1,15.0,0.67,1.0,3.0,1.0,0.0,1.0,1.33,0.0
2025-07-22,1927,97.9,276.5,52.0,76.2,54.5,15.8,641,4444,1126,70.3,91.9,11,15,151,537,-260,77.3,0,1927,15,85.0,2.9,9.1,15.0,0.67,1.0,3.0,1.0,0.0,1.0,1.33,0.0
2025-07-23,1998,89.2,271.5,75.0,28.1,66.6,25.7,436,2637,3412,43.6,88.8,7,15,69,361,-90,67.7,0,1998,12,88.0,6.7,41.0,12.0,0.0,0.0,0.0,1.0,0.0,1.0,0.0,1.0
2025-07-24,1737,75.9,270.9,75.7,28.9,43.3,18.3,435,2663,704,45.5,76.1,8,15,82,389,-118,67.7,0,1737,12,91.6,2.2,41.0,8.4,0.0,0.0,0.0,1.0,0.0,1.0,0.0,1.0
2025-07-25,2107,121.7,307.6,45.8,33.6,49.6,16.4,542,3390,3406,53.2,92.7,8,15,124,479,-171,76.0,0,2107,14,83.5,6.4,13.3,16.5,0.0,0.0,0.0,1.0,0.0,1.0,0.0,0.0
2025-07-26,1998,89.2,271.5,75.0,28.1,66.6,25.7,436,2637,3412,43.6,88.8,7,15,307,713,-441,67.7,0,1998,12,88.0,6.7,41.0,12.0,0.0,0.0,0.0,1.0,0.0,1.0,0.0,1.0
2025-07-27,1737,75.9,270.9,75.7,28.9,43.3,18.3,435,2663,704,45.5,76.1,8,15,169,575,-304,67.7,0,1737,12,91.6,2.2,41.0,8.4,0.0,0.0,0.0,1.0,0.0,1.0,0.0,1.0
2025-07-28,1927,97.9,276.5,52.0,76.2,54.5,15.8,641,4444,1126,70.3,91.9,11,15,130,492,-215,77.3,0,1927,15,85.0,2.9,9.1,15.0,0.67,1.0,3.0,1.0,0.0,1.0,1.33,0.0
2025-07-29,1927,97.9,276.5,52.0,76.2,54.5,15.8,641,4444,1126,70.3,91.9,11,15,105,438,-162,77.3,0,1927,15,85.0,2.9,9.1,15.0,0.67,1.0,3.0,1.0,0.0,1.0,1.33,0.0
2025-07-30,1737,75.9,270.9,75.7,28.9,43.3,18.3,435,2663,704,45.5,76.1,8,15,147,528,-257,67.7,0,1737,12,91.6,2.2,41.0,8.4,0.0,0.0,0.0,1.0,0.0,1.0,0.0,1.0
2025-07-31,2107,121.7,307.6,45.8,33.6,49.6,16.4,542,3390,3406,53.2,92.7,8,15,87,400,-92,76.0,0,2107,14,83.5,6.4,13.3,16.5,0.0,0.0,0.0,1.0,0.0,1.0,0.0,0.0
2025-08-01,1813,72.7,223.7,74.4,32.0,74.0,32.9,407,2827,1493,76.8,86.6,8,17,80,385,-161,69.2,0,1813,12,80.8,2.1,45.0,15.0,0.0,0.0,3.0,1.0,0.0,1.0,0.0,0.0
2025-08-02,1848,119.1,181.3,41.1,36.3,76.9,30.1,490,3401,2003,78.1,90.0,8,17,142,518,-336,79.8,0,1848,13,56.0,2.1,9.5,44.0,0.0,0.0,3.0,1.0,0.0,1.0,0.0,0.0
2025-08-03,2014,103.0,198.0,68.9,28.3,94.4,44.7,432,2665,1638,48.9,85.8,6,17,411,713,-515,70.5,0,2014,11,67.6,1.9,40.5,28.7,0.0,0.0,0.0,1.0,0.0,1.0,0.0,0.0
2025-08-04,1927,97.9,276.5,52.0,76.2,54.5,15.8,641,4444,1126,70.3,91.9,11,17,112,453,-177,79.9,0,1927,15,85.0,2.9,9.1,15.0,0.67,1.0,3.0,1.0,0.0,1.0,1.33,0.0
2025-08-05,1927,97.9,276.5,52.0,76.2,54.5,15.8,641,4444,1126,70.3,91.9,11,17,115,460,-183,79.9,0,1927,15,85.0,2.9,9.1,15.0,0.67,1.0,3.0,1.0,0.0,1.0,1.33,0.0
2025-08-06,2014,103.0,198.0,68.9,28.3,94.4,44.7,432,2665,1638,48.9,85.8,6,16,136,505,-307,69.2,0,2014,11,67.6,1.9,40.5,28.7,0.0,0.0,0.0,1.0,0.0,1.0,0.0,0.0
2025-08-07,1813,72.7,223.7,74.4,32.0,74.0,32.9,407,2827,1493,76.8,86.6,8,14,101,430,-206,65.2,0,1813,12,80.8,2.1,45.0,15.0,0.0,0.0,3.0,1.0,0.0,1.0,0.0,0.0
2025-08-08,1848,119.1,181.3,41.1,36.3,76.9,30.1,490,3401,2003,78.1,90.0,8,14,187,614,-433,75.8,0,1848,13,56.0,2.1,9.5,44.0,0.0,0.0,3.0,1.0,0.0,1.0,0.0,0.0
2025-08-09,2014,103.0,198.0,68.9,28.3,94.4,44.7,432,2665,1638,48.9,85.8,6,14,500,713,-515,66.5,0,2014,11,67.6,1.9,40.5,28.7,0.0,0.0,0.0,1.0,0.0,1.0,0.0,0.0
2025-08-10,1813,72.7,223.7,74.4,32.0,74.0,32.9,407,2827,1493,76.8,86.6,8,14,135,503,-279,65.2,0,1813,12,80.8,2.1,45.0,15.0,0.0,0.0,3.0,1.0,0.0,1.0,0.0,0.0
2025-08-11,1927,97.9,276.5,52.0,76.2,54.5,15.8,641,4444,1126,70.3,91.9,11,14,98,423,-147,75.9,0,1927,15,85.0,2.9,9.1,15.0,0.67,1.0,3.0,1.0,0.0,1.0,1.33,0.0
2025-08-12,1927,97.9,276.5,52.0,76.2,54.5,15.8,641,4444,1126,70.3,91.9,11,14,285,713,-436,75.9,0,1927,15,85.0,2.9,9.1,15.0,0.67,1.0,3.0,1.0,0.0,1.0,1.33,0.0
2025-08-13,1813,72.7,223.7,74.4,32.0,74.0,32.9,407,2827,1493,76.8,86.6,8,14,177,592,-369,65.2,0,1813,12,80.8,2.1,45.0,15.0,0.0,0.0,3.0,1.0,0.0,1.0,0.0,0.0
2025-08-14,1848,119.1,181.3,41.1,36.3,76.9,30.1,490,3401,2003,78.1,90.0,8,14,88,402,-221,75.8,0,1848,13,56.0,2.1,9.5,44.0,0.0,0.0,3.0,1.0,0.0,1.0,0.0,0.0
2025-08-15,2014,103.0,198.0,68.9,28.3,94.4,44.7,432,2665,1638,48.9,85.8,6,14,289,713,-515,66.5,0,2014,11,67.6,1.9,40.5,28.7,0.0,0.0,0.0,1.0,0.0,1.0,0.0,0.0
2025-08-16,1813,72.7,223.7,74.4,32.0,74.0,32.9,407,2827,1493,76.8,86.6,8,14,142,518,-294,65.2,0,1813,12,80.8,2.1,45.0,15.0,0.0,0.0,3.0,1.0,0.0,1.0,0.0,0.0
2025-08-17,1848,119.1,181.3,41.1,36.3,76.9,30.1,490,3401,2003,78.1,90.0,8,14,148,530,-349,75.8,0,1848,13,56.0,2.1,9.5,44.0,0.0,0.0,3.0,1.0,0.0,1.0,0.0,0.0
2025-08-18,1927,97.9,276.5,52.0,76.2,54.5,15.8,641,4444,1126,70.3,91.9,11,14,119,468,-192,75.9,0,1927,15,85.0,2.9,9.1,15.0,0.67,1.0,3.0,1.0,0.0,1.0,1.33,0.0
2025-08-19,1927,97.9,276.5,52.0,76.2,54.5,15.8,641,4444,1126,70.3,91.9,11,14,457,713,-436,75.9,0,1927,15,85.0,2.9,9.1,15.0,0.67,1.0,3.0,1.0,0.0,1.0,1.33,0.0
2025-08-20,1848,119.1,181.3,41.1,36.3,76.9,30.1,490,3401,2003,78.1,90.0,8,14,144,522,-341,75.8,0,1848,13,56.0,2.1,9.5,44.0,0.0,0.0,3.0,1.0,0.0,1.0,0.0,0.0
2025-08-21,2014,103.0,198.0,68.9,28.3,94.4,44.7,432,2665,1638,48.9,85.8,6,14,229,704,-506,66.5,0,2014,11,67.6,1.9,40.5,28.7,0.0,0.0,0.0,1.0,0.0,1.0,0.0,0.0
2025-08-22,1813,72.7,223.7,74.4,32.0,74.0,32.9,407,2827,1493,76.8,86.6,8,14,238,713,-489,65.2,0,1813,12,80.8,2.1,45.0,15.0,0.0,0.0,3.0,1.0,0.0,1.0,0.0,0.0
2025-08-23,1848,119.1,181.3,41.1,36.3,76.9,30.1,490,3401,2003,78.1,90.0,8,14,82,389,-208,75.8,0,1848,13,56.0,2.1,9.5,44.0,0.0,0.0,3.0,1.0,0.0,1.0,0.0,0.0
2025-08-24,2014,103.0,198.0,68.9,28.3,94.4,44.7,432,2665,1638,48.9,85.8,6,14,89,404,-206,66.5,0,2014,11,67.6,1.9,40.5,28.7,0.0,0.0,0.0,1.0,0.0,1.0,0.0,0.0
2025-08-25,1927,97.9,276.5,52.0,76.2,54.5,15.8,641,4444,1126,70.3,91.9,11,14,493,713,-436,75.9,0,1927,15,85.0,2.9,9.1,15.0,0.67,1.0,3.0,1.0,0.0,1.0,1.33,0.0
2025-08-26,1927,97.9,276.5,52.0,76.2,54.5,15.8,641,4444,1126,70.3,91.9,11,14,380,713,-436,75.9,0,1927,15,85.0,2.9,9.1,15.0,0.67,1.0,3.0,1.0,0.0,1.0,1.33,0.0
2025-08-27,2014,103.0,198.0,68.9,28.3,94.4,44.7,432,2665,1638,48.9,85.8,6,14,165,567,-369,66.5,0,2014,11,67.6,1.9,40.5,28.7,0.0,0.0,0.0,1.0,0.0,1.0,0.0,0.0
2025-08-28,1813,72.7,223.7,74.4,32.0,74.0,32.9,407,2827,1493,76.8,86.6,8,14,89,404,-181,65.2,0,1813,12,80.8,2.1,45.0,15.0,0.0,0.0,3.0,1.0,0.0,1.0,0.0,0.0
2025-08-29,1848,119.1,181.3,41.1,36.3,76.9,30.1,490,3401,2003,78.1,90.0,8,14,136,505,-323,75.8,0,1848,13,56.0,2.1,9.5,44.0,0.0,0.0,3.0,1.0,0.0,1.0,0.0,0.0
2025-08-30,2014,103.0,198.0,68.9,28.3,94.4,44.7,432,2665,1638,48.9,85.8,6,14,113,456,-257,66.5,0,2014,11,67.6,1.9,40.5,28.7,0.0,0.0,0.0,1.0,0.0,1.0,0.0,0.0
2025-08-31,1813,72.7,223.7,74.4,32.0,74.0,32.9,407,2827,1493,76.8,86.6,8,14,271,713,-489,65.2,0,1813,12,80.8,2.1,45.0,15.0,0.0,0.0,3.0,1.0,0.0,1.0,0.0,0.0
2025-09-01,1927,97.9,276.5,52.0,76.2,54.5,15.8,641,4444,1126,70.3,91.9,11,14,127,485,-209,75.9,0,1927,15,85.0,2.9,9.1,15.0,0.67,1.0,3.0,1.0,0.0,1.0,1.33,0.0
2025-09-02,1927,97.9,276.5,52.0,76.2,54.5,15.8,641,4444,1126,70.3,91.9,11,14,114,458,-181,75.9,0,1927,15,85.0,2.9,9.1,15.0,0.67,1.0,3.0,1.0,0.0,1.0,1.33,0.0
2025-09-03,1467,66.1,205.8,49.9,38.9,45.3,17.1,476,3214,2750,59.7,88.4,7,15,132,496,-290,67.8,0,1467,10,97.4,2.6,40.6,2.6,0.0,0.0,0.0,1.0,0.0,1.0,0.0,0.0
2025-09-04,1461,67.0,221.9,48.1,47.1,40.5,14.5,531,3480,1705,61.8,91.4,10,17,133,498,-276,70.4,0,1461,12,97.4,2.6,40.8,2.6,0.0,0.0,0.0,1.0,1.0,1.0,0.9,0.0
2025-09-05,1515,68.5,248.3,61.4,58.7,33.9,10.9,647,4511,2508,60.4,94.0,10,17,74,372,-124,79.2,0,1515,12,97.5,2.5,11.6,2.5,0.0,0.0,0.0,1.0,1.0,1.0,0.9,0.0
2025-09-06,1467,66.1,205.8,49.9,38.9,45.3,17.1,476,3214,2750,59.7,88.4,7,17,433,713,-507,70.5,0,1467,10,97.4,2.6,40.6,2.6,0.0,0.0,0.0,1.0,0.0,1.0,0.0,0.0
2025-09-07,1461,67.0,221.9,48.1,47.1,40.5,14.5,531,3480,1705,61.8,91.4,10,15,144,522,-300,67.8,0,1461,12,97.4,2.6,40.8,2.6,0.0,0.0,0.0,1.0,1.0,1.0,0.9,0.0
2025-09-08,1927,97.9,276.5,52.0,76.2,54.5,15.8,641,4444,1126,70.3,91.9,11,15,142,518,-241,77.3,0,1927,15,85.0,2.9,9.1,15.0,0.67,1.0,3.0,1.0,0.0,1.0,1.33,0.0
2025-09-09,1927,97.9,276.5,52.0,76.2,54.5,15.8,641,4444,1126,70.3,91.9,11,15,125,481,-205,77.3,0,1927,15,85.0,2.9,9.1,15.0,0.67,1.0,3.0,1.0,0.0,1.0,1.33,0.0
2025-09-10,1461,67.0,221.9,48.1,47.1,40.5,14.5,531,3480,1705,61.8,91.4,10,15,92,411,-189,67.8,0,1461,12,97.4,2.6,40.8,2.6,0.0,0.0,0.0,1.0,1.0,1.0,0.9,0.0
2025-09-11,1515,68.5,248.3,61.4,58.7,33.9,10.9,647,4511,2508,60.4,94.0,10,15,111,451,-203,76.5,0,1515,12,97.5,2.5,11.6,2.5,0.0,0.0,0.0,1.0,1.0,1.0,0.9,0.0
2025-09-12,1467,66.1,205.8,49.9,38.9,45.3,17.1,476,3214,2750,59.7,88.4,7,15,89,404,-198,67.8,0,1467,10,97.4,2.6,40.6,2.6,0.0,0.0,0.0,1.0,0.0,1.0,0.0,0.0
2025-09-13,1461,67.0,221.9,48.1,47.1,40.5,14.5,531,3480,1705,61.8,91.4,10,15,122,475,-253,67.8,0,1461,12,97.4,2.6,40.8,2.6,0.0,0.0,0.0,1.0,1.0,1.0,0.9,0.0
2025-09-14,1515,68.5,248.3,61.4,58.7,33.9,10.9,647,4511,2508,60.4,94.0,10,15,238,713,-465,76.5,0,1515,12,97.5,2.5,11.6,2.5,0.0,0.0,0.0,1.0,1.0,1.0,0.9,0.0
2025-09-15,1927,97.9,276.5,52.0,76.2,54.5,15.8,641,4444,1126,70.3,91.9,11,15,95,417,-141,77.3,0,1927,15,85.0,2.9,9.1,15.0,0.67,1.0,3.0,1.0,0.0,1.0,1.33,0.0
2025-09-16,1927,97.9,276.5,52.0,76.2,54.5,15.8,641,4444,1126,70.3,91.9,11,15,62,346,-70,77.3,0,1927,15,85.0,2.9,9.1,15.0,0.67,1.0,3.0,1.0,0.0,1.0,1.33,0.0
2025-09-17,1515,68.5,248.3,61.4,58.7,33.9,10.9,647,4511,2508,60.4,94.0,10,15,97,421,-173,76.5,0,1515,12,97.5,2.5,11.6,2.5,0.0,0.0,0.0,1.0,1.0,1.0,0.9,0.0
2025-09-18,1467,66.1,205.8,49.9,38.9,45.3,17.1,476,3214,2750,59.7,88.4,7,15,65,353,-147,67.8,0,1467,10,97.4,2.6,40.6,2.6,0.0,0.0,0.0,1.0,0.0,1.0,0.0,0.0
2025-09-19,1461,67.0,221.9,48.1,47.1,40.5,14.5,531,3480,1705,61.8,91.4,10,15,55,331,-110,67.8,0,1461,12,97.4,2.6,40.8,2.6,0.0,0.0,0.0,1.0,1.0,1.0,0.9,0.0
2025-09-20,1515,68.5,248.3,61.4,58.7,33.9,10.9,647,4511,2508,60.4,94.0,10,15,463,713,-465,76.5,0,1515,12,97.5,2.5,11.6,2.5,0.0,0.0,0.0,1.0,1.0,1.0,0.9,0.0
2025-09-21,1467,66.1,205.8,49.9,38.9,45.3,17.1,476,3214,2750,59.7,88.4,7,15,43,306,-100,67.8,0,1467,10,97.4,2.6,40.6,2.6,0.0,0.0,0.0,1.0,0.0,1.0,0.0,0.0
2025-09-22,1927,97.9,276.5,52.0,76.2,54.5,15.8,641,4444,1126,70.3,91.9,11,15,73,370,-93,77.3,0,1927,15,85.0,2.9,9.1,15.0,0.67,1.0,3.0,1.0,0.0,1.0,1.33,0.0
2025-09-23,1927,97.9,276.5,52.0,76.2,54.5,15.8,641,4444,1126,70.3,91.9,11,15,68,359,-83,77.3,0,1927,15,85.0,2.9,9.1,15.0,0.67,1.0,3.0,1.0,0.0,1.0,1.33,0.0
2025-09-24,1467,66.1,205.8,49.9,38.9,45.3,17.1,476,3214,2750,59.7,88.4,7,15,113,456,-250,67.8,0,1467,10,97.4,2.6,40.6,2.6,0.0,0.0,0.0,1.0,0.0,1.0,0.0,0.0
2025-09-25,1461,67.0,221.9,48.1,47.1,40.5,14.5,531,3480,1705,61.8,91.4,10,15,81,387,-165,67.8,0,1461,12,97.4,2.6,40.8,2.6,0.0,0.0,0.0,1.0,1.0,1.0,0.9,0.0
2025-09-26,1515,68.5,248.3,61.4,58.7,33.9,10.9,647,4511,2508,60.4,94.0,10,15,69,361,-113,76.5,0,1515,12,97.5,2.5,11.6,2.5,0.0,0.0,0.0,1.0,1.0,1.0,0.9,0.0
2025-09-27,1467,66.1,205.8,49.9,38.9,45.3,17.1,476,3214,2750,59.7,88.4,7,15,0,214,-8,67.8,0,1467,10,97.4,2.6,40.6,2.6,0.0,0.0,0.0,1.0,0.0,1.0,0.0,0.0
2025-09-28,1461,67.0,221.9,48.1,47.1,40.5,14.5,531,3480,1705,61.8,91.4,10,15,88,402,-180,67.8,0,1461,12,97.4,2.6,40.8,2.6,0.0,0.0,0.0,1.0,1.0,1.0,0.9,0.0
2025-09-29,1927,97.9,276.5,52.0,76.2,54.5,15.8,641,4444,1126,70.3,91.9,11,15,127,485,-209,77.3,0,1927,15,85.0,2.9,9.1,15.0,0.67,1.0,3.0,1.0,0.0,1.0,1.33,0.0
2025-09-30,1927,97.9,276.5,52.0,76.2,54.5,15.8,641,4444,1126,70.3,91.9,11,15,76,376,-100,77.3,0,1927,15,85.0,2.9,9.1,15.0,0.67,1.0,3.0,1.0,0.0,1.0,1.33,0.0
2025-10-01,1565,84.2,228.3,49.9,44.8,41.7,13.2,564,3095,1114,67.4,87.2,9,17,100,428,-199,79.3,0,1565,13,82.6,2.5,11.2,17.4,0.0,0.0,3.0,1.0,0.75,1.0,0.0,0.0
2025-10-02,1750,76.7,224.6,64.8,40.9,63.9,30.7,519,3132,2766,58.5,97.6,6,17,73,370,-145,74.2,0,1750,11,85.1,14.9,28.3,14.9,0.0,0.0,0.0,1.0,0.0,1.0,0.0,0.0
2025-10-03,1565,84.2,228.3,49.9,44.8,41.7,13.2,564,3095,1114,67.4,87.2,9,17,79,383,-155,79.3,0,1565,13,82.6,2.5,11.2,17.4,0.0,0.0,3.0,1.0,0.75,1.0,0.0,0.0
2025-10-04,1750,76.7,224.6,64.8,40.9,63.9,30.7,519,3132,2766,58.5,97.6,6,17,136,505,-280,74.2,0,1750,11,85.1,14.9,28.3,14.9,0.0,0.0,0.0,1.0,0.0,1.0,0.0,0.0
2025-10-05,1565,84.2,228.3,49.9,44.8,41.7,13.2,564,3095,1114,67.4,87.2,9,16,291,713,-485,78.0,0,1565,13,82.6,2.5,11.2,17.4,0.0,0.0,3.0,1.0,0.75,1.0,0.0,0.0
2025-10-06,1927,97.9,276.5,52.0,76.2,54.5,15.8,641,4444,1126,70.3,91.9,11,16,5,225,52,78.6,0,1927,15,85.0,2.9,9.1,15.0,0.67,1.0,3.0,1.0,0.0,1.0,1.33,0.0
2025-10-07,1927,97.9,276.5,52.0,76.2,54.5,15.8,641,4444,1126,70.3,91.9,11,16,152,539,-262,78.6,0,1927,15,85.0,2.9,9.1,15.0,0.67,1.0,3.0,1.0,0.0,1.0,1.33,0.0
2025-10-08,1750,76.7,224.6,64.8,40.9,63.9,30.7,519,3132,2766,58.5,97.6,6,16,67,357,-133,72.8,0,1750,11,85.1,14.9,28.3,14.9,0.0,0.0,0.0,1.0,0.0,1.0,0.0,0.0
2025-10-09,1565,84.2,228.3,49.9,44.8,41.7,13.2,564,3095,1114,67.4,87.2,9,16,54,329,-101,78.0,0,1565,13,82.6,2.5,11.2,17.4,0.0,0.0,3.0,1.0,0.75,1.0,0.0,0.0
2025-10-10,1750,76.7,224.6,64.8,40.9,63.9,30.7,519,3132,2766,58.5,97.6,6,16,68,359,-135,72.8,0,1750,11,85.1,14.9,28.3,14.9,0.0,0.0,0.0,1.0,0.0,1.0,0.0,0.0
2025-10-11,1565,84.2,228.3,49.9,44.8,41.7,13.2,564,3095,1114,67.4,87.2,9,16,246,713,-485,78.0,0,1565,13,82.6,2.5,11.2,17.4,0.0,0.0,3.0,1.0,0.75,1.0,0.0,0.0
2025-10-12,1750,76.7,224.6,64.8,40.9,63.9,30.7,519,3132,2766,58.5,97.6,6,16,123,477,-252,72.8,0,1750,11,85.1,14.9,28.3,14.9,0.0,0.0,0.0,1.0,0.0,1.0,0.0,0.0
2025-10-13,1927,97.9,276.5,52.0,76.2,54.5,15.8,641,4444,1126,70.3,91.9,11,16,100,428,-151,78.6,0,1927,15,85.0,2.9,9.1,15.0,0.67,1.0,3.0,1.0,0.0,1.0,1.33,0.0
2025-10-14,1927,97.9,276.5,52.0,76.2,54.5,15.8,641,4444,1126,70.3,91.9,11,16,91,408,-132,78.6,0,1927,15,85.0,2.9,9.1,15.0,0.67,1.0,3.0,1.0,0.0,1.0,1.33,0.0
2025-10-15,1565,84.2,228.3,49.9,44.8,41.7,13.2,564,3095,1114,67.4,87.2,9,16,124,479,-251,78.0,0,1565,13,82.6,2.5,11.2,17.4,0.0,0.0,3.0,1.0,0.75,1.0,0.0,0.0
2025-10-16,1750,76.7,224.6,64.8,40.9,63.9,30.7,519,3132,2766,58.5,97.6,6,16,60,342,-118,72.8,0,1750,11,85.1,14.9,28.3,14.9,0.0,0.0,0.0,1.0,0.0,1.0,0.0,0.0
2025-10-17,1565,84.2,228.3,49.9,44.8,41.7,13.2,564,3095,1114,67.4,87.2,9,16,68,359,-131,78.0,0,1565,13,82.6,2.5,11.2,17.4,0.0,0.0,3.0,1.0,0.75,1.0,0.0,0.0
2025-10-18,1750,76.7,224.6,64.8,40.9,63.9,30.7,519,3132,2766,58.5,97.6,6,16,0,214,11,72.8,0,1750,11,85.1,14.9,28.3,14.9,0.0,0.0,0.0,1.0,0.0,1.0,0.0,0.0
2025-10-19,1565,84.2,228.3,49.9,44.8,41.7,13.2,564,3095,1114,67.4,87.2,9,16,86,398,-169,78.0,0,1565,13,82.6,2.5,11.2,17.4,0.0,0.0,3.0,1.0,0.75,1.0,0.0,0.0
2025-10-20,1927,97.9,276.5,52.0,76.2,54.5,15.8,641,4444,1126,70.3,91.9,11,16,107,443,-166,78.6,0,1927,15,85.0,2.9,9.1,15.0,0.67,1.0,3.0,1.0,0.0,1.0,1.33,0.0
2025-10-21,1927,97.9,276.5,52.0,76.2,54.5,15.8,641,4444,1126,70.3,91.9,11,16,77,379,-102,78.6,0,1927,15,85.0,2.9,9.1,15.0,0.67,1.0,3.0,1.0,0.0,1.0,1.33,0.0
2025-10-22,1750,76.7,224.6,64.8,40.9,63.9,30.7,519,3132,2766,58.5,97.6,6,16,103,434,-210,72.8,0,1750,11,85.1,14.9,28.3,14.9,0.0,0.0,0.0,1.0,0.0,1.0,0.0,0.0
2025-10-23,1565,84.2,228.3,49.9,44.8,41.7,13.2,564,3095,1114,67.4,87.2,9,16,85,396,-167,78.0,0,1565,13,82.6,2.5,11.2,17.4,0.0,0.0,3.0,1.0,0.75,1.0,0.0,0.0
2025-10-24,1750,76.7,224.6,64.8,40.9,63.9,30.7,519,3132,2766,58.5,97.6,6,16,109,447,-222,72.8,0,1750,11,85.1,14.9,28.3,14.9,0.0,0.0,0.0,1.0,0.0,1.0,0.0,0.0
2025-10-25,1565,84.2,228.3,49.9,44.8,41.7,13.2,564,3095,1114,67.4,87.2,9,16,259,713,-485,78.0,0,1565,13,82.6,2.5,11.2,17.4,0.0,0.0,3.0,1.0,0.75,1.0,0.0,0.0
2025-10-26,1750,76.7,224.6,64.8,40.9,63.9,30.7,519,3132,2766,58.5,97.6,6,16,192,625,-400,72.8,0,1750,11,85.1,14.9,28.3,14.9,0.0,0.0,0.0,1.0,0.0,1.0,0.0,0.0
2025-10-27,1927,97.9,276.5,52.0,76.2,54.5,15.8,641,4444,1126,70.3,91.9,11,16,158,552,-275,78.6,0,1927,15,85.0,2.9,9.1,15.0,0.67,1.0,3.0,1.0,0.0,1.0,1.33,0.0
2025-10-28,1927,97.9,276.5,52.0,76.2,54.5,15.8,641,4444,1126,70.3,91.9,11,16,78,381,-104,78.6,0,1927,15,85.0,2.9,9.1,15.0,0.67,1.0,3.0,1.0,0.0,1.0,1.33,0.0
2025-10-29,1565,84.2,228.3,49.9,44.8,41.7,13.2,564,3095,1114,67.4,87.2,9,16,184,607,-379,78.0,0,1565,13,82.6,2.5,11.2,17.4,0.0,0.0,3.0,1.0,0.75,1.0,0.0,0.0
2025-10-30,1750,76.7,224.6,64.8,40.9,63.9,30.7,519,3132,2766,58.5,97.6,6,16,85,396,-171,72.8,0,1750,11,85.1,14.9,28.3,14.9,0.0,0.0,0.0,1.0,0.0,1.0,0.0,0.0
2025-10-31,1565,84.2,228.3,49.9,44.8,41.7,13.2,564,3095,1114,67.4,87.2,9,16,58,338,-110,78.0,0,1565,13,82.6,2.5,11.2,17.4,0.0,0.0,3.0,1.0,0.75,1.0,0.0,0.0
2025-11-01,1886,75.4,250.3,34.6,27.2,68.0,36.7,410,2249,1403,39.3,92.4,7,18,162,560,-310,71.3,0,1886,13,80.4,11.2,42.2,11.2,0.0,0.0,0.0,1.0,0.0,1.0,0.0,0.0
2025-11-02,1792,104.8,208.8,48.2,42.1,63.0,24.4,552,4783,1987,78.4,90.1,8,19,140,513,-304,82.4,0,1792,11,68.1,2.1,9.8,31.9,0.0,0.0,0.0,1.0,0.0,1.0,0.0,0.0
2025-11-03,1927,97.9,276.5,52.0,76.2,54.5,15.8,641,4444,1126,70.3,91.9,11,19,72,368,-91,82.6,0,1927,15,85.0,2.9,9.1,15.0,0.67,1.0,3.0,1.0,0.0,1.0,1.33,0.0
2025-11-04,1927,97.9,276.5,52.0,76.2,54.5,15.8,641,4444,1126,70.3,91.9,11,19,75,374,-98,82.6,0,1927,15,85.0,2.9,9.1,15.0,0.67,1.0,3.0,1.0,0.0,1.0,1.33,0.0
2025-11-05,1886,75.4,250.3,34.6,27.2,68.0,36.7,410,2249,1403,39.3,92.4,7,19,76,376,-126,72.7,0,1886,13,80.4,11.2,42.2,11.2,0.0,0.0,0.0,1.0,0.0,1.0,0.0,0.0
2025-11-06,1792,104.8,208.8,48.2,42.1,63.0,24.4,552,4783,1987,78.4,90.1,8,19,89,404,-195,82.4,0,1792,11,68.1,2.1,9.8,31.9,0.0,0.0,0.0,1.0,0.0,1.0,0.0,0.0
2025-11-07,1886,75.4,250.3,34.6,27.2,68.0,36.7,410,2249,1403,39.3,92.4,7,16,162,560,-310,68.7,0,1886,13,80.4,11.2,42.2,11.2,0.0,0.0,0.0,1.0,0.0,1.0,0.0,0.0
2025-11-08,1792,104.8,208.8,48.2,42.1,63.0,24.4,552,4783,1987,78.4,90.1,8,16,182,603,-394,78.4,0,1792,11,68.1,2.1,9.8,31.9,0.0,0.0,0.0,1.0,0.0,1.0,0.0,0.0
2025-11-09,1886,75.4,250.3,34.6,27.2,68.0,36.7,410,2249,1403,39.3,92.4,7,16,220,684,-434,68.7,0,1886,13,80.4,11.2,42.2,11.2,0.0,0.0,0.0,1.0,0.0,1.0,0.0,0.0
2025-11-10,1927,97.9,276.5,52.0,76.2,54.5,15.8,641,4444,1126,70.3,91.9,11,16,75,374,-98,78.6,0,1927,15,85.0,2.9,9.1,15.0,0.67,1.0,3.0,1.0,0.0,1.0,1.33,0.0
2025-11-11,1927,97.9,276.5,52.0,76.2,54.5,15.8,641,4444,1126,70.3,91.9,11,16,64,351,-74,78.6,0,1927,15,85.0,2.9,9.1,15.0,0.67,1.0,3.0,1.0,0.0,1.0,1.33,0.0
2025-11-12,1792,104.8,208.8,48.2,42.1,63.0,24.4,552,4783,1987,78.4,90.1,8,16,80,385,-176,78.4,0,1792,11,68.1,2.1,9.8,31.9,0.0,0.0,0.0,1.0,0.0,1.0,0.0,0.0
2025-11-13,1886,75.4,250.3,34.6,27.2,68.0,36.7,410,2249,1403,39.3,92.4,7,16,100,428,-177,68.7,0,1886,13,80.4,11.2,42.2,11.2,0.0,0.0,0.0,1.0,0.0,1.0,0.0,0.0
2025-11-14,1792,104.8,208.8,48.2,42.1,63.0,24.4,552,4783,1987,78.4,90.1,8,16,82,389,-180,78.4,0,1792,11,68.1,2.1,9.8,31.9,0.0,0.0,0.0,1.0,0.0,1.0,0.0,0.0
2025-11-15,1886,75.4,250.3,34.6,27.2,68.0,36.7,410,2249,1403,39.3,92.4,7,16,150,535,-284,68.7,0,1886,13,80.4,11.2,42.2,11.2,0.0,0.0,0.0,1.0,0.0,1.0,0.0,0.0
2025-11-16,1792,104.8,208.8,48.2,42.1,63.0,24.4,552,4783,1987,78.4,90.1,8,16,108,445,-236,78.4,0,1792,11,68.1,2.1,9.8,31.9,0.0,0.0,0.0,1.0,0.0,1.0,0.0,0.0
2025-11-17,1927,97.9,276.5,52.0,76.2,54.5,15.8,641,4444,1126,70.3,91.9,11,16,90,406,-130,78.6,0,1927,15,85.0,2.9,9.1,15.0,0.67,1.0,3.0,1.0,0.0,1.0,1.33,0.0
2025-11-18,1927,97.9,276.5,52.0,76.2,54.5,15.8,641,4444,1126,70.3,91.9,11,16,86,398,-121,78.6,0,1927,15,85.0,2.9,9.1,15.0,0.67,1.0,3.0,1.0,0.0,1.0,1.33,0.0
2025-11-19,1886,75.4,250.3,34.6,27.2,68.0,36.7,410,2249,1403,39.3,92.4,7,16,79,383,-133,68.7,0,1886,13,80.4,11.2,42.2,11.2,0.0,0.0,0.0,1.0,0.0,1.0,0.0,0.0
2025-11-20,1792,104.8,208.8,48.2,42.1,63.0,24.4,552,4783,1987,78.4,90.1,8,16,88,402,-193,78.4,0,1792,11,68.1,2.1,9.8,31.9,0.0,0.0,0.0,1.0,0.0,1.0,0.0,0.0
2025-11-21,1886,75.4,250.3,34.6,27.2,68.0,36.7,410,2249,1403,39.3,92.4,7,16,60,342,-92,68.7,0,1886,13,80.4,11.2,42.2,11.2,0.0,0.0,0.0,1.0,0.0,1.0,0.0,0.0
2025-11-22,1792,104.8,208.8,48.2,42.1,63.0,24.4,552,4783,1987,78.4,90.1,8,16,39,297,-88,78.4,0,1792,11,68.1,2.1,9.8,31.9,0.0,0.0,0.0,1.0,0.0,1.0,0.0,0.0
2025-11-23,1886,75.4,250.3,34.6,27.2,68.0,36.7,410,2249,1403,39.3,92.4,7,16,147,528,-278,68.7,0,1886,13,80.4,11.2,42.2,11.2,0.0,0.0,0.0,1.0,0.0,1.0,0.0,0.0
2025-11-24,1927,97.9,276.5,52.0,76.2,54.5,15.8,641,4444,1126,70.3,91.9,11,16,73,370,-93,78.6,0,1927,15,85.0,2.9,9.1,15.0,0.67,1.0,3.0,1.0,0.0,1.0,1.33,0.0
2025-11-25,1927,97.9,276.5,52.0,76.2,54.5,15.8,641,4444,1126,70.3,91.9,11,16,81,387,-111,78.6,0,1927,15,85.0,2.9,9.1,15.0,0.67,1.0,3.0,1.0,0.0,1.0,1.33,0.0
2025-11-26,1792,104.8,208.8,48.2,42.1,63.0,24.4,552,4783,1987,78.4,90.1,8,16,95,417,-208,78.4,0,1792,11,68.1,2.1,9.8,31.9,0.0,0.0,0.0,1.0,0.0,1.0,0.0,0.0
2025-11-27,1886,75.4,250.3,34.6,27.2,68.0,36.7,410,2249,1403,39.3,92.4,7,16,77,379,-128,68.7,0,1886,13,80.4,11.2,42.2,11.2,0.0,0.0,0.0,1.0,0.0,1.0,0.0,0.0
2025-11-28,1792,104.8,208.8,48.2,42.1,63.0,24.4,552,4783,1987,78.4,90.1,8,16,73,370,-161,78.4,0,1792,11,68.1,2.1,9.8,31.9,0.0,0.0,0.0,1.0,0.0,1.0,0.0,0.0
2025-11-29,1886,75.4,250.3,34.6,27.2,68.0,36.7,410,2249,1403,39.3,92.4,7,16,38,295,-45,68.7,0,1886,13,80.4,11.2,42.2,11.2,0.0,0.0,0.0,1.0,0.0,1.0,0.0,0.0
2025-11-30,1792,104.8,208.8,48.2,42.1,63.0,24.4,552,4783,1987,78.4,90.1,8,16,249,713,-504,78.4,0,1792,11,68.1,2.1,9.8,31.9,0.0,0.0,0.0,1.0,0.0,1.0,0.0,0.0
2025-12-01,1927,97.9,276.5,52.0,76.2,54.5,15.8,641,4444,1126,70.3,91.9,11,16,33,284,-8,78.6,0,1927,15,85.0,2.9,9.1,15.0,0.67,1.0,3.0,1.0,0.0,1.0,1.33,0.0
2025-12-02,1927,97.9,276.5,52.0,76.2,54.5,15.8,641,4444,1126,70.3,91.9,11,16,77,379,-102,78.6,0,1927,15,85.0,2.9,9.1,15.0,0.67,1.0,3.0,1.0,0.0,1.0,1.33,0.0
2025-12-03,2324,122.0,321.7,70.0,66.0,65.1,26.0,603,4415,1209,72.6,88.9,10,18,61,344,-23,77.6,0,2324,15,85.1,1.7,21.4,21.3,0.0,1.0,0.0,1.0,0.0,1.0,0.0,0.0
2025-12-04,1809,109.4,251.1,43.9,64.4,44.6,16.8,607,3893,625,65.1,87.3,10,19,78,381,-130,82.4,0,1809,13,77.1,2.1,9.7,22.9,0.0,1.0,0.0,1.0,0.0,1.0,0.0,0.0
2025-12-05,2410,132.0,280.9,63.1,33.7,86.6,34.7,546,3941,953,47.8,86.3,8,19,103,434,-153,79.2,0,2410,14,70.1,1.6,20.6,36.1,0.0,0.0,0.0,1.0,0.0,1.0,0.0,0.0
2025-12-06,2324,122.0,321.7,70.0,66.0,65.1,26.0,603,4415,1209,72.6,88.9,10,17,114,458,-136,76.3,0,2324,15,85.1,1.7,21.4,21.3,0.0,1.0,0.0,1.0,0.0,1.0,0.0,0.0
2025-12-07,1809,109.4,251.1,43.9,64.4,44.6,16.8,607,3893,625,65.1,87.3,10,15,165,567,-316,77.1,0,1809,13,77.1,2.1,9.7,22.9,0.0,1.0,0.0,1.0,0.0,1.0,0.0,0.0
2025-12-08,1927,97.9,276.5,52.0,76.2,54.5,15.8,641,4444,1126,70.3,91.9,11,15,71,366,-89,77.3,0,1927,15,85.0,2.9,9.1,15.0,0.67,1.0,3.0,1.0,0.0,1.0,1.33,0.0
2025-12-09,1927,97.9,276.5,52.0,76.2,54.5,15.8,641,4444,1126,70.3,91.9,11,15,80,385,-108,77.3,0,1927,15,85.0,2.9,9.1,15.0,0.67,1.0,3.0,1.0,0.0,1.0,1.33,0.0
2025-12-10,1809,109.4,251.1,43.9,64.4,44.6,16.8,607,3893,625,65.1,87.3,10,15,74,372,-121,77.1,0,1809,13,77.1,2.1,9.7,22.9,0.0,1.0,0.0,1.0,0.0,1.0,0.0,0.0
2025-12-11,2410,132.0,280.9,63.1,33.7,86.6,34.7,546,3941,953,47.8,86.3,8,15,82,389,-108,73.8,0,2410,14,70.1,1.6,20.6,36.1,0.0,0.0,0.0,1.0,0.0,1.0,0.0,0.0
2025-12-12,2324,122.0,321.7,70.0,66.0,65.1,26.0,603,4415,1209,72.6,88.9,10,15,75,374,-53,73.6,0,2324,15,85.1,1.7,21.4,21.3,0.0,1.0,0.0,1.0,0.0,1.0,0.0,0.0
2025-12-13,1809,109.4,251.1,43.9,64.4,44.6,16.8,607,3893,625,65.1,87.3,10,15,202,646,-395,77.1,0,1809,13,77.1,2.1,9.7,22.9,0.0,1.0,0.0,1.0,0.0,1.0,0.0,0.0
2025-12-14,2410,132.0,280.9,63.1,33.7,86.6,34.7,546,3941,953,47.8,86.3,8,15,0,214,67,73.8,0,2410,14,70.1,1.6,20.6,36.1,0.0,0.0,0.0,1.0,0.0,1.0,0.0,0.0
2025-12-15,1927,97.9,276.5,52.0,76.2,54.5,15.8,641,4444,1126,70.3,91.9,11,15,72,368,-91,77.3,0,1927,15,85.0,2.9,9.1,15.0,0.67,1.0,3.0,1.0,0.0,1.0,1.33,0.0
2025-12-16,1927,97.9,276.5,52.0,76.2,54.5,15.8,641,4444,1126,70.3,91.9,11,15,72,368,-91,77.3,0,1927,15,85.0,2.9,9.1,15.0,0.67,1.0,3.0,1.0,0.0,1.0,1.33,0.0
2025-12-17,2410,132.0,280.9,63.1,33.7,86.6,34.7,546,3941,953,47.8,86.3,8,15,73,370,-89,73.8,0,2410,14,70.1,1.6,20.6,36.1,0.0,0.0,0.0,1.0,0.0,1.0,0.0,0.0
2025-12-18,2324,122.0,321.7,70.0,66.0,65.1,26.0,603,4415,1209,72.6,88.9,10,15,75,374,-53,73.6,0,2324,15,85.1,1.7,21.4,21.3,0.0,1.0,0.0,1.0,0.0,1.0,0.0,0.0
2025-12-19,1809,109.4,251.1,43.9,64.4,44.6,16.8,607,3893,625,65.1,87.3,10,15,71,366,-115,77.1,0,1809,13,77.1,2.1,9.7,22.9,0.0,1.0,0.0,1.0,0.0,1.0,0.0,0.0
2025-12-20,2410,132.0,280.9,63.1,33.7,86.6,34.7,546,3941,953,47.8,86.3,8,15,125,481,-200,73.8,0,2410,14,70.1,1.6,20.6,36.1,0.0,0.0,0.0,1.0,0.0,1.0,0.0,0.0
2025-12-21,2324,122.0,321.7,70.0,66.0,65.1,26.0,603,4415,1209,72.6,88.9,10,15,197,635,-313,73.6,0,2324,15,85.1,1.7,21.4,21.3,0.0,1.0,0.0,1.0,0.0,1.0,0.0,0.0
2025-12-22,1927,97.9,276.5,52.0,76.2,54.5,15.8,641,4444,1126,70.3,91.9,11,15,77,379,-102,77.3,0,1927,15,85.0,2.9,9.1,15.0,0.67,1.0,3.0,1.0,0.0,1.0,1.33,0.0
2025-12-23,1927,97.9,276.5,52.0,76.2,54.5,15.8,641,4444,1126,70.3,91.9,11,15,84,394,-117,77.3,0,1927,15,85.0,2.9,9.1,15.0,0.67,1.0,3.0,1.0,0.0,1.0,1.33,0.0
2025-12-24,2324,122.0,321.7,70.0,66.0,65.1,26.0,603,4415,1209,72.6,88.9,10,15,137,507,-185,73.6,0,2324,15,85.1,1.7,21.4,21.3,0.0,1.0,0.0,1.0,0.0,1.0,0.0,0.0
2025-12-25,1809,109.4,251.1,43.9,64.4,44.6,16.8,607,3893,625,65.1,87.3,10,15,48,317,-65,77.1,0,1809,13,77.1,2.1,9.7,22.9,0.0,1.0,0.0,1.0,0.0,1.0,0.0,0.0
2025-12-26,2410,132.0,280.9,63.1,33.7,86.6,34.7,546,3941,953,47.8,86.3,8,15,92,411,-130,73.8,0,2410,14,70.1,1.6,20.6,36.1,0.0,0.0,0.0,1.0,0.0,1.0,0.0,0.0
2025-12-27,2324,122.0,321.7,70.0,66.0,65.1,26.0,603,4415,1209,72.6,88.9,10,15,166,569,-247,73.6,0,2324,15,85.1,1.7,21.4,21.3,0.0,1.0,0.0,1.0,0.0,1.0,0.0,0.0
2025-12-28,1809,109.4,251.1,43.9,64.4,44.6,16.8,607,3893,625,65.1,87.3,10,15,104,436,-185,77.1,0,1809,13,77.1,2.1,9.7,22.9,0.0,1.0,0.0,1.0,0.0,1.0,0.0,0.0
2025-12-29,1927,97.9,276.5,52.0,76.2,54.5,15.8,641,4444,1126,70.3,91.9,11,15,48,317,-40,77.3,0,1927,15,85.0,2.9,9.1,15.0,0.67,1.0,3.0,1.0,0.0,1.0,1.33,0.0
2025-12-30,1927,97.9,276.5,52.0,76.2,54.5,15.8,641,4444,1126,70.3,91.9,11,15,0,214,63,77.3,0,1927,15,85.0,2.9,9.1,15.0,0.67,1.0,3.0,1.0,0.0,1.0,1.33,0.0
2025-12-31,1809,109.4,251.1,43.9,64.4,44.6,16.8,607,3893,625,65.1,87.3,10,15,24,265,-14,77.1,0,1809,13,77.1,2.1,9.7,22.9,0.0,1.0,0.0,1.0,0.0,1.0,0.0,0.0
2026-01-01,1945,100.7,247.2,48.3,33.9,68.0,27.9,481,3090,4886,55.4,97.7,9,18,42,304,-56,79.7,0,1945,14,77.1,17.4,14.5,22.9,0.0,0.0,0.0,1.0,0.0,1.0,0.0,0.0
2026-01-02,2006,85.7,248.3,69.1,24.9,75.5,35.7,377,2492,729,60.6,83.2,7,20,47,314,-66,74.5,0,2006,11,76.9,1.9,40.7,19.4,0.0,0.0,0.0,1.0,0.0,1.0,0.0,0.0
2026-01-03,1945,100.7,247.2,48.3,33.9,68.0,27.9,481,3090,4886,55.4,97.7,9,19,65,353,-106,81.0,0,1945,14,77.1,17.4,14.5,22.9,0.0,0.0,0.0,1.0,0.0,1.0,0.0,0.0
2026-01-04,2006,85.7,248.3,69.1,24.9,75.5,35.7,377,2492,729,60.6,83.2,7,19,54,329,-81,73.1,0,2006,11,76.9,1.9,40.7,19.4,0.0,0.0,0.0,1.0,0.0,1.0,0.0,0.0
2026-01-05,1927,97.9,276.5,52.0,76.2,54.5,15.8,641,4444,1126,70.3,91.9,11,19,43,306,-29,82.6,0,1927,15,85.0,2.9,9.1,15.0,0.67,1.0,3.0,1.0,0.0,1.0,1.33,0.0
2026-01-06,1927,97.9,276.5,52.0,76.2,54.5,15.8,641,4444,1126,70.3,91.9,11,19,46,312,-36,82.6,0,1927,15,85.0,2.9,9.1,15.0,0.67,1.0,3.0,1.0,0.0,1.0,1.33,0.0
2026-01-07,1945,100.7,247.2,48.3,33.9,68.0,27.9,481,3090,4886,55.4,97.7,9,17,0,214,33,78.3,0,1945,14,77.1,17.4,14.5,22.9,0.0,0.0,0.0,1.0,0.0,1.0,0.0,0.0
2026-01-08,2006,85.7,248.3,69.1,24.9,75.5,35.7,377,2492,729,60.6,83.2,7,17,11,237,11,70.5,0,2006,11,76.9,1.9,40.7,19.4,0.0,0.0,0.0,1.0,0.0,1.0,0.0,0.0
2026-01-09,1945,100.7,247.2,48.3,33.9,68.0,27.9,481,3090,4886,55.4,97.7,9,17,45,310,-63,78.3,0,1945,14,77.1,17.4,14.5,22.9,0.0,0.0,0.0,1.0,0.0,1.0,0.0,0.0
2026-01-10,2006,85.7,248.3,69.1,24.9,75.5,35.7,377,2492,729,60.6,83.2,7,17,72,368,-120,70.5,0,2006,11,76.9,1.9,40.7,19.4,0.0,0.0,0.0,1.0,0.0,1.0,0.0,0.0
2026-01-11,1945,100.7,247.2,48.3,33.9,68.0,27.9,481,3090,4886,55.4,97.7,9,17,54,329,-82,78.3,0,1945,14,77.1,17.4,14.5,22.9,0.0,0.0,0.0,1.0,0.0,1.0,0.0,0.0
2026-01-12,1927,97.9,276.5,52.0,76.2,54.5,15.8,641,4444,1126,70.3,91.9,11,17,62,346,-70,79.9,0,1927,15,85.0,2.9,9.1,15.0,0.67,1.0,3.0,1.0,0.0,1.0,1.33,0.0
2026-01-13,1927,97.9,276.5,52.0,76.2,54.5,15.8,641,4444,1126,70.3,91.9,11,17,67,357,-81,79.9,0,1927,15,85.0,2.9,9.1,15.0,0.67,1.0,3.0,1.0,0.0,1.0,1.33,0.0
2026-01-14,2006,85.7,248.3,69.1,24.9,75.5,35.7,377,2492,729,60.6,83.2,7,17,74,372,-124,70.5,0,2006,11,76.9,1.9,40.7,19.4,0.0,0.0,0.0,1.0,0.0,1.0,0.0,0.0
2026-01-15,1945,100.7,247.2,48.3,33.9,68.0,27.9,481,3090,4886,55.4,97.7,9,17,77,379,-131,78.3,0,1945,14,77.1,17.4,14.5,22.9,0.0,0.0,0.0,1.0,0.0,1.0,0.0,0.0
2026-01-16,2006,85.7,248.3,69.1,24.9,75.5,35.7,377,2492,729,60.6,83.2,7,17,75,374,-126,70.5,0,2006,11,76.9,1.9,40.7,19.4,0.0,0.0,0.0,1.0,0.0,1.0,0.0,0.0
2026-01-17,1945,100.7,247.2,48.3,33.9,68.0,27.9,481,3090,4886,55.4,97.7,9,17,160,556,-309,78.3,0,1945,14,77.1,17.4,14.5,22.9,0.0,0.0,0.0,1.0,0.0,1.0,0.0,0.0
2026-01-18,2006,85.7,248.3,69.1,24.9,75.5,35.7,377,2492,729,60.6,83.2,7,17,103,434,-186,70.5,0,2006,11,76.9,1.9,40.7,19.4,0.0,0.0,0.0,1.0,0.0,1.0,0.0,0.0
2026-01-19,1927,97.9,276.5,52.0,76.2,54.5,15.8,641,4444,1126,70.3,91.9,11,17,83,391,-115,79.9,0,1927,15,85.0,2.9,9.1,15.0,0.67,1.0,3.0,1.0,0.0,1.0,1.33,0.0
2026-01-20,1927,97.9,276.5,52.0,76.2,54.5,15.8,641,4444,1126,70.3,91.9,11,17,96,419,-143,79.9,0,1927,15,85.0,2.9,9.1,15.0,0.67,1.0,3.0,1.0,0.0,1.0,1.33,0.0
2026-01-21,1945,100.7,247.2,48.3,33.9,68.0,27.9,481,3090,4886,55.4,97.7,9,17,75,374,-127,78.3,0,1945,14,77.1,17.4,14.5,22.9,0.0,0.0,0.0,1.0,0.0,1.0,0.0,0.0
2026-01-22,2006,85.7,248.3,69.1,24.9,75.5,35.7,377,2492,729,60.6,83.2,7,17,100,428,-179,70.5,0,2006,11,76.9,1.9,40.7,19.4,0.0,0.0,0.0,1.0,0.0,1.0,0.0,0.0
2026-01-23,1945,100.7,247.2,48.3,33.9,68.0,27.9,481,3090,4886,55.4,97.7,9,17,76,376,-129,78.3,0,1945,14,77.1,17.4,14.5,22.9,0.0,0.0,0.0,1.0,0.0,1.0,0.0,0.0
2026-01-24,2006,85.7,248.3,69.1,24.9,75.5,35.7,377,2492,729,60.6,83.2,7,17,39,297,-49,70.5,0,2006,11,76.9,1.9,40.7,19.4,0.0,0.0,0.0,1.0,0.0,1.0,0.0,0.0
2026-01-25,1945,100.7,247.2,48.3,33.9,68.0,27.9,481,3090,4886,55.4,97.7,9,17,142,518,-270,78.3,0,1945,14,77.1,17.4,14.5,22.9,0.0,0.0,0.0,1.0,0.0,1.0,0.0,0.0
2026-01-26,1927,97.9,276.5,52.0,76.2,54.5,15.8,641,4444,1126,70.3,91.9,11,17,77,379,-102,79.9,0,1927,15,85.0,2.9,9.1,15.0,0.67,1.0,3.0,1.0,0.0,1.0,1.33,0.0
2026-01-27,1927,97.9,276.5,52.0,76.2,54.5,15.8,641,4444,1126,70.3,91.9,11,17,72,368,-91,79.9,0,1927,15,85.0,2.9,9.1,15.0,0.67,1.0,3.0,1.0,0.0,1.0,1.33,0.0
2026-01-28,2006,85.7,248.3,69.1,24.9,75.5,35.7,377,2492,729,60.6,83.2,7,17,92,411,-162,70.5,0,2006,11,76.9,1.9,40.7,19.4,0.0,0.0,0.0,1.0,0.0,1.0,0.0,0.0
2026-01-29,1945,100.7,247.2,48.3,33.9,68.0,27.9,481,3090,4886,55.4,97.7,9,17,79,383,-136,78.3,0,1945,14,77.1,17.4,14.5,22.9,0.0,0.0,0.0,1.0,0.0,1.0,0.0,0.0
2026-01-30,2006,85.7,248.3,69.1,24.9,75.5,35.7,377,2492,729,60.6,83.2,7,17,21,259,-11,70.5,0,2006,11,76.9,1.9,40.7,19.4,0.0,0.0,0.0,1.0,0.0,1.0,0.0,0.0
2026-01-31,1945,100.7,247.2,48.3,33.9,68.0,27.9,481,3090,4886,55.4,97.7,9,17,40,299,-52,78.3,0,1945,14,77.1,17.4,14.5,22.9,0.0,0.0,0.0,1.0,0.0,1.0,0.0,0.0
2026-02-01,1802,87.0,318.6,51.2,74.3,25.3,8.1,641,4242,1030,55.4,90.9,12,20,143,520,-201,83.7,0,1802,14,97.9,2.1,9.7,2.1,0.0,1.0,0.0,1.0,0.9,1.0,0.0,0.0
2026-02-02,1927,97.9,276.5,52.0,76.2,54.5,15.8,641,4444,1126,70.3,91.9,11,20,144,522,-245,83.9,0,1927,15,85.0,2.9,9.1,15.0,0.67,1.0,3.0,1.0,0.0,1.0,1.33,0.0
2026-02-03,1927,97.9,276.5,52.0,76.2,54.5,15.8,641,4444,1126,70.3,91.9,11,20,76,376,-100,83.9,0,1927,15,85.0,2.9,9.1,15.0,0.67,1.0,3.0,1.0,0.0,1.0,1.33,0.0
2026-02-04,1802,87.0,318.6,51.2,74.3,25.3,8.1,641,4242,1030,55.4,90.9,12,20,71,366,-47,83.7,0,1802,14,97.9,2.1,9.7,2.1,0.0,1.0,0.0,1.0,0.9,1.0,0.0,0.0
2026-02-05,1754,58.9,290.1,78.3,37.6,44.0,17.9,473,3013,945,51.7,82.8,10,21,27,272,18,75.8,0,1754,12,97.8,2.2,40.6,2.2,0.0,0.0,0.0,1.0,0.9,1.0,0.0,1.0
2026-02-06,1676,71.3,263.4,77.8,60.0,41.7,17.8,497,3139,795,51.0,85.7,9,20,73,370,-107,73.9,0,1676,12,97.7,2.3,42.5,2.3,0.0,1.0,0.0,1.0,0.0,1.0,0.0,1.0
2026-02-07,1802,87.0,318.6,51.2,74.3,25.3,8.1,641,4242,1030,55.4,90.9,12,17,138,509,-190,79.7,0,1802,14,97.9,2.1,9.7,2.1,0.0,1.0,0.0,1.0,0.9,1.0,0.0,0.0
2026-02-08,1754,58.9,290.1,78.3,37.6,44.0,17.9,473,3013,945,51.7,82.8,10,17,120,471,-180,70.5,0,1754,12,97.8,2.2,40.6,2.2,0.0,0.0,0.0,1.0,0.9,1.0,0.0,1.0
2026-02-09,1927,97.9,276.5,52.0,76.2,54.5,15.8,641,4444,1126,70.3,91.9,11,17,98,423,-147,79.9,0,1927,15,85.0,2.9,9.1,15.0,0.67,1.0,3.0,1.0,0.0,1.0,1.33,0.0
2026-02-10,1927,97.9,276.5,52.0,76.2,54.5,15.8,641,4444,1126,70.3,91.9,11,17,80,385,-108,79.9,0,1927,15,85.0,2.9,9.1,15.0,0.67,1.0,3.0,1.0,0.0,1.0,1.33,0.0
2026-02-11,1754,58.9,290.1,78.3,37.6,44.0,17.9,473,3013,945,51.7,82.8,10,17,85,396,-106,70.5,0,1754,12,97.8,2.2,40.6,2.2,0.0,0.0,0.0,1.0,0.9,1.0,0.0,1.0
2026-02-12,1676,71.3,263.4,77.8,60.0,41.7,17.8,497,3139,795,51.0,85.7,9,17,80,385,-122,69.9,0,1676,12,97.7,2.3,42.5,2.3,0.0,1.0,0.0,1.0,0.0,1.0,0.0,1.0
2026-02-13,1802,87.0,318.6,51.2,74.3,25.3,8.1,641,4242,1030,55.4,90.9,12,17,81,387,-68,79.7,0,1802,14,97.9,2.1,9.7,2.1,0.0,1.0,0.0,1.0,0.9,1.0,0.0,0.0
2026-02-14,1754,58.9,290.1,78.3,37.6,44.0,17.9,473,3013,945,51.7,82.8,10,17,126,483,-193,70.5,0,1754,12,97.8,2.2,40.6,2.2,0.0,0.0,0.0,1.0,0.9,1.0,0.0,1.0
2026-02-15,1676,71.3,263.4,77.8,60.0,41.7,17.8,497,3139,795,51.0,85.7,9,17,258,713,-450,69.9,0,1676,12,97.7,2.3,42.5,2.3,0.0,1.0,0.0,1.0,0.0,1.0,0.0,1.0
2026-02-16,1927,97.9,276.5,52.0,76.2,54.5,15.8,641,4444,1126,70.3,91.9,11,17,77,379,-102,79.9,0,1927,15,85.0,2.9,9.1,15.0,0.67,1.0,3.0,1.0,0.0,1.0,1.33,0.0
2026-02-17,1927,97.9,276.5,52.0,76.2,54.5,15.8,641,4444,1126,70.3,91.9,11,17,311,713,-436,79.9,0,1927,15,85.0,2.9,9.1,15.0,0.67,1.0,3.0,1.0,0.0,1.0,1.33,0.0
2026-02-18,1676,71.3,263.4,77.8,60.0,41.7,17.8,497,3139,795,51.0,85.7,9,17,124,479,-216,69.9,0,1676,12,97.7,2.3,42.5,2.3,0.0,1.0,0.0,1.0,0.0,1.0,0.0,1.0
2026-02-19,1802,87.0,318.6,51.2,74.3,25.3,8.1,641,4242,1030,55.4,90.9,12,17,118,466,-148,79.7,0,1802,14,97.9,2.1,9.7,2.1,0.0,1.0,0.0,1.0,0.9,1.0,0.0,0.0
2026-02-20,1754,58.9,290.1,78.3,37.6,44.0,17.9,473,3013,945,51.7,82.8,10,17,136,505,-215,70.5,0,1754,12,97.8,2.2,40.6,2.2,0.0,0.0,0.0,1.0,0.9,1.0,0.0,1.0
2026-02-21,1676,71.3,263.4,77.8,60.0,41.7,17.8,497,3139,795,51.0,85.7,9,17,268,713,-450,69.9,0,1676,12,97.7,2.3,42.5,2.3,0.0,1.0,0.0,1.0,0.0,1.0,0.0,1.0
2026-02-22,1802,87.0,318.6,51.2,74.3,25.3,8.1,641,4242,1030,55.4,90.9,12,17,199,639,-321,79.7,0,1802,14,97.9,2.1,9.7,2.1,0.0,1.0,0.0,1.0,0.9,1.0,0.0,0.0
2026-02-23,1927,97.9,276.5,52.0,76.2,54.5,15.8,641,4444,1126,70.3,91.9,11,17,113,456,-179,79.9,0,1927,15,85.0,2.9,9.1,15.0,0.67,1.0,3.0,1.0,0.0,1.0,1.33,0.0
2026-02-24,1927,97.9,276.5,52.0,76.2,54.5,15.8,641,4444,1126,70.3,91.9,11,17,82,389,-113,79.9,0,1927,15,85.0,2.9,9.1,15.0,0.67,1.0,3.0,1.0,0.0,1.0,1.33,0.0
2026-02-25,1802,87.0,318.6,51.2,74.3,25.3,8.1,641,4242,1030,55.4,90.9,12,17,97,421,-103,79.7,0,1802,14,97.9,2.1,9.7,2.1,0.0,1.0,0.0,1.0,0.9,1.0,0.0,0.0
2026-02-26,1754,58.9,290.1,78.3,37.6,44.0,17.9,473,3013,945,51.7,82.8,10,17,108,445,-155,70.5,0,1754,12,97.8,2.2,40.6,2.2,0.0,0.0,0.0,1.0,0.9,1.0,0.0,1.0
2026-02-27,1676,71.3,263.4,77.8,60.0,41.7,17.8,497,3139,795,51.0,85.7,9,17,182,603,-340,69.9,0,1676,12,97.7,2.3,42.5,2.3,0.0,1.0,0.0,1.0,0.0,1.0,0.0,1.0
2026-02-28,1802,87.0,318.6,51.2,74.3,25.3,8.1,641,4242,1030,55.4,90.9,12,17,362,713,-394,79.7,0,1802,14,97.9,2.1,9.7,2.1,0.0,1.0,0.0,1.0,0.9,1.0,0.0,0.0
2026-03-01,1626,84.7,242.3,46.5,62.4,42.7,19.8,668,4060,2013,70.8,97.0,10,20,137,507,-265,83.4,0,1626,13,85.0,15.0,10.8,15.0,0.0,0.9,0.0,1.0,0.0,1.0,0.0,0.0
2026-03-02,1927,97.9,276.5,52.0,76.2,54.5,15.8,641,4444,1126,70.3,91.9,11,20,92,411,-134,83.9,0,1927,15,85.0,2.9,9.1,15.0,0.67,1.0,3.0,1.0,0.0,1.0,1.33,0.0
2026-03-03,1927,97.9,276.5,52.0,76.2,54.5,15.8,641,4444,1126,70.3,91.9,11,20,121,473,-196,83.9,0,1927,15,85.0,2.9,9.1,15.0,0.67,1.0,3.0,1.0,0.0,1.0,1.33,0.0
2026-03-04,1626,84.7,242.3,46.5,62.4,42.7,19.8,668,4060,2013,70.8,97.0,10,20,85,396,-153,83.4,0,1626,13,85.0,15.0,10.8,15.0,0.0,0.9,0.0,1.0,0.0,1.0,0.0,0.0
2026-03-05,1642,88.7,249.4,46.5,64.4,37.6,12.8,689,4379,1640,71.5,91.5,9,21,143,520,-270,84.8,0,1642,12,88.2,2.3,10.7,11.8,0.0,0.9,2.0,1.0,0.0,1.0,0.0,0.0
2026-03-06,1538,70.5,193.3,51.5,37.0,58.1,24.9,439,3135,3285,72.5,94.8,8,20,153,541,-348,83.2,0,1538,13,74.0,15.8,11.4,26.0,0.0,0.0,2.0,1.0,0.0,1.0,0.0,0.0
2026-03-07,1626,84.7,242.3,46.5,62.4,42.7,19.8,668,4060,2013,70.8,97.0,10,17,161,558,-316,79.4,0,1626,13,85.0,15.0,10.8,15.0,0.0,0.9,0.0,1.0,0.0,1.0,0.0,0.0
2026-03-08,1642,88.7,249.4,46.5,64.4,37.6,12.8,689,4379,1640,71.5,91.5,9,17,236,713,-463,79.5,0,1642,12,88.2,2.3,10.7,11.8,0.0,0.9,2.0,1.0,0.0,1.0,0.0,0.0
2026-03-09,1927,97.9,276.5,52.0,76.2,54.5,15.8,641,4444,1126,70.3,91.9,11,17,97,421,-145,79.9,0,1927,15,85.0,2.9,9.1,15.0,0.67,1.0,3.0,1.0,0.0,1.0,1.33,0.0
2026-03-10,1927,97.9,276.5,52.0,76.2,54.5,15.8,641,4444,1126,70.3,91.9,11,17,123,477,-200,79.9,0,1927,15,85.0,2.9,9.1,15.0,0.67,1.0,3.0,1.0,0.0,1.0,1.33,0.0
2026-03-11,1642,88.7,249.4,46.5,64.4,37.6,12.8,689,4379,1640,71.5,91.5,9,17,99,426,-176,79.5,0,1642,12,88.2,2.3,10.7,11.8,0.0,0.9,2.0,1.0,0.0,1.0,0.0,0.0
2026-03-12,1538,70.5,193.3,51.5,37.0,58.1,24.9,439,3135,3285,72.5,94.8,8,17,119,468,-275,79.2,0,1538,13,74.0,15.8,11.4,26.0,0.0,0.0,2.0,1.0,0.0,1.0,0.0,0.0
2026-03-13,1626,84.7,242.3,46.5,62.4,42.7,19.8,668,4060,2013,70.8,97.0,10,17,172,582,-339,79.4,0,1626,13,85.0,15.0,10.8,15.0,0.0,0.9,0.0,1.0,0.0,1.0,0.0,0.0
2026-03-14,1642,88.7,249.4,46.5,64.4,37.6,12.8,689,4379,1640,71.5,91.5,9,17,130,492,-242,79.5,0,1642,12,88.2,2.3,10.7,11.8,0.0,0.9,2.0,1.0,0.0,1.0,0.0,0.0
2026-03-15,1538,70.5,193.3,51.5,37.0,58.1,24.9,439,3135,3285,72.5,94.8,8,17,238,713,-520,79.2,0,1538,13,74.0,15.8,11.4,26.0,0.0,0.0,2.0,1.0,0.0,1.0,0.0,0.0
2026-03-16,1927,97.9,276.5,52.0,76.2,54.5,15.8,641,4444,1126,70.3,91.9,11,17,76,376,-100,79.9,0,1927,15,85.0,2.9,9.1,15.0,0.67,1.0,3.0,1.0,0.0,1.0,1.33,0.0
2026-03-17,1927,97.9,276.5,52.0,76.2,54.5,15.8,641,4444,1126,70.3,91.9,11,17,184,607,-331,79.9,0,1927,15,85.0,2.9,9.1,15.0,0.67,1.0,3.0,1.0,0.0,1.0,1.33,0.0
2026-03-18,1538,70.5,193.3,51.5,37.0,58.1,24.9,439,3135,3285,72.5,94.8,8,17,93,413,-219,79.2,0,1538,13,74.0,15.8,11.4,26.0,0.0,0.0,2.0,1.0,0.0,1.0,0.0,0.0
2026-03-19,1626,84.7,242.3,46.5,62.4,42.7,19.8,668,4060,2013,70.8,97.0,10,17,74,372,-130,79.4,0,1626,13,85.0,15.0,10.8,15.0,0.0,0.9,0.0,1.0,0.0,1.0,0.0,0.0
2026-03-20,1642,88.7,249.4,46.5,64.4,37.6,12.8,689,4379,1640,71.5,91.5,9,17,121,473,-223,79.5,0,1642,12,88.2,2.3,10.7,11.8,0.0,0.9,2.0,1.0,0.0,1.0,0.0,0.0
2026-03-21,1494,66.6,231.2,46.9,33.9,36.2,12.6,447,3162,1540,58.1,83.2,9,18,43,306,-75,80.5,442,1052,12,87.0,2.6,11.7,13.0,0.0,0.0,2.0,1.0,0.0,1.0,0.0,1.0
2026-03-22,2637,82.2,277.6,103.7,18.5,133.4,64.5,264,2292,3332,64.5,88.2,5,18,235,713,-435,73.0,2151,486,12,54.5,12.1,36.7,30.5,0.0,0.0,2.0,1.0,0.0,0.0,0.0,0.0
2026-03-23,1927,97.9,276.5,52.0,76.2,54.5,15.8,641,4444,1126,70.3,91.9,11,18,50,321,-44,81.3,0,1927,15,85.0,2.9,9.1,15.0,0.67,1.0,3.0,1.0,0.0,1.0,1.33,0.0
2026-03-24,1927,97.9,276.5,52.0,76.2,54.5,15.8,641,4444,1126,70.3,91.9,11,18,84,394,-117,81.3,0,1927,15,85.0,2.9,9.1,15.0,0.67,1.0,3.0,1.0,0.0,1.0,1.33,0.0
2026-03-25,1626,84.7,242.3,46.5,62.4,42.7,19.8,668,4060,2013,70.8,97.0,10,18,101,430,-188,80.8,0,1626,13,85.0,15.0,10.8,15.0,0.0,0.9,0.0,1.0,0.0,1.0,0.0,0.0
2026-03-26,1642,88.7,249.4,46.5,64.4,37.6,12.8,689,4379,1640,71.5,91.5,9,18,168,573,-324,80.8,0,1642,12,88.2,2.3,10.7,11.8,0.0,0.9,2.0,1.0,0.0,1.0,0.0,0.0
2026-03-27,1538,70.5,193.3,51.5,37.0,58.1,24.9,439,3135,3285,72.5,94.8,8,18,163,562,-369,80.6,0,1538,13,74.0,15.8,11.4,26.0,0.0,0.0,2.0,1.0,0.0,1.0,0.0,0.0
2026-03-28,1626,84.7,242.3,46.5,62.4,42.7,19.8,668,4060,2013,70.8,97.0,10,17,262,713,-471,79.4,0,1626,13,85.0,15.0,10.8,15.0,0.0,0.9,0.0,1.0,0.0,1.0,0.0,0.0
2026-03-29,1642,88.7,249.4,46.5,64.4,37.6,12.8,689,4379,1640,71.5,91.5,9,17,165,567,-317,79.5,0,1642,12,88.2,2.3,10.7,11.8,0.0,0.9,2.0,1.0,0.0,1.0,0.0,0.0
2026-03-30,1968,95.7,296.1,48.8,66.9,49.1,14.9,661,4521,2978,71.5,93.1,10,18,221,687,-390,81.3,916,1052,15,90.1,2.0,8.9,9.9,0.0,0.9,2.0,1.0,0.0,1.0,0.0,1.0
2026-03-31,1861,111.6,276.7,59.4,52.4,43.4,19.2,766,4655,951,61.7,99.6,11,18,99,426,-149,77.4,1311,550,15,88.0,12.0,21.8,12.0,0.0,0.0,0.0,1.0,0.0,1.0,0.0,0.0
2026-04-01,1927,97.9,276.5,52.0,76.2,54.5,15.8,641,4444,1126,70.3,91.9,11,23,188,616,-339,87.9,0,1927,15,85.0,2.9,9.1,15.0,0.67,1.0,3.0,1.0,0.0,1.0,1.33,0.0
2026-04-02,1927,97.9,276.5,52.0,76.2,54.5,15.8,641,4444,1126,70.3,91.9,11,23,91,408,-132,87.9,0,1927,15,85.0,2.9,9.1,15.0,0.67,1.0,3.0,1.0,0.0,1.0,1.33,0.0
2026-04-03,1659,78.9,272.5,46.4,44.7,32.3,11.2,536,3475,1120,55.3,89.4,8,24,406,713,-440,88.8,0,1659,12,88.3,2.3,10.6,11.7,0.0,0.0,2.0,1.0,0.0,1.0,0.9,0.0
2026-04-04,2047,99.3,320.0,50.3,35.9,46.2,15.6,523,3529,3234,55.7,94.1,8,24,160,556,-236,87.9,0,2047,13,88.3,6.6,13.7,11.7,0.0,0.0,0.0,1.0,0.0,1.0,0.9,0.0
2026-04-05,1980,114.6,260.7,41.2,41.6,58.9,19.4,556,3309,4002,55.6,96.1,7,24,399,713,-452,87.7,0,1980,13,80.0,6.8,14.2,20.0,0.0,0.0,2.0,1.0,0.0,1.0,0.0,0.0
2026-04-06,1927,97.9,276.5,52.0,76.2,54.5,15.8,641,4444,1126,70.3,91.9,11,20,102,432,-156,83.9,0,1927,15,85.0,2.9,9.1,15.0,0.67,1.0,3.0,1.0,0.0,1.0,1.33,0.0
2026-04-07,1927,97.9,276.5,52.0,76.2,54.5,15.8,641,4444,1126,70.3,91.9,11,14,113,456,-179,75.9,0,1927,15,85.0,2.9,9.1,15.0,0.67,1.0,3.0,1.0,0.0,1.0,1.33,0.0
2026-04-08,2000,96.4,275.4,59.7,41.8,63.1,28.2,605,3524,1454,73.2,97.4,7,15,117,464,-189,72.6,930,1070,14,81.4,7.0,24.8,14.8,0.0,0.0,2.0,1.0,0.0,1.0,0.0,0.0
2026-04-09,1659,78.9,272.5,46.4,44.7,32.3,11.2,536,3475,1120,55.3,89.4,8,15,111,451,-179,76.8,0,1659,12,88.3,2.3,10.6,11.7,0.0,0.0,2.0,1.0,0.0,1.0,0.9,0.0
2026-04-10,1936,77.2,346.0,70.9,42.5,30.7,10.9,533,4026,2335,59.1,87.6,10,18,218,680,-334,78.7,798,1138,15,92.5,2.0,17.8,7.5,0.0,0.0,0.0,1.0,0.0,1.0,0.9,0.0
2026-04-11,1980,114.6,260.7,41.2,41.6,58.9,19.4,556,3309,4002,55.6,96.1,7,18,127,485,-225,79.7,0,1980,13,80.0,6.8,14.2,20.0,0.0,0.0,2.0,1.0,0.0,1.0,0.0,0.0
2026-04-12,1659,78.9,272.5,46.4,44.7,32.3,11.2,536,3475,1120,55.3,89.4,8,18,452,713,-440,80.8,0,1659,12,88.3,2.3,10.6,11.7,0.0,0.0,2.0,1.0,0.0,1.0,0.9,0.0
2026-04-13,1927,97.9,276.5,52.0,76.2,54.5,15.8,641,4444,1126,70.3,91.9,11,18,116,462,-185,81.3,0,1927,15,85.0,2.9,9.1,15.0,0.67,1.0,3.0,1.0,0.0,1.0,1.33,0.0
2026-04-14,1927,97.9,276.5,52.0,76.2,54.5,15.8,641,4444,1126,70.3,91.9,11,18,117,464,-188,81.3,0,1927,15,85.0,2.9,9.1,15.0,0.67,1.0,3.0,1.0,0.0,1.0,1.33,0.0
2026-04-15,1487,61.2,253.8,43.4,45.0,30.3,9.3,499,3458,1987,31.6,85.7,9,19,225,695,-441,81.8,938,550,12,97.4,2.6,11.8,2.6,0.0,0.0,0.0,1.0,0.8,1.0,0.0,0.0
2026-04-16,2047,99.3,320.0,50.3,35.9,46.2,15.6,523,3529,3234,55.7,94.1,8,19,100,428,-108,81.2,0,2047,13,88.3,6.6,13.7,11.7,0.0,0.0,0.0,1.0,0.0,1.0,0.9,0.0
2026-04-17,1980,114.6,260.7,41.2,41.6,58.9,19.4,556,3309,4002,55.6,96.1,7,17,199,639,-379,78.4,0,1980,13,80.0,6.8,14.2,20.0,0.0,0.0,2.0,1.0,0.0,1.0,0.0,0.0
2026-04-18,1659,78.9,272.5,46.4,44.7,32.3,11.2,536,3475,1120,55.3,89.4,8,17,469,713,-440,79.5,0,1659,12,88.3,2.3,10.6,11.7,0.0,0.0,2.0,1.0,0.0,1.0,0.9,0.0
2026-04-19,714,34.7,98.3,15.0,22.8,21.0,3.0,266,1677,493,29.3,52.8,5,19,111,451,-353,85.3,714,0,5,100.0,0.0,0.0,0.0,0.53,0.0,0.0,0.0,0.9,0.0,0.0,1.0
2026-04-20,1927,97.9,276.5,52.0,76.2,54.5,15.8,641,4444,1126,70.3,91.9,11,19,270,713,-436,82.6,0,1927,15,85.0,2.9,9.1,15.0,0.67,1.0,3.0,1.0,0.0,1.0,1.33,0.0
2026-04-21,1927,97.9,276.5,52.0,76.2,54.5,15.8,641,4444,1126,70.3,91.9,11,19,98,423,-147,82.6,0,1927,15,85.0,2.9,9.1,15.0,0.67,1.0,3.0,1.0,0.0,1.0,1.33,0.0
2026-04-22,2047,99.3,320.0,50.3,35.9,46.2,15.6,523,3529,3234,55.7,94.1,8,17,230,706,-386,78.5,0,2047,13,88.3,6.6,13.7,11.7,0.0,0.0,0.0,1.0,0.0,1.0,0.9,0.0
2026-04-23,1970,98.5,255.6,38.2,33.8,64.2,24.1,490,2968,1092,64.6,88.1,11,22,166,569,-313,78.4,1421,550,14,82.8,1.9,36.3,17.2,0.0,0.0,0.0,1.0,0.0,1.0,0.0,0.0
2026-04-24,830,51.5,122.6,28.7,41.6,18.0,9.9,365,3158,918,64.4,84.8,8,23,150,535,-412,85.1,830,0,9,80.9,19.1,18.6,19.1,0.0,0.9,0.0,1.0,0.0,0.0,0.0,1.0
2026-04-25,2569,107.2,378.5,91.9,40.5,74.8,31.2,596,3969,3522,59.4,95.7,9,22,194,629,-250,80.0,522,2047,15,90.7,5.2,31.2,9.3,0.0,0.0,0.0,1.0,0.0,1.0,0.9,1.0
2026-04-26,1930,107.6,260.6,51.4,43.3,58.6,20.8,503,3145,3777,51.7,95.7,8,21,169,575,-315,83.6,1380,550,13,82.3,12.3,14.6,17.7,0.0,0.0,0.0,1.0,1.25,1.0,0.0,0.0
2026-04-27,1799,84.0,265.6,61.5,48.9,49.5,21.4,483,3130,966,49.6,84.3,9,22,249,713,-447,81.1,1250,550,12,97.9,2.1,27.5,13.0,0.0,0.0,0.0,1.0,0.0,1.0,0.0,1.0
2026-04-28,1577,77.3,248.7,52.0,66.5,34.7,13.7,560,4205,1005,59.9,91.4,11,22,98,423,-175,84.5,389,1187,14,96.5,3.5,16.0,3.5,0.0,1.0,0.0,1.0,0.0,1.0,1.33,0.0
2026-04-29,1587,72.5,292.7,51.7,60.4,19.2,7.3,559,4097,742,62.6,88.0,9,24,144,522,-229,88.7,1037,550,11,97.6,2.4,11.1,2.4,0.0,0.0,0.0,1.0,0.0,1.0,1.4,0.0
2026-04-30,2199,119.9,265.0,43.5,42.3,80.2,23.4,569,3405,3959,62.5,96.7,7,22,86,398,-133,85.5,909,1289,13,78.4,6.1,12.8,21.6,0.67,0.0,3.0,1.0,0.0,1.0,0.0,0.0
2026-05-01,1412,81.0,167.6,47.4,27.5,46.5,15.1,252,3111,3986,69.7,81.9,5,22,519,713,-545,85.9,1412,0,8,77.6,0.0,11.4,42.3,0.0,0.0,2.0,0.0,0.0,0.0,0.0,0.0
2026-05-02,1479,73.3,259.7,63.5,71.6,21.9,8.2,592,4806,654,63.7,89.7,13,23,157,550,-290,87.1,292,1187,16,96.2,3.8,11.9,3.8,0.0,1.0,0.0,1.0,0.0,1.0,1.33,0.0
2026-05-03,1799,130.2,261.2,53.9,55.8,32.2,9.9,659,4565,1499,49.7,91.1,12,25,604,713,-452,90.4,700,1099,16,81.8,2.1,9.8,18.2,0.0,0.0,0.0,1.0,0.75,1.0,0.0,0.0
2026-05-04,1927,97.9,276.5,52.0,76.2,54.5,15.8,641,4444,1126,70.3,91.9,11,24,127,485,-209,89.3,0,1927,15,85.0,2.9,9.1,15.0,0.67,1.0,3.0,1.0,0.0,1.0,1.33,0.0
2026-05-05,1927,97.9,276.5,52.0,76.2,54.5,15.8,641,4444,1126,70.3,91.9,11,22,95,417,-141,86.6,0,1927,15,85.0,2.9,9.1,15.0,0.67,1.0,3.0,1.0,0.0,1.0,1.33,0.0
2026-05-06,1585,77.9,275.5,68.2,56.1,28.1,8.7,661,4385,1164,57.2,90.8,11,22,101,430,-154,86.0,0,1585,14,97.6,2.4,11.1,2.4,0.0,0.0,0.0,1.0,0.75,1.0,0.0,0.0
2026-05-07,1574,77.0,259.8,66.5,49.3,32.6,13.4,668,4430,862,52.9,92.4,9,23,155,545,-286,87.3,0,1574,14,91.1,8.9,11.1,8.9,0.0,0.0,0.0,1.0,0.0,1.0,0.0,0.0
2026-05-08,1638,78.8,272.5,57.0,49.5,33.0,13.0,663,3566,608,49.5,90.2,10,22,257,713,-440,86.1,0,1638,14,91.4,8.6,10.7,8.6,0.0,0.0,0.0,1.0,0.75,1.0,0.0,0.0
2026-05-09,1915,120.2,258.8,52.1,55.1,50.1,16.9,649,4446,1473,57.0,91.2,12,22,392,713,-454,86.6,816,1099,16,75.9,2.0,9.2,24.1,0.0,0.0,0.0,1.0,0.75,1.0,0.0,0.0
2026-05-10,1574,77.0,259.8,66.5,49.3,32.6,13.4,668,4430,862,52.9,92.4,9,21,184,607,-348,84.7,0,1574,14,91.1,8.9,11.1,8.9,0.0,0.0,0.0,1.0,0.0,1.0,0.0,0.0
2026-05-11,1733,99.4,286.5,61.9,45.1,27.6,9.0,590,3644,612,46.6,87.7,11,24,103,434,-148,89.0,634,1099,15,86.4,2.2,10.1,13.6,0.0,0.0,0.0,2.0,0.75,1.0,0.0,1.0
2026-05-12,1778,84.9,285.8,72.0,50.9,38.6,13.9,629,5288,1505,69.4,93.8,11,20,191,622,-337,83.7,742,1036,15,97.8,2.2,9.9,2.2,0.0,0.0,0.0,1.0,0.0,1.0,0.0,0.0
2026-05-13,1927,97.9,276.5,52.0,76.2,54.5,15.8,641,4444,1126,70.3,91.9,11,25,412,713,-436,90.6,0,1927,15,85.0,2.9,9.1,15.0,0.67,1.0,3.0,1.0,0.0,1.0,1.33,0.0
2026-05-14,1927,97.9,276.5,52.0,76.2,54.5,15.8,641,4444,1126,70.3,91.9,11,25,86,398,-121,90.6,0,1927,15,85.0,2.9,9.1,15.0,0.67,1.0,3.0,1.0,0.0,1.0,1.33,0.0
2026-05-15,1585,77.9,275.5,68.2,56.1,28.1,8.7,661,4385,1164,57.2,90.8,11,25,124,479,-204,90.0,0,1585,14,97.6,2.4,11.1,2.4,0.0,0.0,0.0,1.0,0.75,1.0,0.0,0.0
2026-05-16,1574,77.0,259.8,66.5,49.3,32.6,13.4,668,4430,862,52.9,92.4,9,21,159,554,-294,84.7,0,1574,14,91.1,8.9,11.1,8.9,0.0,0.0,0.0,1.0,0.0,1.0,0.0,0.0
2026-05-17,1581,71.3,248.6,40.2,38.0,35.7,13.3,457,2833,1763,62.1,89.6,9,24,402,713,-464,92.0,493,1088,12,93.5,6.5,0.0,6.5,0.0,0.0,0.0,0.0,0.75,0.0,0.0,0.0
2026-05-18,1739,91.1,229.9,49.7,60.1,59.7,15.8,689,4168,1720,78.6,95.0,10,22,97,421,-191,86.3,450,1289,13,84.3,2.2,10.1,15.7,0.67,0.0,3.0,1.0,1.25,1.0,0.0,0.0
2026-05-19,2030,87.3,364.7,62.3,75.4,29.8,9.4,625,4735,1629,55.1,90.6,13,22,228,701,-337,86.7,843,1187,17,97.3,2.7,8.6,2.7,0.0,1.0,0.0,1.0,0.0,1.0,1.33,0.0
2026-05-20,1927,97.9,276.5,52.0,76.2,54.5,15.8,641,4444,1126,70.3,91.9,11,22,230,706,-429,86.6,0,1927,15,85.0,2.9,9.1,15.0,0.67,1.0,3.0,1.0,0.0,1.0,1.33,0.0
2026-05-21,1366,69.8,217.6,47.2,47.2,27.4,7.7,430,3967,1938,71.8,91.3,9,26,108,445,-227,94.7,817,550,12,94.3,0.0,0.0,5.7,0.0,0.0,1.0,0.0,0.75,0.0,0.0,0.0
2026-05-22,1552,74.1,261.9,65.0,43.7,30.2,12.3,560,4318,849,50.9,91.6,8,26,211,665,-403,91.3,516,1036,15,91.9,8.1,11.3,8.1,0.0,0.0,0.0,1.0,0.0,1.0,0.0,0.0
2026-05-23,1686,51.8,282.0,84.5,25.8,41.1,18.2,258,1588,841,42.7,67.3,7,28,102,432,-150,83.4,1136,550,8,92.2,7.8,39.1,7.8,0.0,0.0,0.0,0.0,0.75,0.0,0.0,0.0
2026-05-24,2402,130.1,341.1,44.2,38.8,59.6,20.8,575,4379,1418,59.4,89.2,10,27,650,713,-372,88.4,1852,550,14,79.3,1.6,18.1,20.7,0.0,0.0,0.0,1.0,0.0,1.0,0.0,0.0
2026-05-25,1927,97.9,276.5,52.0,76.2,54.5,15.8,641,4444,1126,70.3,91.9,11,26,21,259,18,89.8,0,1927,15,85.0,2.9,9.1,15.0,0.67,1.0,3.0,1.0,0.0,1.0,1.33,0.0
2026-05-26,1927,97.9,276.5,52.0,76.2,54.5,15.8,641,4444,1126,70.3,91.9,11,25,164,565,-288,88.5,0,1927,15,85.0,2.9,9.1,15.0,0.67,1.0,3.0,1.0,0.0,1.0,1.33,0.0
2026-05-27,1675,94.3,254.7,51.2,42.5,38.9,16.7,539,3063,1737,54.9,96.5,10,25,114,458,-203,81.6,576,1099,14,86.5,13.5,32.0,13.5,0.0,0.0,0.0,1.0,0.75,1.0,0.0,0.0
2026-05-28,1574,77.0,259.8,66.5,49.3,32.6,13.4,668,4430,862,52.9,92.4,9,22,145,524,-264,83.8,0,1574,14,91.1,8.9,11.1,8.9,0.0,0.0,0.0,1.0,0.0,1.0,0.0,0.0
2026-05-29,1292,61.4,198.3,38.7,33.0,31.5,14.9,419,2098,833,46.4,80.1,6,23,412,713,-515,84.4,742,550,10,85.6,14.4,13.6,14.4,0.0,0.0,0.0,1.0,0.0,1.0,0.0,0.0
2026-05-30,2042,94.5,289.0,67.1,51.5,64.7,23.0,618,4784,2241,73.6,91.1,10,23,130,492,-203,80.9,1007,1036,14,74.3,1.9,32.5,25.7,0.0,0.0,0.0,1.0,0.0,1.0,1.0,0.0
2026-05-31,1582,77.7,262.0,63.6,44.5,32.5,13.8,614,4563,920,63.7,93.7,9,20,275,713,-451,83.3,546,1036,15,90.2,9.8,11.1,9.8,0.0,0.0,0.0,1.0,0.0,1.0,0.0,0.0
2026-06-01,1765,74.5,256.6,62.2,40.4,52.9,22.9,472,3428,2246,47.2,91.8,8,21,101,430,-173,73.0,539,1226,13,93.6,2.2,61.0,2.2,0.0,0.0,0.0,1.0,0.0,1.0,0.0,0.0
2026-06-02,1636,71.4,299.5,55.2,67.7,22.0,8.4,559,4564,1033,55.8,88.6,11,21,317,713,-413,84.8,449,1187,15,96.6,3.4,10.7,3.4,0.0,1.0,0.0,1.0,0.0,1.0,1.33,0.0
2026-06-03,1937,77.2,254.0,63.4,32.3,70.7,26.4,429,2902,2743,55.2,90.3,7,19,151,537,-283,73.3,711,1226,12,94.1,2.0,40.1,2.0,0.0,0.0,0.0,1.0,0.0,1.0,0.0,0.0
2026-06-04,2003,95.7,235.1,85.5,28.6,78.9,35.5,430,3282,1312,79.6,91.7,8,21,133,498,-263,75.8,738,1265,13,76.2,1.9,40.7,20.0,0.0,0.0,0.0,1.0,0.0,1.0,0.0,0.0
2026-06-05,1772,95.0,202.0,64.6,30.0,67.4,28.3,434,3447,1364,63.8,91.5,8,20,188,616,-414,73.5,546,1226,13,72.4,2.2,43.8,23.3,0.0,0.0,0.0,1.0,0.0,1.0,0.75,0.0
2026-06-06,1927,97.9,276.5,52.0,76.2,54.5,15.8,641,4444,1126,70.3,91.9,11,20,134,500,-224,83.9,0,1927,15,85.0,2.9,9.1,15.0,0.67,1.0,3.0,1.0,0.0,1.0,1.33,0.0
2026-06-07,3363,109.6,490.4,162.7,45.6,110.9,52.6,603,4274,2719,69.2,100.0,7,19,369,713,-223,70.3,2137,1226,18,92.2,5.5,53.9,5.5,0.0,0.0,0.0,3.0,0.0,1.0,0.0,1.0
2026-06-08,1690,63.7,207.9,72.8,30.7,70.7,33.5,472,3119,1454,73.2,89.1,8,20,86,398,-190,71.7,425,1265,11,93.3,2.3,52.8,2.3,0.0,0.0,0.0,1.0,0.0,1.0,0.0,0.0
2026-06-09,2393,115.5,273.1,64.8,29.6,94.2,38.4,454,2966,3721,66.1,97.0,6,19,82,389,-116,74.7,1167,1226,13,82.5,1.6,35.5,14.4,0.0,0.0,3.0,1.0,0.0,1.0,0.0,0.0
2026-06-10,1927,97.9,276.5,52.0,76.2,54.5,15.8,641,4444,1126,70.3,91.9,11,19,132,496,-220,82.6,0,1927,15,85.0,2.9,9.1,15.0,0.67,1.0,3.0,1.0,0.0,1.0,1.33,0.0
2026-06-11,1927,97.9,276.5,52.0,76.2,54.5,15.8,641,4444,1126,70.3,91.9,11,17,164,565,-288,79.9,0,1927,15,85.0,2.9,9.1,15.0,0.67,1.0,3.0,1.0,0.0,1.0,1.33,0.0
2026-06-12,2439,99.7,270.7,76.6,27.9,108.4,53.1,437,2683,3849,55.7,95.3,6,17,213,669,-399,71.3,0,2439,12,82.3,10.2,37.8,14.6,0.0,0.0,0.0,1.0,0.0,1.0,0.0,0.0
2026-06-13,1335,65.5,221.0,49.3,41.5,26.4,12.1,476,3809,751,50.1,87.8,9,20,120,471,-250,82.7,785,550,13,89.5,10.5,13.1,10.5,0.0,0.0,0.0,1.0,0.0,1.0,0.0,0.0
2026-06-14,2835,105.1,330.7,110.2,30.1,122.8,59.7,455,2827,4065,60.1,96.2,6,19,339,713,-382,71.4,396,2439,13,84.8,8.8,46.5,12.5,0.0,0.0,0.0,1.0,0.0,1.0,0.0,0.0
2026-06-15,1724,82.0,297.0,55.4,66.2,29.0,13.4,556,4088,435,52.5,91.5,11,16,102,432,-135,78.3,537,1187,15,90.0,10.0,10.2,10.0,0.0,1.0,0.0,1.0,0.0,1.0,1.33,0.0
2026-06-16,1603,100.3,216.6,49.4,62.9,41.5,16.7,539,4413,417,71.8,88.5,11,17,159,554,-337,79.4,416,1187,15,73.1,3.5,10.9,26.9,0.0,1.0,0.0,1.0,0.0,1.0,1.33,0.0
2026-06-17,1535,69.4,248.5,45.3,39.8,35.1,14.8,444,2476,1003,31.5,85.2,9,20,271,713,-464,83.2,986,550,12,88.0,12.0,11.4,12.0,0.0,0.0,0.0,1.0,1.0,1.0,0.0,0.0
2026-06-18,1701,90.2,221.7,48.0,57.0,59.1,15.7,677,4182,1719,79.8,94.2,9,21,111,451,-230,84.9,412,1289,12,84.0,2.3,10.3,16.0,0.67,0.0,3.0,1.0,1.25,1.0,0.0,0.0
2026-06-19,1770,70.8,184.6,50.7,21.8,83.3,30.8,246,1844,2150,57.4,73.4,3,22,84,394,-209,74.3,354,1416,9,80.7,1.8,52.1,15.0,0.67,0.0,3.0,0.0,0.0,0.0,0.0,1.0
2026-06-20,2360,91.3,240.6,55.8,13.5,111.7,53.5,219,1761,5080,57.4,82.0,4,21,233,712,-472,78.5,470,1890,9,83.4,8.9,31.7,13.4,0.0,0.0,0.0,0.0,0.0,0.0,0.0,0.0
2026-06-21,2967,138.1,374.9,62.1,46.1,102.2,36.3,542,4380,5194,84.7,100.0,11,26,153,541,-166,93.9,2417,550,15,90.2,2.1,2.4,9.8,0.67,0.0,2.0,0.0,0.75,0.0,0.0,1.0
2026-06-22,1927,97.9,276.5,52.0,76.2,54.5,15.8,641,4444,1126,70.3,91.9,11,25,98,423,-147,90.6,0,1927,15,85.0,2.9,9.1,15.0,0.67,1.0,3.0,1.0,0.0,1.0,1.33,0.0
2026-06-23,2276,108.0,345.5,111.6,84.2,60.9,19.0,723,5776,1205,84.7,96.8,14,28,85,396,-50,93.8,350,1927,19,83.3,6.5,11.8,16.7,0.67,1.0,3.0,1.0,0.0,1.0,1.33,0.0
2026-06-24,1709,71.2,202.1,73.2,28.5,72.7,32.7,403,2449,1151,57.7,82.8,7,26,123,477,-275,80.4,444,1265,12,79.7,2.2,47.7,15.9,0.0,0.0,3.0,1.0,0.0,1.0,0.0,0.0
2026-06-25,1483,68.4,237.4,54.1,49.1,34.4,13.1,501,3677,1678,65.6,93.7,7,27,122,475,-237,90.7,934,550,11,93.5,6.5,17.8,6.5,0.0,0.0,0.0,0.0,1.75,0.0,0.0,0.0
2026-06-26,1868,85.6,232.7,43.0,39.1,70.3,24.8,489,3189,3400,61.1,95.9,8,27,46,312,-80,91.5,1318,550,12,92.2,2.1,15.1,7.8,0.67,0.0,0.0,1.0,0.0,1.0,0.0,0.0
2026-06-27,1938,111.5,208.8,54.5,28.8,75.2,29.9,451,3733,1363,61.2,92.0,7,28,42,304,-95,85.3,711,1226,13,67.6,2.0,40.1,28.5,0.0,0.0,1.0,1.0,0.0,1.0,0.0,0.0
2026-06-28,1538,56.0,212.9,74.3,31.9,57.3,27.8,428,2684,990,56.7,81.4,9,25,100,428,-215,78.3,273,1265,13,92.6,2.5,53.0,2.5,0.0,0.0,0.0,1.0,0.0,1.0,0.0,0.0
2026-06-29,1709,92.9,159.2,47.0,14.1,76.4,35.7,220,1619,3880,56.2,76.8,2,25,7,229,-70,78.3,1032,676,9,69.4,10.8,63.3,26.2,0.0,0.0,0.0,0.0,0.0,0.0,0.0,0.0
2026-06-30,2655,99.0,303.2,94.9,17.7,113.9,55.9,274,2249,4938,77.2,88.5,4,19,116,462,-159,71.1,766,1890,11,82.5,7.9,47.1,14.7,0.0,0.0,0.0,0.0,0.0,0.0,0.0,0.0
2026-07-01,1927,97.9,276.5,52.0,76.2,54.5,15.8,641,4444,1126,70.3,91.9,11,23,251,713,-436,87.9,0,1927,15,85.0,2.9,9.1,15.0,0.67,1.0,3.0,1.0,0.0,1.0,1.33,0.0
2026-07-02,1927,97.9,276.5,52.0,76.2,54.5,15.8,641,4444,1126,70.3,91.9,11,19,208,659,-382,82.6,0,1927,15,85.0,2.9,9.1,15.0,0.67,1.0,3.0,1.0,0.0,1.0,1.33,0.0
2026-07-03,1489,66.7,237.4,65.2,44.8,36.0,12.6,526,4279,928,80.1,89.0,9,21,181,601,-364,84.5,0,1489,12,81.7,2.6,11.8,18.3,0.0,0.0,3.0,1.0,0.0,1.0,2.54,0.0
2026-07-04,1619,77.8,227.6,35.8,13.4,43.4,19.8,213,1549,2023,57.2,73.1,3,19,97,421,-194,80.5,1619,0,9,81.0,14.6,16.2,32.0,0.0,0.0,0.0,0.0,0.0,0.0,0.0,0.0
2026-07-05,1489,89.4,215.0,59.4,63.9,37.3,12.8,663,4882,869,82.0,92.1,11,19,397,713,-498,81.8,0,1489,14,81.7,2.6,11.8,18.3,0.0,0.98,3.0,1.0,0.0,1.0,0.0,0.0
2026-07-06,1927,97.9,276.5,52.0,76.2,54.5,15.8,641,4444,1126,70.3,91.9,11,18,129,490,-213,81.3,0,1927,15,85.0,2.9,9.1,15.0,0.67,1.0,3.0,1.0,0.0,1.0,1.33,0.0
2026-07-07,1927,97.9,276.5,52.0,76.2,54.5,15.8,641,4444,1126,70.3,91.9,11,17,119,468,-192,79.9,0,1927,15,85.0,2.9,9.1,15.0,0.67,1.0,3.0,1.0,0.0,1.0,1.33,0.0
2026-07-08,1248,67.1,221.8,71.3,63.3,20.8,7.5,662,5161,406,62.6,90.5,10,19,72,368,-146,81.1,212,1036,13,96.9,3.1,14.1,3.1,0.0,0.98,0.0,1.0,0.0,1.0,0.0,0.0
2026-07-09,1489,66.7,237.4,65.2,44.8,36.0,12.6,526,4279,928,80.1,89.0,9,19,130,492,-254,81.8,0,1489,12,81.7,2.6,11.8,18.3,0.0,0.0,3.0,1.0,0.0,1.0,2.54,0.0
2026-07-10,1705,83.1,253.6,46.3,48.9,47.3,16.2,614,4417,1695,82.0,92.4,10,22,185,610,-356,81.0,1155,550,13,84.0,2.3,27.9,16.0,0.0,0.0,3.0,1.0,1.25,1.0,0.0,0.0
2026-07-11,1489,89.4,215.0,59.4,63.9,37.3,12.8,663,4882,869,82.0,92.1,11,21,66,355,-140,84.5,0,1489,14,81.7,2.6,11.8,18.3,0.0,0.98,3.0,1.0,0.0,1.0,0.0,0.0
2026-07-12,3534,161.7,415.6,104.1,44.6,137.7,59.7,686,5105,6661,83.2,100.0,11,24,298,713,-297,86.2,2531,1003,18,82.5,7.9,19.2,17.5,0.0,0.0,3.0,1.0,0.0,1.0,0.0,1.0
2026-07-13,1927,97.9,276.5,52.0,76.2,54.5,15.8,641,4444,1126,70.3,91.9,11,24,211,665,-389,89.3,0,1927,15,85.0,2.9,9.1,15.0,0.67,1.0,3.0,1.0,0.0,1.0,1.33,0.0
2026-07-14,1927,97.9,276.5,52.0,76.2,54.5,15.8,641,4444,1126,70.3,91.9,11,24,72,368,-91,89.3,0,1927,15,85.0,2.9,9.1,15.0,0.67,1.0,3.0,1.0,0.0,1.0,1.33,0.0
2026-07-15,1585,85.2,226.1,57.3,51.3,44.2,13.6,530,3320,1661,72.5,90.5,9,23,147,528,-302,87.3,582,1003,13,82.8,2.4,11.1,17.2,0.0,0.0,3.0,1.0,1.25,1.0,0.0,0.0
2026-07-16,1691,67.0,294.2,64.5,43.1,31.1,12.0,511,4115,1032,67.5,87.4,8,23,108,445,-151,87.6,655,1036,10,97.7,2.3,10.4,14.7,0.0,0.0,0.0,1.0,0.0,1.0,2.54,0.0
2026-07-17,1312,65.1,196.4,44.2,35.6,35.4,12.6,471,3866,667,63.9,85.6,8,22,200,642,-445,85.3,310,1003,12,79.2,2.9,13.4,20.8,0.0,0.0,3.0,1.0,0.0,1.0,0.0,0.0
2026-07-18,1581,68.2,250.4,70.2,45.2,39.6,14.4,540,4434,1000,80.4,89.7,10,20,352,713,-462,81.6,92,1489,14,82.8,2.4,16.8,17.2,0.0,0.0,3.0,1.0,0.0,1.0,2.54,1.0
2026-07-19,1513,81.8,233.4,63.7,69.5,34.7,13.4,733,5865,1247,70.2,95.5,10,21,11,237,-4,84.5,477,1036,13,97.5,2.5,11.6,2.5,0.0,0.98,0.0,1.0,0.0,1.0,0.75,0.0
2026-07-20,1801,84.3,288.4,54.6,70.5,39.9,14.8,589,4382,1394,70.7,90.8,12,22,188,616,-328,77.7,614,1187,15,96.9,3.1,38.6,3.1,0.0,1.0,0.0,1.0,0.0,1.0,1.33,0.0
2026-07-21,1532,67.5,196.6,71.5,40.4,58.8,25.5,415,2978,1544,46.6,86.3,8,22,74,372,-176,78.4,983,550,10,97.5,2.5,36.5,2.5,0.0,0.0,0.0,1.0,1.1,1.0,0.0,0.0
2026-07-22,2873,121.4,483.5,152.1,100.0,61.2,21.8,942,8734,2460,83.1,97.9,13,23,79,383,101,84.4,1901,972,17,91.1,0.8,21.0,8.9,0.0,0.98,3.0,3.0,0.0,1.2,2.54,0.0
2026-07-23,1677,41.6,268.1,97.2,29.1,54.5,27.1,423,2687,447,33.7,75.0,9,24,208,659,-391,78.4,1677,0,11,93.9,6.1,38.2,6.1,0.0,0.0,0.0,2.0,0.0,1.2,0.0,1.0
2026-07-24,1927,97.9,276.5,52.0,76.2,54.5,15.8,641,4444,1126,70.3,91.9,11,24,93,413,-136,87.1,0,1927,15,85.0,2.9,9.1,15.0,0.67,1.0,3.0,1.0,0.0,1.0,1.33,0.0
2026-07-25,1614,83.2,178.6,42.1,41.6,67.8,21.1,496,3199,1706,67.6,90.6,7,23,242,713,-534,85.3,325,1289,10,83.1,2.4,10.9,16.9,0.67,0.0,3.0,1.0,0.0,1.0,0.0,0.0
2026-07-26,2258,101.6,294.1,96.0,68.9,82.3,37.7,698,5149,1340,85.8,94.8,12,25,119,468,-174,80.4,769,1489,17,83.4,6.2,36.1,16.6,0.0,0.98,3.0,1.0,0.0,1.0,0.0,0.0
2026-07-27,1653,89.7,219.1,44.9,43.4,48.7,17.2,423,4176,1871,89.0,96.1,6,26,198,637,-418,92.5,714,939,10,64.6,7.1,0.0,35.4,0.0,0.0,6.0,0.0,0.0,0.0,2.54,0.0
2026-07-28,1374,44.9,273.5,74.0,50.1,18.6,7.2,531,4763,552,59.4,83.1,7,24,94,415,-141,86.0,338,1036,11,97.2,2.8,12.8,2.8,0.0,0.0,0.0,1.0,0.0,1.0,3.79,0.0
2026-07-29,1492,83.2,244.2,58.7,63.3,29.0,13.0,699,4485,410,64.8,92.1,9,24,83,391,-147,86.3,457,1036,12,89.6,10.4,11.8,10.4,0.0,0.98,0.0,1.0,0.0,1.0,0.0,0.0
2026-07-30,1927,97.9,276.5,52.0,76.2,54.5,15.8,641,4444,1126,70.3,91.9,11,21,100,428,-151,85.3,0,1927,15,85.0,2.9,9.1,15.0,0.67,1.0,3.0,1.0,0.0,1.0,1.33,0.0
2026-07-31,1513,81.8,233.4,63.7,69.5,34.7,13.4,733,5865,1247,70.2,95.5,10,21,106,441,-207,84.5,477,1036,13,97.5,2.5,11.6,2.5,0.0,0.98,0.0,1.0,0.0,1.0,0.75,0.0
2026-08-01,1927,97.9,276.5,52.0,76.2,54.5,15.8,641,4444,1126,70.3,91.9,11,21,76,376,-100,85.3,0,1927,15,85.0,2.9,9.1,15.0,0.67,1.0,3.0,1.0,0.0,1.0,1.33,0.0
2026-08-02,1293,39.0,148.3,68.9,14.8,58.2,26.1,155,1890,1607,59.6,54.4,4,22,100,428,-279,72.2,322,971,6,100.0,0.0,62.1,0.0,0.0,0.0,0.0,0.0,0.0,0.0,0.0,2.0
2026-08-03,2032,88.3,320.1,106.2,66.7,52.2,23.1,732,5586,2001,55.8,94.9,9,23,165,567,-247,78.8,480,1552,15,98.1,1.9,32.3,1.9,0.0,0.0,0.0,1.0,0.0,1.0,0.0,0.0
2026-08-04,1719,61.1,256.5,87.2,48.3,56.3,18.8,472,3504,1082,62.4,87.4,11,23,95,417,-161,77.0,684,1035,14,93.2,2.2,38.3,6.8,0.53,0.0,1.0,1.0,1.0,1.0,1.0,1.0
2026-08-05,1927,97.9,276.5,52.0,76.2,54.5,15.8,641,4444,1126,70.3,91.9,11,22,128,488,-211,84.5,0,1927,15,85.0,2.9,9.1,15.0,0.67,1.0,3.0,1.0,0.0,1.0,1.33,0.0
2026-08-06,1189,52.9,183.5,44.5,35.8,32.0,12.9,441,4136,861,53.5,84.3,9,23,83,391,-208,84.1,639,550,11,96.8,3.2,14.8,3.2,0.0,0.0,0.0,1.0,0.0,1.0,0.0,0.0
2026-08-07,1927,97.9,276.5,52.0,76.2,54.5,15.8,641,4444,1126,70.3,91.9,11,20,157,550,-273,81.8,0,1927,15,85.0,2.9,9.1,15.0,0.67,1.0,3.0,1.0,0.0,1.0,1.33,0.0
2026-08-08,2023,73.7,309.7,115.6,47.9,58.0,25.7,538,3876,1661,45.3,92.8,8,20,409,713,-403,69.5,988,1035,13,94.4,1.9,52.1,1.9,0.0,0.0,0.0,1.0,0.0,1.0,0.0,1.0
2026-08-09,1398,63.9,222.1,62.0,44.9,31.1,13.4,428,4215,1908,59.0,91.0,5,20,111,451,-229,79.8,395,1003,10,94.6,0.0,22.9,0.0,0.0,0.0,0.0,0.0,0.0,0.0,0.0,0.0
2026-08-10,2228,103.2,274.4,51.6,42.8,87.0,27.2,540,3080,3045,66.8,96.0,7,21,202,646,-372,85.6,938,1289,12,78.7,10.8,7.9,21.3,0.67,0.0,3.0,1.0,0.0,1.0,0.0,0.0
2026-08-11,1927,97.9,276.5,52.0,76.2,54.5,15.8,641,4444,1126,70.3,91.9,11,18,0,214,63,81.3,0,1927,15,85.0,2.9,9.1,15.0,0.67,1.0,3.0,1.0,0.0,1.0,1.33,0.0
