date,name,type,moving_time_s,elapsed_time_s,distance_m,elevation_m,calories,training_load,intensity,avg_hr,max_hr,avg_power_w,np_w
2015-03-29,Lunch Ride,Ride,37,256,202.29,0.0,4,,,,,,
2015-03-29,Lunch Ride,Ride,11685,12013,133579.45,1181.0,4478,,,,,,
2015-09-23,,,,,,,,,,,,,
2016-02-04,Lunch Ride,Ride,3968,4005,25423.96,193.0,726,,,,,,
2016-02-15,Lunch Ride,Ride,6349,6349,,308.0,1465,,,,,,
2016-02-18,Lunch Ride,Ride,8400,8705,49024.49,610.0,1335,,,,,,
2016-02-22,Lunch Ride,Ride,7207,7207,,752.0,1214,,,,,,
2016-03-02,Morning Ride,Ride,10100,10100,,1166.0,1725,,,,,,
2016-03-19,Morning Ride,Ride,6079,6079,,989.0,671,,,,,,
2016-03-21,Morning Ride,Ride,9981,9981,,2335.0,1834,,,,,,
2016-03-23,Afternoon Ride,Ride,7579,7916,46333.34,553.0,1307,,,,,,
2016-03-24,Morning Ride,Ride,14898,14898,,2131.0,2703,,,,,,
2016-03-27,Afternoon Ride,Ride,8415,8415,,1693.0,1696,,,,,,
2016-03-29,Morning Ride,Ride,13705,13705,,1425.0,3718,,,,,,
2016-04-10,Morning Ride,Ride,12524,12524,,1874.0,2388,,,,,,
2016-04-18,Lunch Ride,Ride,10087,10568,74675.49,618.0,2437,,,,,,
2016-04-22,Morning Ride,Ride,15678,15940,115144.34,1593.0,3648,,,,,,
2016-04-25,Lunch Ride,Ride,19137,22632,133642.6,1440.0,4015,,,,,,
2016-04-29,Morning Ride,Ride,10799,11049,84265.08,875.0,2775,,,,,,
2016-05-03,Afternoon Ride,Ride,4782,5396,38395.43,169.0,1229,,,,,,
2016-05-08,Morning Ride,Ride,10908,11389,100005.8,196.0,3606,,,,,,
2016-05-14,Lunch Ride,Ride,10076,10243,64255.18,1489.0,2618,,,,,,
2016-05-16,Morning Ride,Ride,23543,26094,172537.42,1789.0,5914,,,,,,
2016-05-21,Morning Ride,Ride,20763,23389,111062.08,2688.0,4641,,,,,,
2016-05-28,Morning Ride,Ride,12451,13480,104208.12,748.0,3912,,,,,,
2016-06-02,Afternoon Ride,Ride,9441,9650,77994.87,697.0,2906,,,,,,
2016-06-05,Morning Ride,Ride,34132,40092,288780.8,2123.0,10327,10,10.251245,125,147,,
2016-07-04,Afternoon Ride,Ride,4902,7362,33131.6,320.0,1088,,,,,,
2016-07-06,Evening Ride,Ride,2769,2779,28637.47,101.0,1021,,,,,,
2016-07-07,Afternoon Ride,Ride,137,534,901.49,57.0,65,,,,,,
2016-07-09,Morning Ride,Ride,22195,27401,123582.04,3227.0,5323,,,,,,
2016-07-14,Morning Ride,Ride,4734,5448,28345.08,662.0,1185,,,,,,
2016-07-16,Morning Ride,Ride,9023,11820,54095.39,1366.0,2433,,,,,,
2016-08-03,Evening Ride,Ride,3799,4044,34320.31,40.0,1095,,,,,,
2016-08-12,Morning Ride,Ride,7718,8236,51159.49,922.0,2125,,,,,,
2016-08-17,Morning Ride,Ride,18094,19022,112533.44,1931.0,4510,,,,,,
2017-01-29,Morning Ride,Ride,11581,14272,88122.12,75.0,2517,,,,,,
2017-02-04,Morning Ride,Ride,8137,8420,69973.56,97.0,2389,,,,,,
2017-02-26,Lunch Ride,Ride,10302,11206,84881.06,139.0,2670,,,,,,
2017-03-03,Morning Ride,Ride,12323,13479,101828.52,102.0,3100,,,,,,
2017-03-04,Morning Ride,Ride,12144,13335,96591.28,92.0,2807,,,,,,
2017-03-12,Morning Ride,Ride,12198,12355,100188.94,329.0,3285,,,,,,
2017-03-19,Morning Ride,Ride,12176,13339,91076.7,524.0,0,,,,,,
2017-03-25,Morning Ride,Ride,12086,13865,71108.6,1690.0,1972,,,,,,
2017-04-01,Morning Ride,Ride,31465,35327,238659.14,2009.0,8413,,,,,,
2017-04-09,Morning Ride,Ride,17109,21170,137416.6,183.0,4225,,,,,,
2017-04-20,Afternoon Ride,Ride,7042,7123,54598.31,123.0,1626,,,,,,
2017-04-29,Afternoon Ride,Ride,7624,7941,62301.14,104.0,1975,,,,,,
2017-05-06,Morning Ride,Ride,9273,10330,82057.12,118.0,2760,,,,,,
2017-05-13,Morning Ride,Ride,6735,7906,55155.98,99.0,1804,,,,,,
2017-05-13,Lunch Ride,Ride,4285,5421,27183.23,41.0,709,,,,,,
2017-05-20,Afternoon Ride,Ride,8011,8722,68166.27,58.0,2241,,,,,,
2017-05-25,Afternoon Ride,Ride,7554,7719,63911.31,110.0,2001,,,,,,
2017-05-29,Afternoon Ride,Ride,7354,7991,59968.12,129.0,1940,,,,,,
2017-06-02,Morning Ride,Ride,8255,11234,54902.82,738.0,2007,,,,,,
2017-06-03,Morning Ride,Ride,18570,22581,97783.32,2063.0,3919,,,,,,
2017-06-10,Afternoon Ride,Ride,5236,5573,44919.17,90.0,1480,,,,,,
2017-06-18,Afternoon Ride,Ride,6296,7202,55204.69,88.0,1882,,,,,,
2017-06-27,Afternoon Ride,Ride,3622,4058,17253.92,530.0,811,,,,,,
2017-07-02,Morning Ride,Ride,7235,7619,38178.15,1039.0,1689,,,,,,
2017-07-16,Lunch Ride,Ride,3179,14648,12669.07,859.0,276,,,,,,
2017-07-23,Morning Ride,Ride,6582,7514,35851.51,1016.0,1593,,,,,,
2017-08-11,Morning Ride,Ride,11244,14667,69168.81,1237.0,2587,,,,,,
2017-08-13,Lunch Ride,Ride,7979,8277,49695.4,906.0,1967,,,,,,
2017-08-16,Afternoon Ride,Ride,10710,11921,68848.11,928.0,2445,,,,,,
2017-08-23,Morning Ride,Ride,16845,20887,107019.48,1760.0,4112,,,,,,
2017-08-30,Afternoon Ride,Ride,6040,6798,26105.87,1076.0,1364,,,,,,
2017-09-19,Si corre!,Run,1126,1130,4096.3843,34.0,,,,,,,
2017-09-24,Corsa 2!,Run,1375,1378,5244.808,50.0,,,,,,,
2017-10-09,Evening Ride,Ride,7070,11374,60295.25,41.0,2008,,,,,,
2017-10-15,Afternoon Ride,Ride,6268,6796,50749.38,49.0,1549,,,,,,
2017-11-04,Morning Ride,Ride,1261,1297,4103.21,11.0,74,,,,,,
2017-11-09,Afternoon Ride,Ride,1498,1691,4711.41,10.0,81,,,,,,
2017-11-20,Rainy run,Run,936,944,3314.7732,32.0,,,,,,,
2017-12-03,Run to Zernike,Run,1753,1756,5913.232,50.0,,,,,,,
2018-02-17,Morning Ride,Ride,7495,7850,58839.9,39.0,1705,,,,,,
2018-02-18,Afternoon Ride,Ride,7150,7851,55162.26,87.0,1738,,,,,,
2018-02-25,Morning Ride,Ride,7015,7258,50812.64,145.0,1451,,,,,,
2018-03-04,Lunch Ride,Ride,9057,10132,69234.74,211.0,2115,,,,,,
2018-03-06,Afternoon Ride,Ride,5279,5384,43079.23,28.0,1262,,,,,,
2018-03-10,Morning Ride,Ride,7227,7402,56291.24,116.0,1608,,,,,,
2018-03-17,"Fuc*ing Wind 2 (45km/h at least, Strava went mad)",Ride,4622,4654,31019.002,55.5,,,,,,,
2018-03-20,Out with sun >> spinning,Ride,5698,5737,43586.61,82.1,,,,,,,
2018-03-22,"No motivation, then it started to rain.",Ride,4034,4349,27601.035,59.4,,,,,,,
2018-03-27,Another windy day,Ride,5920,6099,46008.027,95.4,,,,,,,
2018-03-29,Sotto la grandine,Ride,5412,5524,44252.31,79.4,,,,,,,
2018-03-31,Morning Ride,Ride,15714,16404,124759.46,88.0,3655,,,,,,
2018-04-02,As usual Strava left me,Ride,6284,6439,52017.586,136.1,,,,,,,
2018-04-05,Tired of this (Windy again),Ride,4542,4653,31570.564,56.9,,,,,,,
2018-04-07,Morning Ride,Ride,17291,18000,136356.22,191.0,4048,,,,,,
2018-04-09,As usual...,Ride,1086,1090,7628.6606,15.2,,,,,,,
2018-04-12,Almost there!,Ride,5690,5819,45988.56,82.6,,,,,,,
2018-04-14,Morning Ride,Ride,20972,22155,171506.73,191.0,5272,,,,,,
2018-04-16,2K!,Ride,6891,6932,54450.785,53.4,,,,,,,
2018-04-18,Laaste Nederlanse Rondje (chillin'),Ride,4133,4222,33660.47,62.9,,,,,,,
2018-04-21,Morning Ride,Ride,28592,31707,204234.31,3346.0,7795,,,,,,
2018-04-26,Morning Ride,Ride,5166,5553,26959.33,818.0,1263,,,,,,
2018-05-22,Back to do something (Running is not bad),Run,911,1064,4463.1943,38.0,,,,,,,
2018-06-08,After thesis easy,Run,1354,1898,4994.8086,40.0,,,,,,,
2018-06-14,Is the GPS right?,Run,1491,1713,6309.7676,44.0,,,,,,,
2018-06-20,Some more easy running,Run,1093,1424,4054.4744,26.0,,,,,,,
2018-07-01,Corsa mattutina,Run,4,5,26.04693,0.0,,,,,,,
2018-07-01,Verso il lungo: Corvara - Colle Santa Lucia,Ride,4594,5357,28197.246,725.69995,,,,,,,
2018-07-03,Selvino con Liuk,Ride,5591,6436,34049.1,1155.9,,,,,,,
2018-07-09,Morning Run,Run,16881,17022,90409.89,3374.0,,,,,,,
2018-07-13,Suchello hard,Run,16922,23256,22398.242,1620.0,,,,,,,
2018-07-13,Biathlon (alla ricerca di Coppi),Ride,6509,9461,40386.4,887.5001,,,,,,,
2018-07-17,Presolana Tour (with Ali and Kerri),Run,15018,25669,17467.84,1548.0,,,,,,,
2018-07-19,Alben is always nice,Run,9949,16244,9285.231,1070.0,,,,,,,
2018-07-29,Malga lunga con scatto finale,Run,8148,12163,11748.251,714.0,,,,,,,
2018-08-19,Corsa mattutina,Run,4212,4464,3716.502,691.0,,,,,,,
2018-09-18,Coppi's Karma,Ride,6942,7104,31550.0,1223.0,,,,,,,
2018-09-19,Poieto in a rush,Run,4344,5987,9132.5205,917.0,,,,,,,
2018-09-26,Coppi's Karma 2 (omg the %!),Ride,4505,5454,25532.295,752.0001,,,,,,,
2018-10-10,Local pains,Ride,4004,4077,17950.326,738.5,,,,,,,
2018-10-23,Alpini - Cedrello - Lonno - Direttissima,Ride,6733,6734,39451.723,960.6001,,,,,,,
2018-10-27,Muretti Madness 2018,Ride,22481,24927,116415.0,2471.9001,,,,,,,
2018-11-06,"Slow in the flat, fast in the steep",Run,2698,2750,5595.3135,330.0,,,,,,,
2018-11-20,Coldre' in 29,Run,3925,3971,7484.4155,505.0,,,,,,,
2019-01-15,To the gate,Run,1191,1280,4032.4983,103.0,,,,,,,
2019-01-20,Gazza madness,Run,1881,1883,4308.963,308.0,,,,,,,
2019-02-04,Monday Wake Up,Run,1135,1210,4277.983,98.0,,,,,,,
2019-02-20,The Cycling comeback,Ride,3921,3929,29887.785,252.10002,,,,,,,
2019-03-27,Pops,Ride,6341,8189,39573.066,605.4001,,,,,,,
2019-03-31,Zambla for Beginners,Ride,6398,9278,42385.945,1288.6001,,,,,,,
2019-04-06,Martesana Van Vlaanderen,Ride,13362,16479,87227.4,1191.4001,,,,,,,
2019-05-14,Late Roncola,Ride,6666,6787,42593.586,832.9001,,,,,,,
2019-05-25,Morning Run,Run,5880,5932,33746.67,1380.0,,,,,,,
2019-05-29,Nese in the Mountains - Ez,Ride,5751,6226,37788.992,684.2001,,,,,,,
2019-06-01,Coppa Asteria sempre porconi,Ride,18198,26011,96123.09,2328.1008,,,,,,,
2019-06-08,Afternoon Run,Run,8763,8809,43589.195,2043.0,,,,,,,
2019-06-13,After work Selvino,Ride,5509,5634,31944.412,1002.6002,,,,,,,
2019-06-13,The digestive comeback,Ride,2302,2303,22794.402,77.79999,,,,,,,
2019-06-15,The 39x25 Monte Farno,Ride,8769,9931,40103.06,1463.7002,,,,,,,
2019-06-22,The Coldre' Classic,Run,4444,4638,7350.73,506.0,,,,,,,
2019-06-23,Morning Run,Run,6211,6901,36220.34,1497.0,,,,,,,
2019-06-25,Too hot to be nice,Ride,6775,7029,42795.625,827.10016,,,,,,,
2019-07-05,Ricognizione,Ride,4838,6078,22378.455,860.1998,,,,,,,
2019-07-07,Maratona dles Dolomites 2019 (Corto <3),Ride,10093,10490,55416.94,1872.2007,,,,,,,
2019-07-11,Orezzo in a rush - To the race,Ride,3417,3683,23926.691,487.60013,,,,,,,
2019-07-12,Morning Ride,Ride,2274,2393,22422.66,35.0,486,34,72.108665,133,170,,
2019-07-16,Afternoon Ride,Ride,3481,3984,24324.22,447.0,956,106,104.178894,168,185,,
2019-07-16,Evening Ride,Ride,2484,2495,22716.28,29.0,530,38,74.091606,138,176,,
2019-07-20,Afternoon Ride,Ride,6971,7239,37536.17,998.0,1572,183,96.88803,157,185,,
2019-07-22,Evening Workout,Workout,1332,1332,,0.0,104,3,28.485435,90,120,,
2019-07-30,Afternoon Ride,Ride,3732,3915,24526.4,435.0,987,104,99.82684,165,185,,
2019-07-30,Evening Ride,Ride,2656,2659,21012.55,24.0,470,32,65.85856,134,162,,
2019-08-03,Afternoon Ride,Ride,6789,10742,48040.14,598.0,1505,150,88.452354,143,185,,
2019-08-04,Afternoon Hike,Hike,4650,6750,7873.14,636.0,1027,119,95.5126,156,185,,
2019-08-11,Morning Hike,Hike,18866,24019,20655.64,1491.0,2427,158,54.185284,119,182,,
2019-08-12,Morning Hike,Hike,10877,13792,11104.81,1018.0,1883,145,65.57853,129,185,,
2019-08-13,Morning Hike,Hike,11474,21513,11145.55,838.0,1787,85,41.43412,109,168,,
2019-08-13,Afternoon Hike,Hike,2609,2837,2935.93,3.0,486,33,64.75674,130,179,,
2019-08-14,Afternoon Run,Run,2741,5244,5264.59,278.0,447,30,61.84143,118,183,,
2019-08-24,Lunch Ride,Ride,7895,8633,49405.19,1027.0,1610,163,85.735756,151,182,,
2019-08-29,Evening Run,Run,1150,1363,3811.92,84.0,303,36,105.337036,165,185,,
2019-09-01,Morning Run,Run,1401,1529,3639.08,189.0,371,45,106.622795,164,185,,
2019-09-03,Evening Run,Run,1532,1661,5434.66,86.0,419,55,112.158,162,185,,
2019-09-10,Evening Run,Run,1872,2007,5413.33,97.0,462,47,94.02194,163,184,,
2019-09-14,Morning Run,Run,1128,1380,4152.71,126.0,286,33,102.534256,143,185,,
2019-09-16,Evening Run,Run,1308,1436,5081.42,9.0,353,48,114.63283,141,185,,
2019-09-18,Evening Run,Run,1765,1823,6012.91,12.0,451,53,103.50402,167,182,,
2019-09-19,Lunch Yoga,Yoga,2817,2817,,,152,5,25.295973,80,124,,
2019-09-22,Lunch Run,Run,1608,1797,5557.31,133.0,416,52,107.62973,162,185,,
2019-09-23,Afternoon Run,Run,1505,1749,5443.18,90.0,383,46,103.79901,156,185,,
2019-09-28,Lunch Run,Run,1802,1933,6265.96,134.0,474,59,108.387215,161,185,,
2019-09-29,Afternoon Run,Run,2193,2297,7175.22,223.0,575,71,107.37362,154,185,,
2019-10-01,Evening Run,Run,2031,2231,7019.65,23.0,486,55,98.542595,159,182,,
2019-10-03,Lunch Swim,Swim,1327,2009,1000.0,,263,27,69.57469,,,,
2019-10-07,Evening Run,Run,1920,1962,6011.15,13.0,451,40,85.73616,154,164,,
2019-10-12,Afternoon Run,Run,3351,3568,10699.31,379.0,824,98,102.576416,167,185,,
2019-10-12,Afternoon Ride,Ride,2828,2829,16294.78,495.0,676,80,100.91519,164,185,,
2019-10-15,Evening Run,Run,1679,1799,6209.22,13.0,417,50,102.83868,161,185,,
2019-10-16,Night Run,Run,2483,4829,8765.28,121.0,617,76,104.63451,136,185,,
2019-10-20,Afternoon Run,Run,1872,2306,6263.5,182.0,448,48,96.05124,148,185,,
2019-10-23,Night Run,Run,2463,5341,9154.39,131.0,628,83,109.47858,134,185,,
2019-10-25,Afternoon Run,Run,6283,7817,21011.67,160.0,1548,178,99.71254,169,185,,
2019-10-26,Lunch Ride,Ride,2548,2609,22489.63,33.0,425,29,63.2698,127,161,,
2019-10-30,Night Run,Run,2824,6099,10033.57,137.0,665,81,100.81577,151,185,,
2019-11-01,Lunch Ride,Ride,5999,6680,46509.0,588.0,1289,122,85.3439,150,179,,
2019-11-01,Afternoon Run,Run,3523,5734,10052.95,395.0,845,93,95.682,162,178,,
2019-11-04,Evening Run,Run,2830,3392,10083.3,36.0,692,84,100.905,164,185,,
2019-11-05,Evening Run,Run,1817,2343,7020.4,10.0,469,58,103.266365,160,185,,
2019-11-09,Afternoon Run,Run,614,694,2122.36,0.0,127,9,71.7707,142,155,,
2019-11-09,Afternoon Run,Run,1335,1479,3907.76,291.0,391,49,109.65646,172,185,,
2019-11-10,Afternoon Hike,Hike,4095,5668,8007.02,666.0,918,98,92.79644,158,185,,
2019-11-13,Night Run,Run,2218,4951,7628.73,132.0,469,35,73.22365,145,185,,
2019-11-16,Lunch Swim,Swim,1712,2308,1350.0,,380,40,79.00552,,,,
2019-11-17,Lunch NordicSki,NordicSki,2156,2604,2891.41,398.0,236,13,46.56903,104,153,,
2019-11-18,Evening Run,Run,3463,3983,13008.26,26.0,907,102,98.980934,171,185,,
2019-11-21,Evening Run,Run,2796,2924,8737.26,132.0,583,50,79.13942,149,169,,
2019-11-24,Morning Run,Run,5966,5975,21103.34,23.0,1698,166,100.01674,179,185,,
2019-11-27,Night Run,Run,4139,12031,14808.43,207.0,841,77,79.93774,141,185,,
2019-11-30,Lunch AlpineSki,AlpineSki,252,334,3741.55,0.0,29,1,,106,114,,
2019-12-02,Evening Run,Run,2550,3672,7194.91,120.0,528,51,81.048584,147,185,,
2019-12-04,Lunch Swim,Swim,1890,1931,1375.0,,394,35,80.79912,,,,
2019-12-04,Night Run,Run,2994,3022,9307.17,141.0,704,73,93.269,160,183,,
2019-12-06,Lunch Swim,Swim,1883,1888,1500.0,,436,46,93.67943,,,,
2019-12-06,Evening Swim,Swim,1923,2142,1500.0,,439,44,86.01402,,,,
2019-12-07,Morning VirtualRide,VirtualRide,3804,4156,,,817,64,79.06123,143,173,,
2019-12-08,Afternoon AlpineSki,AlpineSki,174,203,2807.45,0.0,11,0,,84,92,,
2019-12-09,Night VirtualRide,VirtualRide,3906,3978,,,724,55,71.81638,139,160,,
2019-12-11,Night Run,Run,2074,7376,7358.95,78.0,452,45,85.77265,143,185,,
2019-12-12,Lunch Swim,Swim,2749,2758,2125.0,,594,61,89.247856,,,,
2019-12-13,Afternoon VirtualRide,VirtualRide,3374,3374,,,787,70,86.4483,149,182,,
2019-12-14,Morning Ride,Ride,5373,5795,42683.9,560.0,1090,101,81.95073,143,181,,
2019-12-14,Night Run,Run,3750,4150,13350.23,16.0,914,87,91.146545,159,176,,
2019-12-17,Lunch Swim,Swim,2860,2870,2175.0,,575,60,86.7684,,,,
2019-12-18,Evening VirtualRide,VirtualRide,3213,3215,,,753,63,84.558044,146,176,,
2019-12-18,Evening Run,Run,1094,1208,4065.42,26.0,293,32,101.46381,167,179,,
2019-12-19,Lunch Swim,Swim,1284,2205,1050.0,,275,34,74.52207,,,,
2019-12-21,Lunch Swim,Swim,2986,3111,2400.0,,664,74,92.55224,,,,
2019-12-22,Morning Run,Run,1097,1190,3667.55,94.0,255,20,81.014534,149,170,,
2019-12-24,Morning Ride,Ride,7409,9478,57012.1,642.0,1270,107,71.47554,132,182,,
2019-12-25,Morning Hike,Hike,2743,3236,4053.11,665.0,684,74,98.06798,163,183,,
2019-12-26,Morning Ride,Ride,8323,8647,70751.36,536.0,1712,156,82.00084,148,182,,
2019-12-26,Evening NordicSki,NordicSki,2430,2476,2097.17,434.0,509,37,73.3757,141,168,,
2019-12-27,Morning NordicSki,NordicSki,6490,8277,7825.5,850.0,1041,83,67.59296,131,164,,
2019-12-28,Morning Swim,Swim,2455,3982,2025.0,,509,66,77.2551,,,,
2019-12-29,Afternoon AlpineSki,AlpineSki,186,187,2960.93,0.0,16,1,,94,102,,
2019-12-29,Afternoon AlpineSki,AlpineSki,360,439,5719.22,0.0,52,2,,115,127,,
2019-12-30,Lunch AlpineSki,AlpineSki,151,159,2481.53,0.0,13,0,,93,100,,
2019-12-30,Lunch AlpineSki,AlpineSki,121,122,1846.14,0.0,13,1,,103,112,,
2019-12-31,Afternoon VirtualRide,VirtualRide,3598,3604,36634.85,,882,83,91.129654,157,181,,
2020-01-02,Evening Ride,Ride,3920,3933,40021.88,1.0,878,78,84.51758,151,172,,
2020-01-03,Lunch Swim,Swim,2207,2846,1750.0,,445,53,81.89324,,,,
2020-01-04,Afternoon OpenWaterSwim,OpenWaterSwim,1928,2578,,0.0,0,0,,70,70,,
2020-01-04,Transition,Transition,100,273,223.81,0.0,10,1,,89,102,,
2020-01-04,Afternoon Ride,Ride,4419,4442,40185.37,207.0,991,86,83.504326,151,172,,
2020-01-04,Transition,Transition,110,110,62.09,4.0,3,2,,147,169,,
2020-01-04,Afternoon Run,Run,2945,3207,10009.2,121.0,653,74,94.74039,161,178,,
2020-01-06,Morning NordicSki,NordicSki,5579,13496,7006.65,846.0,866,63,62.95752,125,170,,
2020-01-07,Morning Ride,Ride,3302,3303,31981.64,4.0,759,67,85.46732,153,168,,
2020-01-08,Evening Run,Run,2294,3116,8412.46,37.0,511,41,76.80678,146,172,,
2020-01-10,Lunch Swim,Swim,2125,2978,1775.0,,445,59,84.46715,,,,
2020-01-11,Lunch Ride,Ride,9474,9748,81042.2,608.0,1784,158,77.34146,144,184,,
2020-01-11,Afternoon Run,Run,1422,1490,5011.81,127.0,370,37,94.644775,163,181,,
2020-01-13,Afternoon Ride,Ride,3602,3604,38038.25,5.0,880,82,90.51614,158,172,,
2020-01-14,Lunch Swim,Swim,2054,2879,1825.0,,469,69,92.903145,,,,
2020-01-15,Night Run,Run,4113,10345,14668.23,249.0,932,80,83.05543,151,185,,
2020-01-16,Night NordicSki,NordicSki,2175,7293,3965.17,412.0,395,26,64.8594,125,162,,
2020-01-18,Afternoon NordicSki,NordicSki,5032,6939,7223.27,900.0,744,65,67.38727,125,179,,
2020-01-19,Afternoon Run,Run,8353,8769,25153.31,461.0,1899,190,90.11984,158,181,,
2020-01-20,Lunch Swim,Swim,2612,2686,1975.0,,488,54,85.0895,,,,
2020-01-21,Afternoon Ride,Ride,3600,3602,37506.99,5.0,850,73,85.44004,153,167,,
2020-01-22,Evening Run,Run,2135,3019,8207.0,26.0,452,39,78.52393,148,182,,
2020-01-24,Lunch Swim,Swim,2071,2809,1800.0,,457,65,91.287094,,,,
2020-01-25,Morning Run,Run,5038,5131,16143.18,373.0,1278,120,92.08095,159,179,,
2020-01-25,Lunch Ride,Ride,8723,9554,68531.88,554.0,1404,102,64.76614,132,171,,
2020-01-26,Afternoon Run,Run,2511,3450,8690.59,256.0,544,47,81.98956,147,181,,
2020-01-27,Night Ride,Ride,3610,3661,37029.55,11.0,847,68,82.34782,151,165,,
2020-01-28,Afternoon Run,Run,2433,2533,9006.79,26.0,618,58,92.60102,161,183,,
2020-01-30,Lunch Swim,Swim,2285,2293,1725.0,,369,47,85.91972,,,,
2020-01-30,Evening NordicSki,NordicSki,2661,6768,4734.38,480.0,591,44,77.15341,138,168,,
2020-02-01,Lunch NordicSki,NordicSki,6987,20273,3831.15,432.0,723,42,42.54051,99,179,,
2020-02-02,Morning Run,Run,5668,5672,20990.52,119.0,1556,158,100.17628,168,185,,
2020-02-04,Afternoon Ride,Ride,4621,4637,48167.56,3.0,1103,101,88.56053,157,170,,
2020-02-04,Evening Run,Run,2482,2507,8009.38,131.0,608,52,86.42958,155,168,,
2020-02-05,Night Run,Run,2896,7156,9825.37,185.0,595,46,75.089325,143,181,,
2020-02-06,Lunch Swim,Swim,1835,2491,1650.0,,400,64,96.19258,,,,
2020-02-06,Evening Ride,Ride,2564,2606,25042.41,10.0,569,45,78.90488,146,171,,
2020-02-08,Afternoon Run,Run,2554,3210,10011.36,77.0,610,56,87.53563,154,182,,
2020-02-08,Afternoon Run,Run,2297,2353,7006.09,46.0,556,41,80.09121,149,159,,
2020-02-09,Lunch Ride,Ride,6892,7235,42866.76,717.0,935,59,55.345886,124,146,,
2020-02-10,Lunch Swim,Swim,2442,2484,1925.0,,435,57,90.90762,,,,
2020-02-11,Evening Ride,Ride,4276,4277,44023.8,7.0,1078,92,88.00884,156,168,,
2020-02-11,Evening Run,Run,3117,3233,10010.17,191.0,802,70,88.97786,158,169,,
2020-02-12,Night Run,Run,2484,5917,9201.03,229.0,498,35,70.72471,139,183,,
2020-02-13,Evening Ride,Ride,2700,2702,27744.22,4.0,657,53,84.06347,151,174,,
2020-02-14,Lunch Swim,Swim,1921,2572,1675.0,,392,61,92.41982,,,,
2020-02-15,Morning NordicSki,NordicSki,4955,10136,5699.27,317.0,541,24,41.387512,105,143,,
2020-02-16,Morning Ride,Ride,10441,10758,68025.95,1576.0,1931,171,76.62405,143,185,,
2020-02-17,Afternoon Ride,Ride,3601,3602,33040.78,6.0,630,38,61.635582,131,149,,
2020-02-18,Evening Run,Run,3962,4346,15012.16,62.0,1025,94,90.02994,158,181,,
2020-02-20,Evening Run,Run,4701,4885,15025.57,277.0,972,76,75.990715,145,167,,
2020-02-21,Lunch Swim,Swim,3231,3298,2525.0,,550,74,89.88923,,,,
2020-02-22,Lunch Ride,Ride,8215,8572,56139.38,1025.0,1386,105,67.63995,134,172,,
2020-02-24,Evening Run,Run,3289,3428,10761.94,227.0,822,72,88.42513,156,180,,
2020-02-25,Afternoon Ride,Ride,4498,5143,46137.15,10.0,1112,93,86.27461,154,167,,
2020-02-25,Evening Run,Run,1197,1200,5014.94,33.0,339,36,104.0532,169,180,,
2020-02-25,Evening Run,Run,684,693,2470.71,19.0,189,16,91.499146,159,166,,
2020-02-26,Evening Ride,Ride,3600,3635,30597.94,8.0,608,35,59.160797,129,142,,
2020-02-27,Evening Run,Run,1662,2176,7015.17,55.0,333,22,68.43697,136,173,,
2020-02-29,Morning Ride,Ride,13432,17067,100704.33,1197.0,2367,196,71.784386,138,182,,
2020-03-01,Lunch Run,Run,6736,6875,21178.71,382.0,1731,162,92.91719,159,183,,
2020-03-03,Afternoon Run,Run,4494,4503,14004.61,255.0,961,80,79.98223,148,172,,
2020-03-04,Evening Ride,Ride,4385,4409,45015.63,7.0,1111,91,86.20871,155,165,,
2020-03-04,Evening Run,Run,1175,1184,5011.5,40.0,344,38,107.53521,172,180,,
2020-03-04,Evening Run,Run,547,558,2109.04,22.0,152,13,,160,171,,
2020-03-05,Evening Ride,Ride,3739,3740,29475.12,8.0,586,32,55.507095,124,145,,
2020-03-06,Night NordicSki,NordicSki,7242,10326,6139.37,433.0,677,31,38.020992,95,154,,
2020-03-07,Lunch Run,Run,3003,3344,11999.46,94.0,873,94,106.15428,171,185,,
2020-03-08,Morning Ride,Ride,12584,13325,74858.58,2039.0,2416,203,76.10641,141,179,,
2020-03-11,Afternoon Run,Run,3405,4171,10504.64,357.0,753,58,77.9881,144,179,,
2020-03-15,Afternoon Run,Run,2581,2759,8487.67,303.0,657,59,90.279686,154,183,,
2020-03-16,Afternoon Run,Run,4070,4114,5253.28,404.0,454,21,42.883198,108,156,,
2020-03-17,Afternoon VirtualRide,VirtualRide,3901,3901,,,900,67,78.64233,145,164,,
2020-03-18,Afternoon Run,Run,4622,6927,14644.92,484.0,978,79,78.214096,146,185,,
2020-03-20,Lunch VirtualRide,VirtualRide,2754,3338,,,610,46,77.60037,144,170,,
2020-03-20,Afternoon VirtualRide,VirtualRide,3599,3600,37325.05,,796,86,92.8,161,181,222,232
2020-03-21,Afternoon Ride,Ride,4706,4705,43692.9,637.0091,1035,122,96.8,,,230,242
2020-03-22,Afternoon Run,Run,3779,3781,10007.14,493.0,1039,105,100.01323,168,180,,
2020-03-24,Afternoon VirtualRide,VirtualRide,3875,3884,32817.55,691.0,966,125,107.6,0,0,261,269
2020-03-26,Evening VirtualRide,VirtualRide,3934,3936,40306.55,328.0,952,127,107.6,0,0,253,269
2020-03-27,Afternoon VirtualRide,VirtualRide,5436,5435,55075.27,476.0,1368,172,106.8,0,0,263,267
2020-04-02,Afternoon Ride,Ride,4846,4845,20568.1,1259.4492,1166,141,102.4,,,253,256
2020-04-03,Afternoon Run,Run,1823,2050,5004.6,186.0,468,43,91.62311,158,183,,
2020-04-04,Afternoon VirtualRide,VirtualRide,5666,5672,52958.21,582.0,1348,173,104.8,0,0,249,262
2020-04-05,Afternoon Run,Run,1724,1728,5006.43,227.0,430,39,90.16488,156,182,,
2020-04-05,Afternoon Run,Run,1821,1840,5002.89,164.0,494,55,103.76281,169,184,,
2020-04-06,Afternoon VirtualRide,VirtualRide,4759,4803,41123.04,678.0,1027,138,102.0,0,0,226,255
2020-04-09,Afternoon VirtualRide,VirtualRide,3742,3741,37626.03,315.0,885,116,105.6,0,0,248,264
2020-04-10,Evening VirtualRide,VirtualRide,3880,3882,41258.58,333.0,1043,143,115.2,0,0,281,288
2020-04-11,Lunch VirtualRide,VirtualRide,8207,8206,74056.49,1365.0,2076,266,108.0,0,0,265,270
2020-04-12,Afternoon VirtualRide,VirtualRide,3561,3630,16363.89,940.0,885,115,107.6,0,0,257,269
2020-04-14,Morning VirtualRide,VirtualRide,3612,3663,33623.84,262.0,783,101,100.4,0,0,227,251
2020-04-15,Afternoon Run,Run,1655,1764,5008.92,238.0,406,40,93.25048,156,184,,
2020-04-16,Afternoon VirtualRide,VirtualRide,3618,3621,30447.05,581.0,887,111,105.2,0,0,255,263
2020-04-17,Afternoon VirtualRide,VirtualRide,3605,3604,31048.13,531.0,835,105,102.4,0,0,243,256
2020-04-19,Morning VirtualRide,VirtualRide,5420,5419,31275.57,1059.0,1016,130,92.8,0,0,196,232
2020-04-21,Morning VirtualRide,VirtualRide,4801,4800,41415.63,510.0,989,106,89.2,0,0,216,223
2020-04-22,Afternoon Run,Run,1593,2414,5005.15,177.0,340,14,45.70215,122,158,,
2020-04-23,Afternoon VirtualRide,VirtualRide,3551,3552,31370.81,218.0,709,90,95.6,0,0,208,239
2020-04-25,Lunch VirtualRide,VirtualRide,5156,5158,43249.36,662.0,1137,133,96.4,0,0,230,241
2020-04-26,Lunch VirtualRide,VirtualRide,4251,4250,40206.05,328.0,884,96,90.0,0,0,218,225
2020-04-27,Afternoon Run,Run,2570,2649,7511.13,282.0,631,67,96.858475,158,185,,
2020-04-28,Afternoon VirtualRide,VirtualRide,3621,3624,30561.35,334.0,719,84,91.6,0,0,207,229
2020-04-29,Evening VirtualRide,VirtualRide,3644,3643,32019.39,536.0,810,104,101.2,0,0,233,253
2020-05-02,Morning VirtualRide,VirtualRide,3867,3908,17288.13,1009.0,947,123,106.8,0,0,256,267
2020-05-03,Morning Run,Run,1851,1852,5007.67,239.0,457,46,94.58602,158,185,,
2020-05-04,Afternoon Ride,Ride,6647,8271,42201.64,1083.0,1490,168,95.05949,158,185,,
2020-05-05,Afternoon Ride,Ride,7311,7599,49638.55,1096.0,1312,115,75.20978,142,179,,
2020-05-06,Afternoon Run,Run,3226,3249,10007.28,304.0,798,79,93.57434,159,176,,
2020-05-07,Afternoon Ride,Ride,4393,6667,24998.34,774.0,974,77,79.0142,145,173,,
2020-05-08,Afternoon Ride,Ride,2669,3064,23497.62,85.0,426,24,56.42245,122,153,,
2020-05-09,Lunch Ride,Ride,3457,10604,23599.6,446.0,690,46,68.7363,136,167,,
2020-05-10,Morning Ride,Ride,8822,9159,59711.7,1373.0,1792,179,85.41293,150,185,,
2020-05-12,Morning Run,Run,2873,3002,8520.19,294.0,664,63,88.57221,152,179,,
2020-05-14,Morning Run,Run,2827,2926,8622.82,298.0,720,81,101.22233,164,185,,
2020-05-14,DEFAULT,Ride,8594,8601,48956.57,596.0,1389,100,64.69966,132,166,,
2020-05-15,Afternoon Run,Run,4689,5016,7967.89,644.0,777,82,79.27712,141,185,,
2020-05-16,Afternoon Hike,Hike,6183,7276,7957.74,379.0,707,41,45.055325,111,157,,
2020-05-17,Morning Ride,Ride,8580,9431,47710.1,1268.0,1712,167,83.05215,149,184,,
2020-05-18,DEFAULT,Ride,8411,8708,49043.99,588.0,1186,88,61.353554,128,162,,
2020-05-18,Afternoon Run,Run,3176,3295,10113.89,304.0,752,85,97.68126,162,182,,
2020-05-19,Night Workout,Workout,2092,2092,,0.0,89,2,18.556208,75,115,,
2020-05-20,DEFAULT,Ride,8582,8654,48986.48,582.0,1490,110,67.904976,134,175,,
2020-05-20,Afternoon Ride,Ride,9255,15214,62890.03,1038.0,1792,162,78.96053,144,184,,
2020-05-21,Evening Run,Run,3519,4491,10444.32,455.0,712,67,82.43956,150,177,,
2020-05-22,Afternoon Ride,Ride,7896,8405,47605.53,1305.0,1612,136,78.550186,144,177,,
2020-05-23,Morning Hike,Hike,7411,8322,11008.58,693.0,881,69,55.53541,120,169,,
2020-05-24,Lunch Ride,Ride,11113,12321,88781.71,1326.0,2405,216,83.3015,149,174,,
2020-05-26,DEFAULT,Ride,12133,12185,58683.8,1432.0,2681,180,73.04471,141,167,,
2020-05-26,Evening Run,Run,4172,4514,14010.94,326.0,923,100,91.93851,159,178,,
2020-05-27,Afternoon Ride,Ride,6983,7801,43754.87,990.0,1154,99,71.03027,133,184,,
2020-05-28,DEFAULT,Ride,7202,7327,33766.32,792.0,1445,96,69.195595,136,167,,
2020-05-28,Evening Run,Run,2852,4943,8230.29,453.0,497,37,67.60944,129,182,,
2020-05-29,Afternoon Ride,Ride,8521,10764,55780.05,1242.0,1225,93,62.481342,127,179,,
2020-05-30,Afternoon Run,Run,1454,1456,1960.48,492.0,216,9,47.189026,113,138,,
2020-05-30,Afternoon Run,Run,3194,3572,6294.93,370.0,578,52,75.21501,144,180,,
2020-06-01,Morning Ride,Ride,20700,28768,133463.66,2909.0,3856,313,73.44189,136,182,,
2020-06-03,DEFAULT,Ride,9887,12474,51328.48,935.0,2430,136,70.2778,137,170,,
2020-06-03,Night Workout,Workout,360,487,,0.0,12,0,,69,92,,
2020-06-05,DEFAULT,Ride,8234,8290,48969.75,602.0,1800,84,60.60179,126,166,,
2020-06-06,Lunch Run,Run,7033,11043,22351.87,665.0,1706,196,99.99291,167,185,,
2020-06-08,Afternoon Swim,Swim,2395,2536,1750.0,,367,45,79.9408,,,,
2020-06-09,Evening Run,Run,3821,3993,13007.89,294.0,886,101,97.447174,163,180,,
2020-06-11,Evening Swim,Swim,2700,2713,1950.0,,407,49,80.65002,,,,
2020-06-12,DEFAULT,Ride,7725,7800,45572.79,510.0,1845,97,67.20339,134,181,,
2020-06-15,DEFAULT,Ride,9421,9504,48232.65,1085.0,2151,104,63.013718,130,162,,
2020-06-15,Afternoon Run,Run,2962,3028,9398.43,306.0,637,55,81.74605,149,169,,
2020-06-16,Evening Run,Run,3248,3517,11008.88,243.0,793,88,98.21798,164,183,,
2020-06-17,Afternoon Ride,Ride,6795,7019,44971.32,857.0,1058,77,63.488796,133,163,,
2020-06-19,Afternoon Swim,Swim,2195,2378,1750.0,,387,53,89.59311,,,,
2020-06-20,Morning Hike,Hike,12248,24359,14960.19,1653.0,2104,179,69.93362,131,185,,
2020-06-21,Morning Ride,Ride,14214,15059,98506.9,1813.0,2715,257,80.39653,145,176,,
2020-06-22,DEFAULT,Ride,23924,27553,152464.72,729.0,5847,318,69.13003,137,173,,
2020-06-22,Lunch Ride,Ride,4082,4848,19610.8,734.0,658,42,60.579723,122,157,,
2020-06-23,DEFAULT,Ride,8772,8897,49224.61,585.0,2011,97,63.0688,130,161,,
2020-06-24,Afternoon Run,Run,4012,4541,13041.92,349.0,981,113,99.63329,165,183,,
2020-06-25,DEFAULT,Ride,7972,9562,40536.85,817.0,1823,90,63.611786,130,158,,
2020-06-25,Evening Swim,Swim,2599,2608,1975.0,,427,55,87.14893,,,,
2020-06-26,Afternoon Ride,Ride,7463,9588,47769.94,1028.0,1234,102,69.73934,130,182,,
2020-06-26,Night Ride,Ride,1604,1850,5038.73,384.0,351,24,73.16529,141,172,,
2020-06-27,Afternoon Run,Run,6292,7029,19354.94,726.0,1397,141,89.818634,157,176,,
2020-06-28,Morning Hike,Hike,14187,19867,14205.76,1520.0,1879,112,49.922676,117,168,,
2020-06-28,Hike / 6.5 (The Comeback),Run,4419,4731,5107.015,133.0,,,,,,,
2020-06-29,Di mezzo,Ride,4922,4923,33787.95,801.3001,,,,,,,
2020-07-01,Afternoon Swim,Swim,2869,3047,2050.0,,422,50,76.87255,,,,
2020-07-02,Evening Run,Run,3991,4078,12865.28,302.0,978,94,91.95527,156,176,,
2020-07-04,Morning Ride,Ride,5615,7680,32245.82,833.0,887,60,61.477863,125,170,,
2020-07-05,Morning Run,Run,8868,13669,8533.22,832.0,1052,53,42.54901,109,164,,
2020-07-05,Afternoon Ride,Ride,8773,8864,60102.1,1357.0,1791,180,85.93868,150,181,,
2020-07-06,DEFAULT,Ride,10536,10932,56880.74,1018.0,2590,149,71.29794,137,170,,
2020-07-07,Evening Run,Run,3126,4013,12008.11,115.0,802,98,105.69592,156,185,,
2020-07-08,Evening Ride,Ride,7977,9190,52753.93,672.0,1175,86,61.839394,129,183,,
2020-07-09,Bici,Ride,7619,7710,44343.7,488.0,1671,75,59.498363,126,162,,
2020-07-09,Evening Run,Run,4853,5033,16013.73,305.0,1232,131,98.28517,165,182,,
2020-07-10,Afternoon Ride,Ride,5015,5746,26570.19,763.0,732,43,55.48105,121,152,,
2020-07-12,Morning Run,Run,6133,7414,13330.63,988.0,1397,164,98.05934,164,185,,
2020-07-12,Afternoon Ride,Ride,6720,7415,38479.83,1354.0,1362,117,78.99952,143,172,,
2020-07-13,Bici,Ride,7752,9000,38581.29,814.0,,,,,,,
2020-07-14,Evening Run,Run,2491,2587,9016.43,164.0,578,61,93.331825,158,179,,
2020-07-15,Bici,Ride,8445,8459,50065.03,605.0,1882,88,61.20103,128,172,,
2020-07-15,Evening Ride,Ride,6683,12146,44303.69,805.0,1042,81,64.81608,124,185,,
2020-07-16,Bici,Ride,7524,7525,44725.95,501.0,1623,71,58.284897,125,154,,
2020-07-16,Afternoon Ride,Ride,6276,6693,43459.49,757.0,1121,94,73.11615,140,171,,
2020-07-16,Evening Run,Run,1578,1581,6007.27,39.0,389,42,97.85541,162,180,,
2020-07-17,Lunch Swim,Swim,2260,2270,1750.0,,378,50,89.067444,,,,
2020-07-18,Morning Run,Run,3680,4710,8005.54,692.0,821,92,94.534966,158,185,,
2020-07-19,Morning Ride,Ride,16356,19850,101236.79,2066.0,2595,192,64.807686,129,174,,
2020-07-20,ALTRO,Ride,16275,18572,117571.77,185.0,,155,58.412407,126,152,,
2020-07-21,Afternoon Ride,Ride,10401,13116,71807.46,1395.0,1729,162,74.371414,135,185,,
2020-07-22,Bici,Ride,7621,10766,35718.73,818.0,,,,,,,
2020-07-22,Evening Run,Run,4056,4120,13011.24,243.0,908,89,88.605965,156,176,,
2020-07-23,Evening Run,Run,5515,6394,14410.32,700.0,1112,110,84.5383,151,176,,
2020-07-26,Morning Ride,Ride,18274,19610,122562.43,2390.0,3180,280,74.08577,140,182,,
2020-07-28,Lunch Swim,Swim,2070,2238,1500.0,,315,38,78.20059,,,,
2020-07-28,Bici,Ride,8508,8608,50078.08,603.0,1984,99,64.70727,132,167,,
2020-07-29,Bici,Ride,6511,7320,36098.3,436.0,1487,71,62.635883,130,158,,
2020-07-29,Afternoon Ride,Ride,12494,13159,97785.04,1529.0,2466,238,82.57031,150,185,,
2020-07-30,Lunch Swim,Swim,1778,2764,1500.0,,319,51,81.51657,,,,
2020-07-30,Bici,Ride,8265,8405,45741.18,577.0,1926,97,64.921844,132,167,,
2020-07-31,Morning Run,Run,2686,2796,9719.3,55.0,640,63,91.89006,159,182,,
2020-07-31,Bici,Ride,7649,7797,35269.65,805.0,1830,97,67.567024,134,168,,
2020-08-01,Morning Run,Run,5924,5933,18004.94,612.0,1333,139,91.85329,159,177,,
2020-08-01,Afternoon OpenWaterSwim,OpenWaterSwim,39,62,22.57,,4,0,,,,,
2020-08-02,Morning Run,Run,8496,10251,11959.8,1024.0,1203,74,53.82882,121,158,,
2020-08-03,Evening Swim,Swim,2529,3173,2125.0,,495,72,90.396355,,,,
2020-08-04,Afternoon Ride,Ride,10618,12454,70782.91,1670.0,1816,152,71.5592,135,180,,
2020-08-05,Afternoon Ride,Ride,5118,5120,27121.8,1007.0,625,34,48.903572,115,155,,
2020-08-06,Morning Run,Run,2780,2847,8502.42,277.0,623,60,87.67458,156,181,,
2020-08-08,Lunch Ride,Ride,9299,18204,61126.2,1633.0,1706,148,75.1111,139,182,,
2020-08-09,Morning Ride,Ride,8965,16801,48852.48,1920.0,1604,138,73.88329,132,179,,
2020-08-10,Lunch Hike,Hike,7581,14285,10000.52,797.0,886,52,44.986485,106,178,,
2020-08-11,Morning Ride,Ride,6100,6999,44944.83,383.0,617,29,40.97556,103,139,,
2020-08-11,Bici,Ride,8491,8619,47498.7,588.0,1955,98,64.45919,131,173,,
2020-08-12,Bici,Ride,8167,8216,46676.05,572.0,1876,92,63.6621,130,166,,
2020-08-12,Afternoon Swim,Swim,3176,3569,2525.0,,571,77,88.142265,,,,
2020-08-13,Morning Run,Run,4307,4647,15003.86,194.0,996,108,94.73684,160,180,,
2020-08-13,Afternoon Ride,Ride,6041,7245,32454.6,716.0,686,40,48.169857,114,160,,
2020-08-14,Morning Ride,Ride,6770,7038,35669.25,1171.0,1120,94,70.219574,135,181,,
2020-08-16,Morning Ride,Ride,11690,11954,84954.07,901.0,1467,90,52.437813,119,155,,
2020-08-17,Afternoon Swim,Swim,2052,2511,1775.0,,417,64,95.80857,,,,
2020-08-17,Afternoon Run,Run,3609,5668,10860.49,413.0,728,66,80.56072,146,176,,
2020-08-18,Morning Run,Run,2983,3487,12013.04,159.0,709,76,95.738335,160,185,,
2020-08-18,Bici,Ride,7581,7653,37615.4,810.0,1847,106,70.9154,136,173,,
2020-08-19,Morning Ride,Ride,15843,19256,103131.0,2029.0,2543,212,68.58252,134,182,,
2020-08-19,Bici,Ride,12704,12898,59038.85,1412.0,3045,159,67.06359,134,162,,
2020-08-21,Morning Ride,Ride,31028,44624,202391.0,3781.0,5090,398,67.4217,132,177,,
2020-08-21,Bici,Ride,8111,8203,46293.22,568.0,1837,91,63.501938,129,177,,
2020-08-22,Morning Hike,Hike,6370,11145,9410.47,451.0,715,37,44.0582,108,144,,
2020-08-23,Morning Run,Run,4342,4471,14318.81,359.0,985,87,84.80409,152,174,,
2020-08-24,Lunch Ride,Ride,11143,12398,72430.86,1219.0,1325,73,48.381664,112,153,,
2020-08-25,Morning Ride,Ride,23784,25666,171722.06,3120.0,4093,391,76.78994,143,185,,
2020-08-25,Bici,Ride,8586,9114,48551.84,586.0,1852,84,59.29822,125,173,,
2020-08-26,Afternoon OpenWaterSwim,OpenWaterSwim,637,1975,1003.79,,604,119,224.49945,,,,
2020-08-26,Afternoon Run,Run,1500,1595,5008.02,41.0,321,22,71.76033,141,155,,
2020-08-27,Afternoon Run,Run,3620,3951,12006.68,178.0,854,78,86.96331,154,177,,
2020-08-28,Evening Ride,Ride,2750,3208,18284.34,118.0,272,11,37.52666,101,130,,
2020-08-29,Morning Ride,Ride,14874,16388,93957.89,2438.0,2252,200,69.1026,135,184,,
2020-08-30,Morning OpenWaterSwim,OpenWaterSwim,555,910,405.45,,227,10,,,,,
2020-08-30,Afternoon OpenWaterSwim,OpenWaterSwim,2275,2523,1507.48,,323,32,69.38329,,,,
2020-08-31,Morning Ride,Ride,9242,11474,76002.76,1125.0,1698,161,77.949394,143,180,,
2020-09-01,Morning Run,Run,6064,6077,21204.81,345.0,1580,161,97.66868,165,185,,
2020-09-01,Bici,Ride,7618,7620,46122.11,576.0,1722,85,63.37409,129,162,,
2020-09-01,Afternoon OpenWaterSwim,OpenWaterSwim,524,1091,618.11,,355,41,134.00076,,,,
2020-09-02,Afternoon Hike,Hike,2840,3119,3303.04,17.0,239,7,28.442728,92,133,,
2020-09-03,Bici,Ride,10228,10943,54187.75,998.0,2327,122,65.49413,129,174,,
2020-09-05,Afternoon Run,Run,5556,6938,11151.19,838.0,1268,129,91.065125,156,185,,
2020-09-06,Morning Ride,Ride,19716,25437,132453.23,3069.0,3949,385,83.45133,145,184,,
2020-09-08,Evening Run,Run,3725,4533,13008.12,337.0,892,104,99.80028,159,185,,
2020-09-09,Evening Ride,Ride,6177,6424,43451.67,762.0,1084,86,70.20792,139,178,,
2020-09-10,Evening Run,Run,3104,3141,10014.21,313.0,708,66,87.029396,153,179,,
2020-09-11,Afternoon Ride,Ride,6944,7268,53096.58,1239.0,1650,167,92.621635,158,184,,
2020-09-12,Morning Hike,Hike,6300,9582,8115.28,662.0,806,49,49.43572,115,159,,
2020-09-13,Morning Ride,Ride,12823,17588,84263.25,1918.0,2179,175,69.491486,135,181,,
2020-09-15,Afternoon Ride,Ride,5694,6426,43479.3,755.0,1101,103,80.33871,145,180,,
2020-09-16,Morning Run,Run,3452,3764,12198.39,317.0,818,88,95.234276,162,180,,
2020-09-18,Afternoon Run,Run,3551,3658,13095.16,188.0,880,95,97.5357,164,182,,
2020-09-19,Afternoon Hike,Hike,6000,6530,12088.33,753.0,938,81,69.01557,135,174,,
2020-09-20,Morning Ride,Ride,8827,9943,57468.89,1186.0,1396,101,63.681396,131,167,,
2020-09-21,Lunch Swim,Swim,2367,2674,2000.0,,475,69,96.39984,,,,
2020-09-22,Afternoon Run,Run,2323,2973,9015.17,191.0,552,59,94.58819,152,185,,
2020-09-23,Afternoon Ride,Ride,5976,6345,43448.69,732.0,1103,95,75.229256,143,176,,
2020-09-25,Afternoon Run,Run,2270,2714,9015.73,233.0,505,49,86.52899,153,184,,
2020-09-26,Chilling Saturday,Run,4779,5701,8787.384,725.0,,,,,,,
2020-09-27,Morning OpenWaterSwim,OpenWaterSwim,2317,2977,,0.0,0,0,,70,70,,
2020-09-27,Transition,Transition,16,57,29.77,0.0,0,0,,77,86,,
2020-09-27,Morning Ride,Ride,8600,9098,90035.49,517.0,1768,162,81.035965,150,173,,
2020-09-27,Transition,Transition,61,170,14.52,0.0,0,1,,137,147,,
2020-09-27,Lunch Run,Run,5757,5972,21115.32,302.0,1343,154,97.82725,165,178,,
2020-09-29,Afternoon Run,Run,3726,4698,13010.78,347.0,815,66,79.58839,147,174,,
2020-09-30,Evening Run,Run,2969,3204,10272.78,289.0,656,58,83.12239,151,181,,
2020-10-03,Lunch Run,Run,4284,5042,10254.36,753.0,1130,122,100.05697,165,185,,
2020-10-04,Lunch Ride,Ride,7486,8161,53419.75,1284.0,1537,144,83.01677,148,182,,
2020-10-06,Evening Ride,Ride,3603,3602,29165.1,89.395226,887,126,112.0,,,258,280
2020-10-07,Lunch Swim,Swim,2401,2681,2000.0,,477,67,94.86833,,,,
2020-10-08,Afternoon Run,Run,3444,3705,13008.86,370.0,748,68,83.572174,151,183,,
2020-10-11,Morning Run,Run,3673,4926,7899.61,744.0,1022,103,99.83858,171,185,,
2020-10-13,Afternoon Run,Run,3677,3955,13009.85,417.0,919,90,92.49641,159,179,,
2020-10-14,Lunch Swim,Swim,2332,2609,2000.0,,476,71,98.99805,,,,
2020-10-14,Evening VirtualRide,VirtualRide,3494,3597,36441.38,,772,86,94.0,153,182,215,235
2020-10-15,Afternoon Run,Run,3399,3706,12168.82,283.0,863,85,94.151085,161,185,,
2020-10-17,Morning Ride,Ride,12135,12880,101254.6,1189.0,2329,199,76.77155,143,177,,
2020-10-18,Morning Run,Run,5720,6385,8685.64,708.0,658,24,38.084045,101,152,,
2020-10-20,Afternoon Run,Run,3520,3599,12513.01,270.0,869,79,88.931366,157,184,,
2020-10-21,Lunch Swim,Swim,2414,2681,2000.0,,470,66,94.15769,,,,
2020-10-22,Morning Ride,Ride,9223,23628,46513.47,1992.0,1843,150,76.0408,137,181,,
2020-10-24,Morning Run,Run,5635,6184,18423.52,693.0,1558,158,100.03518,171,185,,
2020-10-25,Morning Ride,Ride,16091,16720,114980.05,2081.0,3053,303,82.15584,149,178,,
2020-10-27,Evening VirtualRide,VirtualRide,3812,3814,32782.72,691.0,950,127,109.6,0,0,261,274
2020-10-28,Afternoon Run,Run,3686,3762,13009.56,308.0,858,78,87.0454,155,179,,
2020-10-29,Evening VirtualRide,VirtualRide,3486,3485,30299.36,682.0,904,126,114.0,0,0,272,285
2020-10-31,Morning Run,Run,3259,3498,11449.97,324.0,906,94,100.883316,166,185,,
2020-11-01,Morning Ride,Ride,11901,13130,97325.61,1124.0,1970,161,69.65218,138,180,,
2020-11-02,Morning Run,Run,3297,3904,11504.03,279.0,792,67,83.3247,152,174,,
2020-11-03,Afternoon VirtualRide,VirtualRide,4009,4008,40049.84,328.0,942,120,103.6,0,0,246,259
2020-11-04,Afternoon Run,Run,3629,4054,13010.99,321.0,834,64,79.13641,147,172,,
2020-11-05,Lunch Ride,Ride,5881,6074,43547.61,778.0,1257,114,82.79404,148,180,,
2020-11-06,Lunch Hike,Hike,4039,4332,6061.03,391.0,647,38,57.3038,122,165,,
2020-11-07,Morning Ride,Ride,14699,16640,79927.33,2986.0,2590,236,75.99778,140,179,,
2020-11-08,Morning Hike,Hike,6687,7405,11266.99,701.0,892,65,58.98336,117,179,,
2020-11-09,Afternoon Run,Run,3439,3771,12316.58,292.0,807,63,80.349365,149,176,,
2020-11-10,Afternoon VirtualRide,VirtualRide,3610,3612,28877.03,515.0,721,92,96.0,0,0,209,240
2020-11-11,Lunch Run,Run,3558,3593,14007.17,115.0,976,89,94.44481,162,181,,
2020-11-12,Afternoon VirtualRide,VirtualRide,4590,4589,41162.68,505.0,1011,118,96.0,0,0,231,240
2020-11-14,Morning Run,Run,5270,5464,18742.33,364.0,1427,141,97.50589,164,185,,
2020-11-15,Morning Ride,Ride,8494,10703,44727.12,1867.0,1334,99,64.401566,128,177,,
2020-11-16,Evening VirtualRide,VirtualRide,3347,3349,33399.74,150.0,716,93,100.0,0,0,224,250
2020-11-17,Afternoon Run,Run,2881,3196,10240.21,229.0,647,50,77.47258,146,181,,
2020-11-18,Afternoon VirtualRide,VirtualRide,3603,3602,31007.07,279.0,772,85,92.4,0,0,224,231
2020-11-19,Afternoon Run,Run,3365,3737,13721.34,128.0,859,70,86.384285,153,182,,
2020-11-21,Morning Hike,Hike,8358,9763,11181.53,1049.0,1046,58,49.580296,108,168,,
2020-11-22,Morning Run,Run,6041,6836,12680.53,960.0,1136,76,67.08204,134,172,,
2020-11-22,Afternoon Run,Run,6280,7550,16650.17,689.0,1350,96,73.98345,140,170,,
2020-11-24,Lunch Ride,Ride,4308,4501,27458.59,684.0,638,43,59.456318,127,180,,
2020-11-25,Lunch Run,Run,3927,4001,14311.34,234.0,1018,81,85.413536,154,171,,
2020-11-27,Lunch Run,Run,1603,1733,5526.25,247.0,425,32,83.70961,152,171,,
2020-11-29,Morning Run,Run,12832,12833,42218.35,469.0,3152,290,90.19928,159,177,,
2020-12-01,Afternoon VirtualRide,VirtualRide,4897,4896,29877.44,1168.0,1230,177,114.0,0,0,263,285
2020-12-02,Afternoon Run,Run,3293,3464,11272.92,279.0,738,54,76.31413,145,168,,
2020-12-03,Afternoon VirtualRide,VirtualRide,3614,3613,30902.49,279.0,832,119,108.8,0,0,241,272
2020-12-05,Morning NordicSki,NordicSki,4354,5471,4970.98,525.0,430,20,40.50265,94,162,,
2020-12-07,Lunch NordicSki,NordicSki,5828,6658,8008.73,538.0,828,65,63.213146,123,176,,
2020-12-08,Morning NordicSki,NordicSki,13090,16942,13836.11,1325.0,1522,83,47.434166,109,167,,
2020-12-08,Afternoon Run,Run,3386,3503,10038.15,360.0,871,69,85.11224,155,169,,
2020-12-09,Afternoon Run,Run,3013,3164,10131.92,76.0,766,65,87.533325,155,177,,
2020-12-10,Afternoon Run,Run,4732,4783,15692.32,303.0,1123,99,86.657265,153,184,,
2020-12-11,Afternoon Run,Run,3587,3921,11547.64,344.0,757,56,74.513016,143,166,,
2020-12-12,Morning Run,Run,7255,7315,22006.46,807.0,1513,134,81.486534,149,169,,
2020-12-12,Afternoon NordicSki,NordicSki,7927,9881,9243.23,981.0,1161,79,59.34996,126,159,,
2020-12-13,Morning Hike,Hike,3792,9642,4255.77,516.0,588,24,38.953648,101,164,,
2020-12-14,Morning Run,Run,3980,4098,13526.26,554.0,970,89,89.54339,158,179,,
2020-12-15,Lunch Run,Run,4298,4329,14250.04,431.0,1062,95,88.89338,158,179,,
2020-12-15,Evening Run,Run,2675,2692,9009.24,194.0,735,73,98.840866,164,185,,
2020-12-16,Lunch Run,Run,3354,3392,12101.75,162.0,860,68,85.39452,154,166,,
2020-12-17,Morning Run,Run,4783,6114,10975.09,648.0,1223,117,92.94207,159,185,,
2020-12-18,Morning Run,Run,3634,3831,12499.42,432.0,982,90,94.17761,161,181,,
2020-12-19,Morning NordicSki,NordicSki,6352,9693,11943.52,1169.0,936,69,62.39725,123,184,,
2020-12-20,Morning Run,Run,4610,4647,14637.58,421.0,1116,97,86.714355,156,179,,
2020-12-21,Evening Run,Run,3921,4010,13010.07,247.0,866,71,80.33004,149,174,,
2020-12-22,Afternoon Run,Run,3100,3433,10762.5,270.0,708,53,78.03851,147,167,,
2020-12-23,Lunch Hike,Hike,1223,1258,1732.98,68.0,91,3,29.311918,85,128,,
2020-12-24,Morning Hike,Hike,60,60,,0.0,1,0,,62,76,,
2020-12-24,Lunch Hike,Hike,5883,6354,13770.86,681.0,1174,98,76.63009,145,175,,
2020-12-25,Morning Run,Run,4313,4401,8013.63,701.0,1100,94,87.717766,156,181,,
2020-12-26,Morning Run,Run,6440,7213,14803.23,274.0,1000,54,54.462166,122,170,,
2020-12-26,Lunch Run,Run,1895,1897,5700.01,265.0,503,45,92.45979,157,181,,
2020-12-27,Morning Hike,Hike,7817,8255,13242.99,943.0,944,61,52.81028,115,161,,
2020-12-28,Lunch NordicSki,NordicSki,4567,4982,7574.46,443.0,750,57,66.96466,127,171,,
2020-12-30,Lunch NordicSki,NordicSki,5170,6513,8924.04,369.0,627,35,48.71223,113,167,,
2020-12-31,Morning Run,Run,2676,2765,9195.45,238.0,728,68,95.16619,161,185,,
2021-01-08,Afternoon Run,Run,3430,3503,12116.33,299.0,822,70,85.40361,154,185,,
2021-01-09,Morning NordicSki,NordicSki,5664,6962,8174.25,1065.0,651,39,49.73941,107,165,,
2021-01-10,Morning NordicSki,NordicSki,14217,21755,12920.9,1712.0,1561,83,44.90357,106,163,,
2021-01-11,Lunch NordicSki,NordicSki,3136,4132,5953.36,666.0,434,26,54.63235,115,160,,
2021-01-12,Afternoon VirtualRide,VirtualRide,3373,3372,30234.12,275.0,798,95,100.8,0,0,248,252
2021-01-13,Afternoon VirtualRide,VirtualRide,3272,3273,21367.14,484.0,614,89,98.8,0,0,196,247
2021-01-14,Lunch Run,Run,3517,3614,13015.19,323.0,900,78,89.13849,158,178,,
2021-01-15,Lunch NordicSki,NordicSki,3457,3952,6560.99,644.0,380,19,44.48139,101,148,,
2021-01-16,Morning NordicSki,NordicSki,12364,15451,14416.42,1604.0,1102,55,39.959656,93,161,,
2021-01-19,Afternoon Run,Run,3529,3747,12616.07,382.0,821,75,86.96565,155,183,,
2021-01-20,Afternoon VirtualRide,VirtualRide,4218,4221,35239.8,808.0,991,126,103.6,0,0,246,259
2021-01-21,Afternoon VirtualRide,VirtualRide,3839,3843,32713.73,260.0,718,81,87.2,0,0,189,218
2021-01-22,Evening VirtualRide,VirtualRide,4109,4108,40120.93,328.0,920,117,101.2,0,0,235,253
2021-01-23,Morning NordicSki,NordicSki,7056,8469,8653.84,979.0,770,44,47.11072,106,167,,
2021-01-24,Morning NordicSki,NordicSki,9420,11152,11342.83,1555.0,874,38,37.92339,97,144,,
2021-01-25,Evening NordicSki,NordicSki,2583,5531,3893.14,500.0,250,10,37.2678,100,138,,
2021-01-26,Evening VirtualRide,VirtualRide,4155,4158,37401.05,274.0,880,120,102.0,0,0,222,255
2021-01-27,Afternoon Run,Run,3222,3434,12179.63,311.0,798,64,83.65874,151,175,,
2021-01-28,Evening VirtualRide,VirtualRide,3905,3908,40159.48,198.0,758,77,84.4,0,0,203,211
2021-01-29,Morning Run,Run,3217,3367,11617.8,169.0,800,61,81.36609,150,169,,
2021-01-30,Lunch Run,Run,7169,7492,25023.14,926.0,1874,168,91.77268,160,177,,
2021-01-31,Morning Run,Run,6003,6307,10490.61,719.0,810,45,51.784893,119,164,,
2021-02-02,Evening Run,Run,4032,4118,13209.47,364.0,1061,102,94.486984,161,185,,
2021-02-03,Afternoon VirtualRide,VirtualRide,3609,3612,32180.4,572.0,771,114,106.8,0,0,224,267
2021-02-04,Lunch Run,Run,3661,3768,13008.17,273.0,939,76,85.6109,154,177,,
2021-02-05,Lunch Run,Run,2279,2452,8247.87,320.0,621,57,94.889145,161,182,,
2021-02-06,Morning Ride,Ride,9132,11389,62646.09,1747.0,1514,122,69.30097,135,185,,
2021-02-08,Afternoon Run,Run,4082,4146,13233.94,356.0,1039,88,87.9453,156,176,,
2021-02-10,Evening VirtualRide,VirtualRide,3645,3644,35045.24,608.0,858,123,110.0,0,0,247,275
2021-02-11,Afternoon VirtualRide,VirtualRide,3650,3649,30055.58,683.0,820,98,98.4,0,0,235,246
2021-02-11,Evening Run,Run,1217,1236,5017.48,227.0,339,31,95.09869,162,179,,
2021-02-12,Afternoon Run,Run,2947,3083,10010.45,485.0,681,56,82.48585,151,175,,
2021-02-13,Lunch Run,Run,2956,3080,12045.03,63.0,736,63,87.533775,153,185,,
2021-02-13,Afternoon Run,Run,3108,3282,9427.47,611.0,827,66,87.378265,156,167,,
2021-02-14,Morning Run,Run,10903,11683,32617.63,1301.0,2389,203,81.74666,150,174,,
2021-02-16,Afternoon VirtualRide,VirtualRide,4811,4873,41233.91,658.0,1067,134,100.0,0,0,232,250
2021-02-17,Afternoon Run,Run,3948,4305,13163.39,366.0,1026,89,89.53218,157,180,,
2021-02-18,Evening VirtualRide,VirtualRide,3542,3544,33460.66,394.0,901,129,114.4,0,0,266,286
2021-02-19,Afternoon Run,Run,3095,3324,10403.1,318.0,632,41,68.82472,137,158,,
2021-02-20,Morning Run,Run,5370,6044,12015.43,1056.0,1033,77,71.541374,140,167,,
2021-02-21,Morning Ride,Ride,17873,19050,155005.52,1115.0,3215,289,76.155464,145,177,,
2021-02-23,Lunch Run,Run,3460,3509,11853.38,434.0,854,72,85.995056,155,173,,
2021-02-24,Lunch Ride,Ride,5441,5737,35152.25,1027.0,1192,93,78.349304,147,178,,
2021-02-25,Lunch Ride,Ride,5127,5308,33525.06,1037.0,1081,90,79.2329,146,180,,
2021-02-25,Afternoon Run,Run,2648,2807,8613.05,317.0,639,49,81.61882,149,175,,
2021-02-26,Lunch Run,Run,2700,2778,10013.87,247.0,660,55,85.44521,152,182,,
2021-02-27,Morning Run,Run,5192,5193,18015.66,388.0,1353,114,88.907074,158,185,,
2021-02-28,Morning Ride,Ride,16264,20830,108397.68,3076.0,2735,239,72.387505,139,185,,
2021-03-01,Afternoon Run,Run,3516,3520,11732.92,210.0,664,42,65.567665,135,146,,
2021-03-03,Afternoon VirtualRide,VirtualRide,5119,5118,31351.15,1058.0,973,125,93.6,0,0,199,234
2021-03-04,Afternoon Run,Run,2919,2921,12040.25,106.0,866,95,108.24205,172,185,,
2021-03-05,Afternoon VirtualRide,VirtualRide,3985,3984,30276.56,582.0,836,91,90.8,0,0,220,227
2021-03-06,Lunch Run,Run,4351,4391,14104.64,460.0,1096,91,86.731705,155,174,,
2021-03-07,Morning Ride,Ride,20546,22822,171534.08,2096.0,3454,311,73.76511,141,176,,
2021-03-08,Afternoon Run,Run,3530,3546,12006.32,174.0,667,41,64.52605,134,147,,
2021-03-09,Afternoon VirtualRide,VirtualRide,3549,3548,40714.56,179.0,915,132,115.6,0,0,270,289
2021-03-11,Lunch Ride,Ride,6007,6064,44115.73,950.0,1277,103,78.20348,145,180,,
2021-03-12,Afternoon Run,Run,1950,2196,8003.6,126.0,475,32,76.23851,146,161,,
2021-03-12,Evening Run,Run,375,400,1250.42,138.0,87,5,,134,156,,
2021-03-13,Morning Run,Run,5251,5281,18009.09,535.0,1414,121,90.82951,158,173,,
2021-03-16,Lunch Ride,Ride,4790,4870,28541.13,1038.0,873,65,69.87217,139,167,,
2021-03-18,Bike / X (The Snowy Hazard + 4km),Ride,4547,4628,30943.336,768.10004,,,,,,,
2021-03-19,Lunch Run,Run,3285,3288,10368.01,606.0,681,79,93.04587,160,179,,
2021-03-20,Morning Run,Run,5290,5334,21205.02,157.0,1232,145,98.94416,165,184,,
2021-03-23,Morning Run,Run,3301,3373,10825.62,402.0,891,74,89.563835,159,178,,
2021-03-24,Afternoon VirtualRide,VirtualRide,4982,4983,31399.38,1058.0,978,123,94.4,0,0,205,236
2021-03-25,Morning Run,Run,3048,3078,11514.63,125.0,519,44,71.771996,140,157,,
2021-03-26,Afternoon Ride,Ride,4682,5126,34049.2,852.0,1018,96,85.89709,149,185,,
2021-03-27,Morning Run,Run,4294,4295,16005.4,138.0,881,90,86.864334,154,171,,
2021-03-28,Morning Ride,Ride,11196,11747,100263.68,1247.0,2253,197,79.38362,147,181,,
2021-03-30,Evening Run,Run,3908,4263,15002.97,236.0,904,94,93.04271,159,185,,
2021-03-31,Lunch Ride,Ride,3594,3609,30392.94,410.0,752,55,74.07972,142,166,,
2021-04-02,Morning Ride,Ride,24968,27215,169061.86,4648.0,4589,479,82.87133,148,185,,
2021-04-03,Morning Run,Run,3510,3733,12504.25,427.0,789,71,85.33494,154,182,,
2021-04-04,Morning Ride,Ride,14393,15113,120035.61,1505.0,2259,193,69.4574,138,169,,
2021-04-06,Morning Ride,Ride,6282,6762,38511.91,1075.0,1338,105,77.30032,145,177,,
2021-04-06,Morning Run,Run,1972,1974,7032.78,298.0,507,48,93.58545,160,178,,
2021-04-07,Lunch Run,Run,2188,2491,8015.72,294.0,456,43,83.075096,149,182,,
2021-04-08,Afternoon Ride,Ride,11849,12039,83144.81,1943.0,2419,233,83.935616,149,184,,
2021-04-10,Morning Ride,Ride,15050,16482,112292.74,2137.0,2846,240,75.63292,139,174,,
2021-04-11,Lunch Run,Run,2959,2999,12008.08,111.0,755,70,92.284294,160,181,,
2021-04-13,Afternoon Run,Run,3705,3957,13176.39,433.0,892,78,86.498634,155,179,,
2021-04-14,Afternoon Ride,Ride,7699,15690,60032.28,1147.0,1593,122,75.34334,140,174,,
2021-04-15,Afternoon Run,Run,3271,3306,12168.68,247.0,796,57,78.81963,147,161,,
2021-04-16,Afternoon Ride,Ride,4068,4105,28115.22,529.0,666,44,62.148792,130,169,,
2021-04-17,Morning Ride,Ride,16375,19566,122091.71,3058.0,3401,290,79.66253,144,174,,
2021-04-18,Morning Run,Run,2229,2230,9005.09,62.0,565,43,83.33558,148,174,,
2021-04-18,Morning Run,Run,1221,1222,4012.48,99.0,317,21,78.68701,148,161,,
2021-04-20,Afternoon Ride,Ride,5554,5762,41914.16,808.0,1181,105,82.49791,150,184,,
2021-04-21,Afternoon Run,Run,3282,3556,10988.62,413.0,756,57,78.855446,147,171,,
2021-04-22,Afternoon Ride,Ride,8846,9205,73723.17,1420.0,1869,189,87.691925,155,185,,
2021-04-24,Morning Ride,Ride,14343,16185,106822.82,1914.0,2534,230,75.76827,139,183,,
2021-04-25,Morning Run,Run,4732,4901,17009.49,374.0,1277,103,88.47451,155,176,,
2021-04-26,Run / X (Monday Chill),Run,3189,3245,11013.428,385.0,,,,,,,
2021-04-27,"Bike / X (Garmin scarico, cellulare ubriaco)",Ride,1405,1410,13730.048,10.100006,,,,,,,
2021-04-29,Lunch Run,Run,2681,2725,9500.54,270.0,744,71,97.64095,162,185,,
2021-04-29,Evening Swim,Swim,3141,3967,2625.0,,610,88,89.37504,,,,
2021-04-30,Afternoon Run,Run,2969,2977,11008.0,144.0,819,65,88.67301,157,171,,
2021-05-01,Morning Ride,Ride,17905,19068,141380.0,2325.0,3124,275,74.22593,136,173,,
2021-05-02,Morning Swim,Swim,2848,3536,2425.0,,569,84,92.490295,,,,
2021-05-02,Lunch Run,Run,2246,2251,8012.92,369.0,558,36,75.92842,147,162,,
2021-05-04,Afternoon Run,Run,2909,3159,12007.88,203.0,879,92,106.70218,170,185,,
2021-05-05,Afternoon Ride,Ride,8292,8873,58656.23,1536.0,1421,120,71.82067,141,171,,
2021-05-06,Lunch Run,Run,3129,3207,11395.41,234.0,890,77,93.058014,162,178,,
2021-05-08,Morning Ride,Ride,4863,6708,36859.93,355.0,672,37,51.413826,113,164,,
2021-05-08,Lunch Ride,Ride,838,841,4490.39,309.0,251,29,111.616455,176,185,,
2021-05-08,Lunch Ride,Ride,1395,1533,7855.29,295.0,315,23,76.93188,133,167,,
2021-05-09,Morning Swim,Swim,2824,3381,2400.0,,560,83,94.02253,,,,
2021-05-09,Morning Run,Run,3602,3651,14020.58,526.0,1016,88,93.61349,162,178,,
2021-05-10,Lunch Ride,Ride,4606,4848,32127.85,904.0,1007,79,78.47617,143,174,,
2021-05-11,Evening VirtualRide,VirtualRide,2762,2761,30984.94,,722,92,109.6,,,262,274
2021-05-12,Evening Run,Run,2454,2478,8010.73,203.0,551,33,69.25406,139,152,,
2021-05-14,Afternoon VirtualRide,VirtualRide,3305,3304,33994.47,43.0,751,83,95.2,,,228,238
2021-05-15,Morning Ride,Ride,18636,24529,131516.38,2796.0,3646,303,75.97796,138,174,,
2021-05-16,Morning Swim,Swim,2556,3258,2100.0,,483,68,86.69556,,,,
2021-05-17,Afternoon Ride,Ride,8993,10034,67400.42,1685.0,1758,141,75.01247,141,174,,
2021-05-18,Lunch Run,Run,4170,4688,14505.53,752.0,1068,85,85.35639,153,178,,
2021-05-19,Lunch Ride,Ride,4821,4872,42146.39,585.0,990,72,73.29407,139,182,,
2021-05-20,Afternoon Run,Run,2296,2466,9007.99,229.0,637,51,89.42324,158,182,,
2021-05-22,Morning Ride,Ride,9583,10213,66884.31,1594.0,2039,180,82.12845,147,174,,
2021-05-22,Lunch Run,Run,2344,2671,8001.82,302.0,630,53,90.04886,157,180,,
2021-05-23,Morning Swim,Swim,3555,4585,3000.0,,697,103,89.938896,,,,
2021-05-23,Lunch Ride,Ride,7058,7404,60339.3,918.0,1485,122,78.55108,144,170,,
2021-05-24,Evening VirtualRide,VirtualRide,3609,3610,39009.69,,852,94,96.8,,,236,242
2021-05-25,Afternoon Run,Run,5028,5067,18023.7,597.0,1268,104,85.967705,155,177,,
2021-05-26,Afternoon Ride,Ride,10547,11340,66870.23,1903.0,2059,167,75.13016,144,181,,
2021-05-27,Morning Ride,Ride,2383,2405,23947.51,25.0,429,22,57.397816,124,154,,
2021-05-27,Morning Run,Run,1969,2033,8019.31,100.0,561,48,93.60918,161,178,,
2021-05-28,Evening Swim,Swim,2495,3335,2200.0,,523,82,94.09692,,,,
2021-05-28,Evening Swim,Swim,372,374,300.0,,69,9,,,,,
2021-05-29,Morning Ride,Ride,21698,23459,164811.9,2949.0,4180,342,75.2739,137,170,,
2021-05-30,Lunch Run,Run,2977,2978,10011.07,346.0,667,41,70.41315,141,156,,
2021-05-31,Morning Ride,Ride,7317,7681,55144.28,770.0,1140,75,60.420376,128,165,,
2021-05-31,Afternoon Swim,Swim,2525,3756,2250.0,,535,86,90.80202,,,,
2021-06-02,Morning Ride,Ride,29331,33971,169072.05,6182.0,5768,515,79.28848,145,182,,
2021-06-03,Evening Run,Run,2573,2589,10022.31,110.0,727,61,92.16922,161,178,,
2021-06-07,Lunch Run,Run,3434,3604,12011.49,379.0,933,79,88.84493,157,176,,
2021-06-08,Afternoon Run,Run,3719,3723,12506.91,362.0,1047,93,94.842834,163,185,,
2021-06-09,Evening OpenWaterSwim,OpenWaterSwim,336,1321,214.09,,134,4,,,,,
2021-06-10,Lunch Run,Run,3283,3777,12635.7,377.0,934,87,95.4183,163,185,,
2021-06-12,Evening Rowing,Rowing,1590,1702,2542.97,,154,4,29.14717,94,102,,
2021-06-13,Afternoon Ride,Ride,8572,9057,59987.37,1391.0,1955,193,89.722084,154,185,,
2021-06-14,Morning Run,Run,3543,4166,11050.81,425.0,798,64,79.811775,147,171,,
2021-06-17,Lunch Ride,Ride,5710,5964,47491.44,687.0,1404,119,86.293396,148,180,,
2021-06-17,Night Run,Run,1482,1487,6008.98,53.0,431,42,100.905,165,185,,
2021-06-18,Afternoon Swim,Swim,3006,3986,2566.6667,,543,90,90.16923,,,,
2021-06-19,Morning Swim,Swim,2308,2826,2025.0,,486,75,97.76258,,,,
2021-06-19,Morning Swim,Swim,619,622,500.0,,114,16,96.308685,,,,
2021-06-19,Lunch Run,Run,4664,5308,15021.2,602.0,1294,119,95.80889,163,182,,
2021-06-20,Morning Ride,Ride,9349,9352,75247.21,1022.0,1609,111,65.37778,129,165,,
2021-06-20,Morning Run,Run,2489,2519,8012.1,220.0,347,32,67.66606,136,155,,
2021-06-21,Evening Run,Run,3058,3108,11018.29,107.0,788,57,81.88945,150,175,,
2021-06-22,Afternoon Ride,Ride,7771,10359,56313.73,996.0,1451,94,65.824814,133,168,,
2021-06-23,Evening Run,Run,2407,2739,10005.4,141.0,669,60,94.730286,161,181,,
2021-06-24,Evening OpenWaterSwim,OpenWaterSwim,1016,1203,903.56,,208,34,103.482666,,,,
2021-06-25,Morning Ride,Ride,3727,3728,25283.12,466.0,640,37,59.782272,128,165,,
2021-06-26,Morning Swim,Swim,2141,2589,1900.0,,454,72,100.07725,,,,
2021-06-26,Lunch Swim,Swim,482,484,400.0,,94,13,,,,,
2021-06-26,Afternoon Ride,Ride,5915,6098,50457.02,597.0,1250,91,74.39569,140,167,,
2021-06-27,Morning OpenWaterSwim,OpenWaterSwim,2282,2285,1751.71,0.0,382,1,12.56011,121,167,,
2021-06-27,Transition,Transition,98,412,268.56,13.0,22,3,,154,176,,
2021-06-27,Morning Ride,Ride,6715,6723,58903.17,1115.0,1561,142,87.20596,155,171,,
2021-06-27,Transition,Transition,13,55,66.62,0.0,2,1,,147,155,,
2021-06-27,Lunch Run,Run,969,1170,3333.95,103.0,211,21,87.6078,156,166,,
2021-06-29,Afternoon Swim,Swim,1805,2218,1650.0,,394,66,103.52384,,,,
2021-06-29,Afternoon Swim,Swim,860,1070,750.0,,178,27,95.35518,,,,
2021-06-29,Afternoon Run,Run,3201,3300,12015.19,53.0,898,75,91.65559,159,173,,
2021-06-30,Morning Run,Run,2832,3328,12008.45,142.0,762,68,92.97348,160,177,,
2021-07-01,Afternoon Ride,Ride,3672,4975,26378.45,771.0,861,62,77.85835,145,164,,
2021-07-02,Morning Ride,Ride,17531,19266,110397.86,3644.0,3613,318,80.795494,148,182,,
2021-07-03,Morning Ride,Ride,3252,4625,19179.57,547.0,445,22,48.746666,114,150,,
2021-07-04,Morning Ride,Ride,19905,20204,135813.52,4217.0,4003,371,81.554054,146,166,,
2021-07-06,Afternoon Swim,Swim,2238,2667,2000.0,,478,77,101.96862,,,,
2021-07-06,Evening Swim,Swim,606,610,500.0,,118,16,97.25291,,,,
2021-07-06,Evening Run,Run,1835,1836,7015.39,20.0,521,42,90.77325,159,175,,
2021-07-07,Evening Run,Run,2322,2323,9001.65,43.0,656,57,94.00643,160,179,,
2021-07-07,Evening Run,Run,575,576,2005.52,55.0,161,12,,156,164,,
2021-07-08,Afternoon VirtualRide,VirtualRide,2259,2258,23160.69,0.0,465,52,90.8,,,206,227
2021-07-08,Evening Run,Run,1239,1241,5011.32,113.0,379,40,107.76318,173,185,,
2021-07-10,Morning Ride,Ride,3692,3819,23825.81,356.0,534,26,50.330437,116,150,,
2021-07-11,Morning OpenWaterSwim,OpenWaterSwim,2323,2324,1808.21,0.0,395,53,90.628456,171,171,,
2021-07-11,Transition,Transition,163,241,442.69,17.0,38,5,,169,183,,
2021-07-11,Morning Ride,Ride,9199,9201,80981.92,1421.0,1938,193,86.90797,153,176,,
2021-07-11,Transition,Transition,99,141,292.76,5.0,19,1,,139,145,,
2021-07-11,Morning Run,Run,5335,5339,19110.19,401.0,1078,113,87.29738,157,165,,
2021-07-13,Evening Ride,Ride,3772,3917,27013.27,427.0,630,38,59.39353,128,160,,
2021-07-14,Morning Run,Run,3159,3294,10114.94,236.0,604,37,64.78115,133,153,,
2021-07-15,Afternoon Ride,Ride,2853,3022,27997.92,190.0,567,36,67.10535,134,165,,
2021-07-15,Evening Run,Run,1972,1996,8014.49,121.0,534,42,87.07898,157,174,,
2021-07-16,Afternoon Swim,Swim,2279,2855,2000.0,,477,74,96.61401,,,,
2021-07-17,Morning Ride,Ride,20705,24870,148789.34,3180.0,3818,296,71.57912,137,184,,
2021-07-18,Afternoon Run,Run,3112,3115,12012.15,119.0,836,68,88.6923,156,181,,
2021-07-19,Lunch Run,Run,2815,2816,9002.63,234.0,663,41,72.410904,141,164,,
2021-07-19,Afternoon Swim,Swim,1799,2360,1650.0,,394,67,101.11712,,,,
2021-07-19,Evening Swim,Swim,1306,1766,1100.0,,257,37,86.87199,,,,
2021-07-20,Afternoon Ride,Ride,7312,8258,49853.7,1197.0,1271,84,63.904045,131,176,,
2021-07-21,Afternoon Run,Run,3577,3634,14006.17,137.0,892,68,82.530914,147,179,,
2021-07-22,Afternoon Run,Run,3270,3498,6363.48,512.0,561,25,52.191673,118,154,,
2021-07-24,Morning Ride,Ride,15223,24969,109888.98,1902.0,2464,163,60.60536,129,173,,
2021-07-24,Night OpenWaterSwim,OpenWaterSwim,71,81,4.67,,5,0,,,,,
2021-07-25,Lunch Ride,Ride,8949,9642,75423.92,878.0,1609,128,71.50652,140,171,,
2021-07-27,Evening Run,Run,3278,3279,13010.37,155.0,873,69,87.05051,156,184,,
2021-07-28,Morning Ride,Ride,2398,2400,22726.11,77.0,542,37,74.52938,141,175,,
2021-07-28,Night Run,Run,2645,3808,9498.88,244.0,613,39,72.42014,141,163,,
2021-07-29,Afternoon Swim,Swim,2780,3495,2500.0,,553,97,99.971375,,,,
2021-07-30,Lunch Run,Run,2532,2533,10011.46,109.0,746,68,98.32724,165,185,,
2021-07-31,Morning Ride,Ride,15456,16816,115247.1,2167.0,3001,222,71.8874,132,165,,
2021-08-01,Morning Swim,Swim,2742,3326,4450.0,,1055,563,246.89348,,,,
2021-08-01,Morning Run,Run,2858,2914,10011.77,39.0,608,36,67.09369,138,149,,
2021-08-02,Morning Ride,Ride,1347,1349,16663.59,11.0,328,24,80.089035,147,172,,
2021-08-02,Morning Ride,Ride,2138,2177,19558.46,155.0,516,32,72.8109,143,164,,
2021-08-03,Afternoon Ride,Ride,3223,3769,35262.01,192.0,757,53,76.29301,143,174,,
2021-08-03,Evening Run,Run,2561,2572,10045.0,127.0,709,54,86.97242,155,175,,
2021-08-04,Afternoon Run,Run,2952,3227,10010.31,227.0,583,35,64.47514,133,152,,
2021-08-05,Evening Ride,Ride,2874,3665,21904.6,483.0,466,25,55.5937,117,163,,
2021-08-06,Morning Ride,Ride,27144,32766,208673.14,3344.0,4903,398,71.927025,140,173,,
2021-08-07,Morning Swim,Swim,2692,3709,2400.0,,574,92,94.50946,,,,
2021-08-08,Morning Run,Run,4589,13837,16013.2,171.0,1054,64,70.32259,139,170,,
2021-08-09,Morning Ride,Ride,3219,4703,35015.11,81.0,538,28,54.936,122,143,,
2021-08-09,Morning VirtualRun,VirtualRun,2333,2431,10000.0,,600,39,76.09002,145,173,,
2021-08-10,Morning Run,Run,3062,3485,12019.2,182.0,779,57,80.903984,150,170,,
2021-08-11,Afternoon OpenWaterSwim,OpenWaterSwim,2601,3108,1908.23,,1444,49,80.57577,,,,
2021-08-12,Lunch OpenWaterSwim,OpenWaterSwim,3514,5460,2501.42,,540,61,73.25687,,,,
2021-08-13,Lunch Run,Run,4425,6342,16010.9,334.0,1198,96,87.95872,155,179,,
2021-08-17,Morning Ride,Ride,7550,8065,57546.68,961.0,1538,110,72.3412,137,164,,
2021-08-17,Afternoon Run,Run,1946,1957,6999.61,214.0,502,41,86.86778,152,181,,
2021-08-18,Morning Swim,Swim,2121,2938,2000.0,,475,85,102.072495,,,,
2021-08-18,Morning Run,Run,3057,3059,12010.68,125.0,897,81,97.666595,165,179,,
2021-08-19,Morning Ride,Ride,4449,4493,36275.18,640.0,983,64,71.95504,139,164,,
2021-08-19,Morning Ride,Ride,3823,3830,32336.67,481.0,729,47,66.527016,132,172,,
2021-08-20,Morning Run,Run,3158,3177,13007.03,78.0,920,86,98.73252,165,183,,
2021-08-20,Evening Ride,Ride,4663,4831,25345.5,817.0,6,47,59.98086,123,170,,
2021-08-21,Morning Swim,Swim,2840,3488,2600.0,,623,105,104.116585,,,,
2021-08-21,Lunch Run,Run,3047,3171,10058.01,297.0,754,52,78.382065,145,171,,
2021-08-22,Morning Ride,Ride,20910,23516,159225.27,2833.0,4317,492,92.0,137,164,207,230
2021-08-23,Morning Swim,Swim,2625,3544,2500.0,,600,109,105.23953,,,,
2021-08-23,Lunch Run,Run,2350,2743,10014.15,106.0,659,57,93.44472,161,176,,
2021-08-25,Evening Run,Run,4319,4320,15555.08,351.0,1081,77,80.11337,146,173,,
2021-08-26,Morning Ride,Ride,9803,10574,76432.03,1318.0,2030,279,101.2,135,174,206,253
2021-08-26,Afternoon Swim,Swim,2047,2799,2000.0,,400,92,108.798096,,,,
2021-08-28,Morning Run,Run,3465,3999,14009.92,73.0,909,78,90.021645,157,177,,
2021-08-29,Night VirtualRide,VirtualRide,3599,3598,39671.71,,897,119,109.2,,,250,273
2021-08-30,Afternoon VirtualRide,VirtualRide,3428,3427,38018.11,,863,109,107.2,,,252,268
2021-08-30,Evening Run,Run,2019,2020,8010.47,136.0,566,51,95.36043,164,185,,
2021-08-31,Evening Run,Run,1744,2414,8008.51,63.0,418,32,81.22769,147,179,,
2021-09-01,Evening Ride,Ride,4927,5147,52055.64,252.0,1275,166,110.0,152,178,253,275
2021-09-02,Lunch Run,Run,3636,3724,13024.45,344.0,885,69,82.47274,152,166,,
2021-09-03,Afternoon Swim,Swim,2609,3357,2500.0,,500,110,108.62671,,,,
2021-09-04,Morning Run,Run,2759,2840,10009.8,291.0,725,61,88.718475,155,178,,
2021-09-04,Lunch Ride,Ride,10417,10715,77558.82,1666.0,1944,143,70.20788,133,170,,
2021-09-05,Morning Run,Run,3024,3700,13005.74,143.0,829,83,99.40298,164,180,,
2021-09-05,Afternoon Swim,Swim,2020,2936,2000.0,,402,94,107.37697,,,,
2021-09-07,Afternoon VirtualRide,VirtualRide,4690,4689,50500.32,,1102,145,105.6,,,235,264
2021-09-07,Evening Run,Run,1917,1919,8011.08,36.0,500,36,82.22265,151,172,,
2021-09-08,Afternoon Run,Run,2946,2948,11941.67,85.0,814,75,95.73385,163,180,,
2021-09-09,Afternoon Ride,Ride,4968,4967,54038.26,255.0,1319,173,112.0,152,182,266,280
2021-09-10,Afternoon Swim,Swim,2343,3481,2250.0,,450,100,101.709526,,,,
2021-09-11,Morning Swim,Swim,2347,3004,2250.0,,450,99,108.940956,,,,
2021-09-11,Morning Run,Run,2705,2735,11006.81,49.0,746,58,87.390854,157,172,,
2021-09-12,Afternoon Ride,Ride,5343,5372,58526.4,245.0,1368,159,103.6,159,170,255,259
2021-09-12,Afternoon Run,Run,2806,2808,11008.3,68.0,805,69,94.08751,162,170,,
2021-09-14,Afternoon Run,Run,2384,3321,11003.45,90.0,605,51,87.337006,155,179,,
2021-09-15,Lunch VirtualRide,VirtualRide,2565,2564,29112.34,,690,91,112.8,,,269,282
2021-09-15,Evening Run,Run,2833,10246,10077.81,401.0,566,33,63.033676,131,150,,
2021-09-16,Morning VirtualRide,VirtualRide,4532,4531,48059.89,,1013,117,96.4,,,224,241
2021-09-17,Lunch Swim,Swim,2343,3014,2250.0,,450,100,109.30793,,,,
2021-09-17,Evening VirtualRide,VirtualRide,2653,2652,27009.14,,525,47,80.0,,,198,200
2021-09-18,Morning Ride,Ride,12442,14463,95695.9,1742.0,2542,164,68.7118,129,165,,
2021-09-18,Afternoon Swim,Swim,2163,3183,2200.0,,443,109,111.048935,,,,
2021-09-19,Morning Run,Run,3641,4120,16008.07,123.0,1029,84,91.134026,159,172,,
2021-09-20,Morning VirtualRide,VirtualRide,3003,3005,32240.9,,712,96,107.2,,,237,268
2021-09-21,Morning Run,Run,3473,3497,14009.24,33.0,923,68,83.69165,152,173,,
2021-09-22,Morning Run,Run,3261,3346,13244.99,99.0,893,67,85.35109,155,171,,
2021-09-23,Lunch Swim,Swim,2197,3044,2250.0,,450,113,115.62174,,,,
2021-09-23,Afternoon VirtualRide,VirtualRide,4980,4979,54886.56,,1246,165,109.2,,,251,273
2021-09-24,Morning Run,Run,3397,3398,14011.63,45.0,973,79,91.499146,160,173,,
2021-09-25,Morning Ride,Ride,12662,15770,66624.17,2756.0,2518,184,72.07274,135,179,,
2021-09-26,Morning Swim,Swim,2394,3372,2400.0,,480,116,111.30146,,,,
2021-09-27,Morning Run,Run,2651,2654,11005.8,39.0,694,47,79.86041,149,161,,
2021-09-28,Afternoon Ride,Ride,1462,1616,11774.64,53.0,217,17,64.0,102,127,148,160
2021-09-30,Lunch Swim,Swim,1612,1710,1500.0,,300,62,114.28153,,,,
2021-09-30,Afternoon Ride,Ride,2400,2471,24592.43,129.0,544,70,102.8,131,158,225,257
2021-10-03,Morning OpenWaterSwim,OpenWaterSwim,649,784,613.89,0.0,127,6,57.69053,130,166,,
2021-10-03,Transition,Transition,169,288,473.03,10.0,33,5,,153,166,,
2021-10-03,Morning Ride,Ride,8758,8796,91607.61,449.0,2002,230,97.2,157,169,228,243
2021-10-03,Transition,Transition,78,197,338.54,3.0,15,3,,150,159,,
2021-10-03,Lunch Run,Run,6887,6909,20921.92,112.0,1091,124,80.38702,150,171,,
2021-10-07,Afternoon VirtualRide,VirtualRide,3120,3122,34399.92,,780,97,106.0,,,250,265
2021-10-08,Evening Run,Run,3183,3340,10015.82,387.0,671,47,72.57924,138,180,,
2021-10-09,Morning Run,Run,2278,2279,10023.19,59.0,683,54,92.37858,161,176,,
2021-10-10,Morning Ride,Ride,8869,9824,73666.74,1154.0,1608,117,68.759026,136,176,,
2021-10-11,Afternoon Run,Run,3966,4043,14009.26,306.0,849,67,77.72111,146,174,,
2021-10-12,Afternoon Ride,Ride,3385,3457,24895.64,478.0,733,44,68.11548,138,162,,
2021-10-13,Morning Ride,Ride,2298,2312,23875.83,22.0,401,19,54.474415,118,144,,
2021-10-13,Morning Run,Run,1879,1880,8034.51,22.0,500,36,83.0499,152,167,,
2021-10-14,Morning Run,Run,2784,2970,10199.67,196.0,665,46,77.06972,147,164,,
2021-10-15,Lunch Swim,Swim,2130,2593,2000.0,,400,85,108.65337,,,,
2021-10-17,Morning Run,Run,895,941,2132.2,96.0,152,7,52.915028,121,141,,
2021-10-17,Morning Run,Run,3156,3162,6578.5,954.0,986,89,100.677864,167,179,,
2021-10-18,Afternoon VirtualRide,VirtualRide,3602,3601,37800.65,,790,95,97.2,,,220,243
2023-04-11,Afternoon Ride,Ride,4866,5180,32549.61,646.0,1024,96,84.4,135,172,186,211
2023-04-12,Morning Ride,Ride,8064,41779,60515.45,924.0,1853,191,92.4,141,182,204,231
2023-04-13,Afternoon Run,Run,2996,3014,10002.22,307.0,743,64,87.44635,155,182,,
2023-04-14,Morning Run,Run,3421,3462,12552.19,178.0,895,73,87.13886,156,176,,
2023-04-15,Afternoon Ride,Ride,9132,9234,76303.71,930.0,2064,188,86.0,139,166,200,215
2023-04-16,Morning Run,Run,2138,2139,10111.29,40.0,700,58,98.82377,165,185,,
2023-04-16,Lunch Ride,Ride,8505,8962,58896.51,1431.0,1991,218,96.0,141,163,208,240
2023-04-17,Morning Ride,Ride,6642,39445,54830.67,546.0,1411,124,82.0,136,166,187,205
2023-04-18,Lunch Run,Run,2985,2986,10094.48,311.0,714,51,78.42674,145,173,,
2023-04-19,Morning Ride,Ride,5983,39135,50378.62,441.0,1398,136,90.4,132,163,208,226
2023-04-20,Morning Run,Run,3505,3508,12513.19,174.0,877,56,75.818886,145,167,,
2023-04-21,Afternoon Ride,Ride,4611,5093,19647.53,850.0,728,37,53.349358,118,161,,
2023-04-22,Morning Ride,Ride,5010,5578,25888.78,770.0,792,40,53.23091,117,161,,
2023-04-23,Morning Run,Run,9922,9923,42443.96,46.0,2966,258,96.75234,165,185,,
2023-04-24,Afternoon Ride,Ride,5140,5388,32219.81,812.0,1149,118,90.8,129,151,199,227
2023-04-25,Morning Ride,Ride,9962,10773,45919.33,1716.0,1606,97,58.95183,125,160,,
2023-04-26,Morning Ride,Ride,10338,44400,74829.49,1391.0,2331,243,92.0,128,167,199,230
2023-04-28,Morning Run,Run,3077,3082,10714.3,187.0,769,58,82.32266,149,177,,
2023-04-29,Morning Run,Run,8380,8407,22733.16,1363.0,1887,160,82.778305,152,173,,
2023-04-30,Morning Ride,Ride,12922,13406,90627.99,1726.0,2779,273,87.2,125,154,189,218
2023-05-01,Morning Run,Run,2986,3073,10496.29,163.0,777,35,64.90484,134,156,,
2023-05-02,Evening Ride,Ride,3346,3661,18644.48,671.0,749,84,95.2,119,140,199,238
2023-05-03,Afternoon Ride,Ride,8764,9430,66446.04,1200.0,2007,208,92.4,139,166,203,231
2023-05-04,Lunch Run,Run,3764,5315,13136.85,329.0,973,92,93.75398,162,181,,
2023-05-06,Morning Ride,Ride,19138,25474,131488.84,3011.0,4515,474,94.4,136,171,173,236
2023-05-07,Morning Run,Run,4497,4666,15013.63,513.0,1128,86,82.92734,152,183,,
2023-05-08,Morning Ride,Ride,6235,38722,48639.84,449.0,1358,73,64.922386,130,168,,
2023-05-09,Morning Run,Run,2577,2736,10047.52,67.0,717,64,93.12054,160,185,,
2023-05-10,Morning Run,Run,2928,3325,11132.27,34.0,732,41,69.31586,139,161,,
2023-05-11,Morning Run,Run,3905,4682,14031.21,137.0,928,49,65.75355,135,166,,
2023-05-12,Lunch Ride,Ride,4143,4298,24279.87,724.0,807,43,61.082073,127,160,,
2023-05-13,Morning Ride,Ride,16438,18558,91265.25,3437.0,2491,141,55.44146,121,167,,
2023-05-14,Morning Ride,Ride,13012,14561,87681.61,2006.0,2473,155,65.417656,130,168,,
2023-05-15,Morning Ride,Ride,8423,42387,62696.11,922.0,1426,71,54.85925,122,153,,
2023-05-16,Afternoon Ride,Ride,6473,6845,33033.29,1146.0,1077,55,55.11571,121,149,,
2023-05-17,Morning Run,Run,4372,4968,16375.89,201.0,1131,73,76.208496,146,165,,
2023-05-18,Afternoon Ride,Ride,10916,12126,67935.31,2004.0,2449,286,97.2,133,171,198,243
2023-05-19,Morning Run,Run,3416,3443,12575.11,173.0,892,65,82.45225,151,178,,
2023-05-20,Morning Ride,Ride,22706,23927,128584.32,3057.0,3743,265,64.51733,131,171,,
2023-05-21,Morning Ride,Ride,14798,17875,108623.49,1867.0,3342,357,93.2,136,165,199,233
2023-05-22,Morning Ride,Ride,7687,41685,60576.94,939.0,1842,210,99.2,137,185,213,248
2023-05-23,Afternoon Ride,Ride,6794,7796,39350.46,1211.0,1537,172,95.6,135,166,200,239
2023-05-24,Morning Run,Run,3439,3462,12557.74,170.0,898,65,82.22562,151,176,,
2023-05-25,Afternoon Ride,Ride,11772,12814,78178.39,2077.0,2848,340,102.0,137,175,216,255
2023-05-26,Morning Ride,Ride,5857,41092,48842.5,343.0,1278,63,62.016315,128,160,,
2023-05-27,Morning Ride,Ride,29530,35680,194750.9,4810.0,6594,641,88.4,139,169,191,221
2023-05-28,Afternoon Ride,Ride,5387,6013,34170.32,795.0,802,37,49.688557,115,141,,
2023-05-29,Lunch Ride,Ride,5961,6374,33862.44,1160.0,1387,164,99.6,143,167,208,249
2023-05-30,Morning Ride,Ride,6474,41068,52019.29,448.0,1358,68,61.270103,128,158,,
2023-05-31,Morning Ride,Ride,8835,43902,63128.42,1210.0,2006,224,95.6,131,185,202,239
2023-06-01,Morning Ride,Ride,1522,1543,7708.74,287.0,294,32,86.8,134,157,166,217
2023-06-02,Morning Ride,Ride,24269,28544,159969.19,4136.0,5224,591,93.6,133,180,189,234
2023-06-03,Morning Hike,Hike,6535,7500,7991.82,674.0,479,17,30.402822,84,118,,
2023-06-04,Morning Ride,Ride,32207,38277,309358.75,2300.0,7778,797,94.4,136,179,216,236
2023-06-06,Morning Ride,Ride,10761,10926,72561.62,2032.0,2672,309,101.6,139,170,224,254
2023-06-07,Morning Ride,Ride,4133,4219,21202.18,796.0,620,27,48.23929,112,139,,
2023-06-08,Evening Ride,Ride,3903,4463,22102.38,698.0,857,104,98.0,123,155,194,245
2023-06-09,Morning Ride,Ride,8665,37276,59813.28,1007.0,1584,81,57.36895,125,160,,
2023-06-10,Morning Ride,Ride,19421,24615,122695.89,2661.0,3493,226,64.458015,132,170,,
2023-06-11,Morning Ride,Ride,21996,28179,177822.62,3389.0,5080,606,99.6,136,174,202,249
2023-06-13,Morning Ride,Ride,10219,10880,61485.69,1910.0,2248,251,94.0,134,171,195,235
2023-06-14,Afternoon Ride,Ride,7718,10301,39617.29,1208.0,1270,65,52.72967,121,153,,
2023-06-15,Afternoon Ride,Ride,9113,9879,62182.78,1526.0,2052,231,95.6,131,158,200,239
2023-06-17,Morning Ride,Ride,20696,26299,141369.19,3501.0,4704,534,96.4,140,173,201,241
2023-06-18,Morning Hike,Hike,8964,20578,10586.91,1013.0,771,27,32.22517,91,154,,
2023-06-19,Morning Ride,Ride,8389,41984,65150.32,1050.0,1948,206,94.0,132,173,206,235
2023-06-20,Morning Ride,Ride,10521,11012,76185.8,1649.0,2557,295,100.4,131,166,217,251
2023-06-21,Morning Ride,Ride,5940,6310,44466.62,585.0,1168,62,61.10904,126,161,,
2023-06-22,Morning Run,Run,3303,3375,12651.77,176.0,871,54,76.52073,145,178,,
2023-06-23,Afternoon Ride,Ride,5166,5618,34132.25,1089.0,1325,174,110.0,136,172,231,275
2023-06-24,Morning Ride,Ride,16896,19278,130019.27,2932.0,4148,469,100.0,150,185,220,250
2023-06-25,Morning Ride,Ride,9528,11472,68805.0,991.0,1385,75,53.12162,118,157,,
2023-06-27,Morning Ride,Ride,17029,21045,123058.42,2975.0,3803,425,94.8,136,172,195,237
2023-06-28,Morning Ride,Ride,8101,8324,50909.81,1642.0,1823,199,94.0,127,161,199,235
2023-06-29,Morning Ride,Ride,7870,10866,56015.79,1429.0,1774,213,98.8,112,168,199,247
2023-07-02,Morning Ride,Ride,7590,7660,53915.87,1745.0,1964,225,103.2,145,184,233,258
2023-07-03,Afternoon Hike,Hike,4081,4281,6022.15,379.0,374,13,33.74032,93,124,,
2023-07-04,Lunch Run,Run,2901,2961,11008.54,47.0,781,45,74.39541,144,169,,
2023-07-05,Morning Ride,Ride,8457,42588,59255.37,936.0,1673,96,63.42197,132,171,,
2023-07-06,Afternoon Ride,Ride,8074,9655,41020.15,1499.0,1653,116,71.66078,136,171,,
2023-07-07,Afternoon Run,Run,3251,3315,10674.2,366.0,756,53,76.374596,142,182,,
2023-07-08,Morning Ride,Ride,19435,21608,96946.52,2063.0,2965,216,62.17224,129,165,,
2023-07-09,Morning Ride,Ride,7848,11394,49861.13,1162.0,1452,78,59.585114,125,166,,
2023-07-10,Morning Ride,Ride,6052,40089,50834.0,445.0,1350,79,68.494675,135,175,,
2023-07-11,Morning Run,Run,3447,3516,11263.16,324.0,851,58,77.818275,146,174,,
2023-07-12,Lunch Ride,Ride,3896,18437,20358.36,816.0,741,40,60.795547,122,164,,
2023-07-13,Afternoon Ride,Ride,9107,10568,49159.2,1483.0,1673,107,64.71021,131,177,,
2023-07-14,Morning Hike,Hike,11523,22939,11575.9,1386.0,1239,46,36.553116,98,138,,
2023-07-15,Morning Hike,Hike,10437,12955,11943.61,1327.0,1418,70,46.338314,111,156,,
2023-07-16,Morning Hike,Hike,5712,5880,8995.94,25.0,367,10,24.928692,82,111,,
2023-07-16,Morning Ride,Ride,5363,7188,21116.7,978.0,1010,56,61.169014,127,169,,
2023-07-17,Morning Ride,Ride,4135,4465,14811.93,743.0,810,44,61.77336,127,153,,
2023-07-18,Lunch Run,Run,2697,2740,10020.27,21.0,717,55,85.02303,153,172,,
2023-07-19,Morning Run,Run,3126,3179,11105.29,12.0,776,47,72.96645,143,168,,
2023-07-19,Evening TrailRun,TrailRun,882,904,2519.35,60.0,171,9,59.90025,127,142,,
2023-07-20,Evening Run,Run,907,1258,2667.65,92.0,196,6,48.58658,115,133,,
2023-07-20,Evening Run,Run,613,618,2599.33,94.0,179,13,87.092415,153,169,,
2023-07-21,Afternoon Ride,Ride,11917,15484,79078.72,1368.0,2099,128,61.708588,129,168,,
2023-07-22,Morning Ride,Ride,9945,11470,48371.85,1740.0,1797,115,64.358925,131,160,,
2023-07-23,Morning Hike,Hike,7288,7884,14698.37,980.0,1139,63,55.526546,123,154,,
2023-07-24,Morning Ride,Ride,2479,2482,22566.83,47.0,557,31,67.095566,128,167,,
2023-07-25,Afternoon Ride,Ride,5359,5614,21810.58,1068.0,1003,57,61.701298,126,153,,
2023-07-26,Afternoon Run,Run,6345,6422,23043.2,187.0,1586,100,74.87726,145,159,,
2023-07-27,Afternoon Ride,Ride,8192,13223,49483.21,920.0,1284,67,51.54867,118,159,,
2023-07-28,Morning Run,Run,3470,3471,12027.1,222.0,864,76,88.79598,155,181,,
2023-07-29,Morning Run,Run,4014,4135,13159.95,330.0,1042,94,91.21748,160,180,,
2023-07-30,Morning Ride,Ride,16577,18645,118479.1,3004.0,3908,460,100.0,141,182,210,250
2023-07-31,Lunch Run,Run,3176,3208,11609.81,205.0,786,47,72.635796,142,164,,
2023-08-01,Afternoon Ride,Ride,7899,8895,58143.38,1412.0,1916,225,101.2,133,176,218,253
2023-08-02,Morning Ride,Ride,6194,39434,52908.23,406.0,1326,75,66.023155,129,177,,
2023-08-03,Afternoon Hike,Hike,2388,4768,4511.23,272.0,419,20,54.71529,121,169,,
2023-08-04,Afternoon Run,Run,3860,3861,13147.93,326.0,888,50,68.28772,137,159,,
2023-08-05,Morning Ride,Ride,25571,29738,181485.77,4158.0,5922,606,92.4,138,173,206,231
2023-08-06,Morning Ride,Ride,11906,13306,87410.46,1940.0,2432,240,85.2,139,169,178,213
2023-08-07,Morning Ride,Ride,15274,17878,142041.47,1744.0,3495,362,92.4,135,168,202,231
2023-08-07,Afternoon Run,Run,2709,2757,9116.04,409.0,687,41,73.181885,143,162,,
2023-08-09,Afternoon Ride,Ride,15916,55937,140110.33,1379.0,3511,336,87.2,135,167,196,218
2023-08-12,Morning Run,Run,3077,3282,11022.24,145.0,761,56,79.06429,149,167,,
2023-08-13,Morning Run,Run,3456,3520,12029.48,156.0,865,66,82.17006,151,178,,
2023-08-15,Morning Run,Run,2662,2680,10020.84,4.0,719,52,83.592354,153,167,,
2023-08-16,Afternoon Run,Run,2714,3415,10019.99,97.0,691,42,73.52409,142,164,,
2023-08-18,Morning Run,Run,2714,2989,9153.36,70.0,653,39,69.89404,140,154,,
2023-08-19,Lunch Run,Run,3373,4229,12041.75,150.0,865,57,76.64598,146,169,,
2023-08-20,Evening OpenWaterSwim,OpenWaterSwim,416,647,300.94,,62,2,,104,123,,
2023-08-20,Evening Run,Run,1309,1395,4198.02,19.0,322,23,78.96163,149,163,,
2023-08-21,Morning Run,Run,4191,4855,15026.49,56.0,1082,71,76.27809,146,168,,
2023-08-25,Lunch Ride,Ride,7002,7377,48306.54,1091.0,1519,153,88.8,134,161,191,222
2023-08-26,Morning Ride,Ride,11511,12009,96009.79,1077.0,2451,230,84.8,131,169,183,212
2023-08-28,Morning Run,Run,3405,3425,12510.39,174.0,941,84,93.97753,160,185,,
2023-08-30,Morning Ride,Ride,6156,39835,50449.32,401.0,1438,72,64.888565,131,161,,
2023-08-31,Morning Run,Run,2526,2554,10058.41,42.0,727,79,105.54542,171,185,,
2023-09-01,Afternoon Hike,Hike,3926,5169,7881.92,648.0,752,48,66.21687,131,163,,
2023-09-02,Morning Ride,Ride,9466,9529,66694.75,1574.0,2038,213,90.0,136,162,190,225
2023-09-03,Lunch Hike,Hike,7959,8110,10598.73,857.0,737,33,38.468437,97,141,,
2023-09-04,Lunch Ride,Ride,4791,4848,33724.9,799.0,1133,122,95.6,137,160,212,239
2023-09-05,Morning Run,Run,3213,3362,11814.7,21.0,881,72,89.80377,157,178,,
2023-09-06,Lunch Run,Run,3819,3861,13251.74,322.0,929,65,78.17452,145,173,,
2023-09-07,Afternoon Ride,Ride,8484,8831,58786.77,1398.0,1859,203,92.8,137,165,191,232
2023-09-08,Morning Run,Run,3927,3928,13364.95,211.0,982,67,78.371506,147,172,,
2023-09-09,Morning Run,Run,5937,5992,18409.1,665.0,1358,125,87.038826,155,180,,
2023-09-10,Morning Ride,Ride,8888,8887,64715.8,1274.0,1941,204,90.8,138,172,193,227
2023-09-11,Morning Ride,Ride,3674,3779,31236.82,163.0,802,43,64.343956,130,167,,
2023-09-12,Afternoon Ride,Ride,5950,6025,37476.13,918.0,1124,69,64.21453,131,160,,
2023-09-13,Afternoon Run,Run,4280,4281,15110.7,232.0,1027,61,71.62989,140,173,,
2023-09-14,Morning Run,Run,3541,3563,12017.21,242.0,832,44,66.68538,135,159,,
2023-09-15,Afternoon VirtualRide,VirtualRide,4921,4920,51195.99,,1044,111,90.0,,,212,225
2023-09-16,Morning Ride,Ride,9101,9324,68742.7,1157.0,1925,187,86.0,141,171,186,215
2023-09-17,Morning Run,Run,4249,4253,9880.85,1070.0,1154,118,99.95295,167,183,,
2023-09-17,Lunch Run,Run,908,1084,2687.47,22.0,161,8,56.133633,124,140,,
2023-09-18,Afternoon VirtualRide,VirtualRide,3301,3300,35049.66,,735,83,95.2,,,223,238
2023-09-19,Afternoon Run,Run,4111,4175,15610.02,42.0,1082,79,82.54458,151,179,,
2023-09-20,Morning Run,Run,3073,3077,11018.52,31.0,775,57,81.6762,150,174,,
2023-09-21,Afternoon Ride,Ride,5279,5280,33929.64,792.0,1187,76,71.99166,139,175,,
2023-09-22,Morning Run,Run,3431,3707,13010.07,45.0,906,70,85.44071,154,179,,
2023-09-23,Morning Run,Run,5871,5966,21331.29,328.0,1445,89,73.704475,143,183,,
2023-09-24,Morning Ride,Ride,10179,23175,74762.33,1102.0,2094,148,72.30944,136,178,,
2023-09-24,🏔️ (The Linzone Inframezzo),Hike,6414,10428,6032.5967,503.60004,,,,,,,
2023-09-25,Morning Ride,Ride,6427,40851,51059.35,388.0,1395,79,66.38714,131,180,,
2023-09-26,Lunch Run,Run,3612,3657,12341.84,317.0,875,61,77.854195,146,165,,
2023-09-27,Afternoon Ride,Ride,6767,7579,42921.29,1267.0,1586,181,98.0,132,163,209,245
2023-09-28,Lunch Ride,Ride,4955,4954,33968.53,807.0,1126,119,92.8,133,157,202,232
2023-09-29,Morning Run,Run,3926,3933,13358.1,213.0,959,100,95.68514,161,185,,
2023-09-30,Morning Ride,Ride,9699,10597,55466.23,1873.0,2153,246,95.6,137,170,196,239
2023-10-01,Morning Run,Run,3531,3534,12154.63,315.0,846,78,89.15111,154,185,,
2023-10-02,Morning Ride,Ride,3706,4794,18858.02,678.0,822,54,72.426155,135,185,,
2023-10-02,Afternoon Run,Run,3253,3530,11805.85,43.0,808,40,66.107925,134,163,,
2023-10-03,Morning Run,Run,3111,3115,12014.69,33.0,826,49,75.264465,145,157,,
2023-10-05,Afternoon Ride,Ride,8367,8726,58767.07,1456.0,1685,150,80.4,133,175,91,201
2023-10-06,Morning Ride,Ride,7276,38544,56822.32,541.0,1561,90,66.47545,134,170,,
2023-10-07,Morning Ride,Ride,20607,22883,148421.02,3199.0,3705,277,69.47291,135,170,,
2023-10-08,Morning TrailRun,TrailRun,3280,3297,6582.87,952.0,805,69,86.82566,155,174,,
2023-10-09,Morning Ride,Ride,3791,4430,18973.61,665.0,740,39,60.824375,125,163,,
2023-10-10,Afternoon Run,Run,3029,3142,12007.29,29.0,806,48,74.69667,144,163,,
2023-10-11,Morning Run,Run,3888,4375,14052.7,38.0,913,52,67.21142,137,153,,
2023-10-12,Morning Ride,Ride,10832,11137,71629.62,1915.0,1828,114,61.470787,127,162,,
2023-10-13,Lunch Run,Run,3511,3512,12512.26,320.0,838,57,76.44926,145,165,,
2023-10-14,Morning Ride,Ride,11709,12288,83024.38,1643.0,2025,137,64.71065,132,168,,
2023-10-15,Pre DJ,Hike,714,715,2080.6619,13.600014,,,,,,,
2023-10-15,Morning Run,Run,2187,2188,9941.27,16.0,655,39,80.12336,149,170,,
2023-10-16,Morning Run,Run,3977,4018,14189.79,221.0,1008,87,88.29985,155,184,,
2023-10-17,Lunch Ride,Ride,4914,4941,32990.46,903.0,1182,132,98.4,146,171,214,246
2023-10-18,Morning Ride,Ride,6472,40005,50840.98,462.0,1488,85,68.76089,134,174,,
2023-10-19,Afternoon VirtualRide,VirtualRide,4746,4745,50018.0,,1046,114,92.8,,,221,232
2023-10-20,Afternoon Run,Run,4384,4454,14007.1,537.0,958,57,68.267555,137,162,,
2023-10-21,Morning Run,Run,4969,5116,17010.04,250.0,1137,64,67.645905,137,159,,
2023-10-22,Morning Hike,Hike,5426,6328,7843.73,645.0,606,27,41.962715,105,141,,
2023-10-22,Lunch Ride,Ride,9112,15649,49746.64,1621.0,1776,101,62.815132,130,155,,
2023-10-23,Lunch Ride,Ride,4693,5161,12238.36,676.0,707,34,49.403217,116,151,,
2023-10-24,Morning Run,Run,3881,3882,13355.22,302.0,968,92,92.37902,159,184,,
2023-10-25,Afternoon Ride,Ride,8390,8846,53134.16,1179.0,1590,120,71.59449,135,178,,
2023-10-26,Morning Run,Run,3436,3504,12043.76,215.0,843,75,87.79339,155,181,,
2023-10-27,🇨🇭 (Zurich 60 staircase trail),Run,1227,1247,914.5325,0.0,,,,,,,
2023-10-29,Morning Run,Run,2575,3067,10103.07,43.0,681,49,79.11864,148,170,,
2023-10-30,Morning Run,Run,3596,4837,13112.11,48.0,827,47,64.57199,134,164,,
2023-10-31,Morning Run,Run,2722,2924,10178.58,43.0,723,52,81.07425,150,172,,
2023-10-31,Night Run,Run,4238,4918,16235.48,109.0,1082,74,77.104485,146,169,,
2023-11-02,Morning Run,Run,7126,7993,26549.41,114.0,1813,155,86.72502,155,185,,
2023-11-03,Morning Run,Run,3971,6412,11209.6,450.0,867,70,75.87732,145,175,,
2023-11-04,Morning Run,Run,3017,4563,10643.65,59.0,716,58,79.03092,149,171,,
2023-11-06,Morning Ride,Ride,4470,4905,21375.06,877.0,1002,67,73.21202,136,182,,
2023-11-07,Morning Run,Run,3692,3716,13524.57,212.0,939,91,93.90582,159,185,,
2023-11-08,Morning Ride,Ride,7028,39485,54581.25,537.0,1608,98,70.76586,136,167,,
2023-11-09,Morning Ride,Ride,5209,5210,33943.52,794.0,902,50,58.783993,125,156,,
2023-11-10,Morning Run,Run,3850,4490,14021.64,214.0,961,74,82.87189,152,170,,
2023-11-11,Morning Ride,Ride,9069,9919,46063.32,1539.0,1667,122,69.51796,137,170,,
2023-11-12,Lunch Run,Run,2611,2614,8634.55,281.0,644,65,94.63204,161,185,,
2023-11-13,Morning Ride,Ride,6881,40719,54099.63,520.0,1585,94,69.884346,135,163,,
2023-11-14,Lunch Run,Run,3536,3581,13012.18,245.0,864,50,70.90792,140,163,,
2023-11-15,Night VirtualRide,VirtualRide,3068,3068,32328.6,,675,75,94.0,,,220,235
2023-11-16,Morning Ride,Ride,6798,37335,54180.1,536.0,1500,95,70.92878,136,178,,
2023-11-17,Lunch Run,Run,3607,3668,13509.65,226.0,933,78,87.50706,157,176,,
2023-11-18,Morning Ride,Ride,10713,11623,94337.37,1186.0,2698,286,98.0,144,170,221,245
2023-11-19,Morning Run,Run,3490,3550,12204.22,313.0,859,84,92.72668,158,185,,
2023-11-20,Morning Ride,Ride,6785,40169,51965.46,517.0,1339,75,62.768467,127,170,,
2023-11-21,Morning Run,Run,3382,3441,12134.01,195.0,855,66,83.10822,152,178,,
2023-11-22,Lunch Ride,Ride,4791,4843,33781.61,790.0,1177,132,99.6,138,170,218,249
2023-11-23,Lunch Run,Run,3489,4513,10239.38,537.0,829,64,81.10006,150,175,,
2023-11-24,Morning Ride,Ride,7131,39956,52447.44,557.0,1458,83,64.731415,130,166,,
2023-11-25,Morning Hike,Hike,6774,7244,11351.07,972.0,1292,87,67.81183,136,165,,
2023-11-26,Morning Run,Run,6270,6271,22023.97,369.0,1477,98,75.01196,145,165,,
2023-11-27,Lunch VirtualRide,VirtualRide,3601,3600,37713.62,,782,98,99.2,,,217,248
2023-11-28,Lunch Ride,Ride,4867,4923,25606.9,874.0,850,44,56.91453,121,158,,
2023-11-29,Morning VirtualRide,VirtualRide,3865,3866,40056.16,,815,86,89.6,,,211,224
2023-11-30,Morning VirtualRide,VirtualRide,3300,3299,34761.9,,724,82,94.4,,,220,236
2023-12-01,Morning Run,Run,3136,3166,12017.38,192.0,843,72,90.49626,158,182,,
2023-12-02,Morning Run,Run,6339,6340,19818.65,823.0,1529,149,91.9886,160,182,,
2023-12-03,Morning BackcountrySki,BackcountrySki,10939,14224,18251.51,1962.0,1381,72,47.85136,112,158,,
2023-12-04,Morning VirtualRide,VirtualRide,3664,3663,37612.59,,750,77,87.2,,,205,218
2023-12-05,Evening Run,Run,2808,2930,11015.55,30.0,750,63,88.88018,157,178,,
2023-12-07,Lunch Ride,Ride,4951,4985,33842.15,790.0,1177,128,96.4,134,160,213,241
2023-12-08,Morning TrailRun,TrailRun,8968,8973,25459.77,1451.0,2181,213,92.46323,158,185,,
2023-12-09,Morning Hike,Hike,7518,8539,11985.25,987.0,1125,75,59.789116,128,164,,
2023-12-10,Morning BackcountrySki,BackcountrySki,8951,13763,12165.83,1147.0,774,26,31.10212,93,115,,
2023-12-11,Morning AlpineSki,AlpineSki,4210,23306,46286.69,0.0,249,6,21.757132,78,101,,
2023-12-12,Lunch Ride,Ride,4161,4227,22129.09,822.0,553,24,45.54591,110,134,,
2023-12-13,Morning VirtualRide,VirtualRide,3301,3300,35228.27,,748,87,97.2,,,227,243
2023-12-14,Lunch Run,Run,3529,3560,12301.79,313.0,856,74,86.517334,154,185,,
2023-12-15,Morning Ride,Ride,4668,5225,35665.65,293.0,786,41,56.17112,118,153,,
2023-12-16,Morning Run,Run,6841,6842,25083.54,375.0,1766,181,97.59571,164,185,,
2023-12-17,Morning Ride,Ride,6502,6599,37084.95,1306.0,1568,182,100.4,129,168,217,251
2023-12-18,Morning Run,Run,3809,3812,14024.66,317.0,996,95,94.731316,159,185,,
2023-12-19,Lunch Ride,Ride,4746,4745,33833.24,787.0,1197,137,102.0,148,174,227,255
2023-12-20,Morning Ride,Ride,7621,40380,56676.63,531.0,1664,99,68.34049,134,167,,
2023-12-21,Morning Run,Run,3489,3521,12243.71,304.0,878,91,96.471855,162,185,,
2023-12-22,Morning Ride,Ride,3420,3481,18780.77,661.0,779,85,94.8,115,136,202,237
2023-12-22,Morning Run,Run,2939,3098,10199.51,313.0,801,88,103.15806,170,185,,
2023-12-23,Morning Ride,Ride,13013,13634,96678.37,1814.0,3214,350,98.4,141,185,222,246
2023-12-24,Morning Ride,Ride,11352,15405,67873.52,1206.0,2277,150,68.08225,134,185,,
2023-12-25,Morning Hike,Hike,3048,4993,4000.34,299.0,342,13,38.2307,100,135,,
2023-12-26,Morning Ride,Ride,22659,27613,165637.25,1374.0,3580,236,60.66689,129,157,,
2023-12-27,Morning Ride,Ride,27532,36270,200418.56,1478.0,4262,279,60.092686,128,177,,
2023-12-28,Lunch Run,Run,3983,4292,14012.62,332.0,939,59,72.49914,142,164,,
2023-12-29,Morning Ride,Ride,11476,12866,65229.27,1416.0,1768,131,63.915874,128,179,,
2023-12-30,Morning Ride,Ride,11516,14960,72026.41,1240.0,1897,116,59.8326,126,161,,
2023-12-31,Morning Run,Run,5216,5329,18702.39,685.0,1341,117,89.78443,158,179,,
2024-01-01,Morning Hike,Hike,4770,5452,7848.59,662.0,711,37,52.667297,121,147,,
2024-01-01,Lunch Ride,Ride,8288,8676,51790.0,916.0,1272,74,56.275257,122,159,,
2024-01-02,2️⃣ (Altino Ganda sognando MVP),Ride,6118,6214,34192.695,1184.9001,,,,,,,
2024-01-03,Morning TrailRun,TrailRun,3872,3916,12149.8,499.0,893,56,71.787,140,166,,
2024-01-04,Lunch BackcountrySki,BackcountrySki,7268,8989,15104.23,1519.0,675,27,36.392735,98,126,,
2024-01-05,Morning Run,Run,4167,4298,15535.78,230.0,1070,88,87.03633,154,184,,
2024-01-05,30-Minute Blast,WeightTraining,1144,1144,,,85,2,25.098232,83,113,,
2024-01-06,Morning Ride,Ride,8932,9105,44305.77,1443.0,1451,85,58.32248,124,168,,
2024-01-07,Morning BackcountrySki,BackcountrySki,9938,18358,16420.12,1595.0,932,35,34.63607,98,117,,
2024-01-08,Morning Ride,Ride,6381,39778,49783.07,406.0,1148,56,56.01992,123,146,,
2024-01-09,Afternoon Run,Run,3907,3909,14314.62,225.0,994,88,90.03582,157,185,,
2024-01-10,Morning Run,Run,3961,3962,14318.02,218.0,1001,88,89.43143,157,180,,
2024-01-11,Morning Ride,Ride,6646,46521,49796.41,458.0,1347,79,65.32769,131,169,,
2024-01-12,Lunch Run,Run,3647,3648,13246.88,326.0,930,82,89.96846,158,185,,
2024-01-13,Morning Run,Run,9501,10239,26209.85,1283.0,2091,179,82.161255,151,177,,
2024-01-13,Evening Hike,Hike,3004,17802,3844.81,439.0,507,26,54.798607,120,155,,
2024-01-14,Lunch VirtualRide,VirtualRide,5403,5402,55361.74,,1083,100,81.6,,,201,204
2024-01-15,Morning Run,Run,5943,6005,23015.66,34.0,1620,166,99.76655,169,185,,
2024-01-16,Afternoon Run,Run,2581,2670,10012.77,20.0,678,51,84.27642,153,175,,
2024-01-17,Morning Run,Run,2785,2786,12010.37,26.0,826,85,104.82095,171,185,,
2024-01-18,Afternoon Ride,Ride,6295,6296,38105.61,1067.0,1238,77,66.35883,131,165,,
2024-01-19,Lunch Ride,Ride,5271,5343,35942.6,816.0,931,54,60.729767,126,160,,
2024-01-19,Afternoon Run,Run,3306,3441,11190.33,315.0,817,74,89.72609,157,177,,
2024-01-20,Morning BackcountrySki,BackcountrySki,9477,14276,16256.59,1175.0,725,22,27.913153,87,112,,
2024-01-21,Morning Run,Run,7857,8879,30010.17,267.0,2107,219,100.06983,168,185,,
2024-01-22,Morning Ride,Ride,6219,40266,48741.58,403.0,1289,68,62.74013,129,157,,
2024-01-23,Lunch Ride,Ride,4990,5078,33934.54,818.0,915,56,63.561626,129,162,,
2024-01-23,Afternoon Run,Run,2925,2978,10119.38,307.0,690,48,76.80901,145,176,,
2024-01-24,Morning Run,Run,3802,3806,13110.09,321.0,920,81,87.54199,155,182,,
2024-01-26,Lunch Ride,Ride,6030,6248,33912.21,1199.0,850,45,51.699383,117,148,,
2024-01-27,💆‍♂️(Selvino pre/post),Ride,5890,10317,34668.086,825.2001,,,,,,,
2024-01-27,Morning Run,Run,3654,3715,16010.95,60.0,1083,101,99.68521,169,185,,
2024-01-28,Morning BackcountrySki,BackcountrySki,5820,7218,10248.27,1127.0,486,17,32.163376,94,114,,
2024-01-28,Morning AlpineSki,AlpineSki,615,3864,4395.87,0.0,29,1,23.37268,74,87,,
2024-01-29,Morning Ride,Ride,6310,39893,49726.21,421.0,1303,70,63.19542,129,156,,
2024-01-30,Lunch Run,Run,3872,3883,15011.38,72.0,1016,62,75.82621,146,168,,
2024-01-31,Evening Run,Run,3820,3884,14419.7,174.0,949,46,65.58429,135,158,,
2024-02-01,Morning Run,Run,5811,5846,18552.05,667.0,1407,144,94.176,162,182,,
2024-02-01,Evening BackcountrySki,BackcountrySki,2843,5043,5482.17,531.0,223,7,29.554754,89,110,,
2024-02-02,Afternoon Ride,Ride,8116,8643,39750.32,1639.0,1237,2,10.0,127,169,1,25
2024-02-03,Evening Run,Run,3149,3166,12384.55,396.0,892,79,94.793365,161,179,,
2024-02-04,Morning Ride,Ride,13193,13658,86565.39,2219.0,3148,349,97.6,143,182,207,244
2024-02-05,Morning Ride,Ride,5926,22442,48701.24,390.0,1299,74,67.01415,133,170,,
2024-02-06,Lunch Run,Run,4527,4528,15117.14,490.0,1090,88,83.65412,153,172,,
2024-02-07,Morning Run,Run,4410,4413,15013.38,337.0,974,59,69.384026,139,154,,
2024-02-08,Afternoon Run,Run,4097,4147,14515.52,228.0,1004,57,70.35161,139,168,,
2024-02-09,Afternoon VirtualRide,VirtualRide,4761,4760,50029.5,,1034,111,91.6,,,217,229
2024-02-11,Morning BackcountrySki,BackcountrySki,7414,9790,9984.45,1247.0,540,17,28.313896,89,113,,
2024-02-12,Morning Ride,Ride,10194,11400,55426.8,1575.0,1797,107,60.0674,125,173,,
2024-02-13,Lunch Run,Run,3691,3715,13098.31,211.0,915,82,89.15326,157,183,,
2024-02-14,Morning Ride,Ride,6182,41278,48760.59,394.0,1221,69,63.215023,129,169,,
2024-02-15,Morning Ride,Ride,6045,25235,48597.91,409.0,1354,80,68.8587,135,170,,
2024-02-15,Evening BackcountrySki,BackcountrySki,2818,3084,5342.28,511.0,152,3,19.573313,78,105,,
2024-02-16,Morning Run,Run,3772,3796,13164.14,316.0,913,77,85.46548,153,185,,
2024-02-17,Morning BackcountrySki,BackcountrySki,10646,20530,20679.37,1655.0,992,44,37.66083,95,139,,
2024-02-18,Morning Run,Run,3891,3920,16015.3,16.0,1111,109,100.063774,173,185,,
2024-02-19,Morning Ride,Ride,6041,40417,49715.26,427.0,1404,86,71.447174,136,181,,
2024-02-20,Morning Run,Run,3746,3785,13658.67,226.0,956,78,86.14359,154,179,,
2024-02-21,Morning Ride,Ride,5891,39645,47915.46,407.0,1116,56,58.45963,127,159,,
2024-02-22,Morning Run,Run,4498,4546,16010.66,232.0,1112,104,91.19377,158,185,,
2024-02-23,Morning VirtualRide,VirtualRide,3301,3300,34901.11,,728,82,94.8,,,221,237
2024-02-24,Morning Run,Run,8336,8840,30009.21,401.0,2053,130,74.8517,145,170,,
2024-02-25,Lunch Run,Run,6616,6782,21117.56,726.0,1579,148,89.73965,158,179,,
2024-02-26,Morning Run,Run,2464,2474,10052.2,265.0,682,49,84.457306,153,171,,
2024-02-27,Morning VirtualRide,VirtualRide,4797,4799,50164.48,,1030,110,90.8,,,215,227
2024-02-28,Evening Run,Run,5727,9473,20011.4,331.0,1312,73,66.41443,135,167,,
2024-02-29,Morning Ride,Ride,5875,22907,49970.76,426.0,1354,80,69.98542,136,171,,
2024-03-01,Lunch VirtualRide,VirtualRide,3581,3580,38778.2,,849,103,101.6,,,237,254
2024-03-02,Morning Run,Run,4726,4727,21127.08,69.0,1418,117,94.4055,161,184,,
2024-03-03,Morning Ride,Ride,10776,11444,70220.03,477.0,1701,107,59.26783,127,165,,
2024-03-04,Morning Ride,Ride,2735,2851,24254.25,64.0,553,28,60.64231,126,152,,
2024-03-04,Afternoon Ride,Ride,3426,3437,24011.84,373.0,754,41,65.57972,133,159,,
2024-03-05,Morning Run,Run,3764,3821,14007.77,237.0,1023,106,99.96072,173,185,,
2024-03-06,Lunch Run,Run,3768,3786,13090.6,323.0,907,73,83.32584,152,172,,
2024-03-07,Lunch Ride,Ride,4933,4932,33974.4,804.0,1184,129,97.2,152,180,215,243
2024-03-08,Morning Ride,Ride,6134,39275,48705.43,433.0,1367,82,69.19769,135,170,,
2024-03-09,Morning VirtualRide,VirtualRide,4921,4920,51243.62,,1038,108,88.8,,,211,222
2024-03-10,Morning Run,Run,6499,7292,24244.6,416.0,1720,152,90.79343,158,185,,
2024-03-11,Afternoon Run,Run,3429,4044,12016.69,190.0,795,42,64.81641,133,161,,
2024-03-12,Morning Run,Run,3247,3576,12100.87,52.0,814,47,70.26566,140,154,,
2024-03-13,Morning Ride,Ride,5941,38999,48657.49,432.0,1248,69,64.49889,131,156,,
2024-03-14,Lunch Run,Run,3939,3971,14046.36,307.0,987,77,83.56056,153,168,,
2024-03-15,Morning Run,Run,3709,3942,14362.77,56.0,988,65,78.42068,148,169,,
2024-03-16,Morning Ride,Ride,11635,12863,101771.71,1287.0,2800,308,97.6,144,168,211,244
2024-03-17,Morning Run,Run,8012,8599,30018.05,378.0,2111,217,98.64554,165,185,,
2024-03-18,Morning Ride,Ride,6158,39953,47865.13,413.0,1254,74,65.66108,130,167,,
2024-03-19,Lunch Run,Run,3924,3925,13177.59,316.0,897,62,75.41932,145,168,,
2024-03-20,Morning Ride,Ride,6098,40451,49900.75,384.0,1140,61,59.867653,127,159,,
2024-03-21,Morning Run,Run,3772,3793,13170.41,316.0,953,102,98.405,164,185,,
2024-03-22,Morning Run,Run,1895,1896,8504.65,7.0,574,29,74.22422,144,160,,
2024-03-23,Early morning Run,Run,556,1163,1954.88,2.0,133,5,,119,145,,
2024-03-24,Morning Run,Run,4590,4595,21411.37,50.0,1385,128,100.15226,166,185,,
2024-03-25,Morning Ride,Ride,3316,3315,18566.46,667.0,763,80,93.2,136,161,206,233
2024-03-26,Lunch Run,Run,3816,3817,13150.97,311.0,926,77,85.22999,154,174,,
2024-03-27,Morning VirtualRide,VirtualRide,3543,3542,36568.81,,735,76,87.6,,,208,219
2024-03-28,Lunch VirtualRide,VirtualRide,3611,3610,37353.86,,756,78,88.4,,,210,221
2024-03-29,Morning Run,Run,3732,3755,13147.88,315.0,928,75,84.807594,154,176,,
2024-03-29,Lunch Run,Run,2983,3140,9867.25,357.0,666,38,67.3038,134,167,,
2024-03-30,Morning Ride,Ride,15871,17138,115012.16,2315.0,3710,393,94.4,144,185,209,236
2024-03-31,Gazzaniga Running,Run,4300,4301,15144.627,443.0,,117,98.97146,165,185,,
2024-04-01,Gazzaniga Cycling,Ride,6907,7605,32206.633,1415.2001,,77,63.3416,128,160,,
2024-04-02,Lunch Run,Run,4226,4245,14011.59,455.0,1009,51,65.773155,134,161,,
2024-04-03,Morning Run,Run,4729,4731,16008.06,359.0,1131,78,77.04917,147,172,,
2024-04-04,Afternoon Ride,Ride,8532,10093,55442.53,1451.0,2006,217,95.6,134,163,210,239
2024-04-05,Morning Run,Run,2792,2815,10023.0,39.0,717,51,80.774506,150,170,,
2024-04-06,Morning Ride,Ride,13059,14442,101775.48,1716.0,2487,210,76.0,136,170,75,190
2024-04-07,Morning Ride,Ride,10080,11343,68530.94,1592.0,1677,111,62.806995,128,159,,
2024-04-08,Morning Run,Run,2792,2814,10301.77,53.0,724,53,82.35772,151,173,,
2024-04-09,Morning Run,Run,4024,4041,13508.92,217.0,964,82,85.48058,153,176,,
2024-04-10,Morning VirtualRide,VirtualRide,3551,3552,36537.0,,733,76,87.6,,,207,219
2024-04-12,Morning Run,Run,4078,4443,14313.58,141.0,960,53,67.69958,136,165,,
2024-04-13,Morning Run,Run,4255,5035,13751.97,80.0,980,68,74.49673,143,167,,
2024-04-15,Morning Run,Run,10556,10559,42618.0,250.0,2886,286,98.75144,166,185,,
2024-04-17,Morning Ride,Ride,5719,9624,35268.36,295.0,946,52,55.374535,124,156,,
2024-04-19,Lunch Ride,Ride,9675,10406,71631.36,1246.0,1879,128,68.789375,135,164,,
2024-04-20,Morning Ride,Ride,6430,6687,46419.51,535.0,1272,84,68.48231,134,171,,
2024-04-21,Lunch Hike,Hike,2328,2375,2608.39,152.0,276,11,40.850628,102,143,,
2024-04-22,Morning Swim,Swim,2582,2672,1750.0,,454,11,38.86996,103,122,,
2024-04-23,Morning Run,Run,3007,3075,10049.9,298.0,695,49,75.75257,144,168,,
2024-04-24,Morning Ride,Ride,1627,1628,8617.12,252.0,306,14,55.65722,119,152,,
2024-04-26,Afternoon Ride,Ride,3389,3927,18665.43,664.0,566,27,53.55467,120,142,,
2024-04-27,Morning Ride,Ride,7296,7374,37165.14,1331.0,870,41,44.96882,110,145,,
2024-04-29,Morning Ride,Ride,5928,39882,48623.0,395.0,1236,73,66.531784,132,172,,
2024-04-30,Afternoon Ride,Ride,8824,10869,48482.28,1280.0,1648,101,64.10463,129,171,,
2024-05-01,Morning Ride,Ride,10012,11389,77998.61,1554.0,2001,145,72.087555,138,169,,
2024-05-02,Morning Run,Run,2908,3300,10017.57,218.0,672,41,67.67262,138,157,,
2024-05-04,Morning Ride,Ride,16172,16881,110772.46,2701.0,2908,197,66.02838,132,164,,
2024-05-05,Morning Ride,Ride,18276,20371,111030.91,2621.0,3152,239,68.0206,135,175,,
2024-05-06,Morning Ride,Ride,7246,40781,53508.99,596.0,1532,92,67.45425,132,178,,
2024-05-07,Afternoon Run,Run,3919,3998,13105.5,315.0,838,46,64.70784,134,152,,
2024-05-08,Morning Ride,Ride,5943,6263,36250.92,948.0,1113,70,65.117455,131,167,,
2024-05-09,Morning Run,Run,3722,3723,13227.45,172.0,934,76,85.73731,155,174,,
2024-05-09,Afternoon Ride,Ride,4894,5636,26235.27,786.0,801,44,56.792713,122,153,,
2024-05-10,Morning Ride,Ride,8356,42544,62533.46,982.0,1564,91,62.42769,127,165,,
2024-05-11,Morning Ride,Ride,11055,12185,59562.92,2012.0,1973,126,63.989075,130,167,,
2024-05-12,Morning Ride,Ride,19532,23083,137852.64,3214.0,3475,266,69.87293,134,169,,
2024-05-13,Early morning Workout,Workout,61,61,,0.0,1,0,,41,50,,
2024-05-13,Morning Ride,Ride,6942,40313,54075.23,591.0,1329,73,61.342373,126,172,,
2024-05-14,Morning Ride,Ride,6442,6617,42396.59,1194.0,1217,74,63.808517,129,170,,
2024-05-14,Lunch Ride,Ride,3242,3307,18487.09,670.0,583,30,57.655006,124,152,,
2024-05-15,Morning VirtualRide,VirtualRide,4921,4920,51003.95,,1027,107,88.4,,,209,221
2024-05-16,Lunch Ride,Ride,6263,6353,33947.34,1200.0,936,53,55.185966,120,158,,
2024-05-17,Morning Ride,Ride,6790,40138,54202.58,600.0,1321,71,61.25522,127,156,,
2024-05-18,Morning Ride,Ride,19332,23683,154928.98,3205.0,4937,554,101.6,142,170,218,254
2024-05-19,Morning Ride,Ride,7272,8549,37070.93,1357.0,1203,74,60.446835,125,159,,
2024-05-20,Morning Ride,Ride,7103,7264,41125.8,1348.0,1574,185,96.8,143,167,194,242
2024-05-20,Afternoon Hike,Hike,3161,3539,7238.17,379.0,482,24,52.116474,118,148,,
2024-05-21,Morning VirtualRide,VirtualRide,3746,3748,40171.2,,849,86,90.8,,,227,227
2024-05-22,Morning Run,Run,4027,4070,15016.27,11.0,961,58,71.63436,142,155,,
2024-05-22,Evening Run,Run,2713,2747,10008.6,42.0,704,55,84.91459,154,179,,
2024-05-23,Morning Ride,Ride,4606,4645,25182.11,978.0,1068,126,99.2,123,151,207,248
2024-05-23,Lunch Run,Run,3153,3207,10007.16,299.0,641,35,62.690758,132,156,,
2024-05-24,Morning Ride,Ride,3791,37490,34328.64,114.0,794,42,62.78221,126,168,,
2024-05-25,Morning Run,Run,6676,7692,23012.76,388.0,1509,87,67.93662,137,167,,
2024-05-26,Morning Ride,Ride,16199,17876,93098.05,3344.0,3755,443,99.2,129,170,206,248
2024-05-27,Morning Ride,Ride,9107,44011,68348.22,1084.0,1969,198,88.4,136,172,191,221
2024-05-28,Afternoon Ride,Ride,8063,8100,53541.85,1513.0,1951,240,103.6,138,166,217,259
2024-05-29,Morning Run,Run,3939,3940,13506.45,220.0,955,85,88.138916,156,175,,
2024-05-30,Lunch Run,Run,3954,4032,13083.67,317.0,849,49,66.541046,136,152,,
2024-05-31,Lunch Run,Run,4122,4152,15016.67,69.0,992,50,65.850624,136,149,,
2024-06-01,Morning Ride,Ride,24905,34448,169791.4,3319.0,5698,675,98.8,142,181,203,247
2024-06-02,Morning Ride,Ride,13556,14620,94581.55,2003.0,3116,338,94.8,149,176,205,237
2024-06-03,Morning Run,Run,4101,4131,15106.39,180.0,1061,89,88.078766,156,183,,
2024-06-04,Morning Ride,Ride,11157,11637,73989.9,2043.0,2754,325,102.4,139,185,222,256
2024-06-05,Morning Ride,Ride,11332,49962,86281.52,1349.0,2583,281,94.4,129,168,202,236
2024-06-06,Morning Ride,Ride,6647,6809,37133.26,1318.0,1507,166,94.8,139,174,201,237
2024-06-07,Lunch Run,Run,3756,3757,13157.52,209.0,870,50,69.22667,138,155,,
2024-06-08,Morning Ride,Ride,20204,21734,136957.67,3373.0,4766,539,98.0,137,171,210,245
2024-06-09,Morning Ride,Ride,15154,17672,109966.07,2343.0,3619,421,100.0,136,163,213,250
2024-06-10,Morning Ride,Ride,9666,45306,70350.46,1305.0,2184,243,95.2,131,163,201,238
2024-06-12,Morning Ride,Ride,6884,41601,54629.67,562.0,1802,119,78.823845,142,185,,
2024-06-13,Morning Ride,Ride,7224,26029,58130.28,587.0,1962,146,85.2508,149,185,,
2024-06-14,Morning Ride,Ride,10831,11057,77089.66,1687.0,2590,296,99.2,141,171,214,248
2024-06-15,Morning Ride,Ride,6137,7876,25403.97,1111.0,1312,86,70.074165,135,177,,
2024-06-16,Morning Ride,Ride,17896,27163,136366.75,3112.0,4365,550,105.2,134,178,210,263
2024-06-17,Morning Ride,Ride,7592,43539,58839.25,938.0,1616,97,67.811264,133,174,,
2024-06-18,Morning Ride,Ride,8489,8912,58872.24,1450.0,1768,118,70.681564,138,168,,
2024-06-19,Morning Run,Run,4127,4558,15017.56,39.0,965,54,67.120895,137,154,,
2024-06-20,Morning Run,Run,4120,4317,15018.44,50.0,1003,73,78.322754,147,179,,
2024-06-21,Lunch Ride,Ride,7338,8091,28119.56,1324.0,1357,81,62.765244,129,162,,
2024-06-22,Morning Ride,Ride,20007,21896,120047.96,4002.0,3538,248,66.67828,133,171,,
2024-06-23,Evening VirtualRide,VirtualRide,4324,4323,45102.89,,916,95,88.8,,,212,222
2024-06-24,Morning Ride,Ride,10474,41562,62883.17,1109.0,1951,96,57.310966,121,163,,
2024-06-25,Morning Ride,Ride,9078,9654,53497.04,1724.0,2076,230,95.6,125,165,204,239
2024-06-26,Morning Ride,Ride,6817,7558,41296.92,1287.0,1588,183,98.4,132,168,208,246
2024-06-27,Morning Run,Run,2890,2983,11035.93,12.0,730,54,81.775955,149,178,,
2024-06-28,Morning Ride,Ride,5129,5355,35574.64,823.0,1171,129,95.2,131,161,201,238
2024-06-29,Morning Ride,Ride,18769,22383,135278.03,3354.0,4603,555,103.2,141,176,220,258
2024-06-30,Morning Ride,Ride,12820,15377,83568.55,2114.0,2823,320,94.8,126,156,195,237
2024-07-02,Morning Ride,Ride,19187,23315,121260.63,3776.0,4518,499,96.8,142,185,211,242
2024-07-03,Morning Ride,Ride,6862,7695,31438.6,1242.0,1240,71,60.535248,127,163,,
2024-07-04,Afternoon Ride,Ride,8136,10816,32770.38,1326.0,1302,70,54.755962,122,155,,
2024-07-05,Morning Ride,Ride,7998,8107,55205.11,1472.0,1865,206,96.4,137,168,208,241
2024-07-06,Morning Ride,Ride,2773,3191,14598.62,494.0,581,53,83.2,125,154,184,208
2024-07-07,Morning Ride,Ride,19318,19391,135817.7,4532.0,5116,598,105.6,146,178,240,264
2024-07-08,Evening Ride,Ride,3411,3629,19108.0,679.0,602,30,56.22804,120,143,,
2024-07-10,Morning Run,Run,3405,3618,11315.16,222.0,765,50,72.43124,141,171,,
2024-07-11,Afternoon Ride,Ride,8480,9389,61893.37,1004.0,1476,89,61.30185,127,164,,
2024-07-13,Morning Ride,Ride,17154,24772,126545.52,1129.0,2780,215,67.2,130,171,137,168
2024-07-14,Morning Ride,Ride,9877,10194,69457.85,1342.0,2057,203,86.0,144,185,183,215
2024-07-15,Morning Ride,Ride,6787,40543,56438.68,527.0,1533,86,67.361664,134,174,,
2024-07-16,Morning Run,Run,3427,3428,12008.18,209.0,801,53,74.61603,144,165,,
2024-07-17,Morning Ride,Ride,6326,6376,36606.85,1046.0,1238,87,70.26342,137,176,,
2024-07-18,Afternoon Ride,Ride,11641,14081,72653.58,1481.0,2003,125,60.971077,129,174,,
2024-07-19,Morning Ride,Ride,6692,40534,54290.72,550.0,1435,79,65.09368,132,178,,
2024-07-20,Morning Ride,Ride,17718,21725,96294.15,2021.0,3094,196,61.927303,130,170,,
2024-07-21,Morning Ride,Ride,11257,12105,70940.03,1683.0,2178,137,65.84119,134,164,,
2024-07-22,Afternoon Run,Run,3938,3976,13130.05,311.0,874,54,70.20688,138,170,,
2024-07-23,Morning Ride,Ride,8600,9115,46941.16,1495.0,1756,107,66.77462,131,157,,
2024-07-24,Morning Run,Run,3925,3961,13390.96,210.0,946,100,95.34626,161,180,,
2024-07-24,Evening Hike,Hike,10055,16134,10722.71,853.0,797,24,28.30131,89,125,,
2024-07-25,Lunch Ride,Ride,5102,5103,33897.32,796.0,1024,58,63.97275,130,158,,
2024-07-26,Morning Ride,Ride,6564,41704,53606.19,517.0,1455,80,66.198395,133,168,,
2024-07-27,Morning Ride,Ride,24858,28895,152239.0,4176.0,4437,326,68.70006,136,161,,
2024-07-28,Morning Ride,Ride,14658,23655,92635.78,2458.0,2919,171,64.52876,129,161,,
2024-07-29,Morning Ride,Ride,6700,40430,54652.21,510.0,1289,67,59.795086,125,167,,
2024-07-30,Morning Ride,Ride,4333,4704,22879.26,765.0,742,39,56.923187,122,152,,
2024-07-31,Evening WeightTraining,WeightTraining,5949,5949,,,278,7,20.58502,73,118,,
2024-08-01,Afternoon Ride,Ride,8616,9706,52253.55,1125.0,1493,85,59.12651,125,159,,
2024-08-02,Lunch Ride,Ride,5242,5319,33098.4,916.0,1044,64,66.28418,130,161,,
2024-08-03,Lunch OpenWaterSwim,OpenWaterSwim,1620,2567,1000.51,,193,8,41.995537,106,122,,
2024-08-04,Morning Ride,Ride,7863,8805,47190.37,939.0,1439,91,62.28706,131,158,,
2024-08-05,Afternoon Ride,Ride,8463,9154,46600.85,1526.0,1830,134,75.365585,139,173,,
2024-08-06,Afternoon Ride,Ride,5356,6897,46630.08,586.0,1335,155,102.0,133,170,225,255
2024-08-07,Lunch Ride,Ride,3955,4848,18750.48,696.0,781,42,59.90025,129,154,,
2024-08-08,Morning Run,Run,3866,3879,13500.66,207.0,903,76,83.99514,152,179,,
2024-08-09,Morning Ride,Ride,26274,28748,177007.0,4000.0,6057,596,90.4,141,177,203,226
2024-08-10,Morning Ride,Ride,22224,25804,180399.45,2812.0,4823,496,89.6,129,176,192,224
2024-08-11,Morning Hike,Hike,9088,10885,9898.06,1228.0,931,44,41.02387,101,146,,
2024-08-12,Morning Ride,Ride,9899,10255,66184.14,1652.0,2121,229,91.2,130,159,188,228
2024-08-13,Evening Ride,Ride,7069,8111,54172.61,661.0,1284,67,58.379993,123,162,,
2024-08-14,Evening Hike,Hike,6500,11706,8081.07,344.0,525,20,32.601955,89,135,,
2024-08-15,Morning Ride,Ride,9703,10287,56762.26,1850.0,1761,113,64.68968,130,159,,
2024-08-17,Morning Ride,Ride,21375,28421,163981.84,1674.0,4426,391,81.2,144,174,182,203
2024-08-18,Morning Ride,Ride,13847,16856,105053.06,1066.0,2592,220,75.6,141,173,161,189
2024-08-19,Morning Ride,Ride,19836,34059,152075.0,1733.0,4042,360,80.8,147,176,179,202
2024-08-21,Morning Ride,Ride,13510,17269,99753.79,1413.0,2645,250,81.6,142,169,169,204
2024-08-22,Morning Ride,Ride,15030,17831,119023.79,1359.0,2821,246,76.8,138,166,162,192
2024-08-23,Morning Ride,Ride,14642,20449,108180.31,1584.0,3174,152,61.2,133,168,38,153
2024-08-24,Morning Ride,Ride,5116,5117,39003.42,292.0,1186,68,69.17361,136,163,,
2024-08-28,Morning Ride,Ride,6487,40434,53701.91,524.0,1731,117,80.492256,145,170,,
2024-08-29,Morning Run,Run,3832,3853,13243.16,214.0,934,83,88.07388,156,180,,
2024-08-29,Night AlpineSki,AlpineSki,2603,3437,2709.55,3.0,365,13,37.08446,105,139,,
2024-08-30,Morning Ride,Ride,6394,40724,53366.94,532.0,1584,92,71.635895,137,170,,
2024-08-31,Morning Ride,Ride,8588,10376,45172.76,1537.0,1864,125,72.374306,135,170,,
2024-09-01,Morning Run,Run,5530,5590,18011.27,232.0,1319,138,94.28091,162,181,,
2024-09-02,Morning Ride,Ride,6452,41160,53528.21,541.0,1572,88,70.03959,136,176,,
2024-09-03,Morning Run,Run,3832,3837,13014.42,220.0,881,57,73.13906,142,168,,
2024-09-04,Evening VirtualRide,VirtualRide,4488,4490,47350.75,,985,105,91.6,,,220,229
2024-09-05,Morning VirtualRide,VirtualRide,4624,4623,48560.45,,996,104,90.0,,,216,225
2024-09-06,Morning Ride,Ride,6532,40789,53536.28,509.0,1522,82,67.09738,134,170,,
2024-09-07,Lunch Ride,Ride,8788,9104,58592.42,1405.0,1783,122,70.54623,137,160,,
2024-09-08,Morning Run,Run,3965,5265,14018.14,39.0,977,67,77.61428,147,169,,
2024-09-09,Lunch Run,Run,4026,4432,13183.23,321.0,1022,72,77.13892,150,166,,
2024-09-10,Morning Run,Run,3777,3783,13005.0,222.0,903,58,74.30268,144,169,,
2024-09-11,Morning Ride,Ride,6615,39366,53674.21,535.0,1577,84,67.59191,134,169,,
2024-09-12,Afternoon Run,Run,5809,5810,18502.91,676.0,1359,124,87.662,157,172,,
2024-09-14,Morning Run,Run,6596,7263,23009.34,375.0,1640,155,91.851234,160,185,,
2024-09-15,Morning Ride,Ride,8988,22638,46869.95,1592.0,1857,94,61.112087,127,159,,
2024-09-16,Morning Ride,Ride,6324,40241,53476.31,554.0,1720,107,77.72038,143,171,,
2024-09-17,Morning Run,Run,3956,4015,15031.78,65.0,1050,95,92.7332,161,179,,
2024-09-18,Lunch Ride,Ride,5100,5470,33735.61,798.0,857,49,58.48017,122,161,,
2024-09-19,Lunch Run,Run,4075,4096,14010.19,326.0,973,75,81.19979,150,169,,
2024-09-20,Early morning VirtualRide,VirtualRide,423,424,3937.56,,72,6,69.6,,,172,174
2024-09-20,Morning VirtualRide,VirtualRide,4305,4306,45177.88,,922,88,85.6,,,214,214
2024-09-21,Morning Ride,Ride,8896,9149,64625.81,1307.0,1933,137,74.43756,141,173,,
2024-09-22,Morning Run,Run,11122,11136,24151.93,1539.0,2145,198,80.00898,148,176,,
2024-09-23,Lunch Ride,Ride,4857,4856,33785.8,792.0,1176,130,98.0,135,166,218,245
2024-09-24,Morning VirtualRide,VirtualRide,4330,4332,44021.89,,852,75,78.8,,,197,197
2024-09-25,Morning Run,Run,3789,3881,14060.74,31.0,949,72,81.73379,150,174,,
2024-09-26,Morning Run,Run,3672,3787,14018.59,223.0,948,76,85.6568,154,177,,
2024-09-27,Afternoon Ride,Ride,7109,7108,50405.06,1131.0,1683,187,97.2,135,171,211,243
2024-09-28,Morning Run,Run,5885,6620,21119.46,257.0,1495,142,92.980415,160,181,,
2024-09-28,Morning Hike,Hike,3715,4829,5291.99,383.0,410,22,45.950375,105,161,,
2024-09-29,Morning Ride,Ride,12054,13910,87884.66,1942.0,2871,311,96.4,137,169,214,241
2024-09-30,Morning Ride,Ride,6730,40634,53733.08,551.0,1211,58,55.584812,121,155,,
2024-10-01,Morning Run,Run,4623,4663,16118.44,228.0,1131,89,82.90107,150,180,,
2024-10-02,Evening Run,Run,4613,6193,17013.13,68.0,1179,94,85.390465,153,178,,
2024-10-03,Afternoon VirtualRide,VirtualRide,4324,4323,45125.67,,905,84,83.6,,,210,209
2024-10-04,Lunch Run,Run,3893,3954,13159.13,319.0,894,59,73.64715,142,169,,
2024-10-05,Morning VirtualRide,VirtualRide,7203,7202,75055.12,,1508,140,83.6,,,209,209
2024-10-05,Afternoon Run,Run,3613,3619,15567.34,3.0,1062,92,95.677734,163,179,,
2024-10-06,Morning Run,Run,4343,4425,15010.75,339.0,1090,105,93.27194,161,185,,
2024-10-07,Morning Run,Run,4267,4465,15018.25,271.0,1021,69,76.0757,144,174,,
2024-10-08,Lunch VirtualRide,VirtualRide,4267,4266,45036.17,,923,89,86.8,,,217,217
2024-10-09,Morning VirtualRide,VirtualRide,4235,4234,45030.64,,938,93,88.8,,,222,222
2024-10-10,Afternoon Run,Run,4551,4606,15016.71,472.0,1066,78,78.0879,148,166,,
2024-10-11,Afternoon Ride,Ride,5581,5685,34310.31,1040.0,1314,156,100.4,142,174,210,251
2024-10-12,Morning Ride,Ride,13809,16899,85269.81,2482.0,3093,333,93.2,130,166,197,233
2024-10-13,Morning Run,Run,5923,5930,21104.24,275.0,1487,142,92.85487,160,182,,
2024-10-14,Afternoon Ride,Ride,5784,5820,35233.69,904.0,1199,71,66.27599,135,164,,
2024-10-15,Morning Run,Run,4000,4054,14253.07,220.0,981,75,81.61943,150,172,,
2024-10-15,Night Ride,Ride,2498,2500,22581.3,37.0,606,33,68.96234,128,162,,
2024-10-16,Morning Run,Run,3879,3912,14517.48,63.0,999,64,76.75335,146,170,,
2024-10-17,Morning Ride,Ride,6444,6526,36826.86,1076.0,1203,70,62.303295,131,158,,
2024-10-18,Afternoon Run,Run,4483,4503,15017.81,483.0,1126,117,96.7256,164,185,,
2024-10-19,Morning Ride,Ride,8785,9992,63694.5,1283.0,2104,236,98.4,134,160,214,246
2024-10-20,Morning Run,Run,7079,7254,20222.64,1063.0,1579,126,79.63288,148,180,,
2024-10-21,Morning Run,Run,3101,3149,11068.37,153.0,733,56,80.025406,149,167,,
2024-10-22,Morning Run,Run,4659,4676,16273.71,225.0,1136,93,84.62563,153,181,,
2024-10-22,Evening Yoga,Yoga,368,1093,,,11,0,,63,78,,
2024-10-23,Morning Run,Run,3663,4013,13321.98,232.0,919,64,79.05051,149,169,,
2024-10-24,Morning Run,Run,3623,3739,13013.82,230.0,878,69,82.710884,152,170,,
2024-10-25,Morning Ride,Ride,6322,6434,43423.27,786.0,1402,85,69.2386,136,167,,
2024-10-26,Morning Run,Run,9520,10299,31812.36,800.0,2166,159,77.29778,146,171,,
2024-10-27,Morning Hike,Hike,8555,8794,15017.09,1031.0,1051,60,50.066685,110,172,,
2024-10-27,Afternoon Ride,Ride,6845,6844,42014.47,1178.0,1570,167,93.6,138,164,205,234
2024-10-28,Lunch Run,Run,3998,4004,15017.68,70.0,1008,73,81.025154,151,168,,
2024-10-29,Morning Ride,Ride,3979,4344,24257.86,520.0,901,50,65.83476,135,165,,
2024-10-30,Evening Run,Run,4493,9535,16012.43,221.0,1090,76,77.67288,146,180,,
2024-10-31,Afternoon Ride,Ride,9872,10154,68539.77,1373.0,1775,125,67.193,135,174,,
2024-11-01,Morning Run,Run,5881,5927,21113.83,175.0,1376,74,67.04807,137,160,,
2024-11-02,Morning Ride,Ride,16091,17823,112181.37,2331.0,3834,402,94.8,137,164,213,237
2024-11-03,Morning Run,Run,4958,4964,15907.87,71.0,1148,102,86.01599,153,179,,
2024-11-04,Morning Run,Run,2260,2261,9012.14,8.0,606,50,89.24462,157,174,,
2024-11-04,Lunch Run,Run,2566,2574,10021.26,45.0,684,42,76.65774,146,165,,
2024-11-05,Morning Ride,Ride,2552,2827,22851.21,42.0,651,42,76.58337,134,180,,
2024-11-05,Lunch Run,Run,3894,3933,15086.05,62.0,1055,107,98.97748,167,182,,
2024-11-06,Afternoon Ride,Ride,7993,15892,53693.94,916.0,1578,79,59.479015,127,152,,
2024-11-07,Afternoon Run,Run,4179,4430,15058.0,265.0,992,57,69.82311,138,171,,
2024-11-08,Morning Run,Run,4120,4157,15018.55,183.0,1118,115,99.80732,165,185,,
2024-11-09,Morning Ride,Ride,17532,18871,130118.27,2548.0,4151,449,96.0,144,177,212,240
2024-11-10,Morning Run,Run,10936,11907,42239.96,205.0,2908,281,95.97186,163,183,,
2024-11-11,Lunch Ride,Ride,6537,6617,44681.66,758.0,1204,72,62.868313,129,163,,
2024-11-12,Morning Run,Run,4143,4538,15011.62,271.0,1021,67,75.682594,145,166,,
2024-11-13,Evening Run,Run,5240,11852,20020.87,184.0,1250,81,73.93793,140,180,,
2024-11-14,Morning Run,Run,4940,5769,18016.98,275.0,1246,92,81.43684,150,185,,
2024-11-15,Morning Ride,Ride,6770,6955,42186.31,1211.0,1572,175,96.4,133,165,206,241
2024-11-16,Morning Run,Run,6563,6627,22089.13,651.0,1669,174,97.473,165,185,,
2024-11-17,Morning Ride,Ride,12016,14388,67789.34,2190.0,2791,308,96.0,140,176,207,240
2024-11-18,Lunch Ride,Ride,5844,6169,36527.63,910.0,1076,64,62.714294,129,162,,
2024-11-19,Morning Run,Run,4195,4198,14648.55,228.0,1037,74,79.67052,149,169,,
2024-11-19,Lunch Ride,Ride,2642,2644,22575.97,68.0,576,27,60.655018,125,153,,
2024-11-20,Lunch Run,Run,3664,3665,15021.81,116.0,1037,102,100.10911,167,181,,
2024-11-21,Lunch Ride,Ride,6128,6315,42743.35,739.0,1225,75,66.31285,133,157,,
2024-11-22,Morning Run,Run,4134,4235,15034.54,274.0,1040,75,80.621086,150,175,,
2024-11-23,Morning VirtualRide,VirtualRide,7247,7246,76021.79,,1541,146,85.2,,,213,213
2024-11-24,Morning Run,Run,4563,4566,21440.67,34.0,1355,126,99.68186,164,180,,
2024-11-25,Morning Run,Run,4130,4232,15035.39,269.0,1044,82,84.07714,153,176,,
2024-11-26,Morning Run,Run,3891,3893,14157.74,226.0,983,60,74.497284,144,164,,
2024-11-27,Morning Run,Run,4527,4908,17241.22,232.0,1189,86,82.33509,151,171,,
2024-11-28,Morning Run,Run,2725,2739,10162.42,82.0,555,32,64.86487,135,143,,
2024-11-29,Lunch Ride,Ride,6563,6627,42070.81,1222.0,1676,191,102.4,136,165,231,256
2024-11-30,Morning BackcountrySki,BackcountrySki,10802,13563,16695.7,1766.0,973,34,32.900146,95,120,,
2024-12-01,Morning Run,Run,5376,5408,23015.08,55.0,1419,140,96.824585,164,185,,
2024-12-02,Morning VirtualRide,VirtualRide,4260,4260,45042.48,,932,91,87.6,,,219,219
2024-12-02,Morning Run,Run,2827,3295,10294.23,141.0,783,85,102.22925,168,185,,
2024-12-04,Morning Run,Run,5535,6794,21140.82,49.0,1423,96,78.488396,148,165,,
2024-12-06,Morning Run,Run,4253,4301,16006.37,248.0,1072,62,72.04649,142,160,,
2024-12-07,Morning Ride,Ride,10121,11376,48247.88,1355.0,2140,139,69.84371,135,179,,
2024-12-08,Morning Run,Run,7158,7574,27017.97,442.0,1790,115,76.01904,145,168,,
2024-12-09,Morning Run,Run,4137,4352,15010.62,269.0,1111,106,95.60397,163,185,,
2024-12-10,Lunch Run,Run,4092,4682,13064.55,577.0,924,71,78.83173,148,170,,
2024-12-11,Morning VirtualRide,VirtualRide,4801,4800,50607.34,,1030,98,85.6,,,215,214
2024-12-12,Lunch Run,Run,2791,2997,12010.22,41.0,809,75,97.93607,163,185,,
2024-12-14,Morning Run,Run,2891,4767,10807.7,26.0,727,51,77.48499,145,171,,
2024-12-15,🥘 (Malaga Marathon 2024),Run,9598,9599,42409.12,125.0,2851,267,100.07291,169,185,,
2024-12-16,🏊🏼‍♂️ (Back at it),Swim,2701,2780,2225.0,,445,23,55.244656,122,149,,
2024-12-17,🐷 (Porcate a Malaga),Run,4862,5937,12802.54,468.0,930,60,64.58087,133,170,,
2024-12-18,🍛 (Fight for Dahl),VirtualRide,4804,4803,50597.08,,1030,98,85.6,,,215,214
2024-12-19,🇮🇳 (Indiano e Cena Aziendale),Swim,2676,2693,2300.0,,460,18,49.062534,117,129,,
2024-12-19,✌🏼(Doppietta Giulietta),Run,2432,2437,10009.36,52.0,682,68,100.246,167,181,,
2024-12-20,🇧🇪 (Virtual Ardennes),VirtualRide,4641,4640,38883.76,394.0,1014,114,94.0,0,0,219,235
2024-12-20,🗻 (Real Alps),Run,2938,3840,10014.62,366.0,710,57,83.52975,151,175,,
2024-12-21,⛰️(Cervinia Viking Ski Team),AlpineSki,14831,24468,76181.08,7172.0,610,5,9.46768,60,96,,
2024-12-22,🥶 (Con Altura Cervinia 3400),BackcountrySki,9025,10713,15968.46,1377.0,952,46,42.628445,104,140,,
2024-12-23,🔋(Pila Recharge),BackcountrySki,3741,8128,6524.07,624.0,240,5,21.66192,81,100,,
2024-12-23,🏰(Aosta Castle),Run,3690,4140,14013.42,101.0,940,51,69.26392,139,162,,
2024-12-24,🎄(Back to my loop),Run,4189,4229,15013.92,360.0,1092,103,93.99406,159,185,,
2024-12-24,🍪 (Christmas Eve Sunset),Hike,7190,8933,11307.1,689.0,1032,48,47.52087,113,156,,
2024-12-25,🌲(Merry Xmas Run),Run,4685,6835,13528.02,644.0,1057,72,73.23338,142,164,,
2024-12-26,8️⃣ (Octane Blue),Ride,8952,9653,63828.94,1348.0,2312,265,103.2,146,177,233,258
2024-12-27,🫗 (Empty Run),Run,4336,4366,15008.06,323.0,1079,98,89.90258,156,185,,
2024-12-28,🩷(Val Roseg),Hike,7191,10718,14455.89,261.0,874,37,42.263947,105,148,,
2024-12-28,☠️(Morterarach HIIT),Run,1737,1771,6259.76,143.0,454,30,78.11335,147,167,,
2024-12-29,🌞(Sankt Moritz),Run,3878,3881,15014.95,47.0,1069,86,89.327385,158,178,,
2024-12-30,❄️(Benvenuti all'Aprica),Hike,8482,13091,8689.72,744.0,903,40,39.97114,99,136,,
2024-12-31,🎆 (Boom Boom Boom),Ride,10317,12039,56514.57,2110.0,2461,289,100.4,143,175,211,251
2025-01-01,🥐(Croissant and Chill),Hike,4532,6427,5651.81,219.0,275,7,23.289528,77,118,,
2025-01-01,🥂(Micheli's Toast),Ride,11969,12367,104167.2,1117.0,3163,322,98.4,141,167,233,246
2025-01-02,😮‍💨 (Harddd),Run,4045,4065,14014.72,335.0,991,79,83.654236,151,177,,
2025-01-03,🦁(La sera Leoni...),Ride,10261,10377,70233.9,1653.0,2544,294,101.6,143,177,223,254
2025-01-03,🥫(Cannellini Double),Run,3627,3673,13229.96,328.0,940,83,90.20673,157,184,,
2025-01-04,🥐 (Sorsi e Bocconi Half / 1),Run,6475,7500,23071.02,376.0,1712,180,99.88446,166,185,,
2025-01-05,🧀 (Il Formaggiaio del Pertus),Ride,11592,12974,73079.74,1601.0,2003,117,60.167366,129,160,,
2025-01-06,🥐 (Per una brioche),Hike,3168,8332,5096.73,303.0,445,20,47.38976,108,150,,
2025-01-06,🧙🏼‍♀️(Befana Val De Gru),Run,4647,4977,16215.23,585.0,1153,84,80.28939,149,173,,
2025-01-07,🇺🇦(Zelenskyy 15),Run,3825,3830,15013.93,68.0,1054,86,89.92031,158,185,,
2025-01-08,🧆 (SFR - Selvino Farinata Rigurgito),Ride,6418,6434,44640.32,810.0,1313,82,67.7515,134,169,,
2025-01-09,♻️(Recycling Ride),VirtualRide,4502,4504,47194.98,,964,92,85.6,,,214,214
2025-01-09,🚙(Goodbye Audi),Run,4138,4146,15049.48,272.0,1044,75,80.708565,150,166,,
2025-01-10,🏎️ (Torta Barozzina),Run,5280,5712,18052.54,508.0,1281,91,78.11335,148,173,,
2025-01-11,🪦(Gravel Random),Ride,13929,24031,84764.06,2116.0,2923,184,68.648224,136,170,,
2025-01-12,🥽(Lizzola First in First),BackcountrySki,7629,8840,12571.03,1645.0,638,20,30.351068,91,112,,
2025-01-12,🥑(I needed avocados),Hike,3866,9855,6380.66,298.0,397,13,33.32147,93,133,,
2025-01-13,🏊🏼‍♀️(Monday Routine),Swim,3672,3696,3100.0,,620,27,51.2892,120,135,,
2025-01-13,✌🏼(Monday Double),Run,3825,3831,15011.45,79.0,1065,85,89.384315,157,185,,
2025-01-14,🍚(Risotto di Liuk),Run,4805,4992,17014.26,237.0,1198,58,65.72897,135,153,,
2025-01-14,🟠 (Orange Loads),Run,2591,2926,10205.51,50.0,719,54,86.27035,154,177,,
2025-01-15,🎙️(Podcast Recovery),VirtualRide,5434,5433,57147.39,,1165,111,85.6,,,215,214
2025-01-15,Afternoon Weight Training,WeightTraining,534,534,,,44,1,,86,114,,
2025-01-16,"🎃(Zucca, Castagne e Lenticchie)",Run,4420,4425,16011.84,269.0,1135,90,85.57855,153,184,,
2025-01-16,🌕(Full Moon Vodala),BackcountrySki,5255,6329,10518.89,1104.0,343,8,23.083326,82,101,,
2025-01-17,🐓(Sant'Antonio Vibes),Ride,6594,6657,42078.42,1228.0,1594,183,100.0,137,176,216,250
2025-01-18,🎄(Aghi di Pino),Ride,10031,10847,55777.25,2059.0,2424,281,100.4,123,157,215,251
2025-01-19,🌞(Solana Vibes),Run,7271,7818,25601.78,393.0,1759,108,73.08986,142,160,,
2025-01-20,🌺 (Kona),Swim,4572,4590,3800.0,,760,45,59.415325,128,147,,
2025-01-20,🍲(Kona-to),Run,3830,3864,15107.69,49.0,1047,71,81.342606,150,176,,
2025-01-21,🧠(Roncola e Rhonda),Ride,5868,5947,43444.08,796.0,1127,65,62.960987,128,168,,
2025-01-22,🕯️(Easy / 1),Run,4122,4247,15080.01,271.0,1029,74,79.966385,146,163,,
2025-01-22,🔦(Bergamo Urban Trail),Run,3422,4996,11562.72,382.0,843,60,78.60337,144,175,,
2025-01-23,🫒(Ulivo Half Marathon),Run,5878,8079,22015.63,200.0,1555,121,85.95382,152,177,,
2025-01-24,👌🏼(okokok),Ride,6779,6778,42186.05,1219.0,1557,178,97.2,130,159,204,243
2025-01-25,🪓(Lumberjack ride),Ride,8667,8669,50834.93,1539.0,1898,200,91.2,134,169,194,228
2025-01-25,🍫(La Paesana di Monza),BackcountrySki,3724,5125,6964.36,821.0,265,14,36.582645,85,108,,
2025-01-26,🍄‍🟫(Polenta e funghi),Run,8312,9019,30407.35,426.0,2159,151,81.0,153,182,237,243
2025-01-27,🇺🇸(Andreessen Dreams),VirtualRide,4203,4202,44117.11,,900,86,85.6,,,214,214
2025-01-27,📈(Slow and steady),Swim,3567,3583,3000.0,,600,23,48.078663,103,125,,
2025-01-28,🟠🟡🟤 (Giusto così),Run,4650,4732,17009.67,231.0,1171,83,80.333336,144,166,233,241
2025-01-29,🐦(Merli e Serpenti),Ride,6767,6826,42041.16,1223.0,1640,181,98.0,133,158,218,245
2025-01-30,✈️ (Checking in on a long day),Ride,11720,13823,63020.31,1805.0,2468,192,76.444496,139,182,,
2025-01-31,🇭🇰(Hong Kong Shakeout),Run,2699,3080,10043.5,23.0,670,45,77.666664,136,162,223,233
2025-02-01,🇭🇰(Hong Kong Urban Trail),Run,4815,6404,16023.03,392.0,1072,75,75.0,135,162,196,225
2025-02-02,🇭🇰(Hong Kong 21),Run,6201,7083,21431.5,405.0,1462,104,77.666664,136,160,214,233
2025-02-03,🍪(Pacer for a cookie),Run,4867,5742,17015.16,40.0,1202,73,73.666664,138,161,209,221
2025-02-04,🚡(The Peak Hong Kong),Run,5312,10225,18090.27,438.0,1268,82,74.666664,142,168,201,224
2025-02-05,🇨🇳(Shenzhen Rationale),Run,4374,6566,16346.37,63.0,1049,58,69.333336,141,170,192,208
2025-02-06,🎡(Midnight Runners HK Half),Run,5324,9958,21112.24,17.0,1430,99,81.666664,147,178,233,245
2025-02-07,📳(4:33),Run,2124,2443,8161.24,10.0,569,38,80.666664,147,162,235,242
2025-02-08,♾️(Groundness Marathon),Run,10231,12176,42254.14,150.0,2883,213,86.666664,160,185,255,260
2025-02-09,♓(Midnight in Orezzo),Run,3583,3899,12951.51,322.0,895,65,81.0,140,160,222,243
2025-02-10,"🥽(Back to ""reality"")",Swim,3206,3229,2800.0,,560,18,44.80441,102,128,,
2025-02-10,✌🏼(Double Monday),Run,4123,4339,15020.87,269.0,1015,78,82.333336,132,153,232,247
2025-02-12,🤮(Giuliana's Reaction),Run,3054,3224,10010.39,134.0,775,44,71.666664,158,180,207,215
2025-02-13,🤢(La Nausea),Run,3871,3884,13219.99,326.0,943,65,78.0,145,175,225,234
2025-02-14,🧊(Feeling Real),Ride,5355,5484,34167.24,814.0,1154,120,90.0,130,162,190,225
2025-02-14,⏳(Far passare un'ora),Run,2991,2997,10014.99,312.0,748,52,79.333336,149,173,225,238
2025-02-14,🧀(Gnocchi neve e zola),Hike,6281,13412,9135.86,362.0,739,38,45.461823,103,134,,
2025-02-15,🥶(Ricadute),Ride,6705,7020,35661.21,1207.0,1376,138,86.0,119,148,179,215
2025-02-16,🥧(Crema Cotto),Run,6486,7520,23078.46,378.0,1836,114,79.666664,169,185,232,239
2025-02-17,🐦‍🔥(Vitamin C Phoenix),Run,3811,3810,15018.45,69.0,1064,76,85.0,153,174,253,255
2025-02-18,🍔(Pugliese),Ride,6469,6477,45034.6,731.0,1046,68,61.48736,119,165,,
2025-02-18,🏊🏾‍♂️(Ora D'acqua),Swim,3571,3718,3050.0,,610,29,53.851646,114,125,,
2025-02-19,💀(In difficoltà),Run,4454,4630,16017.26,279.0,1117,81,81.0,145,169,231,243
2025-02-20,💆🏾‍♂️(The Medium is the Massage),VirtualRide,3633,3632,38061.68,,774,73,85.2,,,213,213
2025-02-20,✌🏼(Bricketto),Run,2603,2669,10017.23,51.0,715,49,82.666664,144,167,241,248
2025-02-21,(FUCK OFF),Ride,2071,2072,11799.81,423.0,527,59,101.2,135,155,229,253
2025-02-21,🧠(Mind Reset),Run,3785,3784,13125.56,323.0,916,67,80.0,149,175,230,240
2025-02-22,🗡️(Coglia Coglia Coglia 2025),Ride,15119,17991,100067.65,1053.0,2465,168,62.979534,123,161,,
2025-02-23,🤡(MERELLI Half Marathon),Run,4631,4634,21314.6,41.0,1396,126,99.0,163,183,295,297
2025-02-24,📸(McCurry),Swim,3607,3622,3000.0,,600,38,61.465126,124,143,,
2025-02-24,🌡️(Hoooot),Run,3925,3949,15021.08,64.0,1083,76,83.333336,158,174,247,250
2025-02-25,🐴(Serramazzoni and Horses),Ride,7803,8046,53663.71,900.0,1328,83,61.837738,122,155,,
2025-02-26,,,,,,,,,,,,,
2025-02-27,☀️(Sun and no flat tires),Ride,6685,6717,42147.77,1188.0,1574,177,97.6,154,185,210,244
2025-02-28,💉(Immunity Run),Run,3853,3853,13141.57,320.0,1010,67,79.0,163,185,227,237
2025-03-01,🤡(From Bergamo to Bologna Marathon),Ride,27218,30623,234016.45,875.0,6340,559,86.0,140,165,209,215
2025-03-02,🍝(Bologna Marathon 2025),Run,9650,9668,42728.74,160.0,2907,242,95.0,168,184,282,285
2025-03-03,🫠(Selvino Sciogligamba),Ride,5481,5991,34614.18,854.0,1238,129,92.0,123,164,201,230
2025-03-04,🪃(Boomerang Effects),Run,4591,4614,16017.87,342.0,1132,81,79.666664,152,182,230,239
2025-03-05,🛒(Groceries Run),Run,4193,4733,15084.25,261.0,1061,74,79.666664,152,172,230,239
2025-03-05,🌅(Finally some late sun),Ride,4053,4090,27762.24,496.0,1012,66,76.23735,140,170,,
2025-03-06,🍞(Giacomo's Loaf),Run,5014,5020,17264.18,344.0,1257,85,78.0,152,182,226,234
2025-03-06,✌️(Easy back to Bergamo),Ride,4439,4527,32787.11,440.0,880,51,64.23272,125,164,,
2025-03-07,☑️(Sì),Run,5215,5309,19023.37,304.0,1392,96,81.333336,157,180,233,244
2025-03-07,✌🏼(Lentils soup digest),Swim,3623,3633,3000.0,,600,36,59.7351,121,143,,
2025-03-08,🏗️(Colli Work In Progress),Ride,16681,17922,112805.64,2282.0,3628,375,90.0,125,162,192,225
2025-03-09,🧀(Pizzoccheri Vichinghi),Run,9290,10193,34014.83,423.0,2510,168,80.666664,160,180,237,242
2025-03-10,🥴(Compounding Lactate),Run,3882,3901,15050.82,45.0,1096,74,83.0,149,170,247,249
2025-03-10,🍔(Tonight Hamburger),Ride,4234,4239,27791.46,489.0,876,59,70.827484,133,165,,
2025-03-11,🍔(Hamburger Up and Down),Run,4546,4573,16011.45,343.0,1161,82,80.666664,143,165,231,242
2025-03-11,💆‍♂️(Easy Back),Ride,3555,3573,30016.36,181.0,762,49,70.27382,127,160,,
2025-03-12,❌(No),Run,4355,4416,15026.19,325.0,1026,70,76.0,140,152,220,228
2025-03-12,🥑(FatMax?),VirtualRide,4534,4533,48039.2,,993,97,87.6,,,219,219
2025-03-13,🔳(No colors),Run,4481,4611,16016.67,261.0,1127,78,79.0,151,176,229,237
2025-03-13,8️⃣(May the Fourth Double),Ride,4227,4246,27782.94,492.0,857,54,67.67204,129,154,,
2025-03-14,🪇(Finally some music),Ride,8165,8575,49385.12,1350.0,1254,94,64.2404,123,165,,
2025-03-15,⛑️(30km hard comeback),Run,7960,9241,30107.59,41.0,2032,127,75.666664,149,184,221,227
2025-03-15,✌️(Loading some more),Swim,3682,3707,3050.0,,610,33,56.61813,117,131,,
2025-03-16,🐢(Easy while waiting...),Run,3836,3865,13223.06,310.0,948,67,79.0,149,183,225,237
2025-03-16,‼️(Bis di farro),Ride,10922,11291,57457.28,1834.0,1766,146,69.222,128,176,,
2025-03-17,🧢(Beanie at 15degrees),Run,3907,3916,15006.84,62.0,1069,74,82.666664,149,182,246,248
2025-03-17,🥙(Fight for kebab),Ride,4155,4167,27813.62,488.0,615,34,54.203968,108,149,,
2025-03-18,🫁(Spolmon),Run,4239,4644,13151.15,566.0,1063,74,79.333336,155,176,220,238
2025-03-18,😇(San Vigilio post work),Ride,4401,4458,33430.96,257.0,713,45,60.28874,115,153,,
2025-03-19,👾(Hacked Half),Run,5909,6363,21112.06,283.0,1518,100,78.0,140,160,228,234
2025-03-19,9️⃣(Happy Birthday We Run 9),Run,2780,5859,10015.7,52.0,704,43,74.333336,141,163,214,223
2025-03-20,💆‍♂️(Relaxing Hour),Swim,3750,3762,3000.0,,600,28,51.77005,110,125,,
2025-03-20,🫘(Fagioli Tempo),Run,3577,3614,15011.56,52.0,994,78,88.666664,142,156,262,266
2025-03-21,💤(No Sleep No Legs Zambla),Ride,8915,9101,58933.79,1406.0,1959,202,90.4,135,179,195,226
2025-03-22,🌽(Mais Spinato),Run,8984,9609,32383.81,407.0,2329,160,80.0,157,185,235,240
2025-03-23,🌂(How I Met Your Mother Half),Run,6503,6694,21120.61,707.0,1581,107,77.0,155,176,220,231
2025-03-24,🌸(Springing 17),Run,4783,4828,17023.09,258.0,1186,83,79.0,137,160,228,237
2025-03-24,🍚(Risotto and Z2),Ride,4233,4234,27754.35,485.0,840,58,70.23299,129,174,,
2025-03-25,🎴(Seeking Flow),Run,5071,5816,15024.19,650.0,1174,81,75.666664,150,172,208,227
2025-03-26,☀️(Miragolo 2 Work),Ride,7175,8078,47882.2,805.0,1243,83,64.4026,125,158,,
2025-03-26,💥(Tired Legs),Run,4509,4514,16014.92,258.0,1104,79,79.666664,146,161,228,239
2025-03-27,🛐(Praying Legs),Run,4776,4828,18025.33,64.0,1283,86,80.333336,151,167,238,241
2025-03-27,🍕(Fight for a pizza),Run,3995,4032,14011.34,323.0,960,69,79.0,148,169,226,237
2025-03-28,🌸(Primavera),Ride,6836,6971,42154.32,1192.0,1497,154,90.0,121,148,193,225
2025-03-29,🤡(Swatt Club Explosion),Ride,18372,22208,129752.31,2704.0,4142,447,93.6,137,178,201,234
2025-03-30,🔥(Firing Tests),Run,4756,5066,21120.16,79.0,1391,118,94.333336,154,180,281,283
2025-03-30,💆‍♂️(Sunny Poieto),Hike,6433,8018,7735.96,640.0,415,24,36.50357,80,125,,
2025-03-31,🇳🇱 (Stroopwafel Alternatives),Ride,10563,43484,70887.56,1350.0,2285,227,88.0,138,177,191,220
2025-04-01,🤒(Hilly Ill),Run,4314,4349,15010.55,328.0,1064,76,79.666664,156,185,228,239
2025-04-02,💼(Alternative Commute),Ride,13061,45958,94035.54,1646.0,2876,299,90.8,140,174,194,227
2025-04-03,👃(Nose Breathing?),Run,4953,5041,17526.24,353.0,1227,89,80.333336,153,182,229,241
2025-04-04,🥙(Fight for piadina),Ride,10297,26803,76496.97,1125.0,1998,383,115.666664,124,151,326,347
2025-04-05,📼(Tapering),Run,3085,3139,10075.86,312.0,685,50,76.666664,142,171,216,230
2025-04-06,✈️(Milano Wizzair Marathon 2025),Run,9831,9855,42778.94,82.0,2836,231,92.0,167,183,273,276
2025-04-07,📉(Buy The Dip),Ride,10315,44525,71941.1,1373.0,2291,222,88.0,129,171,196,220
2025-04-08,🎧(Apple Pie and Locked In),Run,5637,5721,17329.0,736.0,1389,99,79.666664,157,183,216,239
2025-04-09,,,,,,,,,,,,,
2025-04-10,🥐(Croissant 17),Run,4846,5425,17325.88,235.0,1221,84,79.0,158,185,229,237
2025-04-11,🐩(Pighet e altri cani),Ride,6877,7801,41359.94,1043.0,1181,93,68.83446,132,173,,
2025-04-12,☘️(3 is my lucky number),Ride,18120,20561,117867.55,3309.0,4399,483,98.0,140,184,217,245
2025-04-13,➖(MinUsCoLi DiScONfoRt HalF),Run,8026,8507,29023.23,394.0,2070,143,80.0,162,185,233,240
2025-04-14,💰(Per Tre Soldi),Ride,7319,7840,45605.53,1072.0,1288,86,64.93716,126,156,,
2025-04-14,💪(Per Fagottino Spinaci),Run,4000,4004,15026.06,61.0,1061,73,81.0,150,182,242,243
2025-04-14,🎂(Per Mamma),Ride,3940,3988,25546.79,486.0,734,47,65.43223,126,154,,
2025-04-15,🎉(Filetti e altre prelibatezze),Run,5223,5843,17402.22,353.0,1175,81,74.666664,126,154,214,224
2025-04-15,💆‍♂️(Easy Back),Ride,3539,3590,30034.64,182.0,830,53,73.34299,132,167,,
2025-04-16,🍿(Past Lives),VirtualRide,6301,6303,66785.88,,1379,134,87.6,,,219,219
2025-04-16,🛒(Spesa Run),Run,3606,4021,13501.82,88.0,923,63,79.333336,152,180,233,238
2025-04-17,☀️(Val de Gru Easy),Run,4828,4945,16012.9,510.0,1186,86,80.0,158,182,222,240
2025-04-18,✝️(Good Friday),Ride,13366,15401,90053.42,2016.0,2999,306,90.8,147,177,199,227
2025-04-19,🕊️(Pasqua 2025),Ride,28835,35653,207771.94,3872.0,6428,609,87.2,147,176,192,218
2025-04-20,🕊️(From Damnation to Paradise),Run,5974,6626,21114.37,235.0,1528,98,77.0,159,184,224,231
2025-04-21,♨️(Grilling),Ride,10733,11128,60902.84,2004.0,2315,252,92.0,138,185,190,230
2025-04-22,🥩(Grilled),Run,4315,4392,15011.91,265.0,1045,72,77.333336,146,184,219,232
2025-04-22,♨️ (Grilled / 2),Ride,6794,6809,42121.67,1180.0,1491,154,90.4,124,153,194,226
2025-04-23,🥐(Croissant Half),Run,6064,6671,21301.34,259.0,1495,101,77.333336,149,181,225,232
2025-04-24,📡(Antenne e Monviso),Run,4511,5379,16015.36,263.0,1075,76,78.0,145,167,223,234
2025-04-25,🇧🇪(Liegi Recon),Ride,4303,4824,26019.76,394.0,672,68,75.2,139,177,126,188
2025-04-26,🇧🇪(Liegi - Bastogne - Liège 2025),Ride,31672,36906,253030.5,4231.0,6970,745,92.0,139,175,195,230
2025-04-27,🇧🇪(The Post Liegi Shake out),Run,2926,3295,11007.18,141.0,717,49,78.0,146,163,217,234
2025-04-27,🇧🇪(Liegi Pro),Ride,7255,20839,46144.28,690.0,1304,156,88.0,127,174,152,220
2025-04-28,"💆‍♂️(After 12h of car, before some 🐴)",Hike,1460,1687,2476.92,0.0,81,3,26.128149,74,91,,
2025-04-29,🐴(Only the horses),Run,4452,4619,16027.33,295.0,1119,82,81.333336,146,168,235,244
2025-04-29,🩻,Ride,3436,3717,24475.46,424.0,741,75,88.8,122,159,192,222
2025-05-01,❤️‍🩹,Hike,3771,7658,5586.31,154.0,202,4,13.715405,60,84,,
2025-05-02,,,,,,,,,,,,,
2025-05-03,,,,,,,,,,,,,
2025-05-04,❤️‍🩹,VirtualRide,7240,7239,74009.8,,1431,126,79.2,,,198,198
2025-05-05,❤️‍🩹,VirtualRide,5703,5702,58253.27,,1129,99,79.2,,,198,198
2025-05-06,❤️‍🩹,VirtualRide,6057,6056,62095.67,,1208,107,79.6,,,200,199
2025-05-07,❤️‍🩹,VirtualRide,5822,5821,60439.36,,1207,111,82.8,,,208,207
2025-05-07,❤️‍🩹,Hike,5627,5656,7190.56,238.0,564,36,47.876743,103,127,,
2025-05-08,❤️‍🩹,VirtualRide,7203,7203,75106.09,,1507,140,83.6,,,209,209
2025-05-09,❤️‍🩹,VirtualRide,5404,5403,56226.48,,1121,104,83.2,,,208,208
2025-05-10,❤️‍🩹,VirtualRide,7293,7292,76007.09,,1525,142,83.6,,,209,209
2025-05-11,❤️‍🩹,Hike,9097,9365,10798.75,690.0,745,46,42.27732,93,131,,
2025-05-11,❤️‍🩹,Ride,2300,2366,9942.28,372.0,358,19,54.462605,111,139,,
2025-05-12,Gazzaniga Running,Run,2928,3689,6646.65,574.0,645,49,78.0,143,162,225,234
2025-05-12,❤️‍🩹,Hike,4086,4275,6445.55,0.0,162,9,28.03956,69,113,,
2025-05-12,❤️‍🩹,VirtualRide,4206,4205,44278.5,,901,86,85.6,,,214,214
2025-05-13,❤️‍🩹,VirtualRide,5451,5450,57281.08,,1166,111,85.6,,,214,214
2025-05-14,❤️‍🩹,Ride,7206,7208,42216.58,1174.0,1094,71,59.557068,119,154,,
2025-05-15,❤️‍🩹,Hike,7810,9203,11050.45,662.0,724,45,45.298252,95,134,,
2025-05-15,Gazzaniga Cycling,Ride,7118,7132,42136.06,1189.0,1266,86,65.89549,127,152,,
2025-05-16,❤️‍🩹,Hike,3566,5742,7262.74,389.0,526,31,55.911095,115,147,,
2025-05-16,❤️‍🩹,Ride,7551,7811,45992.36,1260.0,1319,87,64.40337,126,154,,
2025-05-17,❤️‍🩹 (Clavicle In Half),Run,6046,7148,21108.0,250.0,1474,101,77.666664,142,170,226,233
2025-05-18,❤️‍🩹 (Cespedosio),Ride,14532,15395,87955.93,2044.0,2210,155,61.412903,121,151,,
2025-05-19,❤️‍🩹,Hike,4307,4474,7484.9,383.0,435,25,45.350555,97,139,,
2025-05-19,❤️‍🩹,Ride,8882,9313,57984.87,1426.0,1592,119,69.28591,127,165,,
2025-05-20,❤️‍🩹(T - 4 Months),Run,4030,4035,13189.87,321.0,943,64,75.666664,151,179,216,227
2025-05-20,❤️‍🩹,Ride,7029,7035,42150.51,1184.0,1191,81,64.38617,126,158,,
2025-05-21,❤️‍🩹,Ride,9383,9964,53583.03,1508.0,1395,95,60.30227,119,152,,
2025-05-22,❤️‍🩹,Run,4551,4569,15012.35,358.0,1109,74,76.333336,153,177,219,229
2025-05-22,❤️‍🩹,Swim,2467,2731,1775.0,,358,16,47.38791,103,117,,
2025-05-23,❤️‍🩹,Hike,5357,5775,10818.0,653.0,1044,75,70.993904,134,161,,
2025-05-23,❤️‍🩹,Ride,8484,8685,49482.14,1340.0,1676,136,75.934875,137,168,,
2025-05-24,❤️‍🩹(Colli a merenda),Ride,12597,13404,74534.23,2091.0,2255,179,71.46321,131,175,,
2025-05-25,❤️‍🩹,Run,6006,6281,18405.02,665.0,1433,93,74.666664,158,182,208,224
2025-05-26,❤️‍🩹,Run,3560,3591,12011.09,213.0,835,58,76.333336,144,168,218,229
2025-05-26,❤️‍🩹,Ride,9509,9973,62678.48,1201.0,1485,104,62.636208,121,157,,
2025-05-27,❤️‍🩹,Run,3952,3987,13510.56,314.0,933,69,79.333336,141,178,223,238
2025-05-27,❤️‍🩹,Ride,7046,7062,42133.59,1190.0,1138,79,63.464622,124,147,,
2025-05-28,❤️‍🩹,Ride,9000,10776,46060.13,1601.0,1664,123,69.852264,127,166,,
2025-05-28,❤️‍🩹,Hike,4658,4688,4738.89,391.0,279,16,35.063595,79,115,,
2025-05-29,🩻 (New Mornings),Run,4417,4973,15098.15,262.0,979,72,76.666664,138,161,220,230
2025-05-30,❤️‍🩹 (Waiting for Godot),Ride,9696,10586,53958.84,1712.0,1874,140,71.96012,132,168,,
2025-05-31,❤️‍🩹(San Marco Grave-l),Ride,20322,22241,130867.93,3004.0,3340,265,68.282715,127,172,,
2025-06-01,❤️‍🩹(Pian del Termen - Pora),Ride,12445,13872,81287.14,1635.0,2250,171,70.14046,131,168,,
2025-06-02,❤️‍🩹 (Ganda Triplete),Ride,10738,11655,55837.37,2001.0,1788,125,64.702675,122,164,,
2025-06-03,❤️‍🩹 (Prericovero or pre-recovery?),Run,4550,4568,15010.68,464.0,1091,78,78.666664,152,167,219,236
2025-06-04,❤️‍🩹(Global Running Day - while possible),Run,3764,3800,13015.38,231.0,890,63,77.666664,141,158,222,233
2025-06-04,❤️‍🩹(Random 1k),Ride,5733,5746,33579.44,1000.0,1009,67,64.79532,126,148,,
2025-06-05,❤️‍🩹(The Last Dance),Run,3993,3992,13523.94,235.0,933,64,75.666664,148,173,220,227
2025-06-05,❤️‍🩹(The last last dance),Ride,6992,7276,37176.07,1326.0,979,66,58.06177,115,142,,
2025-06-06,❤️‍🩹 (Ricovero - Farno / HolterUomo),Ride,8906,9769,44997.22,1522.0,1757,125,70.82093,132,171,,
2025-06-07,❤️‍🩹(Holter Uomo Half),Run,6489,7049,23515.43,243.0,1628,112,79.0,155,185,233,237
2025-06-08,❤️‍🩹(Vivione Grave-l - The Last Dance?),Ride,19862,21402,126392.95,3046.0,3116,255,67.780045,128,162,,
2025-06-11,,,,,,,,,,,,,
2025-06-12,,,,,,,,,,,,,
2025-06-12,🍦(Gelato Roaming),Hike,6918,8451,7183.08,301.0,345,20,31.561466,73,119,,
2025-06-13,Gazzaniga Cycling,Ride,4453,5882,21680.07,590.0,661,39,55.96277,114,149,,
2025-06-14,,,,,,,,,,,,,
2025-06-15,⚫🟡(Selvino Mola Mia),Ride,5625,9521,36243.51,822.0,1089,80,71.27595,127,168,,
2025-06-16,,,,,,,,,,,,,
2025-06-16,❤️‍🩹(Brick),Hike,4992,7717,4764.4,379.0,278,14,31.37475,74,115,,
2025-06-17,🚦(Strade Chiuse),Ride,6295,6656,35194.53,1002.0,952,60,58.424316,118,148,,
2025-06-18,🐦(Early Birds),Ride,7274,8384,42265.6,1189.0,1128,73,59.90161,119,151,,
2025-06-18,🛖(Bivacco città di Clusone),Hike,9229,42082,8676.85,724.0,1078,59,45.08581,105,132,,
2025-06-19,🥖🍫(No Pain Chocolate No Gain),Ride,8439,8933,58056.49,1350.0,1937,211,94.8,135,161,205,237
2025-06-20,❤️‍🩹,Hike,5932,8655,7798.81,628.0,601,37,46.794327,97,135,,
2025-06-20,🦋(Butterfly Effect),Ride,10896,25963,54025.24,1744.0,1739,115,61.39315,117,158,,
2025-06-21,🐥(The Pulcini Mirage),Run,4533,4716,14016.37,328.0,1070,63,71.0,158,185,204,213
2025-06-22,🥧(La Torta della Pesenti),Ride,18514,21965,129715.55,2755.0,4014,424,90.8,139,171,192,227
2025-06-23,🌞(Good Monday Vibes),Ride,6006,6074,34781.02,1050.0,1121,74,66.23709,126,160,,
2025-06-23,🐩(Glenuccio and Liuk),Hike,6610,7347,7775.22,644.0,428,27,38.16564,82,148,,
2025-06-24,⛩️(Over 8 Thousand),Run,5318,5437,17299.39,349.0,1153,81,74.0,127,159,210,222
2025-06-25,🦷(Trattoria Dentella),Ride,10228,47598,74233.99,1221.0,1926,134,68.59274,128,172,,
2025-06-26,👑 (Tre Corone Half),Run,6041,6042,21107.83,243.0,1453,101,77.666664,150,180,227,233
2025-06-27,✊(Malga Lunga),Ride,9084,10859,51778.43,1646.0,1499,118,68.31998,130,163,,
2025-06-28,🕸️(Spiderman Spiderman),Run,6354,7413,22509.12,242.0,1541,105,77.0,146,171,225,231
2025-06-28,🦈(My Swimming Cap Broke),Swim,2660,2920,1900.0,,380,23,55.285427,114,129,,
2025-06-29,🥭(Manghen e Rolle),Ride,22760,29367,157624.27,3895.0,4946,433,82.8,137,171,136,207
2025-06-30,🌄(Gardenia Sunrise),Ride,5773,6256,33109.52,1034.0,1199,87,73.5799,134,169,,
2025-06-30,⛩️(The Only Shirne I've Seen),Run,3242,3906,10017.44,358.0,677,50,74.666664,129,149,205,224
2025-07-01,🔐(Sellaronda Private Tour),Ride,8694,9283,51562.88,1724.0,1583,127,72.446785,133,173,,
2025-07-02,🛏️(Pösa ü falì Half),Run,7153,7336,22590.48,643.0,1642,110,74.333336,156,178,210,223
2025-07-03,🌩️(Tra una tempesta e l'altra),Ride,6518,6542,42139.2,1186.0,1103,80,66.35508,129,159,,
2025-07-04,✈️(Take Off),Run,5179,5513,16016.65,495.0,1143,77,73.333336,149,172,206,220
2025-07-05,🇪🇸(Cordoba Half Marathon),Run,6013,6927,21152.36,111.0,1409,88,72.666664,150,182,210,218
2025-07-06,👰‍♂️(Marina y Andrea),Run,3337,3515,12024.3,50.0,743,53,75.333336,133,149,215,226
2025-07-07,🐦‍🔥(Piani di Artavaggio),Ride,23364,26780,135978.36,3204.0,3605,287,65.97776,124,172,,
2025-07-08,🪵(Gambe di legno),Run,4586,4585,16013.81,229.0,1058,78,78.333336,137,160,227,235
2025-07-08,‼️(Easy Double),Run,3076,3356,10019.54,371.0,667,53,78.666664,142,171,220,236
2025-07-09,🎳(Bowling Bowl),Ride,8393,44997,63892.56,777.0,1613,113,69.12317,130,170,,
2025-07-10,👀(Easy Day),Ride,5825,6022,36346.29,1202.0,1196,91,74.782036,136,174,,
2025-07-11,🇬🇷 (Acropolis Moon),Run,4403,4502,15019.28,251.0,1018,72,76.666664,138,157,221,230
2025-07-11,🐟 (Tonnaia Comeback),Swim,2333,2340,1800.0,,360,17,51.151764,109,118,,
2025-07-12,🎿 (Montecampione Grave-l),Ride,19474,21791,117548.49,2902.0,3054,258,68.25278,129,182,,
2025-07-13,☁️ (fªccianuvola half),Run,5893,5932,21114.01,263.0,1499,101,78.666664,164,185,230,236
2025-07-14,🪩(80s and August),Ride,8879,42584,65098.71,1012.0,1859,126,71.23876,134,168,,
2025-07-15,🛝(Scivolate in Val Vertova),Run,4600,4881,16014.97,309.0,1075,78,78.0,142,167,224,234
2025-07-15,🐌(Lumaca d'acqua dolce),Swim,3278,3293,2500.0,,500,51,74.68037,140,153,,
2025-07-16,🍑 (Sparavera and Peach),Ride,7392,8081,39698.76,1256.0,1311,95,67.69496,129,158,,
2025-07-16,🍻(We Run Selvino),Run,3049,8146,10006.9,180.0,659,46,73.333336,121,150,204,220
2025-07-17,📡(Morning Pighet),Ride,8358,28734,61436.36,914.0,1563,107,67.52924,128,182,,
2025-07-18,🌄(Antenne di Ganda Pic Nic),Run,4709,4714,16013.75,296.0,1152,77,76.666664,161,182,223,230
2025-07-19,🔣 (Piramidi e Geroglifici),Ride,15848,17430,108558.25,1802.0,2654,210,68.89382,129,164,,
2025-07-20,☣️ (Bionic Marathon),Run,11614,12043,42209.46,206.0,2854,190,76.666664,154,179,227,230
2025-07-21,🍦(Il mago del gelato),Ride,7555,43164,60277.6,702.0,1441,96,67.456375,127,159,,
2025-07-22,3️⃣1️⃣(Vaccaro Birthday Classic),Ride,8394,10105,44220.42,1410.0,1624,115,70.03308,129,166,,
2025-07-22,☀️(Disegnare il sole),Hike,13268,64605,14304.94,1077.0,706,36,30.466928,74,119,,
2025-07-23,🥳(Birth-double),Swim,3233,3253,2500.0,,500,19,45.861977,99,125,,
2025-07-23,🥳(Birth-double),Run,2749,2761,10010.61,123.0,634,50,81.0,133,150,237,243
2025-07-24,🫗(Empty 18),Run,5367,5431,18012.79,256.0,1271,82,74.333336,152,180,215,223
2025-07-25,🥐(Bar Dony and Belloro),Ride,8668,11560,48663.95,1402.0,1671,124,70.4351,132,164,,
2025-07-26,⛈️(Piove sul bagnato),Ride,10047,10082,67231.03,1452.0,2154,222,89.2,145,173,190,223
2025-07-26,🧠(Mental Brick-Down),Run,4926,5000,17016.37,378.0,1190,85,79.0,157,184,223,237
2025-07-27,🍇(Patè Parafulmine),Run,11855,15846,31525.75,1383.0,2342,169,71.666664,132,162,193,215
2025-07-28,🗿(Cemento Duro),Ride,9470,43951,68536.46,1100.0,1802,130,70.28025,132,163,,
2025-07-29,♥️(Heart's Zones),Run,4647,4663,16014.04,275.0,1016,76,76.666664,129,152,221,230
2025-07-29,🧈(Burrò and more),Swim,3208,3274,2500.0,,500,29,56.94948,116,132,,
2025-07-30,🕋(Altino Pilgrimage),Ride,9921,45245,72756.94,1112.0,1954,147,72.84819,133,178,,
2025-07-31,🥐 (Half Marathon Combo),Run,6040,6262,21114.31,59.0,1381,87,72.0,133,154,211,216
2025-08-01,🦁 (Forcella dei Leoni),Ride,5940,7273,34185.51,1108.0,1158,80,69.47917,128,160,,
2025-08-02,💩 (Shitty 30s),Run,8387,9682,30029.46,527.0,2099,142,78.0,160,185,223,234
2025-08-03,💱 (Non Fare L'Avaro),Ride,17960,19156,122836.55,2861.0,4088,411,90.8,143,169,200,227
2025-08-04,⛱️(Fisico in vacanza),Ride,9615,43259,68182.38,1081.0,1589,112,64.54906,123,163,,
2025-08-05,🔛(On Test),Run,4494,4551,16020.56,262.0,1103,80,80.0,151,181,228,240
2025-08-05,👀 (Double Tuesday),Swim,3618,3630,2850.0,,570,35,58.923943,120,135,,
2025-08-06,🪀(Back and Forth 16),Run,4687,4750,16010.16,224.0,1102,75,75.666664,146,174,218,227
2025-08-06,🥧(Pie Ride at San Lucio),Ride,4973,5563,31390.07,827.0,898,61,66.371796,124,155,,
2025-08-07,🧱 (Brick by Brick Giovedì Half),Run,6091,6218,21113.64,275.0,1477,101,77.333336,154,185,224,232
2025-08-08,😪(Zambla 65 HRV),Ride,8761,11896,57931.59,1405.0,1831,187,87.6,138,172,175,219
2025-08-09,👄(Passabocche e altri bocconi),Ride,17997,19103,126354.61,2702.0,4031,419,91.6,138,175,199,229
2025-08-09,🍦(Ice Cream Brick),Run,4185,4610,15502.3,274.0,1048,81,83.666664,150,180,238,251
2025-08-10,🫐 (Pasta ai Martilli),Run,7833,8481,28017.6,286.0,1957,135,78.666664,152,182,230,236
2025-08-11,🐌(Lento senza lenticchie),Run,4149,4261,14010.01,246.0,940,66,75.666664,142,163,216,227
2025-08-11,🍲(Lento con lenticchie),Swim,3845,4036,3000.0,,601,32,54.23123,114,133,,
2025-08-12,🪨(Cima Rest Day),Ride,26720,32812,187990.55,2469.0,3844,285,61.705875,120,167,,
2025-08-13,🏺(L'antico Vaso - Sonny Edition),Ride,15172,16607,84725.88,2203.0,2268,177,64.291275,124,167,,
2025-08-14,🥵(Heat Training?),Run,5273,5377,18500.78,241.0,1135,86,76.666664,131,149,224,230
2025-08-14,,,,,,,,,,,,,
2025-08-14,Pool Swim,Swim,298,352,250.0,,50,2,,108,121,,
2025-08-15,♨️ (Guglielmo a Ferragosto),Ride,22703,25211,130265.63,3029.0,3685,289,67.3271,128,177,,
2025-08-16,"🛣️(30, Ricotta e Lamponi)",Run,8699,9144,30512.1,298.0,2186,142,76.666664,163,185,225,230
2025-08-17,💥(Enough / Esploso),Ride,11079,11951,65097.1,1702.0,1940,148,69.332016,128,171,,
2025-08-18,🗺️(Sapori dal Mondo Half),Run,6048,6093,21116.14,263.0,1452,98,76.333336,155,184,224,229
2025-08-18,🇵🇸 (Slow and steady),Swim,3728,3936,3000.0,,600,21,44.739117,98,126,,
2025-08-19,⛑️(Crocedomini of Legs),Ride,22020,23195,150887.36,3048.0,4788,457,86.4,132,176,193,216
2025-08-20,2️⃣(Two Swims in One Week?),Swim,3872,3975,3000.0,,600,50,67.91051,131,152,,
2025-08-20,2️⃣(Two Doubles in one Week?),Run,5422,5422,19020.12,293.0,1333,94,79.0,144,185,230,237
2025-08-21,"🦋(Bani, Pizza Pecorina e altri incastri)",Ride,13232,15665,90041.18,1549.0,2631,229,78.78386,141,172,,
2025-08-22,⛲(Fonteno Chill),Ride,11482,12658,64065.23,1771.0,2160,162,70.42746,132,171,,
2025-08-22,‼️(Little Brick),Run,2888,2907,10027.74,214.0,730,51,79.666664,163,179,228,239
2025-08-22,🪖(Sentiero delle 52 Gallerie),Hike,6629,8981,7249.14,753.0,502,25,34.647945,85,115,,
2025-08-23,🦸‍♂️(Strada degli Eroi),Run,4158,6794,11113.4,488.0,846,52,67.333336,139,164,177,202
2025-08-23,🧀(Ricotta Back),Hike,5709,7257,7538.3,71.0,488,27,40.81433,92,129,,
2025-08-23,🏰(Sirmio Open Water),OpenWaterSwim,749,788,515.51,,101,3,37.044567,92,108,,
2025-08-24,🧘‍♂️(Calming 18),Run,5700,5725,18018.02,531.0,1353,89,75.0,153,176,211,225
2025-08-25,🚂(Orezzo - Gavia - Tirano),Ride,26661,31857,192771.62,3174.0,5609,493,81.6,148,181,184,204
2025-08-26,🔱(Tirano - Trivigno - Orezzo),Ride,17770,19638,126376.74,2204.0,3752,345,83.6,140,177,186,209
2025-08-26,🤬(Il Bar Della Rabbia),Swim,3768,3853,3000.0,,600,35,57.68926,117,149,,
2025-08-27,🩼(Tired Legs Back to Work),Run,3964,3983,13513.78,232.0,931,64,76.0,143,178,220,228
2025-08-27,☔(Office and Rain),Ride,6627,40436,51697.14,459.0,1439,101,73.87152,135,170,,
2025-08-28,🤹‍♂️(Gicolare),Run,5616,5616,19008.66,262.0,1195,89,75.666664,128,145,220,227
2025-08-29,🍂(Falling Leaves Half),Run,6093,6184,21345.21,429.0,1440,104,78.333336,147,170,225,235
2025-08-29,2️⃣(Another Swim in the Books),Swim,3750,3961,3000.0,,600,32,54.99469,114,125,,
2025-08-30,Gazzaniga Running,Run,235,236,868.85,0.0,36,2,50.0,111,129,150,150
2025-08-30,Gazzaniga Running,Run,6019,6252,20723.39,875.0,1513,111,81.333336,162,185,227,244
2025-08-31,🌞(Sunday Burrata),Ride,10539,11642,101740.25,775.0,2366,199,82.42416,148,173,,
2025-08-31,🧞‍♂️(Genio Brioche-Brick),Run,4004,4008,15094.3,72.0,1037,72,80.666664,169,184,240,242
2025-09-01,"⛱️(Monday, September, Half)",Run,6113,6175,21101.47,260.0,1453,97,75.666664,152,182,221,227
2025-09-01,🐌(Slowly Better),Swim,3717,3911,3000.0,,600,30,53.802105,111,145,,
2025-09-02,🕳️(Black Hole Pighet),Ride,8416,45108,60886.34,823.0,1661,114,68.662445,130,166,,
2025-09-03,🌃(City+US Variations),Ride,10020,43955,72576.38,1051.0,1937,132,68.769905,131,165,,
2025-09-04,💧(Rugiada Half),Run,6251,6781,21519.29,300.0,1497,101,76.333336,148,178,222,229
2025-09-04,🍲(Lentils double),Swim,3753,3814,3000.0,,600,32,55.285744,116,132,,
2025-09-05,Gazzaniga Running,Run,4694,4697,16015.2,238.0,1104,74,75.333336,151,179,218,226
2025-09-06,🤡(Clown Weekend / 1),Ride,14492,15740,143981.27,982.0,3745,357,92.85801,159,185,,
2025-09-06,🤡(Clown Weekend / 2),Run,4237,4812,16019.16,81.0,1102,76,80.333336,164,179,239,241
2025-09-07,,,,,,,,,,,,,
2025-09-07,🍇(Moscato di Scanzo Trail),Run,6936,6993,21860.09,1050.0,1728,144,86.333336,156,182,232,259
2025-09-08,🏛️(Villa Panza Eclipse),Ride,10015,43824,72384.27,1046.0,1991,142,70.73836,133,170,,
2025-09-09,🫩(Tired Legs Half),Run,6250,6279,21511.66,295.0,1482,100,76.0,148,178,221,228
2025-09-09,🔂(Il solito doppio),Swim,3720,3785,3000.0,,600,25,49.061806,105,125,,
2025-09-10,⛈️(Easy/Not Easy),Ride,6541,42501,51773.99,501.0,1402,92,70.42948,133,160,,
2025-09-11,🍰(Ale's Pie),Run,5380,5435,18518.93,238.0,1262,87,76.333336,142,175,221,229
2025-09-11,2️⃣(Last Long Double),Swim,3724,3823,3000.0,,600,24,48.076984,105,119,,
2025-09-12,🩰(The Saddle Ballet),Ride,6144,6198,60049.04,555.0,1210,89,72.19625,136,160,,
2025-09-13,🆗(Effortless 25),Run,6887,7474,25109.16,249.0,1748,122,80.0,151,176,235,240
2025-09-14,🫓(Focaccia Barese),Ride,9975,10943,101292.38,817.0,2288,198,82.82381,147,179,,
2025-09-14,🔥(Firing Shoes),Run,1596,1596,7022.91,23.0,492,40,94.666664,183,185,283,284
2025-09-15,🍕(Morsi and Race Week),Run,4518,4897,16130.07,269.0,1094,80,79.666664,141,155,229,239
2025-09-15,2️⃣(Last Double),Swim,2999,3052,2500.0,,500,15,42.384045,95,123,,
2025-09-16,✨(Three Stars and a Moon in Modena),Run,3928,4211,14060.89,17.0,975,62,75.333336,142,168,223,226
2025-09-17,🌬️(Wind + Traffic Reactivation),Ride,6066,6067,60038.82,464.0,1316,97,75.872765,140,171,,
2025-09-18,🤧(Perfect Timing Immuno Run),Run,3894,3968,13510.31,299.0,961,65,77.333336,156,178,225,232
2025-09-19,"🤞(Pre Ironman ""Scroll"")",Ride,3101,3534,27124.4,175.0,691,45,72.20826,135,161,,
2025-09-19,🩳(Test Muta),OpenWaterSwim,1265,1266,1002.59,,201,10,53.346508,113,126,,
2025-09-20,Ⓜ️(Ironman Swim),OpenWaterSwim,4875,4876,3867.56,0.0,777,41,55.02447,114,138,,
2025-09-20,Ⓜ️(Ironman T1),Transition,267,386,791.59,35.0,58,3,,127,151,,
2025-09-20,Ⓜ️(Ironman Bike),Ride,19663,21309,178606.36,1027.0,2855,235,65.178734,129,152,,
2025-09-20,Ⓜ️(Ironman T2),Transition,192,261,648.73,0.0,65,4,,152,168,,
2025-09-20,Ⓜ️(Ironman Marathon),Run,11700,11740,40884.36,348.0,2767,180,74.333336,136,178,218,223
2025-09-21,❤️‍🩹(IRONMAN recovery run),Run,2347,2930,9077.89,60.0,611,43,81.333336,145,172,242,244
2025-09-22,🔆(Equinox),Ride,6216,6994,45272.69,586.0,1048,73,64.82887,125,153,,
2025-09-23,📿(     ),Run,4189,4230,14019.95,345.0,982,68,76.333336,150,181,217,229
2025-09-24,🔂(Routines and Peace),Ride,7282,41055,57053.81,552.0,1621,113,74.61921,137,174,,
2025-09-25,🆙(Pre Wedding Up),Run,4787,5267,16011.58,936.0,1192,81,78.0,156,183,218,234
2025-09-26,,,,,,,,,,,,,
2025-09-26,Gazzaniga Running,Run,4100,4243,14014.34,351.0,1004,69,77.666664,156,176,221,233
2025-09-27,,,,,,,,,,,,,
2025-09-28,🇷🇴 (Bucharest Half Marathon),Run,5867,7991,21446.95,371.0,1363,88,73.333336,136,161,204,220
2025-09-29,😇(San Michele),Ride,7138,40249,57649.54,554.0,1711,127,79.886856,141,175,,
2025-09-30,🍂(When September Ends),Run,4596,4669,16011.91,314.0,1116,76,77.333336,156,179,220,232
2025-10-01,🌬️(Wind of Change),Ride,6336,40304,51060.67,425.0,1449,100,75.27692,137,173,,
2025-10-02,🛰️(GPS Gone + Telegram),Run,4619,4653,15503.11,392.0,1112,73,75.333336,161,185,214,226
2025-10-03,🎃(October Variations),Run,4581,4746,16043.21,377.0,1077,79,78.666664,146,168,219,236
2025-10-04,🎪(Zelig Circus),Run,8146,8806,29014.63,465.0,2014,136,77.666664,152,179,227,233
2025-10-05,🚧(The Farno Initialization),Ride,11850,15007,72611.21,2116.0,2673,291,94.0,141,177,200,235
2025-10-06,🤢,Hike,895,901,719.99,133.0,104,5,44.72136,101,116,,
2025-10-07,🥨(Pre Bretzel),Ride,6937,7113,42389.08,1220.0,1505,152,88.8,133,161,192,222
2025-10-08,🥨(Bavarian Woodland),Run,4137,4427,15214.57,148.0,1031,67,76.333336,142,161,221,229
2025-10-09,🤢(Conference Mash-up/Mess-up),Run,3797,5063,13592.9,230.0,879,54,71.666664,137,163,207,215
2025-10-10,↪️(Kehre),Run,3862,3881,13300.55,440.0,908,68,79.666664,151,184,226,239
2025-10-11,🍂(Il Lombardia 2025),Ride,9685,11192,55769.95,2027.0,2244,246,95.6,140,172,207,239
2025-10-12,☠️(Sedrina Death Race),Hike,5363,7534,5318.17,647.0,437,25,40.415268,89,135,,
2025-10-12,🤔(Fare Schifo Half),Run,6302,6503,21128.65,574.0,1399,98,75.0,133,153,218,225
2025-10-13,👐(Maneskin Monday),Ride,7148,24813,57464.4,567.0,1501,100,70.942604,131,166,,
2025-10-14,📶(Starting Back),Run,6179,6728,18563.87,940.0,1376,91,72.666664,140,167,205,218
2025-10-15,🍛(Risotto and vacation),Ride,8659,42318,66002.81,807.0,1683,124,71.68894,132,170,,
2025-10-16,🇬🇷(Athens Shakeout),Run,3825,4737,13011.66,566.0,847,60,75.0,134,164,200,225
2025-10-17,🇬🇷(Kerala Dust and Acropolis),Run,4454,5927,15015.51,681.0,1027,68,74.0,141,167,203,222
2025-10-18,,,,,,,,,,,,,
2025-10-19,🚡(521 Layers),Hike,7346,7587,14467.68,1003.0,1232,86,64.70404,126,165,,
2025-10-20,🐴(Beatì gli ultimi),Ride,9223,42678,67345.17,863.0,1657,107,64.56998,126,183,,
2025-10-21,🐴(Pensione Beatì),Run,4518,4556,15508.64,482.0,1032,77,78.333336,137,154,223,235
2025-10-22,👀(Changes Incoming?),Ride,7865,41832,61418.15,683.0,1571,103,68.493034,128,160,,
2025-10-23,🍁(Autumn Rain),Run,4806,4827,16008.47,940.0,1247,85,79.666664,159,180,224,239
2025-10-24,💼 (Run to work),Run,6968,7170,26014.2,219.0,1666,109,75.0,143,164,220,225
2025-10-25,"🎺(Kokoroko, Pora, Ian)",Ride,11609,13079,84876.62,1806.0,2556,259,89.6,131,171,195,224
2025-10-26,🚪(Portone Marathon),Run,11534,11975,42208.53,642.2,2940,192,77.333336,152,180,229,232
2025-10-27,🆗 (Post Marathon Recovery?),Ride,8484,42466,65697.76,812.0,1776,158,82.0,141,178,184,205
2025-10-28,📴(Can't stop eating 16),Run,4595,4701,16009.96,339.0,1120,78,78.333336,144,170,226,235
2025-10-29,🎐(Bugonia and Wind of Change),Ride,8786,42245,65011.51,832.0,1918,184,86.8,137,163,193,217
2025-10-30,⏫(Up-ctober),Run,5095,5268,15195.58,869.0,1118,85,77.666664,148,178,209,233
2025-10-31,👻(Spooky Purito),Ride,5400,5727,28626.9,1024.0,916,58,61.670727,120,154,,
2025-11-01,🚪(Cortisolo e Rischiarite),Ride,11258,12591,57338.87,2004.0,2132,162,71.88189,132,180,,
2025-11-02,3️⃣1️⃣(31 dal 31),Run,8779,9783,31026.92,470.0,2182,140,75.666664,151,180,219,227
2025-11-03,⚫(Black Out 15),Run,4003,4003,15069.82,146.0,1034,72,80.666664,147,167,240,242
2025-11-04,↕️(Up and Down),Ride,5908,6286,34279.8,832.0,1011,75,67.27292,128,160,,
2025-11-05,🔙(Finally Back),Run,4225,4732,15019.48,514.0,1033,76,80.333336,147,164,231,241
2025-11-06,🍃(Too good not to go),Run,4715,4725,17016.78,502.0,1147,89,82.333336,141,161,236,247
2025-11-07,😅(Back to cycling),Ride,6756,6756,41994.62,1207.0,1556,162,92.8,146,185,206,232
2025-11-08,🥐(Selvino Downtown),Run,10984,11768,37016.67,1389.0,2725,182,77.333336,159,185,222,232
2025-11-09,🇮🇳(Palak Ganda),Ride,10024,11855,55741.94,2004.0,2097,220,88.8,136,179,183,222
2025-11-10,👃(Puzza di PR falsi),Run,4605,4709,16011.82,518.0,1091,75,76.666664,143,157,222,230
2025-11-11,🥙 (Bao Olera),Ride,5535,6157,33604.86,778.0,1012,64,63.723053,124,159,,
2025-11-12,💤 (The Sleepless Confirmation),Run,4637,4975,16502.2,512.0,1130,80,79.0,144,162,227,237
2025-11-13,🎤(Sky del Canto),Ride,7506,8119,43840.87,673.0,1413,100,68.164215,133,156,,
2025-11-14,🦋(Risotto zucca e farfalle),Run,4486,4524,17012.99,204.0,1163,82,81.0,144,162,239,243
2025-11-15,☸️(Togliere ragnatele),Run,8735,9538,32004.48,394.0,2235,150,78.666664,148,173,234,236
2025-11-16,"🚭(ArtDate, Vernici, Pipe)",Run,6727,6880,21113.79,1123.0,1673,108,76.0,163,182,211,228
2025-11-17,🥶(Odifreddi e freddo),Run,4860,4892,16013.17,524.2308,1161,90,81.666664,148,174,217,245
2025-11-18,🫓(Focaccia Barese e Lonno),Ride,5741,5791,37600.14,775.0,1220,86,73.124214,137,169,,
2025-11-19,🌑(The Dark Side of Ramera),Run,4699,5291,16272.83,493.0,1119,79,77.666664,143,166,221,233
2025-11-20,⛓️‍💥(The Chain-saw),Ride,1458,1695,7790.98,216.0,317,19,66.86246,129,157,,
2025-11-20,🧱(Unexpected Brick),Run,4105,4108,14011.78,488.0,1253,69,77.666664,179,185,224,233
2025-11-21,❄️(The First Snow),Run,4687,5369,12566.6,754.0,918,60,68.0,136,161,183,204
2025-11-22,⛷️(Skiing Variations),BackcountrySki,6569,10477,10918.32,1085.0,739,39,42.071907,101,122,,
2025-11-23,💆‍♂️(Easy 30),Run,8263,8728,30016.8,683.5,2117,147,80.0,156,185,230,240
2025-11-24,Bergamo Running,Run,3990,4004,15017.01,160.0,1048,73,81.333336,157,185,241,244
2025-11-25,🏰(Bastia-nich),Run,4495,4666,16011.6,545.0,1086,81,80.666664,146,164,227,242
2025-11-26,🐬(Ironman Outfit Showcase),Swim,2505,2634,2000.0,,400,22,55.763256,117,133,,
2025-11-26,✌️(Twice Why Not),Run,3940,3958,15024.83,164.0,1029,73,81.666664,144,157,243,245
2025-11-27,🥶(The Last Shorts),Ride,5809,6123,31147.59,850.0,1066,77,68.89539,130,178,,
2025-11-28,🇩🇪(The Berliner Confirmation),Run,4369,4853,15173.35,491.0,1083,73,77.333336,155,179,221,232
2025-11-29,🧘‍♂️(Pre Race - Cambio Regime),Run,2314,2738,8193.52,284.0,554,38,76.666664,152,173,219,230
2025-11-30,Florence Running,Run,9509,9512,42703.51,618.7,2817,249,97.0,168,185,289,291
2025-12-01,⚜️(Firenze Recovery Run with ~),Run,2558,4084,7762.61,221.5,557,33,68.333336,135,160,189,205
2025-12-02,🏺(Sentiero dei Vasi - Circa),Ride,5275,5506,30686.68,736.0,1110,77,72.320045,135,185,,
2025-12-03,Bergamo Cycling,Ride,4941,5425,28369.85,633.0,871,61,65.56782,128,161,,
2025-12-04,Bergamo Running,Run,4128,4196,15251.69,513.0,1090,78,82.333336,167,185,239,247
2025-12-05,Bergamo Cycling,Ride,3916,3926,23135.78,456.0,750,47,65.69875,126,155,,
2025-12-05,Gazzaniga Hiking,Hike,5576,6189,10130.21,637.0,840,56,59.67586,117,144,,
2025-12-06,Gazzaniga Running,Run,4626,4771,16343.82,454.0,1112,83,80.333336,152,183,227,241
2025-12-06,Gazzaniga Cycling,Ride,2455,2462,22823.1,43.0,503,31,67.34049,122,154,,
2025-12-07,Villa di Serio Running,Run,9501,9549,24901.8,1705.0,2119,165,79.0,155,181,205,237
2025-12-08,Gazzaniga Cycling,Ride,7112,7304,37175.07,1321.0,945,71,60.0,111,151,53,150
2025-12-09,Bergamo Cycling,Ride,6172,6581,35768.05,839.0,1134,80,67.86054,131,156,,
2025-12-10,Bergamo Running,Run,4288,4544,15213.96,497.0,1009,74,78.666664,145,166,227,236
2025-12-11,Bergamo Cycling,Ride,5839,5919,41532.46,753.0,1113,82,70.65087,132,164,,
2025-12-12,Bergamo Running,Run,3873,3875,15005.85,162.0,1016,75,83.333336,158,185,249,250
2025-12-13,Gazzaniga Cycling,Ride,9072,9423,64522.74,1260.0,1713,155,78.24179,138,174,,
2025-12-13,Ponte Nossa Running,Run,3918,3982,12569.65,155.0,851,47,66.0,147,168,194,198
2025-12-15,Stezzano Running,Run,3991,3995,15017.72,164.0,1024,72,80.666664,159,185,241,242
2025-12-16,Bergamo Cycling,Ride,5449,5702,32157.37,702.0,990,72,68.60566,131,167,,
2025-12-17,Bergamo Running,Run,4371,4507,15105.57,490.0,1061,73,77.666664,153,181,226,233
2025-12-18,Bergamo Cycling,Ride,5738,5961,36961.72,731.0,1023,75,67.832344,130,161,,
2025-12-19,🎄(Christmas Lights in the Fog of Dehli?),Run,4290,4324,15087.14,491.0,994,71,77.333336,147,164,222,232
2025-12-20,☺️(Che rumore fa la Felicita?),Run,7542,8052,25025.14,1208.0,1770,125,77.333336,160,179,221,232
2025-12-21,🫃(Giro del Litro e del Lago),Ride,11672,12613,93699.41,1090.0,2324,197,77.066216,140,166,,
2025-12-22,⭕(Circle Back),Run,4404,4664,15516.25,582.0,1018,77,79.333336,146,168,230,238
2025-12-23,🌲(Grinch e no Grinch),Ride,5721,6033,33918.7,709.0,1108,84,72.10721,135,167,,
2025-12-24,✨(Vigilia in Zambla),Ride,9053,9673,59104.95,1423.0,1698,137,73.68396,135,174,,
2025-12-25,🎄(Natale 2025),Run,4264,8185,11704.99,762.0,887,48,63.333332,141,166,171,190
2025-12-26,✨(Filetto's Rullo),VirtualRide,4502,4502,47475.07,0.0,1072,92,85.6,,,214,214
2025-12-27,"🧀(Formaggi, Cave, Rosa)",Ride,10570,12342,63841.66,1426.0,1937,166,74.42774,138,173,,
2025-12-28,🍕(Pizzoccheri Half),Run,6317,6790,22018.34,511.0,1473,104,77.0,143,164,225,231
2025-12-29,🛫(Tra un vaccino e un viaggio),Run,2913,3328,10251.66,314.9,683,48,77.0,146,167,223,231
2025-12-30,🇮🇳 (Impossible Delhi),Hike,388,396,574.01,0.0,9,0,,55,62,,
2025-12-31,🇮🇳 (New Delhi New Year's Eve),Run,2272,2694,7392.15,127.0,488,24,62.0,135,155,174,186
2026-01-01,🩷 (111 2026),Run,2684,2974,10226.22,110.0,663,42,75.333336,161,180,217,226
2026-01-02,🏯,Hike,473,558,503.46,62.0,65,3,,102,120,,
2026-01-02,📐(Simmetrie e Ⓜ️'s Cag🎱),Run,3168,3539,10776.03,116.0,710,44,71.0,141,165,207,213
2026-01-03,🔷(Palladio's Sanpelle),Run,3861,3979,14646.24,152.0,951,65,77.666664,142,160,227,233
2026-01-04,Indoor Cycling,VirtualRide,3602,3669,,,795,54,73.4949,137,164,,
2026-01-04,,,,,,,,,,,,,
2026-01-05,🛺 (Lucknow Central Park),Run,2593,3085,10095.47,104.0,639,43,77.333336,135,152,221,232
2026-01-06,🔥(Varanasi 451),Run,2595,2916,10112.87,129.0,644,46,79.666664,138,156,226,239
2026-01-08,🇳🇵(Katmandu Decisions),Hike,6613,8772,9158.71,146.0,223,11,23.527355,64,98,,
2026-01-09,🇳🇵(Katmandu Sunrise),Run,3140,3755,11230.83,450.0,741,45,72.0,150,179,205,216
2026-01-10,🇳🇵(Katmandu MTB),Ride,4882,4954,27073.95,375.0,1027,72,72.34811,137,161,,
2026-01-11,Kathmandu Running,Run,3294,3433,12135.77,504.0,818,54,77.0,160,183,224,231
2026-01-12,🇦🇿 (Baku Mirage),Run,3720,5477,14025.05,190.0,888,62,77.333336,141,177,219,232
2026-01-13,🏩(Orezzo Benelux),Run,3788,3825,13155.05,432.0,886,67,79.666664,153,175,228,239
2026-01-14,↩️(Back to square 1),Run,3886,3892,15056.29,158.0,997,74,83.0,158,180,247,249
2026-01-15,Bergamo Cycling,Ride,564,583,3958.63,16.0,116,6,,124,141,,
2026-01-15,📏(Ruling Rulli),VirtualRide,3648,3648,38032.67,0.0,851,71,83.6,,,209,209
2026-01-16,🗓️(Anno nuovo),Run,4218,4384,15201.27,491.0,1041,75,80.0,147,164,230,240
2026-01-17,📡(Valcava Penitence),Ride,10565,10738,66308.83,1381.0,1815,160,73.8025,136,184,,
2026-01-18,🫁(Bronchitis Half),Run,6006,7062,21102.49,475.75,1502,103,78.666664,158,185,228,236
2026-01-19,💯(Rullata 1000kcal),VirtualRide,4303,4303,44789.11,0.0,1000,83,83.2,,,208,208
2026-01-20,🪇(Back to some shaking),Ride,5784,5957,35093.28,843.0,1265,96,77.212074,141,177,,
2026-01-21,🪾(No Other Choice),Run,4312,4504,15196.43,498.0,1050,75,79.333336,151,181,228,238
2026-01-22,🎗️(Lucky 1 hour),Ride,3612,3615,23368.1,458.0,905,67,81.717445,145,173,,
2026-01-22,🎿(Vodalata Needed),BackcountrySki,5649,6423,10594.32,1072.0,539,33,45.371452,101,123,,
2026-01-23,🟪(Violets are black),Run,4328,4340,15021.91,535.0,1040,76,79.333336,148,177,229,238
2026-01-24,Castione della Presolana Backcountry Skiing,BackcountrySki,8383,10263,13912.76,1322.0,682,39,40.632347,92,110,,
2026-01-25,Gazzaniga Running,Run,6817,7600,23277.77,491.0,1644,109,76.0,149,166,220,228
2026-01-25,Gazzaniga Cycling,Ride,2556,2557,22911.81,56.0,535,33,68.175415,123,158,,
2026-01-26,Bergamo Running,Run,4655,4816,16021.85,509.0,1098,77,77.0,143,169,223,231
2026-01-27,Bergamo Cycling,Ride,5845,6262,40029.09,783.0,1043,72,66.27576,125,161,,
2026-01-28,Power Workout,VirtualRide,3627,3660,38022.83,0.0,862,73,85.2,,,214,213
2026-01-28,Pool Swim,Swim,2005,2673,1625.0,,325,19,58.01846,120,139,,
2026-01-29,🤗(Collinarino ARKetipo),Run,4327,4361,15421.12,569.0,1032,79,81.0,144,164,231,243
2026-01-30,🎒(S-Marti e Smart),BackcountrySki,4592,23790,12624.0,1115.0,570,21,32.42623,92,113,,
2026-01-31,🫐 (Per un pugno di mirtilli),BackcountrySki,9014,10608,13147.09,1638.0,701,40,39.937923,91,114,,
2026-02-01,🐩(Porco Cane),Run,8277,8800,30631.88,392.0,2053,143,79.0,142,170,235,237
2026-02-02,📴(Oretta Scarico),VirtualRide,3617,3617,38025.87,0.0,860,73,85.2,,,214,213
2026-02-02,‼️(Doppietta Easy),Run,3988,3996,15017.89,162.0,1011,71,80.0,147,166,238,240
2026-02-03,🐏(Pegla's Back),Run,4287,4288,15249.36,495.0,1012,76,80.0,146,166,231,240
2026-02-04,❄️(Nevischio),Ride,6055,6158,35112.19,847.0,944,71,64.95548,126,167,,
2026-02-05,✝️(Timogno),BackcountrySki,5210,5976,8216.32,930.0,447,27,42.8046,95,117,,
2026-02-06,🌂(The Umbrella Academy),Run,4425,4476,15298.15,504.0,1054,73,77.0,149,164,220,231
2026-02-07,❄️(Milano Cortina 2026),Ride,8992,9875,60378.61,1061.0,1664,138,74.27607,135,169,,
2026-02-08,⏲️(Paced Bergamo 21),Run,4869,4874,21430.89,244.0,1401,120,94.0,158,184,280,282
2026-02-09,💆‍♂️(Nuotatina Defa),Swim,2845,2891,2250.0,,450,26,56.910053,116,140,,
2026-02-09,‼️(Doppietta),Run,4018,4027,15018.9,164.0,967,72,80.333336,135,150,239,241
2026-02-10,🦞(Selvinata Lobster),Ride,5933,5934,40927.16,708.0,1000,80,69.67213,131,169,,
2026-02-11,Bergamo Running,Run,4584,4889,16020.12,505.0,1098,85,81.666664,148,175,232,245
2026-02-12,♨️ (Vapore Acqueo),Ride,6188,6276,38180.1,751.0,1062,80,68.193924,129,156,,
2026-02-13,🏍️(Cannondale Back),Ride,6315,6449,43155.07,1101.0,1043,81,67.95276,128,160,,
2026-02-14,♥️(My Valentine),Run,7411,8203,26015.98,562.0,1791,126,78.333336,149,183,229,235
2026-02-15,🐺(Lupo Lucio),Ride,11054,11319,78953.69,1621.0,2463,258,91.6,148,185,198,229
2026-02-16,🍕(La Pizza di Ian),Run,4352,4352,15036.1,460.0,1045,77,79.666664,156,181,228,239
2026-02-17,🐇(Bunny di Carnevale),Ride,14838,15809,101441.62,2002.0,3257,311,86.8,148,185,194,217
2026-02-18,🍔(HB and pre WR 10),Run,4242,4359,15132.79,483.0,1033,75,79.666664,153,178,231,239
2026-02-18,🔟(We Run For Christmas 10),Run,3253,12789,11077.46,304.2,738,49,73.666664,132,170,204,221
2026-02-19,🍕(Pizza e aragoste),VirtualRide,4502,4502,47440.5,0.0,1073,92,85.6,,,214,214
2026-02-19,🍕(Pizza Doesn't Float),Swim,2758,2815,2150.0,,430,26,58.150692,118,137,,
2026-02-20,🏇(L'anno del cavallo),Run,4554,4722,16333.45,483.0,1111,82,80.666664,146,168,231,242
2026-02-20,🔙(Extra 1 h),Ride,3586,3628,23393.89,458.0,733,54,73.22076,133,166,,
2026-02-21,🏇(L'anno del cavallo / 2),Ride,11124,11906,94015.52,1118.0,2731,268,93.2,153,185,217,233
2026-02-21,,,,,,,,,,,,,
2026-02-22,🐝(Alveo Lab Marathon),Run,11752,13071,42220.83,784.0,2882,199,78.0,146,177,231,234
2026-02-23,💼(Back 2 Work),Ride,7229,23539,54709.86,541.0,1575,113,74.98963,132,177,,
2026-02-24,🤏(Dettagli),Run,5063,5155,17041.54,578.0,1234,82,76.333336,154,182,221,229
2026-02-25,🐂(Etoro Alchimia),Swim,3116,3184,2500.0,,500,27,55.655315,115,134,,
2026-02-25,🐂(Double Bull),Run,4062,4106,15023.59,164.0,1025,70,79.0,139,156,234,237
2026-02-26,6️⃣(6 AM Selvino),Ride,7801,8501,51274.08,873.0,1500,108,70.524994,133,173,,
2026-02-27,🥠(Biscotti),Ride,6490,6524,42101.77,1186.0,1568,172,97.6,148,182,216,244
2026-02-27,🚡(Vodalata),BackcountrySki,2955,12061,4504.76,427.0,216,10,33.359085,83,108,,
2026-02-28,🧵(Un colle alla volta),Ride,14870,16015,106514.15,2213.0,3397,362,93.6,139,178,203,234
2026-03-01,🎃(Zucca e amo),Run,7457,8791,27313.39,404.0,1929,137,81.333336,160,184,241,244
2026-03-02,😴(Monday shakeout),Swim,2926,3040,2300.0,,460,21,50.726513,107,126,,
2026-03-02,🫘(Stasera Burrito),Run,4090,4093,15022.81,148.0,1029,71,79.0,147,174,236,237
2026-03-03,🍎(Strudel e Selvino),Ride,6635,6763,45844.42,849.0,1507,121,80.46986,145,174,,
2026-03-04,🛌(T2 and hills),Run,4836,4980,17019.85,312.0,1159,85,79.333336,145,168,229,238
2026-03-05,💻(Remote PC setup),Ride,9597,26019,62277.84,1170.0,1991,143,73.21003,134,165,,
2026-03-06,🚧 (Deviazioni),Ride,6633,6633,45014.44,1014.0,1490,153,91.2,153,185,200,228
2026-03-07,🕊️(Ganda Marti),Run,9533,12340,30019.05,1493.0,2308,161,78.0,159,185,213,234
2026-03-08,,,,,,,,,,,,,
2026-03-08,Bergamo Cycling,Ride,17858,21492,107114.27,1533.0,2802,236,67.84638,131,174,,
2026-03-09,🫠(Scioglimento Monday),Swim,3127,3188,2500.0,,500,26,54.502163,113,126,,
2026-03-09,🤡(Recovery Double),Run,4102,4102,15010.92,165.4,1015,71,79.0,135,157,235,237
2026-03-10,,,,,,,,,,,,,
2026-03-10,Morning Ride,Ride,3904,3905,23432.78,465.0,786,49,67.21936,129,154,,
2026-03-10,Morning Ride,Ride,4084,4180,32860.02,285.0,976,74,80.7158,144,170,,
2026-03-11,💰(Tre Soldi Half),Run,6035,6665,21193.17,585.0,1449,99,76.666664,152,185,223,230
2026-03-12,🪙(GLD in bocca),Ride,8892,9691,59365.05,1050.0,1578,119,69.14658,131,160,,
2026-03-13,"👀(Il solito, grazie)",Ride,6551,6592,42084.17,1193.0,1576,172,97.2,144,185,215,243
2026-03-14,"🥐(Il solito, grazie)",Run,7628,8254,27014.05,561.0,1895,130,78.333336,154,185,228,235
2026-03-15,🐜(Formiche e formicai),Ride,15593,16793,100104.06,2061.0,2799,238,74.01291,134,172,,
2026-03-16,🍽️(Pizzoccheri e Carri),Run,4585,4798,16103.44,509.0,1075,76,77.0,142,159,222,231
2026-03-17,🏴‍☠️(Pighet per scaldarsi),Ride,6996,7433,38117.35,1024.0,1410,104,71.85698,136,172,,
2026-03-17,2️⃣(Lambo two),Run,4404,4415,15607.07,553.0,1057,80,80.666664,148,168,229,242
2026-03-18,👀(The 2 min miracle),Swim,3102,3141,2600.0,,520,22,50.222435,107,119,,
2026-03-18,🎈(Red bath effortless),Run,4060,4077,15019.5,153.25,1028,71,79.333336,149,178,235,238
2026-03-19,⏫(Selvino e Direttissima),Ride,6999,7946,35682.18,1169.0,1080,74,61.532448,120,153,,
2026-03-20,🙏(Per Bertasa),Run,4054,4094,14031.51,475.0,1003,70,79.0,156,179,225,237
2026-03-20,💼(Bike 2 Work),Ride,3040,3065,27986.26,44.0,753,51,77.66297,138,163,,
2026-03-21,🏟️(La Città Eterna),Run,2727,3485,10196.78,257.0,655,43,75.333336,133,160,211,226
2026-03-22,Rome Running,Run,9841,9845,42809.75,1002.0,2836,235,92.666664,166,182,275,278
2026-03-23,🧁(Regoli d'oro),Run,4024,6022,12695.56,399.0,875,50,66.666664,134,166,190,200
2026-03-24,😪(Affannoso),Ride,6935,7047,46042.7,851.0,1232,84,66.00071,127,153,,
2026-03-25,👀(Restart),Run,4619,4841,16012.24,275.0,1086,75,76.333336,149,174,220,229
2026-03-25,🩲(Un Secondo Alla Volta),Swim,2965,3012,2500.0,,500,26,56.110027,116,137,,
2026-03-26,🪿(Pernice),Ride,8342,9291,54418.94,931.0,1914,168,85.0149,149,183,,
2026-03-27,🏓(Padel e Padellone),Ride,6567,6583,42114.39,1187.0,1510,163,94.4,146,185,204,236
2026-03-28,🤏(Poco e Male),Ride,13109,13965,83361.17,2001.0,2707,262,84.8,151,185,181,212
2026-03-29,Gazzaniga Running,Run,10023,10809,32336.07,987.7116,2411,165,77.0,161,185,215,231
2026-03-30,Gazzaniga Cycling,Ride,10294,26190,71964.42,1350.0,2284,221,88.0,152,185,197,220
2026-03-31,😪(Why Do Swimming Pools Open),Run,4438,4534,16016.79,70.0,1126,73,77.0,151,181,226,231
2026-03-31,👀(Unexpected),Swim,3188,3271,2700.0,,540,26,53.75668,113,134,,
2026-04-01,💆‍♂️(Relaxing Alt-Selvino),Ride,7721,7857,49331.87,1367.0,1746,188,93.6,129,164,201,234
2026-04-02,💓(Val De Gru),Run,5051,5224,14272.56,484.70337,1131,68,69.666664,148,167,188,209
2026-04-02,✌️(Another Double Fagianata),Swim,2988,3045,2500.0,,500,23,52.15463,111,130,,
2026-04-03,🐓(Prima che il gallo canti - 3 volte),Ride,19925,21037,139176.25,2760.0,4300,406,85.6,150,181,191,214
2026-04-04,🍕(Valentino's Affair),Run,9333,12885,30029.07,963.86816,2119,160,78.666664,147,178,217,236
2026-04-05,🗿(Easter (l)Eggs),Ride,17725,18706,124149.07,2501.0,4098,399,90.0,149,185,204,225
2026-04-06,🐔(Brioche del mese half),Run,6118,7408,21328.09,256.0,1438,102,77.333336,142,170,223,232
2026-04-07,🪰(Prati Alti),Ride,7634,10501,52306.57,765.0,1554,113,71.713715,135,166,,
2026-04-08,🥐(Raisins Half),Run,6197,6800,21704.58,301.0,1712,99,76.0,170,185,221,228
2026-04-08,😅(Garmin Gone),Swim,3025,3127,2600.0,,222,18,46.070625,100,117,,
2026-04-09,🍜(Noodles a nudo),Ride,8183,8193,54084.89,1015.0,1446,111,69.85071,132,165,,
2026-04-10,🌚(Buio),Ride,8953,9242,58155.69,1416.0,1863,191,87.6,133,169,183,219
2026-04-10,🌚(Doppio Buio),Swim,3238,3347,2750.0,,550,27,54.462166,113,128,,
2026-04-11,🍕(Valentino's Double),Run,7789,8351,27041.64,388.7249,1841,127,76.666664,135,162,223,230
2026-04-12,🏴‍☠️(Montecampione 1800),Ride,20270,21339,132496.67,3154.0,4602,452,89.6,146,185,203,224
2026-04-13,🕕(CSC 6AM Club),Swim,3567,3653,3000.0,,600,41,63.89826,126,146,,
2026-04-13,2️⃣(Doppietta),Run,4373,4374,15020.62,331.0,1057,75,78.333336,153,171,225,235
2026-04-14,💤(Pösa ü Falí Half),Run,6986,7008,22870.33,658.0,1714,117,77.666664,154,185,219,233
2026-04-15,💆‍♂️(San Pellegrino Spa),Ride,10541,44282,72294.63,1364.0,2308,225,87.6,132,172,194,219
2026-04-16,🏗️(Val de Su e Giù),Run,4908,5528,15012.31,472.1648,1057,78,75.666664,137,161,206,227
2026-04-16,2️⃣(Depleted Double),Swim,2985,3129,2600.0,,520,22,50.586224,109,127,,
2026-04-17,🌄(Miragolo a colazione),Ride,9266,9481,64630.25,1284.0,2000,199,88.0,143,168,191,220
2026-04-18,🆗(ok san marco),Ride,18611,20528,130435.31,3028.0,4427,469,95.2,137,171,212,238
2026-04-19,🌦️(Spring Random Walk),Run,6990,8899,24204.23,266.12622,1719,111,75.666664,149,172,220,227
2026-04-20,🌄(Ganda and Boccola to Work),Ride,10720,44163,77198.08,1487.0,2514,270,95.2,138,183,210,238
2026-04-21,🎇(Fratellone),Run,4701,4795,16008.99,351.0,1128,79,78.0,152,185,223,234
2026-04-21,🍫(Choco double?),Swim,2903,3040,2500.0,,500,19,48.349377,104,123,,
2026-04-22,🍃(New Fav Loop),Ride,8756,10098,56852.12,1539.0,2047,230,97.2,138,174,208,243
2026-04-23,3️⃣3️⃣(Di Christo),Run,10160,11026,33027.28,964.0,2511,166,76.666664,160,185,216,230
2026-04-24,🍌(Cattelan and Fuorisalone),Ride,9578,42117,65297.31,1234.0,2141,150,74.747375,139,171,,
2026-04-25,💆‍♂️(Gravel Chill),Ride,15620,19109,82088.46,2557.0,2517,194,65.347176,127,169,,
2026-04-26,🚤(Sarnico Lovere 2026),Run,5493,5493,24850.52,389.58447,1643,148,98.333336,166,178,293,295
2026-04-26,💖(Lovere - Marti - Lovere),Run,1692,2031,5470.69,355.67447,387,21,67.333336,142,174,193,202
2026-04-27,🐴(Beati' gli ultimi),Ride,10781,44477,77264.11,1485.0,2402,249,91.2,133,175,198,228
2026-04-28,💆‍♂️(Relaxing and Ok),Swim,2867,2946,2500.0,,500,21,51.128345,110,124,,
2026-04-28,👃(Nose until no nose),Run,4671,4714,16201.26,221.18521,1024,77,77.0,130,158,219,231
2026-04-29,🔂(One Year Clavicle Test),Ride,10026,27833,72568.33,1195.0,2090,144,71.77427,134,170,,
2026-04-30,❤️‍🩹(17 Zoppi),Run,5149,5212,17516.56,350.0,1175,86,77.333336,133,154,221,232
2026-05-01,🧀(Taleggio Ride),Ride,21160,24443,151459.25,3311.0,4880,519,94.0,143,185,205,235
2026-05-02,➡️(Valzurio Trail 2026),Run,9062,9132,24290.84,1433.5715,2147,157,79.0,159,185,204,237
2026-05-03,☠️(Dead and Almost Dead),Ride,14524,16317,98763.88,2108.8894,3062,604,122.333336,146,185,346,367
2026-05-04,🥶(Chilling Hour),Swim,3634,3742,3000.0,,600,57,74.86672,141,159,,
2026-05-04,Bergamo Running,Run,4168,4169,15019.32,57.63098,963,70,77.666664,131,143,232,233
2026-05-05,🌫️(Foggy Farno),Ride,7824,8694,47100.51,1303.0,1365,95,66.04308,126,153,,
2026-05-06,Bergamo Running,Run,6276,6322,21100.69,355.7965,1477,101,76.0,149,177,217,228
2026-05-07,🌪️(Lenticolare Test),Ride,11295,12347,110113.22,743.0,1869,155,68.38781,132,172,,
2026-05-08,Gazzaniga Running,Run,4659,4682,16015.98,356.66385,1060,79,78.0,136,168,223,234
2026-05-08,2️⃣(Extra 2 hours),Ride,6845,7230,42913.96,1276.0,1635,178,96.8,127,157,214,242
2026-05-09,👀(Selvinos),Ride,15840,16981,94668.04,3004.0,3652,392,94.4,149,185,206,236
2026-05-10,🎦(Stupid Marathon),Run,11659,12449,42221.11,268.4692,2956,184,75.333336,165,185,221,226
2026-05-11,🪇(Post Marathon Shakes),Run,4657,4922,16026.94,304.61926,1136,76,76.666664,155,177,221,230
2026-05-11,📏(Problemi di misura),Swim,2849,3168,2175.0,,430,27,58.277153,117,145,,
2026-05-12,⚫(BlackRock),Ride,9948,10676,89152.95,1063.0,2297,191,82.08858,147,185,,
2026-05-13,⛱️(Avaro Permesso),Ride,18291,20424,123980.95,2755.0,4183,412,90.0,137,169,204,225
2026-05-14,🫚(Gingery Humid 17),Run,5161,5201,17514.78,357.4916,1187,86,77.666664,143,173,223,233
2026-05-15,🈁(Kombucha Half),Run,6121,6610,21156.62,401.4834,1388,100,76.666664,138,161,221,230
2026-05-15,☑️(Another Double in the Books),Swim,2995,3105,2600.0,,520,24,53.381683,111,122,,
2026-05-16,🍝(Tris 33 di primi),Run,9406,9944,33026.36,459.54623,2340,159,78.0,161,185,227,234
2026-05-17,🍆(Dezzo - Pora - Caponata),Ride,18348,20936,124242.44,3003.0,4273,402,88.8,148,185,199,222
2026-05-18,💆‍♂️(Che Chill),Swim,3316,3450,2825.0,,565,25,51.571064,110,124,,
2026-05-18,2️⃣(Double Easy),Run,4042,4122,15009.79,56.89012,945,72,80.0,137,159,238,240
2026-05-19,🍳(Tour de Padel Zambla),Ride,9797,10130,68833.1,1555.0,2235,228,91.6,141,174,203,229
2026-05-20,❣️(Ganda to Work),Ride,11183,45027,80031.08,1442.0,2399,230,86.0,127,171,189,215
2026-05-21,🌁(Summer Fogs),Swim,3234,3325,2800.0,,560,25,52.37429,111,128,,
2026-05-21,🫠(Farinata Double),Run,5054,5087,17300.72,341.8152,1102,83,77.0,134,162,222,231
2026-05-22,🎢(Amusement Park),Ride,8964,9663,53913.01,1728.0,2037,211,92.0,138,167,203,230
2026-05-23,🥙(Nella Terra della Piada Half),Run,6846,9860,24441.81,58.283714,1640,102,73.333336,139,175,215,220
2026-05-24,9️⃣(Nove Colli 2026),Ride,24383,24530,196997.98,3796.0,5911,650,98.0,140,166,218,245
2026-05-25,9️⃣(Nove Scogli),OpenWaterSwim,2613,2750,2020.32,,399,21,52.96409,112,132,,
2026-05-26,🌡️(Caldo ma Chill),Run,5139,5176,16011.13,551.6278,1105,79,74.333336,137,162,210,223
2026-05-26,🌞(Val de Gru e Ganda),Ride,7265,8142,37688.43,1227.0,1180,85,64.19667,125,161,,
2026-05-27,🫪(Hot),Run,5632,5724,18520.58,363.4699,1269,86,74.0,149,177,214,222
2026-05-27,🎢(Sali-Scendi),Swim,3250,3363,2750.0,,550,28,55.537872,116,129,,
2026-05-28,🍚(Valbondione Ri(c/d)e),Ride,8076,8385,72034.91,723.0,1939,145,80.39649,146,183,,
2026-05-29,🩷(Giro d'Italia 2026),Ride,16768,35250,100728.13,3252.0,3933,412,94.0,139,185,206,235
2026-05-30,🥙(9 PM kebab),Run,7869,8327,27016.22,399.63748,1837,130,77.0,133,172,223,231
2026-05-31,🚡(Lago Moro),Ride,21869,25101,134253.92,3152.0,3459,275,66.59048,128,161,,
2026-06-01,🍰(Scrostare ieri),Swim,3028,3138,2600.0,,520,21,49.615913,107,118,,
2026-06-01,🧊(S-tofu),Run,4986,4988,16011.69,573.3559,1097,80,76.0,125,149,215,228
2026-06-02,🚿(Warm Showers),Ride,18201,20286,112670.8,2800.0,3326,317,78.90411,141,181,,
2026-06-03,🪬(Miragolo to Work),Ride,12337,45266,87024.68,1601.0,2396,151,66.4,136,166,68,166
2026-06-04,👑(Queen Half Marathon),Run,6025,7130,21103.82,252.1036,1467,103,78.333336,132,156,228,235
2026-06-04,🥱(Noiosi oggi),Swim,3318,3413,2800.0,,560,30,56.627296,118,133,,
2026-06-05,🍀(Lucky 17),Run,5192,5279,17401.6,349.82355,1191,99,82.666664,149,179,224,248
2026-06-05,🍝(Carbo-capitalism Valbondione),Ride,7553,7828,71198.24,721.0,1224,89,65.10927,127,159,,
2026-06-06,🚿(Metà bagnata),Run,4427,5518,14064.39,355.16644,920,70,75.333336,135,171,209,226
2026-06-06,😲(Metà asciutta),Run,4064,4068,13209.3,326.18784,775,64,75.0,125,140,213,225
2026-06-07,🔟(Coppa Asteria 2026),Ride,26197,30766,181182.06,3699.0,4624,369,70.838776,132,166,,
2026-06-08,🐚(Il mare in una conchiglia),Swim,3089,3159,2625.0,,525,12,37.22235,88,109,,
2026-06-08,🧠(Antenne Mentalist),Run,4513,4994,14134.68,503.3589,982,74,76.666664,132,161,213,230
2026-06-09,✨(Incontri),Run,5368,5372,17401.69,346.14005,1274,82,74.0,158,182,213,222
2026-06-09,,,,,,,,,,,,,
2026-06-10,🌦️(Slalom nella pioggia),Ride,10692,39721,74719.61,1220.0,1995,132,66.57023,128,172,,
2026-06-11,Gazzaniga Running,Run,4198,4249,14011.07,224.68536,917,66,75.333336,133,157,216,226
2026-06-11,😌(Active Recovery / 2),Ride,6618,6650,58544.19,593.0,1228,98,72.84819,135,179,,
2026-06-12,🔨(IRONMAN 70.3 on a 9-5 / 1),Run,6136,6869,21304.28,243.14465,1358,99,76.333336,129,154,222,229
2026-06-12,🔨 (IRONMAN 70.3 on a 9-5 / 2),Swim,2539,2611,2150.0,,430,16,47.34179,104,121,,
2026-06-12,🔨 (IRONMAN 70.3 on a 9-5 / 3),Ride,9315,9917,92282.98,505.0,1434,98,61.52567,123,151,,
2026-06-13,🤡(Defa or Tapering?),Run,7150,7985,25026.54,390.5686,1607,120,77.666664,128,163,223,233
2026-06-14,⚫🟡(Berghem Mola Mia Lonk 🥇),Ride,23515,25876,181014.27,3840.0,4140,339,71.35082,133,171,,
2026-06-15,🧐(Mola Mia 17),Run,5358,5546,17401.19,344.18805,1041,81,73.666664,113,132,213,221
2026-06-15,✨(Easy but good),Swim,3491,3594,3000.0,,600,21,46.147346,101,120,,
2026-06-16,🥶(Freddo?!),Ride,6683,7174,57607.08,529.0,1859,159,92.54044,157,185,,
2026-06-17,🔁(Ganda Pre/Post),Ride,12384,45903,88571.03,1773.0,2719,271,88.8,140,183,195,222
2026-06-18,🔟(The Ten Days Rule),Run,5149,5172,17304.52,345.53537,1274,83,76.333336,161,184,220,229
2026-06-18,🌞(Fresh Chickpeas),Swim,3438,3516,3000.0,,600,28,53.551003,113,131,,
2026-06-19,"🐝(Dates, Walnuts, Coconut)",Ride,7152,8035,65059.11,771.0,1227,84,64.90665,127,163,,
2026-06-20,7️⃣(T-7 Random Test Bike),Ride,12842,14214,128583.37,803.0,2233,150,63.931164,122,173,,
2026-06-20,Nembro Running,Run,3016,3114,12505.33,52.25888,819,65,88.0,159,173,261,264
2026-06-20,🔚(AlbenFest DNF),Hike,6585,9314,4998.4,533.0,418,18,29.90256,77,111,,
2026-06-21,🧘‍♂️(Peace and Chill),Ride,10606,11573,57081.83,1939.0,2077,153,71.949234,134,175,,
2026-06-22,🏁(Race Week),Run,5073,5075,17292.7,344.24347,1262,86,78.0,160,185,225,234
2026-06-22,🏁(Race Week again),Swim,2605,2732,2300.0,,460,12,40.360367,93,110,,
2026-06-23,🙏(For Oliver),Ride,6204,6218,60449.1,557.0,1147,85,70.15688,132,159,,
2026-06-24,💦(Finally Sweat),Run,4191,4195,14603.57,326.1066,957,76,80.666664,137,168,231,242
2026-06-24,🤞(Last Double),Swim,3169,3298,2750.0,,550,47,72.187004,139,153,,
2026-06-25,🍰(The Cherry On Top),Ride,6847,7436,67226.29,490.0,1597,122,80.0905,145,177,,
2026-06-26,🆓(Friburgo Friday),Run,3429,5718,11358.07,67.61763,787,46,69.666664,131,146,204,209
2026-06-27,🥲(Scacciapensieri Ride),Ride,3760,4536,31460.0,356.0,669,42,62.90532,123,153,,
2026-06-28,Ⓜ️(Ironman Frankfurt / Run?),Run,6466,7389,23166.14,217.38103,1530,100,74.666664,138,166,221,224
2026-06-29,👀(Caffè dalla Silvana),Hike,2119,6517,2776.31,64.0,145,7,32.16998,74,114,,
2026-06-30,⛰️(Off Season Dolomitico),Ride,5158,5422,30712.91,971.0,1105,116,90.0,116,152,189,225
2026-07-01,🅱️(2B me),Ride,17092,20944,87102.05,2783.0,2941,251,71.00795,134,183,,
2026-07-02,🌞(Gardena Moon/Sun Rise),Run,5113,5566,16571.17,585.2527,1256,85,77.333336,153,180,219,232
2026-07-02,✌️(Spatzle and Gulash),Ride,4588,4992,28699.68,978.0,1108,123,98.4,135,161,217,246
2026-07-03,🏔️(Marmolada e Marmotte),Ride,12861,16585,64723.06,2145.0,2137,181,69.97622,132,183,,
2026-07-04,🕊️(Pax at Col Alt),Ride,5820,19452,29576.12,1071.0,1167,97,77.6,123,165,83,194
2026-07-05,🕊️(Maratona dles Dolomites 2026),Ride,15143,15288,104297.89,3141.0,3683,397,97.2,141,171,218,243
2026-07-06,↩️(Cysts Monday),Ride,6544,23483,55723.75,543.0,1451,129,84.4,132,168,197,211
2026-07-07,🧱(Ganda Rebuild),Ride,6009,6796,18678.35,664.0,1464,119,84.281075,147,177,,
2026-07-08,🐕(Cane-derli),Run,4550,4554,15009.17,332.71094,1064,72,75.666664,156,183,217,227
2026-07-09,✊(Resistenza in Malga),Ride,8000,8632,43205.54,1336.0,1662,130,75.96482,138,170,,
2026-07-10,🧘‍♂️(The Ganda Protocol),Ride,7065,7248,40413.95,1447.0,1661,185,97.2,135,163,210,243
2026-07-11,🧘‍♂️(Coca),Hike,8691,13971,9488.35,1222.0,1124,66,49.79348,103,154,,
2026-07-12,🏆(Campione {di forature}),Ride,13107,14214,69415.42,2162.0,3116,298,90.06274,150,185,,
2026-07-13,↩️(Ganda pre and Bergamo back),Ride,9482,43401,72102.96,1214.0,2048,211,89.6,141,185,192,224
2026-07-14,🏛️(Villeggiatura),Run,4431,5279,15137.24,301.80798,1040,72,76.333336,150,185,221,229
2026-07-15,🍃(Fresh Bedulita),Ride,7450,7450,54208.56,986.0,1562,147,84.4,137,175,185,211
2026-07-16,🍃(Fresh Again..),Run,4763,4767,16020.39,358.85754,1141,80,77.666664,156,179,222,233
2026-07-16,🧪(Test Marti Ciclopodistica),Run,964,1008,2640.28,87.895935,202,10,62.0,137,151,167,186
2026-07-16,🧪(Ciclopodistica 2026),Run,602,607,2601.8,79.502625,182,18,102.333336,172,185,280,307
2026-07-17,🐈‍⬛ (Lucky Zambla),Ride,8342,8582,58934.12,1386.0,1851,200,92.8,134,157,197,232
2026-07-18,💣(Orobie Esplosive),Ride,14358,15383,100140.41,2166.0,3181,314,88.8,144,185,196,222
2026-07-18,🎷(Brunone Sas),Hike,9694,12883,7942.03,1469.0,885,38,34.763206,90,124,,
2026-07-19,🥱(Back),Hike,6765,7569,7466.68,30.0,222,11,23.390436,63,97,,
2026-07-20,🌞(Altino Ganda Vol-pak),Ride,6603,6911,42869.45,1258.0,1613,188,101.2,137,178,220,253
2026-07-21,🪔(Fiammella 16),Run,4733,4759,16084.54,215.09085,1035,74,75.0,131,148,218,225
2026-07-22,👋(Bye bye 31),Run,5367,5384,17402.76,345.85388,1280,79,73.0,155,185,211,219
2026-07-23,3️⃣2️⃣(Vaccaro Birthday),Ride,8624,9812,48445.2,1510.0,1894,208,93.2,145,173,194,233
2026-07-24,🥳(Ganda and pies),Run,5977,6378,18422.0,680.5834,1300,93,75.0,145,178,211,225
2026-07-25,🇮🇹 (Il Vittoriale),Ride,9774,10361,55743.87,2019.0,2183,242,94.4,147,185,198,236
2026-07-26,🍝(Lasagne Anna&Zando&Celeste),Run,7264,8390,25012.68,383.78217,1634,119,76.666664,134,170,222,230
2026-07-27,👨‍💻(Work work work),Ride,9137,43513,70022.51,1077.0,2030,198,88.4,132,168,198,221
2026-07-28,👨‍🚀(To the moon?),Run,5881,6110,18437.02,683.40125,1220,94,75.666664,137,159,213,227
2026-07-29,🧠(Brain Food),Run,5173,5291,17344.91,342.96732,1249,83,76.0,158,185,219,228
2026-07-30,🛃(Agentic Age),Run,5881,5881,19077.93,659.3589,1483,100,78.333336,158,179,220,235
2026-07-31,🦟(Oude Farnomont),Ride,6421,6719,34290.52,1149.0,1465,106,76.25812,136,185,,
2026-08-01,🦁(Festa dei Leoni),Run,4848,4853,16019.27,357.30453,1173,76,75.0,162,184,216,225
2026-08-02,👋(Presidential Farewell - Nice Half),Run,5544,7058,21115.66,116.05392,1421,100,80.666664,155,184,235,242
2026-08-03,🐝(Sciallo ma rapido),Ride,6507,6559,42220.98,1176.0,1480,165,95.6,135,159,201,239
2026-08-04,♥️(Che belle le routine),Run,5816,5901,18451.13,683.7196,1343,95,76.666664,158,180,216,230
2026-08-05,🔘(Direttissima e Dots),Ride,9115,25869,66844.56,1000.0,1967,128,70.68767,130,162,,
2026-08-06,🕹️(Nintendo Billionaire),Run,5176,5216,17335.34,345.86044,1263,83,76.0,162,185,217,228
2026-08-07,"🧦(Calzino, Finito)",Ride,6683,6757,42216.15,1176.0,1504,157,92.0,132,162,200,230
2026-08-08,🔙(Vivione Back),Ride,18678,19462,127736.99,3003.0,4134,409,88.8,145,185,196,222
2026-08-09,🫐(Marti e Mirtilli),Run,6914,8385,24009.62,281.82327,1616,111,76.0,140,178,222,228
2026-08-10,😮‍💨(Magnolini),Ride,13970,16830,87166.0,1920.0,2284,202,70.991905,132,179,,
2026-08-11,🌞(Heat Sorsi Half),Run,7977,8633,27015.68,405.74884,1895,124,74.666664,157,185,218,224
2026-08-12,🙅‍♂️(Nonono),Ride,16388,17884,105347.19,2270.0,2431,190,64.58317,121,167,,
2026-08-13,🍦(La Crem Half),Run,7801,8632,26599.15,391.3751,1838,124,75.666664,148,184,220,227
2026-08-14,⚡(Parafulmine e Fogarolo),Ride,9246,11698,44622.42,1554.0,1668,124,68.05282,129,170,,
2026-08-15,🎯(Ganda Marti!),Run,6463,8683,19512.25,722.5004,1348,97,73.333336,144,178,202,220
2026-08-16,🦊 (Strade Bianche Alpine),Ride,24702,28215,107578.25,3733.0,4036,365,71.970505,134,178,,
2026-08-17,🫓(Mondovì Noli),Ride,13435,15121,83571.99,1265.0,1672,122,56.102448,113,162,,
2026-08-18,🧾(Stripe Half),Run,8007,8537,27157.55,397.37003,1819,126,75.333336,132,156,219,226
2026-08-19,🍕(Pora Pizza),Ride,12495,13756,88205.02,1901.0,2734,279,89.6,139,183,194,224
2026-08-20,🦅(Lago di Molveno),Run,3217,4229,10012.55,210.61761,706,39,66.0,146,169,182,198
2026-08-20,☔(Molveno - Rif. Tosa Pedrotti),Hike,10722,15284,9951.42,1919.0,1116,53,38.300163,97,126,,
2026-08-21,👌(Tosa - Molveno),Hike,7345,8890,11585.86,41.0,627,37,40.888832,88,150,,
2026-08-22,🍷(Fresh and Feral),Run,9022,9974,30352.4,421.15875,2047,137,74.0,131,163,213,222
2026-08-23,🦵(30s back to back),Run,8986,9630,30461.04,462.3353,2112,138,74.333336,156,180,216,223
2026-08-24,🛒(Mercatorum),Ride,7336,8629,42004.46,1152.0,1541,122,76.40744,137,170,,
2026-08-25,,,,,,,,,,,,,
2026-08-25,Gazzaniga Running,Run,4052,4057,14096.83,132.4411,937,58,72.0,148,168,207,216
2026-08-26,🥒(Zucchine della Pesenti),Ride,15785,17536,108674.1,2386.0,3408,327,86.4,148,185,189,216
2026-08-27,🍥(Pokémon Physics),Run,5456,5636,18283.6,347.79086,1282,86,75.333336,153,182,217,226
2026-08-27,🇳🇴 (Run with Vikings),Run,2335,3305,7075.15,114.538635,493,31,68.666664,125,150,183,206
2026-08-28,💼 (Back 2 Work),Ride,6820,22247,55737.62,541.0,1604,108,75.50417,137,182,,
2026-08-29,💆‍♂️(Running and Working),Run,8686,9827,30076.47,400.01505,2081,141,76.333336,149,173,223,229
2026-08-30,🪅(Lucca Bagorda),Run,4397,4997,15514.76,94.01407,1016,69,75.0,138,158,221,225
2026-08-31,🚴‍♂️(Monday to work),Ride,7594,40720,61125.85,671.0,1559,93,66.3547,126,161,,
2026-09-01,🔦(Lucciole),Run,5296,5297,17277.13,345.41153,1225,81,74.333336,137,165,214,223
2026-09-01,,,,,,,,,,,,,
2026-09-01,Gazzaniga Cycling,Ride,3858,5220,22435.2,472.0,652,39,60.16995,113,163,,
2026-09-01,Cazzano Sant'Andrea Cycling,Ride,1201,1202,7136.45,179.0,217,12,59.975014,119,152,,
2026-09-02,🌃(Back to the city),Ride,6602,40371,52960.97,503.0,1462,101,74.1727,135,172,,
2026-09-03,🦋(Farfalle Cinesi),Run,4839,5660,16010.46,329.9151,1034,75,74.666664,134,150,214,224
